Reading timing models for corner min_ss_100C_1v60…
Reading cell library for the 'min_ss_100C_1v60' corner at '/home/letienthanh/.volare/volare/sky130/versions/0fe599b2afb6708d281543108caf8310912f54af/sky130A/libs.ref/sky130_fd_sc_hd/lib/sky130_fd_sc_hd__ss_100C_1v60.lib'…
Reading top-level netlist at '/home/letienthanh/8bitalu/runs/RUN_2026-08-05_11-42-16/51-openroad-fillinsertion/alu8bit.nl.v'…
Linking design 'alu8bit' from netlist…
Warning: /home/letienthanh/8bitalu/runs/RUN_2026-08-05_11-42-16/51-openroad-fillinsertion/alu8bit.nl.v line 2421, module sky130_fd_sc_hd__tapvpwrvgnd_1 not found. Creating black box for TAP_TAPCELL_ROW_0_88.
Warning: /home/letienthanh/8bitalu/runs/RUN_2026-08-05_11-42-16/51-openroad-fillinsertion/alu8bit.nl.v line 2822, module sky130_ef_sc_hd__decap_12 not found. Creating black box for FILLER_0_3.
Warning: /home/letienthanh/8bitalu/runs/RUN_2026-08-05_11-42-16/51-openroad-fillinsertion/alu8bit.nl.v line 2824, module sky130_fd_sc_hd__fill_1 not found. Creating black box for FILLER_0_27.
Warning: /home/letienthanh/8bitalu/runs/RUN_2026-08-05_11-42-16/51-openroad-fillinsertion/alu8bit.nl.v line 2877, module sky130_fd_sc_hd__fill_2 not found. Creating black box for FILLER_1_257.
Reading design constraints file at '/nix/store/ss2cw3sxbrwwx9jl0rrppbw4kgcmgi2n-python3-3.11.9-env/lib/python3.11/site-packages/openlane/scripts/base.sdc'…
Warning: base.sdc line 15, port '__VIRTUAL_CLK__' not found.
[INFO] Using clock __VIRTUAL_CLK__…
[INFO] Setting output delay to: 4
[INFO] Setting input delay to: 4
Warning: base.sdc line 32, port '__VIRTUAL_CLK__' not found.
[INFO] Setting load to: 0.033442
[INFO] Setting clock uncertainty to: 0.25
[INFO] Setting clock transition to: 0.1499999999999999944488848768742172978818416595458984375
Warning: base.sdc line 69, transition time can not be specified for virtual clocks.
[INFO] Setting timing derate to: 5%
Warning: base.sdc line 79, virtual clock __VIRTUAL_CLK__ can not be propagated.
Reading top-level design parasitics for the 'min_ss_100C_1v60' corner at '/home/letienthanh/8bitalu/runs/RUN_2026-08-05_11-42-16/53-openroad-rcx/min/alu8bit.min.spef'…
%OL_CREATE_REPORT min.rpt

===========================================================================
report_checks -path_delay min (Hold)
============================================================================
======================= min_ss_100C_1v60 Corner ===================================

Startpoint: op_a[5] (input port clocked by __VIRTUAL_CLK__)
Endpoint: op_out[5] (output port clocked by __VIRTUAL_CLK__)
Path Group: __VIRTUAL_CLK__
Path Type: min

Fanout         Cap        Slew       Delay        Time   Description
---------------------------------------------------------------------------------------------
                      0.000000    0.000000    0.000000   clock __VIRTUAL_CLK__ (rise edge)
                                  0.000000    0.000000   clock network delay (ideal)
                                  4.000000    4.000000 ^ input external delay
     1    0.002744    0.031886    0.015472    4.015471 ^ op_a[5] (in)
                                                         op_a[5] (net)
                      0.031886    0.000000    4.015471 ^ input10/A (sky130_fd_sc_hd__clkbuf_2)
     5    0.026586    0.232657    0.291839    4.307311 ^ input10/X (sky130_fd_sc_hd__clkbuf_2)
                                                         net10 (net)
                      0.232746    0.001561    4.308872 ^ _839_/A1 (sky130_fd_sc_hd__a32o_1)
     1    0.001991    0.084308    0.356028    4.664900 ^ _839_/X (sky130_fd_sc_hd__a32o_1)
                                                         _318_ (net)
                      0.084308    0.000017    4.664917 ^ _842_/A (sky130_fd_sc_hd__or3_1)
     1    0.005148    0.092619    0.202232    4.867149 ^ _842_/X (sky130_fd_sc_hd__or3_1)
                                                         net26 (net)
                      0.092619    0.000115    4.867264 ^ output26/A (sky130_fd_sc_hd__buf_2)
     1    0.034336    0.272631    0.354568    5.221832 ^ output26/X (sky130_fd_sc_hd__buf_2)
                                                         op_out[5] (net)
                      0.272631    0.000391    5.222223 ^ op_out[5] (out)
                                              5.222223   data arrival time

                      0.000000    0.000000    0.000000   clock __VIRTUAL_CLK__ (rise edge)
                                  0.000000    0.000000   clock network delay (ideal)
                                  0.250000    0.250000   clock uncertainty
                                  0.000000    0.250000   clock reconvergence pessimism
                                 -4.000000   -3.750000   output external delay
                                             -3.750000   data required time
---------------------------------------------------------------------------------------------
                                             -3.750000   data required time
                                             -5.222223   data arrival time
---------------------------------------------------------------------------------------------
                                              8.972223   slack (MET)


Startpoint: inst[2] (input port clocked by __VIRTUAL_CLK__)
Endpoint: op_out[4] (output port clocked by __VIRTUAL_CLK__)
Path Group: __VIRTUAL_CLK__
Path Type: min

Fanout         Cap        Slew       Delay        Time   Description
---------------------------------------------------------------------------------------------
                      0.000000    0.000000    0.000000   clock __VIRTUAL_CLK__ (rise edge)
                                  0.000000    0.000000   clock network delay (ideal)
                                  4.000000    4.000000 ^ input external delay
     1    0.003370    0.036049    0.018786    4.018786 ^ inst[2] (in)
                                                         inst[2] (net)
                      0.036049    0.000000    4.018786 ^ input3/A (sky130_fd_sc_hd__clkbuf_2)
     8    0.026980    0.235695    0.296472    4.315258 ^ input3/X (sky130_fd_sc_hd__clkbuf_2)
                                                         net3 (net)
                      0.235695    0.000552    4.315810 ^ _690_/A (sky130_fd_sc_hd__or4b_4)
     8    0.033924    0.173867    0.395163    4.710972 ^ _690_/X (sky130_fd_sc_hd__or4b_4)
                                                         _161_ (net)
                      0.173876    0.001490    4.712462 ^ _798_/A1 (sky130_fd_sc_hd__o31ai_1)
     1    0.004437    0.103735    0.212598    4.925060 v _798_/Y (sky130_fd_sc_hd__o31ai_1)
                                                         net25 (net)
                      0.103735    0.000088    4.925149 v output25/A (sky130_fd_sc_hd__buf_2)
     1    0.034339    0.166098    0.361033    5.286181 v output25/X (sky130_fd_sc_hd__buf_2)
                                                         op_out[4] (net)
                      0.166098    0.000391    5.286572 v op_out[4] (out)
                                              5.286572   data arrival time

                      0.000000    0.000000    0.000000   clock __VIRTUAL_CLK__ (rise edge)
                                  0.000000    0.000000   clock network delay (ideal)
                                  0.250000    0.250000   clock uncertainty
                                  0.000000    0.250000   clock reconvergence pessimism
                                 -4.000000   -3.750000   output external delay
                                             -3.750000   data required time
---------------------------------------------------------------------------------------------
                                             -3.750000   data required time
                                             -5.286572   data arrival time
---------------------------------------------------------------------------------------------
                                              9.036572   slack (MET)


Startpoint: inst[2] (input port clocked by __VIRTUAL_CLK__)
Endpoint: op_out[0] (output port clocked by __VIRTUAL_CLK__)
Path Group: __VIRTUAL_CLK__
Path Type: min

Fanout         Cap        Slew       Delay        Time   Description
---------------------------------------------------------------------------------------------
                      0.000000    0.000000    0.000000   clock __VIRTUAL_CLK__ (rise edge)
                                  0.000000    0.000000   clock network delay (ideal)
                                  4.000000    4.000000 v input external delay
     1    0.003185    0.019941    0.010434    4.010434 v inst[2] (in)
                                                         inst[2] (net)
                      0.019941    0.000000    4.010434 v input3/A (sky130_fd_sc_hd__clkbuf_2)
     8    0.025542    0.183851    0.271427    4.281861 v input3/X (sky130_fd_sc_hd__clkbuf_2)
                                                         net3 (net)
                      0.183851    0.000600    4.282461 v _459_/A (sky130_fd_sc_hd__inv_2)
     4    0.010967    0.103126    0.158851    4.441311 ^ _459_/Y (sky130_fd_sc_hd__inv_2)
                                                         _199_ (net)
                      0.103126    0.000091    4.441403 ^ _685_/B1 (sky130_fd_sc_hd__o2111a_1)
     1    0.003133    0.096928    0.406243    4.847646 ^ _685_/X (sky130_fd_sc_hd__o2111a_1)
                                                         _156_ (net)
                      0.096928    0.000019    4.847664 ^ _700_/B (sky130_fd_sc_hd__or3_4)
     1    0.009605    0.073028    0.235428    5.083092 ^ _700_/X (sky130_fd_sc_hd__or3_4)
                                                         net21 (net)
                      0.073028    0.000192    5.083284 ^ output21/A (sky130_fd_sc_hd__buf_8)
     1    0.034582    0.105141    0.206621    5.289905 ^ output21/X (sky130_fd_sc_hd__buf_8)
                                                         op_out[0] (net)
                      0.105142    0.000457    5.290362 ^ op_out[0] (out)
                                              5.290362   data arrival time

                      0.000000    0.000000    0.000000   clock __VIRTUAL_CLK__ (rise edge)
                                  0.000000    0.000000   clock network delay (ideal)
                                  0.250000    0.250000   clock uncertainty
                                  0.000000    0.250000   clock reconvergence pessimism
                                 -4.000000   -3.750000   output external delay
                                             -3.750000   data required time
---------------------------------------------------------------------------------------------
                                             -3.750000   data required time
                                             -5.290362   data arrival time
---------------------------------------------------------------------------------------------
                                              9.040362   slack (MET)


Startpoint: inst[2] (input port clocked by __VIRTUAL_CLK__)
Endpoint: op_out[3] (output port clocked by __VIRTUAL_CLK__)
Path Group: __VIRTUAL_CLK__
Path Type: min

Fanout         Cap        Slew       Delay        Time   Description
---------------------------------------------------------------------------------------------
                      0.000000    0.000000    0.000000   clock __VIRTUAL_CLK__ (rise edge)
                                  0.000000    0.000000   clock network delay (ideal)
                                  4.000000    4.000000 ^ input external delay
     1    0.003370    0.036049    0.018786    4.018786 ^ inst[2] (in)
                                                         inst[2] (net)
                      0.036049    0.000000    4.018786 ^ input3/A (sky130_fd_sc_hd__clkbuf_2)
     8    0.026980    0.235695    0.296472    4.315258 ^ input3/X (sky130_fd_sc_hd__clkbuf_2)
                                                         net3 (net)
                      0.235695    0.000552    4.315810 ^ _690_/A (sky130_fd_sc_hd__or4b_4)
     8    0.033924    0.173867    0.395163    4.710972 ^ _690_/X (sky130_fd_sc_hd__or4b_4)
                                                         _161_ (net)
                      0.173870    0.001107    4.712080 ^ _749_/A (sky130_fd_sc_hd__or3b_1)
     1    0.002884    0.063471    0.220515    4.932594 ^ _749_/X (sky130_fd_sc_hd__or3b_1)
                                                         _221_ (net)
                      0.063471    0.000026    4.932620 ^ _770_/B (sky130_fd_sc_hd__nand2b_1)
     1    0.001938    0.063908    0.097029    5.029650 v _770_/Y (sky130_fd_sc_hd__nand2b_1)
                                                         net24 (net)
                      0.063908    0.000017    5.029666 v output24/A (sky130_fd_sc_hd__buf_2)
     1    0.034394    0.166357    0.342368    5.372035 v output24/X (sky130_fd_sc_hd__buf_2)
                                                         op_out[3] (net)
                      0.166357    0.000395    5.372430 v op_out[3] (out)
                                              5.372430   data arrival time

                      0.000000    0.000000    0.000000   clock __VIRTUAL_CLK__ (rise edge)
                                  0.000000    0.000000   clock network delay (ideal)
                                  0.250000    0.250000   clock uncertainty
                                  0.000000    0.250000   clock reconvergence pessimism
                                 -4.000000   -3.750000   output external delay
                                             -3.750000   data required time
---------------------------------------------------------------------------------------------
                                             -3.750000   data required time
                                             -5.372430   data arrival time
---------------------------------------------------------------------------------------------
                                              9.122429   slack (MET)


Startpoint: op_a[7] (input port clocked by __VIRTUAL_CLK__)
Endpoint: op_out[6] (output port clocked by __VIRTUAL_CLK__)
Path Group: __VIRTUAL_CLK__
Path Type: min

Fanout         Cap        Slew       Delay        Time   Description
---------------------------------------------------------------------------------------------
                      0.000000    0.000000    0.000000   clock __VIRTUAL_CLK__ (rise edge)
                                  0.000000    0.000000   clock network delay (ideal)
                                  4.000000    4.000000 ^ input external delay
     1    0.003447    0.036567    0.019192    4.019192 ^ op_a[7] (in)
                                                         op_a[7] (net)
                      0.036567    0.000000    4.019192 ^ input12/A (sky130_fd_sc_hd__clkbuf_4)
     9    0.044239    0.222907    0.345014    4.364206 ^ input12/X (sky130_fd_sc_hd__clkbuf_4)
                                                         net12 (net)
                      0.222909    0.001200    4.365407 ^ _883_/A1 (sky130_fd_sc_hd__a211o_1)
     1    0.004064    0.075594    0.300655    4.666061 ^ _883_/X (sky130_fd_sc_hd__a211o_1)
                                                         _365_ (net)
                      0.075594    0.000058    4.666119 ^ _884_/C1 (sky130_fd_sc_hd__a211o_1)
     1    0.007840    0.122424    0.207736    4.873854 ^ _884_/X (sky130_fd_sc_hd__a211o_1)
                                                         _366_ (net)
                      0.122424    0.000215    4.874069 ^ _885_/B1 (sky130_fd_sc_hd__a31o_1)
     1    0.002677    0.069396    0.181221    5.055291 ^ _885_/X (sky130_fd_sc_hd__a31o_1)
                                                         net27 (net)
                      0.069396    0.000030    5.055320 ^ output27/A (sky130_fd_sc_hd__buf_2)
     1    0.034259    0.271988    0.343473    5.398793 ^ output27/X (sky130_fd_sc_hd__buf_2)
                                                         op_out[6] (net)
                      0.271988    0.000249    5.399042 ^ op_out[6] (out)
                                              5.399042   data arrival time

                      0.000000    0.000000    0.000000   clock __VIRTUAL_CLK__ (rise edge)
                                  0.000000    0.000000   clock network delay (ideal)
                                  0.250000    0.250000   clock uncertainty
                                  0.000000    0.250000   clock reconvergence pessimism
                                 -4.000000   -3.750000   output external delay
                                             -3.750000   data required time
---------------------------------------------------------------------------------------------
                                             -3.750000   data required time
                                             -5.399042   data arrival time
---------------------------------------------------------------------------------------------
                                              9.149043   slack (MET)


Startpoint: inst[2] (input port clocked by __VIRTUAL_CLK__)
Endpoint: op_out[2] (output port clocked by __VIRTUAL_CLK__)
Path Group: __VIRTUAL_CLK__
Path Type: min

Fanout         Cap        Slew       Delay        Time   Description
---------------------------------------------------------------------------------------------
                      0.000000    0.000000    0.000000   clock __VIRTUAL_CLK__ (rise edge)
                                  0.000000    0.000000   clock network delay (ideal)
                                  4.000000    4.000000 ^ input external delay
     1    0.003370    0.036049    0.018786    4.018786 ^ inst[2] (in)
                                                         inst[2] (net)
                      0.036049    0.000000    4.018786 ^ input3/A (sky130_fd_sc_hd__clkbuf_2)
     8    0.026980    0.235695    0.296472    4.315258 ^ input3/X (sky130_fd_sc_hd__clkbuf_2)
                                                         net3 (net)
                      0.235695    0.000552    4.315810 ^ _690_/A (sky130_fd_sc_hd__or4b_4)
     8    0.033924    0.173867    0.395163    4.710972 ^ _690_/X (sky130_fd_sc_hd__or4b_4)
                                                         _161_ (net)
                      0.173872    0.001213    4.712185 ^ _725_/B1 (sky130_fd_sc_hd__a31oi_1)
     1    0.002534    0.063174    0.107682    4.819867 v _725_/Y (sky130_fd_sc_hd__a31oi_1)
                                                         _195_ (net)
                      0.063174    0.000022    4.819889 v _741_/A2 (sky130_fd_sc_hd__a21o_1)
     1    0.004853    0.074759    0.330713    5.150602 v _741_/X (sky130_fd_sc_hd__a21o_1)
                                                         net23 (net)
                      0.074759    0.000048    5.150650 v output23/A (sky130_fd_sc_hd__buf_6)
     1    0.034288    0.075969    0.249252    5.399901 v output23/X (sky130_fd_sc_hd__buf_6)
                                                         op_out[2] (net)
                      0.075970    0.000376    5.400278 v op_out[2] (out)
                                              5.400278   data arrival time

                      0.000000    0.000000    0.000000   clock __VIRTUAL_CLK__ (rise edge)
                                  0.000000    0.000000   clock network delay (ideal)
                                  0.250000    0.250000   clock uncertainty
                                  0.000000    0.250000   clock reconvergence pessimism
                                 -4.000000   -3.750000   output external delay
                                             -3.750000   data required time
---------------------------------------------------------------------------------------------
                                             -3.750000   data required time
                                             -5.400278   data arrival time
---------------------------------------------------------------------------------------------
                                              9.150277   slack (MET)


Startpoint: op_a[1] (input port clocked by __VIRTUAL_CLK__)
Endpoint: op_out[1] (output port clocked by __VIRTUAL_CLK__)
Path Group: __VIRTUAL_CLK__
Path Type: min

Fanout         Cap        Slew       Delay        Time   Description
---------------------------------------------------------------------------------------------
                      0.000000    0.000000    0.000000   clock __VIRTUAL_CLK__ (rise edge)
                                  0.000000    0.000000   clock network delay (ideal)
                                  4.000000    4.000000 ^ input external delay
     1    0.002603    0.030957    0.014730    4.014730 ^ op_a[1] (in)
                                                         op_a[1] (net)
                      0.030957    0.000000    4.014730 ^ input6/A (sky130_fd_sc_hd__buf_1)
     3    0.019017    0.365009    0.342557    4.357287 ^ input6/X (sky130_fd_sc_hd__buf_1)
                                                         net6 (net)
                      0.365013    0.000997    4.358285 ^ _703_/A1 (sky130_fd_sc_hd__o22a_1)
     1    0.002505    0.068738    0.377373    4.735658 ^ _703_/X (sky130_fd_sc_hd__o22a_1)
                                                         _173_ (net)
                      0.068738    0.000027    4.735685 ^ _710_/A (sky130_fd_sc_hd__or3_1)
     1    0.009084    0.146081    0.234753    4.970438 ^ _710_/X (sky130_fd_sc_hd__or3_1)
                                                         _180_ (net)
                      0.146081    0.000245    4.970683 ^ _718_/A (sky130_fd_sc_hd__or2_4)
     1    0.007439    0.065005    0.243654    5.214336 ^ _718_/X (sky130_fd_sc_hd__or2_4)
                                                         net22 (net)
                      0.065005    0.000068    5.214405 ^ output22/A (sky130_fd_sc_hd__buf_8)
     1    0.034569    0.105116    0.203007    5.417412 ^ output22/X (sky130_fd_sc_hd__buf_8)
                                                         op_out[1] (net)
                      0.105116    0.000446    5.417858 ^ op_out[1] (out)
                                              5.417858   data arrival time

                      0.000000    0.000000    0.000000   clock __VIRTUAL_CLK__ (rise edge)
                                  0.000000    0.000000   clock network delay (ideal)
                                  0.250000    0.250000   clock uncertainty
                                  0.000000    0.250000   clock reconvergence pessimism
                                 -4.000000   -3.750000   output external delay
                                             -3.750000   data required time
---------------------------------------------------------------------------------------------
                                             -3.750000   data required time
                                             -5.417858   data arrival time
---------------------------------------------------------------------------------------------
                                              9.167858   slack (MET)


Startpoint: op_a[6] (input port clocked by __VIRTUAL_CLK__)
Endpoint: op_out[7] (output port clocked by __VIRTUAL_CLK__)
Path Group: __VIRTUAL_CLK__
Path Type: min

Fanout         Cap        Slew       Delay        Time   Description
---------------------------------------------------------------------------------------------
                      0.000000    0.000000    0.000000   clock __VIRTUAL_CLK__ (rise edge)
                                  0.000000    0.000000   clock network delay (ideal)
                                  4.000000    4.000000 ^ input external delay
     1    0.002999    0.033572    0.016827    4.016828 ^ op_a[6] (in)
                                                         op_a[6] (net)
                      0.033572    0.000000    4.016828 ^ input11/A (sky130_fd_sc_hd__buf_1)
     2    0.008829    0.179849    0.212720    4.229548 ^ input11/X (sky130_fd_sc_hd__buf_1)
                                                         net11 (net)
                      0.179849    0.000236    4.229784 ^ fanout68/A (sky130_fd_sc_hd__clkbuf_2)
     6    0.023493    0.207379    0.342488    4.572271 ^ fanout68/X (sky130_fd_sc_hd__clkbuf_2)
                                                         net68 (net)
                      0.207379    0.000217    4.572489 ^ _922_/A1 (sky130_fd_sc_hd__a211o_1)
     1    0.007989    0.124387    0.334087    4.906575 ^ _922_/X (sky130_fd_sc_hd__a211o_1)
                                                         _407_ (net)
                      0.124387    0.000102    4.906677 ^ _923_/B1 (sky130_fd_sc_hd__a311o_1)
     1    0.002859    0.079272    0.209232    5.115909 ^ _923_/X (sky130_fd_sc_hd__a311o_1)
                                                         net28 (net)
                      0.079272    0.000033    5.115942 ^ output28/A (sky130_fd_sc_hd__buf_2)
     1    0.033907    0.269375    0.346194    5.462136 ^ output28/X (sky130_fd_sc_hd__buf_2)
                                                         op_out[7] (net)
                      0.269375    0.000165    5.462301 ^ op_out[7] (out)
                                              5.462301   data arrival time

                      0.000000    0.000000    0.000000   clock __VIRTUAL_CLK__ (rise edge)
                                  0.000000    0.000000   clock network delay (ideal)
                                  0.250000    0.250000   clock uncertainty
                                  0.000000    0.250000   clock reconvergence pessimism
                                 -4.000000   -3.750000   output external delay
                                             -3.750000   data required time
---------------------------------------------------------------------------------------------
                                             -3.750000   data required time
                                             -5.462301   data arrival time
---------------------------------------------------------------------------------------------
                                              9.212300   slack (MET)



%OL_END_REPORT
%OL_CREATE_REPORT max.rpt

===========================================================================
report_checks -path_delay max (Setup)
============================================================================
======================= min_ss_100C_1v60 Corner ===================================

Startpoint: op_b[0] (input port clocked by __VIRTUAL_CLK__)
Endpoint: op_out[0] (output port clocked by __VIRTUAL_CLK__)
Path Group: __VIRTUAL_CLK__
Path Type: max

Fanout         Cap        Slew       Delay        Time   Description
---------------------------------------------------------------------------------------------
                      0.000000    0.000000    0.000000   clock __VIRTUAL_CLK__ (rise edge)
                                  0.000000    0.000000   clock network delay (ideal)
                                  4.000000    4.000000 ^ input external delay
     1    0.002909    0.032974    0.016342    4.016342 ^ op_b[0] (in)
                                                         op_b[0] (net)
                      0.032974    0.000000    4.016342 ^ input13/A (sky130_fd_sc_hd__clkbuf_2)
     4    0.024504    0.215640    0.281127    4.297469 ^ input13/X (sky130_fd_sc_hd__clkbuf_2)
                                                         net13 (net)
                      0.215640    0.000416    4.297885 ^ fanout66/A (sky130_fd_sc_hd__buf_4)
    10    0.047058    0.218258    0.386237    4.684122 ^ fanout66/X (sky130_fd_sc_hd__buf_4)
                                                         net66 (net)
                      0.218258    0.000112    4.684234 ^ fanout65/A (sky130_fd_sc_hd__buf_4)
    10    0.038392    0.182293    0.362045    5.046279 ^ fanout65/X (sky130_fd_sc_hd__buf_4)
                                                         net65 (net)
                      0.182296    0.001085    5.047364 ^ _458_/A (sky130_fd_sc_hd__inv_2)
     4    0.013161    0.077015    0.135195    5.182559 v _458_/Y (sky130_fd_sc_hd__inv_2)
                                                         _188_ (net)
                      0.077015    0.000061    5.182620 v fanout35/A (sky130_fd_sc_hd__clkbuf_4)
    10    0.039845    0.156454    0.342822    5.525442 v fanout35/X (sky130_fd_sc_hd__clkbuf_4)
                                                         net35 (net)
                      0.156454    0.000524    5.525966 v _472_/A1 (sky130_fd_sc_hd__o41ai_4)
     5    0.016014    0.574985    0.779077    6.305043 ^ _472_/Y (sky130_fd_sc_hd__o41ai_4)
                                                         _338_ (net)
                      0.574985    0.000211    6.305254 ^ _481_/A2 (sky130_fd_sc_hd__a211o_1)
     4    0.013599    0.203165    0.518866    6.824120 ^ _481_/X (sky130_fd_sc_hd__a211o_1)
                                                         _410_ (net)
                      0.203165    0.000136    6.824256 ^ _484_/A1 (sky130_fd_sc_hd__a21o_1)
     4    0.013568    0.197576    0.361451    7.185708 ^ _484_/X (sky130_fd_sc_hd__a21o_1)
                                                         _413_ (net)
                      0.197576    0.000073    7.185781 ^ _493_/A1 (sky130_fd_sc_hd__a211oi_2)
     3    0.009164    0.141990    0.209737    7.395517 v _493_/Y (sky130_fd_sc_hd__a211oi_2)
                                                         _422_ (net)
                      0.141990    0.000107    7.395625 v _503_/D (sky130_fd_sc_hd__or4_4)
     3    0.008061    0.168484    0.883941    8.279566 v _503_/X (sky130_fd_sc_hd__or4_4)
                                                         _432_ (net)
                      0.168484    0.000061    8.279627 v _507_/A3 (sky130_fd_sc_hd__a31o_1)
     2    0.008833    0.115524    0.481826    8.761453 v _507_/X (sky130_fd_sc_hd__a31o_1)
                                                         _436_ (net)
                      0.115524    0.000083    8.761537 v _509_/A2 (sky130_fd_sc_hd__a211o_4)
     3    0.016925    0.108137    0.652062    9.413599 v _509_/X (sky130_fd_sc_hd__a211o_4)
                                                         _438_ (net)
                      0.108137    0.000213    9.413813 v _515_/A2 (sky130_fd_sc_hd__a21oi_4)
     5    0.018827    0.275128    0.344906    9.758718 ^ _515_/Y (sky130_fd_sc_hd__a21oi_4)
                                                         _444_ (net)
                      0.275128    0.000277    9.758996 ^ rebuffer5/A (sky130_fd_sc_hd__buf_6)
     3    0.012938    0.064625    0.260073   10.019069 ^ rebuffer5/X (sky130_fd_sc_hd__buf_6)
                                                         net74 (net)
                      0.064625    0.000177   10.019245 ^ _524_/S (sky130_fd_sc_hd__mux2_4)
     2    0.007282    0.092818    0.563531   10.582776 v _524_/X (sky130_fd_sc_hd__mux2_4)
                                                         _453_ (net)
                      0.092818    0.000095   10.582870 v _539_/A1 (sky130_fd_sc_hd__a221o_1)
     3    0.009647    0.160372    0.663481   11.246352 v _539_/X (sky130_fd_sc_hd__a221o_1)
                                                         _010_ (net)
                      0.160372    0.000034   11.246386 v _544_/A2 (sky130_fd_sc_hd__a311o_1)
     3    0.008692    0.147923    0.684036   11.930422 v _544_/X (sky130_fd_sc_hd__a311o_1)
                                                         _015_ (net)
                      0.147923    0.000130   11.930552 v _579_/A2 (sky130_fd_sc_hd__a21o_1)
     3    0.008059    0.100990    0.391544   12.322095 v _579_/X (sky130_fd_sc_hd__a21o_1)
                                                         _050_ (net)
                      0.100990    0.000108   12.322204 v _583_/C (sky130_fd_sc_hd__and3_1)
     2    0.005327    0.091753    0.399393   12.721597 v _583_/X (sky130_fd_sc_hd__and3_1)
                                                         _054_ (net)
                      0.091753    0.000040   12.721637 v _585_/A (sky130_fd_sc_hd__or4_4)
     1    0.003656    0.148428    1.040922   13.762559 v _585_/X (sky130_fd_sc_hd__or4_4)
                                                         _056_ (net)
                      0.148428    0.000044   13.762603 v _586_/B (sky130_fd_sc_hd__or4b_4)
     1    0.009143    0.171372    1.074873   14.837476 v _586_/X (sky130_fd_sc_hd__or4b_4)
                                                         _057_ (net)
                      0.171372    0.000102   14.837578 v _590_/A2 (sky130_fd_sc_hd__a311oi_4)
     4    0.018907    0.525460    0.626144   15.463721 ^ _590_/Y (sky130_fd_sc_hd__a311oi_4)
                                                         _061_ (net)
                      0.525460    0.000348   15.464069 ^ max_cap30/A (sky130_fd_sc_hd__buf_6)
     5    0.031346    0.118418    0.391241   15.855310 ^ max_cap30/X (sky130_fd_sc_hd__buf_6)
                                                         net30 (net)
                      0.118418    0.000393   15.855703 ^ _595_/S (sky130_fd_sc_hd__mux2_1)
     4    0.017634    0.236875    0.877771   16.733473 v _595_/X (sky130_fd_sc_hd__mux2_1)
                                                         _066_ (net)
                      0.236875    0.000487   16.733961 v _597_/B (sky130_fd_sc_hd__nor2_1)
     2    0.012174    0.393783    0.402332   17.136293 ^ _597_/Y (sky130_fd_sc_hd__nor2_1)
                                                         _068_ (net)
                      0.393783    0.000085   17.136377 ^ _608_/B1 (sky130_fd_sc_hd__a211oi_4)
     4    0.013033    0.126003    0.194440   17.330818 v _608_/Y (sky130_fd_sc_hd__a211oi_4)
                                                         _079_ (net)
                      0.126003    0.000174   17.330992 v rebuffer8/A (sky130_fd_sc_hd__dlygate4sd1_1)
     1    0.003153    0.063898    0.502366   17.833359 v rebuffer8/X (sky130_fd_sc_hd__dlygate4sd1_1)
                                                         net77 (net)
                      0.063898    0.000032   17.833391 v _639_/A2 (sky130_fd_sc_hd__o32a_1)
     1    0.006831    0.156697    0.654817   18.488207 v _639_/X (sky130_fd_sc_hd__o32a_1)
                                                         _110_ (net)
                      0.156697    0.000126   18.488333 v _640_/B (sky130_fd_sc_hd__xor2_1)
     1    0.002616    0.110258    0.294413   18.782747 v _640_/X (sky130_fd_sc_hd__xor2_1)
                                                         _111_ (net)
                      0.110258    0.000028   18.782776 v _641_/A1 (sky130_fd_sc_hd__mux2_1)
     2    0.006519    0.145643    0.717975   19.500750 v _641_/X (sky130_fd_sc_hd__mux2_1)
                                                         _112_ (net)
                      0.145643    0.000078   19.500828 v _643_/B (sky130_fd_sc_hd__nand2_1)
     2    0.006826    0.162212    0.176170   19.676998 ^ _643_/Y (sky130_fd_sc_hd__nand2_1)
                                                         _114_ (net)
                      0.162212    0.000046   19.677044 ^ _648_/B (sky130_fd_sc_hd__nand4b_1)
     2    0.005169    0.242039    0.281176   19.958221 v _648_/Y (sky130_fd_sc_hd__nand4b_1)
                                                         _119_ (net)
                      0.242039    0.000039   19.958260 v _672_/B1 (sky130_fd_sc_hd__o221a_1)
     1    0.003359    0.097674    0.501981   20.460239 v _672_/X (sky130_fd_sc_hd__o221a_1)
                                                         _143_ (net)
                      0.097674    0.000043   20.460283 v _675_/A1 (sky130_fd_sc_hd__o21a_1)
     1    0.002444    0.063748    0.340636   20.800919 v _675_/X (sky130_fd_sc_hd__o21a_1)
                                                         _146_ (net)
                      0.063748    0.000009   20.800928 v _679_/A2 (sky130_fd_sc_hd__o21a_1)
     1    0.007372    0.104894    0.346772   21.147699 v _679_/X (sky130_fd_sc_hd__o21a_1)
                                                         _150_ (net)
                      0.104894    0.000210   21.147909 v _700_/C (sky130_fd_sc_hd__or3_4)
     1    0.009004    0.132740    0.684750   21.832659 v _700_/X (sky130_fd_sc_hd__or3_4)
                                                         net21 (net)
                      0.132740    0.000179   21.832838 v output21/A (sky130_fd_sc_hd__buf_8)
     1    0.034582    0.067755    0.269338   22.102177 v output21/X (sky130_fd_sc_hd__buf_8)
                                                         op_out[0] (net)
                      0.067756    0.000457   22.102633 v op_out[0] (out)
                                             22.102633   data arrival time

                      0.000000   20.000000   20.000000   clock __VIRTUAL_CLK__ (rise edge)
                                  0.000000   20.000000   clock network delay (ideal)
                                 -0.250000   19.750002   clock uncertainty
                                  0.000000   19.750002   clock reconvergence pessimism
                                 -4.000000   15.750001   output external delay
                                             15.750001   data required time
---------------------------------------------------------------------------------------------
                                             15.750001   data required time
                                            -22.102633   data arrival time
---------------------------------------------------------------------------------------------
                                             -6.352633   slack (VIOLATED)


Startpoint: op_b[0] (input port clocked by __VIRTUAL_CLK__)
Endpoint: op_out[1] (output port clocked by __VIRTUAL_CLK__)
Path Group: __VIRTUAL_CLK__
Path Type: max

Fanout         Cap        Slew       Delay        Time   Description
---------------------------------------------------------------------------------------------
                      0.000000    0.000000    0.000000   clock __VIRTUAL_CLK__ (rise edge)
                                  0.000000    0.000000   clock network delay (ideal)
                                  4.000000    4.000000 ^ input external delay
     1    0.002909    0.032974    0.016342    4.016342 ^ op_b[0] (in)
                                                         op_b[0] (net)
                      0.032974    0.000000    4.016342 ^ input13/A (sky130_fd_sc_hd__clkbuf_2)
     4    0.024504    0.215640    0.281127    4.297469 ^ input13/X (sky130_fd_sc_hd__clkbuf_2)
                                                         net13 (net)
                      0.215640    0.000416    4.297885 ^ fanout66/A (sky130_fd_sc_hd__buf_4)
    10    0.047058    0.218258    0.386237    4.684122 ^ fanout66/X (sky130_fd_sc_hd__buf_4)
                                                         net66 (net)
                      0.218258    0.000112    4.684234 ^ fanout65/A (sky130_fd_sc_hd__buf_4)
    10    0.038392    0.182293    0.362045    5.046279 ^ fanout65/X (sky130_fd_sc_hd__buf_4)
                                                         net65 (net)
                      0.182296    0.001085    5.047364 ^ _458_/A (sky130_fd_sc_hd__inv_2)
     4    0.013161    0.077015    0.135195    5.182559 v _458_/Y (sky130_fd_sc_hd__inv_2)
                                                         _188_ (net)
                      0.077015    0.000061    5.182620 v fanout35/A (sky130_fd_sc_hd__clkbuf_4)
    10    0.039845    0.156454    0.342822    5.525442 v fanout35/X (sky130_fd_sc_hd__clkbuf_4)
                                                         net35 (net)
                      0.156454    0.000524    5.525966 v _472_/A1 (sky130_fd_sc_hd__o41ai_4)
     5    0.016014    0.574985    0.779077    6.305043 ^ _472_/Y (sky130_fd_sc_hd__o41ai_4)
                                                         _338_ (net)
                      0.574985    0.000211    6.305254 ^ _481_/A2 (sky130_fd_sc_hd__a211o_1)
     4    0.013599    0.203165    0.518866    6.824120 ^ _481_/X (sky130_fd_sc_hd__a211o_1)
                                                         _410_ (net)
                      0.203165    0.000136    6.824256 ^ _484_/A1 (sky130_fd_sc_hd__a21o_1)
     4    0.013568    0.197576    0.361451    7.185708 ^ _484_/X (sky130_fd_sc_hd__a21o_1)
                                                         _413_ (net)
                      0.197576    0.000073    7.185781 ^ _493_/A1 (sky130_fd_sc_hd__a211oi_2)
     3    0.009164    0.141990    0.209737    7.395517 v _493_/Y (sky130_fd_sc_hd__a211oi_2)
                                                         _422_ (net)
                      0.141990    0.000107    7.395625 v _503_/D (sky130_fd_sc_hd__or4_4)
     3    0.008061    0.168484    0.883941    8.279566 v _503_/X (sky130_fd_sc_hd__or4_4)
                                                         _432_ (net)
                      0.168484    0.000061    8.279627 v _507_/A3 (sky130_fd_sc_hd__a31o_1)
     2    0.008833    0.115524    0.481826    8.761453 v _507_/X (sky130_fd_sc_hd__a31o_1)
                                                         _436_ (net)
                      0.115524    0.000083    8.761537 v _509_/A2 (sky130_fd_sc_hd__a211o_4)
     3    0.016925    0.108137    0.652062    9.413599 v _509_/X (sky130_fd_sc_hd__a211o_4)
                                                         _438_ (net)
                      0.108137    0.000213    9.413813 v _515_/A2 (sky130_fd_sc_hd__a21oi_4)
     5    0.018827    0.275128    0.344906    9.758718 ^ _515_/Y (sky130_fd_sc_hd__a21oi_4)
                                                         _444_ (net)
                      0.275128    0.000277    9.758996 ^ rebuffer5/A (sky130_fd_sc_hd__buf_6)
     3    0.012938    0.064625    0.260073   10.019069 ^ rebuffer5/X (sky130_fd_sc_hd__buf_6)
                                                         net74 (net)
                      0.064625    0.000177   10.019245 ^ _524_/S (sky130_fd_sc_hd__mux2_4)
     2    0.007282    0.092818    0.563531   10.582776 v _524_/X (sky130_fd_sc_hd__mux2_4)
                                                         _453_ (net)
                      0.092818    0.000095   10.582870 v _539_/A1 (sky130_fd_sc_hd__a221o_1)
     3    0.009647    0.160372    0.663481   11.246352 v _539_/X (sky130_fd_sc_hd__a221o_1)
                                                         _010_ (net)
                      0.160372    0.000034   11.246386 v _544_/A2 (sky130_fd_sc_hd__a311o_1)
     3    0.008692    0.147923    0.684036   11.930422 v _544_/X (sky130_fd_sc_hd__a311o_1)
                                                         _015_ (net)
                      0.147923    0.000130   11.930552 v _579_/A2 (sky130_fd_sc_hd__a21o_1)
     3    0.008059    0.100990    0.391544   12.322095 v _579_/X (sky130_fd_sc_hd__a21o_1)
                                                         _050_ (net)
                      0.100990    0.000108   12.322204 v _583_/C (sky130_fd_sc_hd__and3_1)
     2    0.005327    0.091753    0.399393   12.721597 v _583_/X (sky130_fd_sc_hd__and3_1)
                                                         _054_ (net)
                      0.091753    0.000040   12.721637 v _585_/A (sky130_fd_sc_hd__or4_4)
     1    0.003656    0.148428    1.040922   13.762559 v _585_/X (sky130_fd_sc_hd__or4_4)
                                                         _056_ (net)
                      0.148428    0.000044   13.762603 v _586_/B (sky130_fd_sc_hd__or4b_4)
     1    0.009143    0.171372    1.074873   14.837476 v _586_/X (sky130_fd_sc_hd__or4b_4)
                                                         _057_ (net)
                      0.171372    0.000102   14.837578 v _590_/A2 (sky130_fd_sc_hd__a311oi_4)
     4    0.018907    0.525460    0.626144   15.463721 ^ _590_/Y (sky130_fd_sc_hd__a311oi_4)
                                                         _061_ (net)
                      0.525460    0.000348   15.464069 ^ max_cap30/A (sky130_fd_sc_hd__buf_6)
     5    0.031346    0.118418    0.391241   15.855310 ^ max_cap30/X (sky130_fd_sc_hd__buf_6)
                                                         net30 (net)
                      0.118418    0.000524   15.855834 ^ _601_/S (sky130_fd_sc_hd__mux2_4)
     4    0.026101    0.139134    0.656444   16.512278 v _601_/X (sky130_fd_sc_hd__mux2_4)
                                                         _072_ (net)
                      0.139134    0.000149   16.512428 v _604_/A (sky130_fd_sc_hd__xnor2_4)
     4    0.016752    0.134450    0.305935   16.818363 v _604_/Y (sky130_fd_sc_hd__xnor2_4)
                                                         _075_ (net)
                      0.134450    0.000139   16.818501 v _608_/A2 (sky130_fd_sc_hd__a211oi_4)
     4    0.013809    0.390204    0.516444   17.334944 ^ _608_/Y (sky130_fd_sc_hd__a211oi_4)
                                                         _079_ (net)
                      0.390204    0.000188   17.335133 ^ _627_/A3 (sky130_fd_sc_hd__o31a_1)
     4    0.019865    0.347841    0.523592   17.858725 ^ _627_/X (sky130_fd_sc_hd__o31a_1)
                                                         _098_ (net)
                      0.347841    0.000114   17.858839 ^ _628_/A1 (sky130_fd_sc_hd__a21oi_4)
     4    0.020024    0.143914    0.240634   18.099472 v _628_/Y (sky130_fd_sc_hd__a21oi_4)
                                                         _099_ (net)
                      0.143914    0.000298   18.099771 v clone21/A (sky130_fd_sc_hd__buf_6)
     5    0.018449    0.055013    0.258719   18.358490 v clone21/X (sky130_fd_sc_hd__buf_6)
                                                         net90 (net)
                      0.055013    0.000201   18.358690 v _717_/A1 (sky130_fd_sc_hd__a22o_1)
     1    0.003877    0.080982    0.374833   18.733524 v _717_/X (sky130_fd_sc_hd__a22o_1)
                                                         _187_ (net)
                      0.080982    0.000055   18.733580 v _718_/B (sky130_fd_sc_hd__or2_4)
     1    0.006838    0.088095    0.448475   19.182055 v _718_/X (sky130_fd_sc_hd__or2_4)
                                                         net22 (net)
                      0.088095    0.000062   19.182116 v output22/A (sky130_fd_sc_hd__buf_8)
     1    0.034569    0.067724    0.247718   19.429834 v output22/X (sky130_fd_sc_hd__buf_8)
                                                         op_out[1] (net)
                      0.067726    0.000446   19.430281 v op_out[1] (out)
                                             19.430281   data arrival time

                      0.000000   20.000000   20.000000   clock __VIRTUAL_CLK__ (rise edge)
                                  0.000000   20.000000   clock network delay (ideal)
                                 -0.250000   19.750002   clock uncertainty
                                  0.000000   19.750002   clock reconvergence pessimism
                                 -4.000000   15.750001   output external delay
                                             15.750001   data required time
---------------------------------------------------------------------------------------------
                                             15.750001   data required time
                                            -19.430281   data arrival time
---------------------------------------------------------------------------------------------
                                             -3.680279   slack (VIOLATED)


Startpoint: op_b[0] (input port clocked by __VIRTUAL_CLK__)
Endpoint: op_out[2] (output port clocked by __VIRTUAL_CLK__)
Path Group: __VIRTUAL_CLK__
Path Type: max

Fanout         Cap        Slew       Delay        Time   Description
---------------------------------------------------------------------------------------------
                      0.000000    0.000000    0.000000   clock __VIRTUAL_CLK__ (rise edge)
                                  0.000000    0.000000   clock network delay (ideal)
                                  4.000000    4.000000 ^ input external delay
     1    0.002909    0.032974    0.016342    4.016342 ^ op_b[0] (in)
                                                         op_b[0] (net)
                      0.032974    0.000000    4.016342 ^ input13/A (sky130_fd_sc_hd__clkbuf_2)
     4    0.024504    0.215640    0.281127    4.297469 ^ input13/X (sky130_fd_sc_hd__clkbuf_2)
                                                         net13 (net)
                      0.215640    0.000416    4.297885 ^ fanout66/A (sky130_fd_sc_hd__buf_4)
    10    0.047058    0.218258    0.386237    4.684122 ^ fanout66/X (sky130_fd_sc_hd__buf_4)
                                                         net66 (net)
                      0.218258    0.000112    4.684234 ^ fanout65/A (sky130_fd_sc_hd__buf_4)
    10    0.038392    0.182293    0.362045    5.046279 ^ fanout65/X (sky130_fd_sc_hd__buf_4)
                                                         net65 (net)
                      0.182296    0.001085    5.047364 ^ _458_/A (sky130_fd_sc_hd__inv_2)
     4    0.013161    0.077015    0.135195    5.182559 v _458_/Y (sky130_fd_sc_hd__inv_2)
                                                         _188_ (net)
                      0.077015    0.000061    5.182620 v fanout35/A (sky130_fd_sc_hd__clkbuf_4)
    10    0.039845    0.156454    0.342822    5.525442 v fanout35/X (sky130_fd_sc_hd__clkbuf_4)
                                                         net35 (net)
                      0.156454    0.000524    5.525966 v _472_/A1 (sky130_fd_sc_hd__o41ai_4)
     5    0.016014    0.574985    0.779077    6.305043 ^ _472_/Y (sky130_fd_sc_hd__o41ai_4)
                                                         _338_ (net)
                      0.574985    0.000211    6.305254 ^ _481_/A2 (sky130_fd_sc_hd__a211o_1)
     4    0.013599    0.203165    0.518866    6.824120 ^ _481_/X (sky130_fd_sc_hd__a211o_1)
                                                         _410_ (net)
                      0.203165    0.000136    6.824256 ^ _484_/A1 (sky130_fd_sc_hd__a21o_1)
     4    0.013568    0.197576    0.361451    7.185708 ^ _484_/X (sky130_fd_sc_hd__a21o_1)
                                                         _413_ (net)
                      0.197576    0.000073    7.185781 ^ _493_/A1 (sky130_fd_sc_hd__a211oi_2)
     3    0.009164    0.141990    0.209737    7.395517 v _493_/Y (sky130_fd_sc_hd__a211oi_2)
                                                         _422_ (net)
                      0.141990    0.000107    7.395625 v _503_/D (sky130_fd_sc_hd__or4_4)
     3    0.008061    0.168484    0.883941    8.279566 v _503_/X (sky130_fd_sc_hd__or4_4)
                                                         _432_ (net)
                      0.168484    0.000061    8.279627 v _507_/A3 (sky130_fd_sc_hd__a31o_1)
     2    0.008833    0.115524    0.481826    8.761453 v _507_/X (sky130_fd_sc_hd__a31o_1)
                                                         _436_ (net)
                      0.115524    0.000083    8.761537 v _509_/A2 (sky130_fd_sc_hd__a211o_4)
     3    0.016925    0.108137    0.652062    9.413599 v _509_/X (sky130_fd_sc_hd__a211o_4)
                                                         _438_ (net)
                      0.108137    0.000213    9.413813 v _515_/A2 (sky130_fd_sc_hd__a21oi_4)
     5    0.018827    0.275128    0.344906    9.758718 ^ _515_/Y (sky130_fd_sc_hd__a21oi_4)
                                                         _444_ (net)
                      0.275128    0.000277    9.758996 ^ rebuffer5/A (sky130_fd_sc_hd__buf_6)
     3    0.012938    0.064625    0.260073   10.019069 ^ rebuffer5/X (sky130_fd_sc_hd__buf_6)
                                                         net74 (net)
                      0.064625    0.000177   10.019245 ^ _524_/S (sky130_fd_sc_hd__mux2_4)
     2    0.007282    0.092818    0.563531   10.582776 v _524_/X (sky130_fd_sc_hd__mux2_4)
                                                         _453_ (net)
                      0.092818    0.000095   10.582870 v _539_/A1 (sky130_fd_sc_hd__a221o_1)
     3    0.009647    0.160372    0.663481   11.246352 v _539_/X (sky130_fd_sc_hd__a221o_1)
                                                         _010_ (net)
                      0.160372    0.000034   11.246386 v _544_/A2 (sky130_fd_sc_hd__a311o_1)
     3    0.008692    0.147923    0.684036   11.930422 v _544_/X (sky130_fd_sc_hd__a311o_1)
                                                         _015_ (net)
                      0.147923    0.000130   11.930552 v _579_/A2 (sky130_fd_sc_hd__a21o_1)
     3    0.008059    0.100990    0.391544   12.322095 v _579_/X (sky130_fd_sc_hd__a21o_1)
                                                         _050_ (net)
                      0.100990    0.000108   12.322204 v _583_/C (sky130_fd_sc_hd__and3_1)
     2    0.005327    0.091753    0.399393   12.721597 v _583_/X (sky130_fd_sc_hd__and3_1)
                                                         _054_ (net)
                      0.091753    0.000040   12.721637 v _585_/A (sky130_fd_sc_hd__or4_4)
     1    0.003656    0.148428    1.040922   13.762559 v _585_/X (sky130_fd_sc_hd__or4_4)
                                                         _056_ (net)
                      0.148428    0.000044   13.762603 v _586_/B (sky130_fd_sc_hd__or4b_4)
     1    0.009143    0.171372    1.074873   14.837476 v _586_/X (sky130_fd_sc_hd__or4b_4)
                                                         _057_ (net)
                      0.171372    0.000102   14.837578 v _590_/A2 (sky130_fd_sc_hd__a311oi_4)
     4    0.018907    0.525460    0.626144   15.463721 ^ _590_/Y (sky130_fd_sc_hd__a311oi_4)
                                                         _061_ (net)
                      0.525460    0.000348   15.464069 ^ max_cap30/A (sky130_fd_sc_hd__buf_6)
     5    0.031346    0.118418    0.391241   15.855310 ^ max_cap30/X (sky130_fd_sc_hd__buf_6)
                                                         net30 (net)
                      0.118419    0.000684   15.855994 ^ _740_/A2 (sky130_fd_sc_hd__a211o_1)
     1    0.004516    0.090062    0.268747   16.124741 ^ _740_/X (sky130_fd_sc_hd__a211o_1)
                                                         _212_ (net)
                      0.090062    0.000075   16.124815 ^ _741_/B1 (sky130_fd_sc_hd__a21o_1)
     1    0.005232    0.093381    0.170923   16.295738 ^ _741_/X (sky130_fd_sc_hd__a21o_1)
                                                         net23 (net)
                      0.093381    0.000052   16.295790 ^ output23/A (sky130_fd_sc_hd__buf_6)
     1    0.034288    0.122802    0.233559   16.529348 ^ output23/X (sky130_fd_sc_hd__buf_6)
                                                         op_out[2] (net)
                      0.122802    0.000377   16.529726 ^ op_out[2] (out)
                                             16.529726   data arrival time

                      0.000000   20.000000   20.000000   clock __VIRTUAL_CLK__ (rise edge)
                                  0.000000   20.000000   clock network delay (ideal)
                                 -0.250000   19.750002   clock uncertainty
                                  0.000000   19.750002   clock reconvergence pessimism
                                 -4.000000   15.750001   output external delay
                                             15.750001   data required time
---------------------------------------------------------------------------------------------
                                             15.750001   data required time
                                            -16.529726   data arrival time
---------------------------------------------------------------------------------------------
                                             -0.779725   slack (VIOLATED)


Startpoint: op_b[0] (input port clocked by __VIRTUAL_CLK__)
Endpoint: op_out[3] (output port clocked by __VIRTUAL_CLK__)
Path Group: __VIRTUAL_CLK__
Path Type: max

Fanout         Cap        Slew       Delay        Time   Description
---------------------------------------------------------------------------------------------
                      0.000000    0.000000    0.000000   clock __VIRTUAL_CLK__ (rise edge)
                                  0.000000    0.000000   clock network delay (ideal)
                                  4.000000    4.000000 ^ input external delay
     1    0.002909    0.032974    0.016342    4.016342 ^ op_b[0] (in)
                                                         op_b[0] (net)
                      0.032974    0.000000    4.016342 ^ input13/A (sky130_fd_sc_hd__clkbuf_2)
     4    0.024504    0.215640    0.281127    4.297469 ^ input13/X (sky130_fd_sc_hd__clkbuf_2)
                                                         net13 (net)
                      0.215640    0.000416    4.297885 ^ fanout66/A (sky130_fd_sc_hd__buf_4)
    10    0.047058    0.218258    0.386237    4.684122 ^ fanout66/X (sky130_fd_sc_hd__buf_4)
                                                         net66 (net)
                      0.218258    0.000112    4.684234 ^ fanout65/A (sky130_fd_sc_hd__buf_4)
    10    0.038392    0.182293    0.362045    5.046279 ^ fanout65/X (sky130_fd_sc_hd__buf_4)
                                                         net65 (net)
                      0.182296    0.001085    5.047364 ^ _458_/A (sky130_fd_sc_hd__inv_2)
     4    0.013161    0.077015    0.135195    5.182559 v _458_/Y (sky130_fd_sc_hd__inv_2)
                                                         _188_ (net)
                      0.077015    0.000061    5.182620 v fanout35/A (sky130_fd_sc_hd__clkbuf_4)
    10    0.039845    0.156454    0.342822    5.525442 v fanout35/X (sky130_fd_sc_hd__clkbuf_4)
                                                         net35 (net)
                      0.156454    0.000524    5.525966 v _472_/A1 (sky130_fd_sc_hd__o41ai_4)
     5    0.016014    0.574985    0.779077    6.305043 ^ _472_/Y (sky130_fd_sc_hd__o41ai_4)
                                                         _338_ (net)
                      0.574985    0.000211    6.305254 ^ _481_/A2 (sky130_fd_sc_hd__a211o_1)
     4    0.013599    0.203165    0.518866    6.824120 ^ _481_/X (sky130_fd_sc_hd__a211o_1)
                                                         _410_ (net)
                      0.203165    0.000136    6.824256 ^ _484_/A1 (sky130_fd_sc_hd__a21o_1)
     4    0.013568    0.197576    0.361451    7.185708 ^ _484_/X (sky130_fd_sc_hd__a21o_1)
                                                         _413_ (net)
                      0.197576    0.000073    7.185781 ^ _493_/A1 (sky130_fd_sc_hd__a211oi_2)
     3    0.009164    0.141990    0.209737    7.395517 v _493_/Y (sky130_fd_sc_hd__a211oi_2)
                                                         _422_ (net)
                      0.141990    0.000107    7.395625 v _503_/D (sky130_fd_sc_hd__or4_4)
     3    0.008061    0.168484    0.883941    8.279566 v _503_/X (sky130_fd_sc_hd__or4_4)
                                                         _432_ (net)
                      0.168484    0.000061    8.279627 v _507_/A3 (sky130_fd_sc_hd__a31o_1)
     2    0.008833    0.115524    0.481826    8.761453 v _507_/X (sky130_fd_sc_hd__a31o_1)
                                                         _436_ (net)
                      0.115524    0.000083    8.761537 v _509_/A2 (sky130_fd_sc_hd__a211o_4)
     3    0.016925    0.108137    0.652062    9.413599 v _509_/X (sky130_fd_sc_hd__a211o_4)
                                                         _438_ (net)
                      0.108137    0.000213    9.413813 v _515_/A2 (sky130_fd_sc_hd__a21oi_4)
     5    0.018827    0.275128    0.344906    9.758718 ^ _515_/Y (sky130_fd_sc_hd__a21oi_4)
                                                         _444_ (net)
                      0.275128    0.000277    9.758996 ^ rebuffer5/A (sky130_fd_sc_hd__buf_6)
     3    0.012938    0.064625    0.260073   10.019069 ^ rebuffer5/X (sky130_fd_sc_hd__buf_6)
                                                         net74 (net)
                      0.064625    0.000177   10.019245 ^ _524_/S (sky130_fd_sc_hd__mux2_4)
     2    0.007282    0.092818    0.563531   10.582776 v _524_/X (sky130_fd_sc_hd__mux2_4)
                                                         _453_ (net)
                      0.092818    0.000095   10.582870 v _539_/A1 (sky130_fd_sc_hd__a221o_1)
     3    0.009647    0.160372    0.663481   11.246352 v _539_/X (sky130_fd_sc_hd__a221o_1)
                                                         _010_ (net)
                      0.160372    0.000048   11.246400 v _543_/A3 (sky130_fd_sc_hd__a311oi_2)
     4    0.014399    0.573349    0.689925   11.936325 ^ _543_/Y (sky130_fd_sc_hd__a311oi_2)
                                                         _014_ (net)
                      0.573349    0.000220   11.936545 ^ _548_/A (sky130_fd_sc_hd__nor2_1)
     2    0.016362    0.212973    0.384564   12.321110 v _548_/Y (sky130_fd_sc_hd__nor2_1)
                                                         _019_ (net)
                      0.212973    0.000405   12.321515 v _769_/A2 (sky130_fd_sc_hd__a211o_1)
     1    0.002179    0.079181    0.581780   12.903295 v _769_/X (sky130_fd_sc_hd__a211o_1)
                                                         _243_ (net)
                      0.079181    0.000024   12.903318 v _770_/A_N (sky130_fd_sc_hd__nand2b_1)
     1    0.001938    0.080517    0.279519   13.182837 v _770_/Y (sky130_fd_sc_hd__nand2b_1)
                                                         net24 (net)
                      0.080517    0.000017   13.182855 v output24/A (sky130_fd_sc_hd__buf_2)
     1    0.034394    0.166283    0.350008   13.532863 v output24/X (sky130_fd_sc_hd__buf_2)
                                                         op_out[3] (net)
                      0.166283    0.000395   13.533257 v op_out[3] (out)
                                             13.533257   data arrival time

                      0.000000   20.000000   20.000000   clock __VIRTUAL_CLK__ (rise edge)
                                  0.000000   20.000000   clock network delay (ideal)
                                 -0.250000   19.750002   clock uncertainty
                                  0.000000   19.750002   clock reconvergence pessimism
                                 -4.000000   15.750001   output external delay
                                             15.750001   data required time
---------------------------------------------------------------------------------------------
                                             15.750001   data required time
                                            -13.533257   data arrival time
---------------------------------------------------------------------------------------------
                                              2.216743   slack (MET)


Startpoint: op_b[0] (input port clocked by __VIRTUAL_CLK__)
Endpoint: op_out[5] (output port clocked by __VIRTUAL_CLK__)
Path Group: __VIRTUAL_CLK__
Path Type: max

Fanout         Cap        Slew       Delay        Time   Description
---------------------------------------------------------------------------------------------
                      0.000000    0.000000    0.000000   clock __VIRTUAL_CLK__ (rise edge)
                                  0.000000    0.000000   clock network delay (ideal)
                                  4.000000    4.000000 ^ input external delay
     1    0.002909    0.032974    0.016342    4.016342 ^ op_b[0] (in)
                                                         op_b[0] (net)
                      0.032974    0.000000    4.016342 ^ input13/A (sky130_fd_sc_hd__clkbuf_2)
     4    0.024504    0.215640    0.281127    4.297469 ^ input13/X (sky130_fd_sc_hd__clkbuf_2)
                                                         net13 (net)
                      0.215640    0.000416    4.297885 ^ fanout66/A (sky130_fd_sc_hd__buf_4)
    10    0.047058    0.218258    0.386237    4.684122 ^ fanout66/X (sky130_fd_sc_hd__buf_4)
                                                         net66 (net)
                      0.218258    0.000112    4.684234 ^ fanout65/A (sky130_fd_sc_hd__buf_4)
    10    0.038392    0.182293    0.362045    5.046279 ^ fanout65/X (sky130_fd_sc_hd__buf_4)
                                                         net65 (net)
                      0.182296    0.001085    5.047364 ^ _458_/A (sky130_fd_sc_hd__inv_2)
     4    0.013161    0.077015    0.135195    5.182559 v _458_/Y (sky130_fd_sc_hd__inv_2)
                                                         _188_ (net)
                      0.077015    0.000061    5.182620 v fanout35/A (sky130_fd_sc_hd__clkbuf_4)
    10    0.039845    0.156454    0.342822    5.525442 v fanout35/X (sky130_fd_sc_hd__clkbuf_4)
                                                         net35 (net)
                      0.156454    0.000249    5.525690 v _536_/A (sky130_fd_sc_hd__nor2_1)
     4    0.015656    0.482580    0.466579    5.992269 ^ _536_/Y (sky130_fd_sc_hd__nor2_1)
                                                         _007_ (net)
                      0.482580    0.000472    5.992741 ^ _780_/C (sky130_fd_sc_hd__and3_1)
     2    0.010811    0.195677    0.527576    6.520317 ^ _780_/X (sky130_fd_sc_hd__and3_1)
                                                         _254_ (net)
                      0.195677    0.000108    6.520425 ^ _781_/B1 (sky130_fd_sc_hd__a21oi_2)
     2    0.012567    0.130712    0.140717    6.661141 v _781_/Y (sky130_fd_sc_hd__a21oi_2)
                                                         _255_ (net)
                      0.130712    0.000037    6.661179 v _805_/A3 (sky130_fd_sc_hd__a31oi_2)
     2    0.008160    0.271944    0.371170    7.032348 ^ _805_/Y (sky130_fd_sc_hd__a31oi_2)
                                                         _280_ (net)
                      0.271944    0.000110    7.032458 ^ _813_/A (sky130_fd_sc_hd__xnor2_1)
     2    0.005785    0.292040    0.304007    7.336465 ^ _813_/Y (sky130_fd_sc_hd__xnor2_1)
                                                         _289_ (net)
                      0.292040    0.000078    7.336543 ^ _814_/B (sky130_fd_sc_hd__or2_1)
     1    0.002479    0.065306    0.246168    7.582711 ^ _814_/X (sky130_fd_sc_hd__or2_1)
                                                         _290_ (net)
                      0.065306    0.000009    7.582719 ^ _816_/A (sky130_fd_sc_hd__nand2_1)
     2    0.006765    0.129969    0.140869    7.723588 v _816_/Y (sky130_fd_sc_hd__nand2_1)
                                                         _292_ (net)
                      0.129969    0.000120    7.723708 v _817_/C (sky130_fd_sc_hd__and3_1)
     1    0.003806    0.079303    0.398909    8.122618 v _817_/X (sky130_fd_sc_hd__and3_1)
                                                         _293_ (net)
                      0.079303    0.000051    8.122668 v _819_/A (sky130_fd_sc_hd__nor2_1)
     2    0.007820    0.273307    0.275700    8.398369 ^ _819_/Y (sky130_fd_sc_hd__nor2_1)
                                                         _296_ (net)
                      0.273307    0.000036    8.398405 ^ _820_/B (sky130_fd_sc_hd__xnor2_1)
     2    0.005270    0.275015    0.298412    8.696816 ^ _820_/Y (sky130_fd_sc_hd__xnor2_1)
                                                         _297_ (net)
                      0.275015    0.000069    8.696886 ^ _821_/B (sky130_fd_sc_hd__or2_1)
     3    0.015163    0.236146    0.372134    9.069020 ^ _821_/X (sky130_fd_sc_hd__or2_1)
                                                         _298_ (net)
                      0.236146    0.000049    9.069069 ^ _824_/A (sky130_fd_sc_hd__nand2_1)
     3    0.008294    0.164804    0.230084    9.299153 v _824_/Y (sky130_fd_sc_hd__nand2_1)
                                                         _301_ (net)
                      0.164804    0.000056    9.299210 v _827_/A2 (sky130_fd_sc_hd__o21a_1)
     1    0.002580    0.062913    0.342761    9.641971 v _827_/X (sky130_fd_sc_hd__o21a_1)
                                                         _304_ (net)
                      0.062913    0.000022    9.641993 v _840_/B2 (sky130_fd_sc_hd__a221o_1)
     1    0.005794    0.121249    0.622754   10.264747 v _840_/X (sky130_fd_sc_hd__a221o_1)
                                                         _319_ (net)
                      0.121249    0.000113   10.264859 v _842_/B (sky130_fd_sc_hd__or3_1)
     1    0.005020    0.161184    0.848424   11.113283 v _842_/X (sky130_fd_sc_hd__or3_1)
                                                         net26 (net)
                      0.161184    0.000111   11.113394 v output26/A (sky130_fd_sc_hd__buf_2)
     1    0.034336    0.166163    0.388725   11.502119 v output26/X (sky130_fd_sc_hd__buf_2)
                                                         op_out[5] (net)
                      0.166163    0.000392   11.502510 v op_out[5] (out)
                                             11.502510   data arrival time

                      0.000000   20.000000   20.000000   clock __VIRTUAL_CLK__ (rise edge)
                                  0.000000   20.000000   clock network delay (ideal)
                                 -0.250000   19.750002   clock uncertainty
                                  0.000000   19.750002   clock reconvergence pessimism
                                 -4.000000   15.750001   output external delay
                                             15.750001   data required time
---------------------------------------------------------------------------------------------
                                             15.750001   data required time
                                            -11.502510   data arrival time
---------------------------------------------------------------------------------------------
                                              4.247490   slack (MET)


Startpoint: op_b[0] (input port clocked by __VIRTUAL_CLK__)
Endpoint: op_out[7] (output port clocked by __VIRTUAL_CLK__)
Path Group: __VIRTUAL_CLK__
Path Type: max

Fanout         Cap        Slew       Delay        Time   Description
---------------------------------------------------------------------------------------------
                      0.000000    0.000000    0.000000   clock __VIRTUAL_CLK__ (rise edge)
                                  0.000000    0.000000   clock network delay (ideal)
                                  4.000000    4.000000 v input external delay
     1    0.002724    0.018171    0.008973    4.008973 v op_b[0] (in)
                                                         op_b[0] (net)
                      0.018171    0.000000    4.008973 v input13/A (sky130_fd_sc_hd__clkbuf_2)
     4    0.024043    0.174004    0.263515    4.272488 v input13/X (sky130_fd_sc_hd__clkbuf_2)
                                                         net13 (net)
                      0.174004    0.000403    4.272891 v fanout66/A (sky130_fd_sc_hd__buf_4)
    10    0.045669    0.125038    0.372773    4.645664 v fanout66/X (sky130_fd_sc_hd__buf_4)
                                                         net66 (net)
                      0.125038    0.000108    4.645772 v fanout65/A (sky130_fd_sc_hd__buf_4)
    10    0.037064    0.108394    0.335506    4.981278 v fanout65/X (sky130_fd_sc_hd__buf_4)
                                                         net65 (net)
                      0.108394    0.000357    4.981635 v _488_/A (sky130_fd_sc_hd__and2_1)
     4    0.013584    0.152078    0.379660    5.361295 v _488_/X (sky130_fd_sc_hd__and2_1)
                                                         _417_ (net)
                      0.152078    0.000169    5.361465 v _861_/C (sky130_fd_sc_hd__and3_1)
     2    0.003524    0.079698    0.406578    5.768042 v _861_/X (sky130_fd_sc_hd__and3_1)
                                                         _341_ (net)
                      0.079698    0.000011    5.768054 v _863_/A (sky130_fd_sc_hd__or2_1)
     1    0.004909    0.116794    0.525279    6.293332 v _863_/X (sky130_fd_sc_hd__or2_1)
                                                         _343_ (net)
                      0.116794    0.000051    6.293383 v _864_/B (sky130_fd_sc_hd__xor2_1)
     2    0.006513    0.141213    0.311342    6.604724 v _864_/X (sky130_fd_sc_hd__xor2_1)
                                                         _344_ (net)
                      0.141213    0.000088    6.604813 v _866_/B1 (sky130_fd_sc_hd__o21a_1)
     2    0.005204    0.086482    0.245011    6.849824 v _866_/X (sky130_fd_sc_hd__o21a_1)
                                                         _346_ (net)
                      0.086482    0.000045    6.849869 v _867_/B (sky130_fd_sc_hd__or2_1)
     2    0.009185    0.152340    0.533845    7.383715 v _867_/X (sky130_fd_sc_hd__or2_1)
                                                         _347_ (net)
                      0.152340    0.000075    7.383790 v _869_/B (sky130_fd_sc_hd__xor2_1)
     2    0.005317    0.145217    0.316155    7.699944 v _869_/X (sky130_fd_sc_hd__xor2_1)
                                                         _350_ (net)
                      0.145217    0.000066    7.700010 v _870_/C (sky130_fd_sc_hd__and3_1)
     2    0.005289    0.091458    0.421046    8.121056 v _870_/X (sky130_fd_sc_hd__and3_1)
                                                         _351_ (net)
                      0.091458    0.000040    8.121096 v _873_/B (sky130_fd_sc_hd__or3_1)
     3    0.007119    0.186773    0.865837    8.986933 v _873_/X (sky130_fd_sc_hd__or3_1)
                                                         _354_ (net)
                      0.186773    0.000064    8.986998 v _875_/C (sky130_fd_sc_hd__and3_1)
     1    0.004679    0.089980    0.436525    9.423523 v _875_/X (sky130_fd_sc_hd__and3_1)
                                                         _356_ (net)
                      0.089980    0.000023    9.423546 v _893_/B (sky130_fd_sc_hd__xnor2_1)
     1    0.004769    0.258412    0.269051    9.692597 ^ _893_/Y (sky130_fd_sc_hd__xnor2_1)
                                                         _375_ (net)
                      0.258412    0.000041    9.692638 ^ _916_/A (sky130_fd_sc_hd__xnor2_1)
     2    0.007077    0.156109    0.257567    9.950206 v _916_/Y (sky130_fd_sc_hd__xnor2_1)
                                                         _400_ (net)
                      0.156109    0.000121    9.950326 v _917_/B (sky130_fd_sc_hd__or2_1)
     1    0.003360    0.101391    0.497901   10.448228 v _917_/X (sky130_fd_sc_hd__or2_1)
                                                         _401_ (net)
                      0.101391    0.000041   10.448268 v _923_/A2 (sky130_fd_sc_hd__a311o_1)
     1    0.002731    0.092127    0.587880   11.036148 v _923_/X (sky130_fd_sc_hd__a311o_1)
                                                         net28 (net)
                      0.092127    0.000032   11.036180 v output28/A (sky130_fd_sc_hd__buf_2)
     1    0.033907    0.164305    0.354209   11.390389 v output28/X (sky130_fd_sc_hd__buf_2)
                                                         op_out[7] (net)
                      0.164305    0.000165   11.390554 v op_out[7] (out)
                                             11.390554   data arrival time

                      0.000000   20.000000   20.000000   clock __VIRTUAL_CLK__ (rise edge)
                                  0.000000   20.000000   clock network delay (ideal)
                                 -0.250000   19.750002   clock uncertainty
                                  0.000000   19.750002   clock reconvergence pessimism
                                 -4.000000   15.750001   output external delay
                                             15.750001   data required time
---------------------------------------------------------------------------------------------
                                             15.750001   data required time
                                            -11.390554   data arrival time
---------------------------------------------------------------------------------------------
                                              4.359446   slack (MET)


Startpoint: op_b[7] (input port clocked by __VIRTUAL_CLK__)
Endpoint: op_out[4] (output port clocked by __VIRTUAL_CLK__)
Path Group: __VIRTUAL_CLK__
Path Type: max

Fanout         Cap        Slew       Delay        Time   Description
---------------------------------------------------------------------------------------------
                      0.000000    0.000000    0.000000   clock __VIRTUAL_CLK__ (rise edge)
                                  0.000000    0.000000   clock network delay (ideal)
                                  4.000000    4.000000 v input external delay
     1    0.002577    0.017617    0.008513    4.008513 v op_b[7] (in)
                                                         op_b[7] (net)
                      0.017617    0.000000    4.008513 v input20/A (sky130_fd_sc_hd__clkbuf_1)
     3    0.020385    0.236228    0.280494    4.289007 v input20/X (sky130_fd_sc_hd__clkbuf_1)
                                                         net20 (net)
                      0.236228    0.000440    4.289446 v fanout48/A (sky130_fd_sc_hd__buf_6)
     5    0.032438    0.073762    0.324805    4.614251 v fanout48/X (sky130_fd_sc_hd__buf_6)
                                                         net48 (net)
                      0.073819    0.001093    4.615344 v _469_/C (sky130_fd_sc_hd__or4_4)
     6    0.022321    0.214617    1.063512    5.678857 v _469_/X (sky130_fd_sc_hd__or4_4)
                                                         _306_ (net)
                      0.214617    0.000371    5.679227 v _474_/B1 (sky130_fd_sc_hd__a211o_1)
     3    0.007874    0.129903    0.608110    6.287337 v _474_/X (sky130_fd_sc_hd__a211o_1)
                                                         _360_ (net)
                      0.129903    0.000064    6.287402 v _481_/B1 (sky130_fd_sc_hd__a211o_1)
     4    0.013081    0.174911    0.626841    6.914243 v _481_/X (sky130_fd_sc_hd__a211o_1)
                                                         _410_ (net)
                      0.174911    0.000131    6.914374 v _484_/A1 (sky130_fd_sc_hd__a21o_1)
     4    0.012889    0.139943    0.409959    7.324332 v _484_/X (sky130_fd_sc_hd__a21o_1)
                                                         _413_ (net)
                      0.139943    0.000070    7.324403 v rebuffer18/A (sky130_fd_sc_hd__clkbuf_1)
     1    0.003449    0.057127    0.199349    7.523752 v rebuffer18/X (sky130_fd_sc_hd__clkbuf_1)
                                                         net87 (net)
                      0.057127    0.000039    7.523791 v _495_/A1 (sky130_fd_sc_hd__a21o_1)
     1    0.003558    0.066818    0.284677    7.808468 v _495_/X (sky130_fd_sc_hd__a21o_1)
                                                         _424_ (net)
                      0.066818    0.000040    7.808508 v _497_/A1 (sky130_fd_sc_hd__a211o_1)
     3    0.007790    0.129054    0.535801    8.344309 v _497_/X (sky130_fd_sc_hd__a211o_1)
                                                         _426_ (net)
                      0.129054    0.000072    8.344380 v rebuffer19/A (sky130_fd_sc_hd__dlygate4sd1_1)
     1    0.005494    0.082982    0.525815    8.870195 v rebuffer19/X (sky130_fd_sc_hd__dlygate4sd1_1)
                                                         net88 (net)
                      0.082982    0.000068    8.870263 v _500_/A1 (sky130_fd_sc_hd__a21oi_2)
     2    0.010332    0.251496    0.288437    9.158700 ^ _500_/Y (sky130_fd_sc_hd__a21oi_2)
                                                         _429_ (net)
                      0.251496    0.000195    9.158895 ^ _509_/B1 (sky130_fd_sc_hd__a211o_4)
     3    0.018048    0.100479    0.268132    9.427027 ^ _509_/X (sky130_fd_sc_hd__a211o_4)
                                                         _438_ (net)
                      0.100479    0.000229    9.427256 ^ _515_/A2 (sky130_fd_sc_hd__a21oi_4)
     5    0.017721    0.109562    0.153607    9.580863 v _515_/Y (sky130_fd_sc_hd__a21oi_4)
                                                         _444_ (net)
                      0.109562    0.000164    9.581027 v rebuffer13/A (sky130_fd_sc_hd__dlygate4sd1_1)
     1    0.008082    0.103854    0.536566   10.117593 v rebuffer13/X (sky130_fd_sc_hd__dlygate4sd1_1)
                                                         net82 (net)
                      0.103854    0.000268   10.117862 v _797_/A2 (sky130_fd_sc_hd__a211oi_1)
     1    0.004170    0.375353    0.450224   10.568086 ^ _797_/Y (sky130_fd_sc_hd__a211oi_1)
                                                         _272_ (net)
                      0.375353    0.000060   10.568145 ^ _798_/B1 (sky130_fd_sc_hd__o31ai_1)
     1    0.004437    0.156052    0.273483   10.841627 v _798_/Y (sky130_fd_sc_hd__o31ai_1)
                                                         net25 (net)
                      0.156052    0.000089   10.841716 v output25/A (sky130_fd_sc_hd__buf_2)
     1    0.034339    0.166169    0.386261   11.227977 v output25/X (sky130_fd_sc_hd__buf_2)
                                                         op_out[4] (net)
                      0.166169    0.000392   11.228369 v op_out[4] (out)
                                             11.228369   data arrival time

                      0.000000   20.000000   20.000000   clock __VIRTUAL_CLK__ (rise edge)
                                  0.000000   20.000000   clock network delay (ideal)
                                 -0.250000   19.750002   clock uncertainty
                                  0.000000   19.750002   clock reconvergence pessimism
                                 -4.000000   15.750001   output external delay
                                             15.750001   data required time
---------------------------------------------------------------------------------------------
                                             15.750001   data required time
                                            -11.228369   data arrival time
---------------------------------------------------------------------------------------------
                                              4.521632   slack (MET)


Startpoint: op_b[0] (input port clocked by __VIRTUAL_CLK__)
Endpoint: op_out[6] (output port clocked by __VIRTUAL_CLK__)
Path Group: __VIRTUAL_CLK__
Path Type: max

Fanout         Cap        Slew       Delay        Time   Description
---------------------------------------------------------------------------------------------
                      0.000000    0.000000    0.000000   clock __VIRTUAL_CLK__ (rise edge)
                                  0.000000    0.000000   clock network delay (ideal)
                                  4.000000    4.000000 v input external delay
     1    0.002724    0.018171    0.008973    4.008973 v op_b[0] (in)
                                                         op_b[0] (net)
                      0.018171    0.000000    4.008973 v input13/A (sky130_fd_sc_hd__clkbuf_2)
     4    0.024043    0.174004    0.263515    4.272488 v input13/X (sky130_fd_sc_hd__clkbuf_2)
                                                         net13 (net)
                      0.174004    0.000403    4.272891 v fanout66/A (sky130_fd_sc_hd__buf_4)
    10    0.045669    0.125038    0.372773    4.645664 v fanout66/X (sky130_fd_sc_hd__buf_4)
                                                         net66 (net)
                      0.125038    0.000108    4.645772 v fanout65/A (sky130_fd_sc_hd__buf_4)
    10    0.037064    0.108394    0.335506    4.981278 v fanout65/X (sky130_fd_sc_hd__buf_4)
                                                         net65 (net)
                      0.108394    0.000357    4.981635 v _488_/A (sky130_fd_sc_hd__and2_1)
     4    0.013584    0.152078    0.379660    5.361295 v _488_/X (sky130_fd_sc_hd__and2_1)
                                                         _417_ (net)
                      0.152078    0.000169    5.361465 v _861_/C (sky130_fd_sc_hd__and3_1)
     2    0.003524    0.079698    0.406578    5.768042 v _861_/X (sky130_fd_sc_hd__and3_1)
                                                         _341_ (net)
                      0.079698    0.000011    5.768054 v _863_/A (sky130_fd_sc_hd__or2_1)
     1    0.004909    0.116794    0.525279    6.293332 v _863_/X (sky130_fd_sc_hd__or2_1)
                                                         _343_ (net)
                      0.116794    0.000051    6.293383 v _864_/B (sky130_fd_sc_hd__xor2_1)
     2    0.006513    0.141213    0.311342    6.604724 v _864_/X (sky130_fd_sc_hd__xor2_1)
                                                         _344_ (net)
                      0.141213    0.000088    6.604813 v _866_/B1 (sky130_fd_sc_hd__o21a_1)
     2    0.005204    0.086482    0.245011    6.849824 v _866_/X (sky130_fd_sc_hd__o21a_1)
                                                         _346_ (net)
                      0.086482    0.000045    6.849869 v _867_/B (sky130_fd_sc_hd__or2_1)
     2    0.009185    0.152340    0.533845    7.383715 v _867_/X (sky130_fd_sc_hd__or2_1)
                                                         _347_ (net)
                      0.152340    0.000075    7.383790 v _869_/B (sky130_fd_sc_hd__xor2_1)
     2    0.005317    0.145217    0.316155    7.699944 v _869_/X (sky130_fd_sc_hd__xor2_1)
                                                         _350_ (net)
                      0.145217    0.000066    7.700010 v _870_/C (sky130_fd_sc_hd__and3_1)
     2    0.005289    0.091458    0.421046    8.121056 v _870_/X (sky130_fd_sc_hd__and3_1)
                                                         _351_ (net)
                      0.091458    0.000040    8.121096 v _873_/B (sky130_fd_sc_hd__or3_1)
     3    0.007119    0.186773    0.865837    8.986933 v _873_/X (sky130_fd_sc_hd__or3_1)
                                                         _354_ (net)
                      0.186773    0.000064    8.986998 v _874_/B (sky130_fd_sc_hd__nand2_1)
     1    0.005526    0.112900    0.182771    9.169768 ^ _874_/Y (sky130_fd_sc_hd__nand2_1)
                                                         _355_ (net)
                      0.112900    0.000071    9.169839 ^ _876_/B (sky130_fd_sc_hd__xnor2_1)
     2    0.008731    0.377384    0.273662    9.443501 ^ _876_/Y (sky130_fd_sc_hd__xnor2_1)
                                                         _357_ (net)
                      0.377384    0.000157    9.443659 ^ _877_/B (sky130_fd_sc_hd__xnor2_1)
     2    0.005688    0.138622    0.258778    9.702436 v _877_/Y (sky130_fd_sc_hd__xnor2_1)
                                                         _358_ (net)
                      0.138622    0.000038    9.702475 v _878_/B (sky130_fd_sc_hd__or2_1)
     1    0.002983    0.097910    0.485161   10.187636 v _878_/X (sky130_fd_sc_hd__or2_1)
                                                         _359_ (net)
                      0.097910    0.000031   10.187667 v _885_/A2 (sky130_fd_sc_hd__a31o_1)
     1    0.002549    0.063632    0.372801   10.560469 v _885_/X (sky130_fd_sc_hd__a31o_1)
                                                         net27 (net)
                      0.063632    0.000028   10.560496 v output27/A (sky130_fd_sc_hd__buf_2)
     1    0.034259    0.165781    0.341911   10.902409 v output27/X (sky130_fd_sc_hd__buf_2)
                                                         op_out[6] (net)
                      0.165781    0.000250   10.902658 v op_out[6] (out)
                                             10.902658   data arrival time

                      0.000000   20.000000   20.000000   clock __VIRTUAL_CLK__ (rise edge)
                                  0.000000   20.000000   clock network delay (ideal)
                                 -0.250000   19.750002   clock uncertainty
                                  0.000000   19.750002   clock reconvergence pessimism
                                 -4.000000   15.750001   output external delay
                                             15.750001   data required time
---------------------------------------------------------------------------------------------
                                             15.750001   data required time
                                            -10.902658   data arrival time
---------------------------------------------------------------------------------------------
                                              4.847343   slack (MET)



%OL_END_REPORT
%OL_CREATE_REPORT checks.rpt

===========================================================================
report_checks -unconstrained
===========================================================================
======================= min_ss_100C_1v60 Corner ===================================

Startpoint: op_b[0] (input port clocked by __VIRTUAL_CLK__)
Endpoint: op_out[0] (output port clocked by __VIRTUAL_CLK__)
Path Group: __VIRTUAL_CLK__
Path Type: max

Fanout         Cap        Slew       Delay        Time   Description
---------------------------------------------------------------------------------------------
                      0.000000    0.000000    0.000000   clock __VIRTUAL_CLK__ (rise edge)
                                  0.000000    0.000000   clock network delay (ideal)
                                  4.000000    4.000000 ^ input external delay
     1    0.002909    0.032974    0.016342    4.016342 ^ op_b[0] (in)
                                                         op_b[0] (net)
                      0.032974    0.000000    4.016342 ^ input13/A (sky130_fd_sc_hd__clkbuf_2)
     4    0.024504    0.215640    0.281127    4.297469 ^ input13/X (sky130_fd_sc_hd__clkbuf_2)
                                                         net13 (net)
                      0.215640    0.000416    4.297885 ^ fanout66/A (sky130_fd_sc_hd__buf_4)
    10    0.047058    0.218258    0.386237    4.684122 ^ fanout66/X (sky130_fd_sc_hd__buf_4)
                                                         net66 (net)
                      0.218258    0.000112    4.684234 ^ fanout65/A (sky130_fd_sc_hd__buf_4)
    10    0.038392    0.182293    0.362045    5.046279 ^ fanout65/X (sky130_fd_sc_hd__buf_4)
                                                         net65 (net)
                      0.182296    0.001085    5.047364 ^ _458_/A (sky130_fd_sc_hd__inv_2)
     4    0.013161    0.077015    0.135195    5.182559 v _458_/Y (sky130_fd_sc_hd__inv_2)
                                                         _188_ (net)
                      0.077015    0.000061    5.182620 v fanout35/A (sky130_fd_sc_hd__clkbuf_4)
    10    0.039845    0.156454    0.342822    5.525442 v fanout35/X (sky130_fd_sc_hd__clkbuf_4)
                                                         net35 (net)
                      0.156454    0.000524    5.525966 v _472_/A1 (sky130_fd_sc_hd__o41ai_4)
     5    0.016014    0.574985    0.779077    6.305043 ^ _472_/Y (sky130_fd_sc_hd__o41ai_4)
                                                         _338_ (net)
                      0.574985    0.000211    6.305254 ^ _481_/A2 (sky130_fd_sc_hd__a211o_1)
     4    0.013599    0.203165    0.518866    6.824120 ^ _481_/X (sky130_fd_sc_hd__a211o_1)
                                                         _410_ (net)
                      0.203165    0.000136    6.824256 ^ _484_/A1 (sky130_fd_sc_hd__a21o_1)
     4    0.013568    0.197576    0.361451    7.185708 ^ _484_/X (sky130_fd_sc_hd__a21o_1)
                                                         _413_ (net)
                      0.197576    0.000073    7.185781 ^ _493_/A1 (sky130_fd_sc_hd__a211oi_2)
     3    0.009164    0.141990    0.209737    7.395517 v _493_/Y (sky130_fd_sc_hd__a211oi_2)
                                                         _422_ (net)
                      0.141990    0.000107    7.395625 v _503_/D (sky130_fd_sc_hd__or4_4)
     3    0.008061    0.168484    0.883941    8.279566 v _503_/X (sky130_fd_sc_hd__or4_4)
                                                         _432_ (net)
                      0.168484    0.000061    8.279627 v _507_/A3 (sky130_fd_sc_hd__a31o_1)
     2    0.008833    0.115524    0.481826    8.761453 v _507_/X (sky130_fd_sc_hd__a31o_1)
                                                         _436_ (net)
                      0.115524    0.000083    8.761537 v _509_/A2 (sky130_fd_sc_hd__a211o_4)
     3    0.016925    0.108137    0.652062    9.413599 v _509_/X (sky130_fd_sc_hd__a211o_4)
                                                         _438_ (net)
                      0.108137    0.000213    9.413813 v _515_/A2 (sky130_fd_sc_hd__a21oi_4)
     5    0.018827    0.275128    0.344906    9.758718 ^ _515_/Y (sky130_fd_sc_hd__a21oi_4)
                                                         _444_ (net)
                      0.275128    0.000277    9.758996 ^ rebuffer5/A (sky130_fd_sc_hd__buf_6)
     3    0.012938    0.064625    0.260073   10.019069 ^ rebuffer5/X (sky130_fd_sc_hd__buf_6)
                                                         net74 (net)
                      0.064625    0.000177   10.019245 ^ _524_/S (sky130_fd_sc_hd__mux2_4)
     2    0.007282    0.092818    0.563531   10.582776 v _524_/X (sky130_fd_sc_hd__mux2_4)
                                                         _453_ (net)
                      0.092818    0.000095   10.582870 v _539_/A1 (sky130_fd_sc_hd__a221o_1)
     3    0.009647    0.160372    0.663481   11.246352 v _539_/X (sky130_fd_sc_hd__a221o_1)
                                                         _010_ (net)
                      0.160372    0.000034   11.246386 v _544_/A2 (sky130_fd_sc_hd__a311o_1)
     3    0.008692    0.147923    0.684036   11.930422 v _544_/X (sky130_fd_sc_hd__a311o_1)
                                                         _015_ (net)
                      0.147923    0.000130   11.930552 v _579_/A2 (sky130_fd_sc_hd__a21o_1)
     3    0.008059    0.100990    0.391544   12.322095 v _579_/X (sky130_fd_sc_hd__a21o_1)
                                                         _050_ (net)
                      0.100990    0.000108   12.322204 v _583_/C (sky130_fd_sc_hd__and3_1)
     2    0.005327    0.091753    0.399393   12.721597 v _583_/X (sky130_fd_sc_hd__and3_1)
                                                         _054_ (net)
                      0.091753    0.000040   12.721637 v _585_/A (sky130_fd_sc_hd__or4_4)
     1    0.003656    0.148428    1.040922   13.762559 v _585_/X (sky130_fd_sc_hd__or4_4)
                                                         _056_ (net)
                      0.148428    0.000044   13.762603 v _586_/B (sky130_fd_sc_hd__or4b_4)
     1    0.009143    0.171372    1.074873   14.837476 v _586_/X (sky130_fd_sc_hd__or4b_4)
                                                         _057_ (net)
                      0.171372    0.000102   14.837578 v _590_/A2 (sky130_fd_sc_hd__a311oi_4)
     4    0.018907    0.525460    0.626144   15.463721 ^ _590_/Y (sky130_fd_sc_hd__a311oi_4)
                                                         _061_ (net)
                      0.525460    0.000348   15.464069 ^ max_cap30/A (sky130_fd_sc_hd__buf_6)
     5    0.031346    0.118418    0.391241   15.855310 ^ max_cap30/X (sky130_fd_sc_hd__buf_6)
                                                         net30 (net)
                      0.118418    0.000393   15.855703 ^ _595_/S (sky130_fd_sc_hd__mux2_1)
     4    0.017634    0.236875    0.877771   16.733473 v _595_/X (sky130_fd_sc_hd__mux2_1)
                                                         _066_ (net)
                      0.236875    0.000487   16.733961 v _597_/B (sky130_fd_sc_hd__nor2_1)
     2    0.012174    0.393783    0.402332   17.136293 ^ _597_/Y (sky130_fd_sc_hd__nor2_1)
                                                         _068_ (net)
                      0.393783    0.000085   17.136377 ^ _608_/B1 (sky130_fd_sc_hd__a211oi_4)
     4    0.013033    0.126003    0.194440   17.330818 v _608_/Y (sky130_fd_sc_hd__a211oi_4)
                                                         _079_ (net)
                      0.126003    0.000174   17.330992 v rebuffer8/A (sky130_fd_sc_hd__dlygate4sd1_1)
     1    0.003153    0.063898    0.502366   17.833359 v rebuffer8/X (sky130_fd_sc_hd__dlygate4sd1_1)
                                                         net77 (net)
                      0.063898    0.000032   17.833391 v _639_/A2 (sky130_fd_sc_hd__o32a_1)
     1    0.006831    0.156697    0.654817   18.488207 v _639_/X (sky130_fd_sc_hd__o32a_1)
                                                         _110_ (net)
                      0.156697    0.000126   18.488333 v _640_/B (sky130_fd_sc_hd__xor2_1)
     1    0.002616    0.110258    0.294413   18.782747 v _640_/X (sky130_fd_sc_hd__xor2_1)
                                                         _111_ (net)
                      0.110258    0.000028   18.782776 v _641_/A1 (sky130_fd_sc_hd__mux2_1)
     2    0.006519    0.145643    0.717975   19.500750 v _641_/X (sky130_fd_sc_hd__mux2_1)
                                                         _112_ (net)
                      0.145643    0.000078   19.500828 v _643_/B (sky130_fd_sc_hd__nand2_1)
     2    0.006826    0.162212    0.176170   19.676998 ^ _643_/Y (sky130_fd_sc_hd__nand2_1)
                                                         _114_ (net)
                      0.162212    0.000046   19.677044 ^ _648_/B (sky130_fd_sc_hd__nand4b_1)
     2    0.005169    0.242039    0.281176   19.958221 v _648_/Y (sky130_fd_sc_hd__nand4b_1)
                                                         _119_ (net)
                      0.242039    0.000039   19.958260 v _672_/B1 (sky130_fd_sc_hd__o221a_1)
     1    0.003359    0.097674    0.501981   20.460239 v _672_/X (sky130_fd_sc_hd__o221a_1)
                                                         _143_ (net)
                      0.097674    0.000043   20.460283 v _675_/A1 (sky130_fd_sc_hd__o21a_1)
     1    0.002444    0.063748    0.340636   20.800919 v _675_/X (sky130_fd_sc_hd__o21a_1)
                                                         _146_ (net)
                      0.063748    0.000009   20.800928 v _679_/A2 (sky130_fd_sc_hd__o21a_1)
     1    0.007372    0.104894    0.346772   21.147699 v _679_/X (sky130_fd_sc_hd__o21a_1)
                                                         _150_ (net)
                      0.104894    0.000210   21.147909 v _700_/C (sky130_fd_sc_hd__or3_4)
     1    0.009004    0.132740    0.684750   21.832659 v _700_/X (sky130_fd_sc_hd__or3_4)
                                                         net21 (net)
                      0.132740    0.000179   21.832838 v output21/A (sky130_fd_sc_hd__buf_8)
     1    0.034582    0.067755    0.269338   22.102177 v output21/X (sky130_fd_sc_hd__buf_8)
                                                         op_out[0] (net)
                      0.067756    0.000457   22.102633 v op_out[0] (out)
                                             22.102633   data arrival time

                      0.000000   20.000000   20.000000   clock __VIRTUAL_CLK__ (rise edge)
                                  0.000000   20.000000   clock network delay (ideal)
                                 -0.250000   19.750002   clock uncertainty
                                  0.000000   19.750002   clock reconvergence pessimism
                                 -4.000000   15.750001   output external delay
                                             15.750001   data required time
---------------------------------------------------------------------------------------------
                                             15.750001   data required time
                                            -22.102633   data arrival time
---------------------------------------------------------------------------------------------
                                             -6.352633   slack (VIOLATED)




===========================================================================
report_checks --slack_max -0.01
============================================================================
======================= min_ss_100C_1v60 Corner ===================================

Startpoint: op_b[0] (input port clocked by __VIRTUAL_CLK__)
Endpoint: op_out[0] (output port clocked by __VIRTUAL_CLK__)
Path Group: __VIRTUAL_CLK__
Path Type: max

Fanout         Cap        Slew       Delay        Time   Description
---------------------------------------------------------------------------------------------
                      0.000000    0.000000    0.000000   clock __VIRTUAL_CLK__ (rise edge)
                                  0.000000    0.000000   clock network delay (ideal)
                                  4.000000    4.000000 ^ input external delay
     1    0.002909    0.032974    0.016342    4.016342 ^ op_b[0] (in)
                                                         op_b[0] (net)
                      0.032974    0.000000    4.016342 ^ input13/A (sky130_fd_sc_hd__clkbuf_2)
     4    0.024504    0.215640    0.281127    4.297469 ^ input13/X (sky130_fd_sc_hd__clkbuf_2)
                                                         net13 (net)
                      0.215640    0.000416    4.297885 ^ fanout66/A (sky130_fd_sc_hd__buf_4)
    10    0.047058    0.218258    0.386237    4.684122 ^ fanout66/X (sky130_fd_sc_hd__buf_4)
                                                         net66 (net)
                      0.218258    0.000112    4.684234 ^ fanout65/A (sky130_fd_sc_hd__buf_4)
    10    0.038392    0.182293    0.362045    5.046279 ^ fanout65/X (sky130_fd_sc_hd__buf_4)
                                                         net65 (net)
                      0.182296    0.001085    5.047364 ^ _458_/A (sky130_fd_sc_hd__inv_2)
     4    0.013161    0.077015    0.135195    5.182559 v _458_/Y (sky130_fd_sc_hd__inv_2)
                                                         _188_ (net)
                      0.077015    0.000061    5.182620 v fanout35/A (sky130_fd_sc_hd__clkbuf_4)
    10    0.039845    0.156454    0.342822    5.525442 v fanout35/X (sky130_fd_sc_hd__clkbuf_4)
                                                         net35 (net)
                      0.156454    0.000524    5.525966 v _472_/A1 (sky130_fd_sc_hd__o41ai_4)
     5    0.016014    0.574985    0.779077    6.305043 ^ _472_/Y (sky130_fd_sc_hd__o41ai_4)
                                                         _338_ (net)
                      0.574985    0.000211    6.305254 ^ _481_/A2 (sky130_fd_sc_hd__a211o_1)
     4    0.013599    0.203165    0.518866    6.824120 ^ _481_/X (sky130_fd_sc_hd__a211o_1)
                                                         _410_ (net)
                      0.203165    0.000136    6.824256 ^ _484_/A1 (sky130_fd_sc_hd__a21o_1)
     4    0.013568    0.197576    0.361451    7.185708 ^ _484_/X (sky130_fd_sc_hd__a21o_1)
                                                         _413_ (net)
                      0.197576    0.000073    7.185781 ^ _493_/A1 (sky130_fd_sc_hd__a211oi_2)
     3    0.009164    0.141990    0.209737    7.395517 v _493_/Y (sky130_fd_sc_hd__a211oi_2)
                                                         _422_ (net)
                      0.141990    0.000107    7.395625 v _503_/D (sky130_fd_sc_hd__or4_4)
     3    0.008061    0.168484    0.883941    8.279566 v _503_/X (sky130_fd_sc_hd__or4_4)
                                                         _432_ (net)
                      0.168484    0.000061    8.279627 v _507_/A3 (sky130_fd_sc_hd__a31o_1)
     2    0.008833    0.115524    0.481826    8.761453 v _507_/X (sky130_fd_sc_hd__a31o_1)
                                                         _436_ (net)
                      0.115524    0.000083    8.761537 v _509_/A2 (sky130_fd_sc_hd__a211o_4)
     3    0.016925    0.108137    0.652062    9.413599 v _509_/X (sky130_fd_sc_hd__a211o_4)
                                                         _438_ (net)
                      0.108137    0.000213    9.413813 v _515_/A2 (sky130_fd_sc_hd__a21oi_4)
     5    0.018827    0.275128    0.344906    9.758718 ^ _515_/Y (sky130_fd_sc_hd__a21oi_4)
                                                         _444_ (net)
                      0.275128    0.000277    9.758996 ^ rebuffer5/A (sky130_fd_sc_hd__buf_6)
     3    0.012938    0.064625    0.260073   10.019069 ^ rebuffer5/X (sky130_fd_sc_hd__buf_6)
                                                         net74 (net)
                      0.064625    0.000177   10.019245 ^ _524_/S (sky130_fd_sc_hd__mux2_4)
     2    0.007282    0.092818    0.563531   10.582776 v _524_/X (sky130_fd_sc_hd__mux2_4)
                                                         _453_ (net)
                      0.092818    0.000095   10.582870 v _539_/A1 (sky130_fd_sc_hd__a221o_1)
     3    0.009647    0.160372    0.663481   11.246352 v _539_/X (sky130_fd_sc_hd__a221o_1)
                                                         _010_ (net)
                      0.160372    0.000034   11.246386 v _544_/A2 (sky130_fd_sc_hd__a311o_1)
     3    0.008692    0.147923    0.684036   11.930422 v _544_/X (sky130_fd_sc_hd__a311o_1)
                                                         _015_ (net)
                      0.147923    0.000130   11.930552 v _579_/A2 (sky130_fd_sc_hd__a21o_1)
     3    0.008059    0.100990    0.391544   12.322095 v _579_/X (sky130_fd_sc_hd__a21o_1)
                                                         _050_ (net)
                      0.100990    0.000108   12.322204 v _583_/C (sky130_fd_sc_hd__and3_1)
     2    0.005327    0.091753    0.399393   12.721597 v _583_/X (sky130_fd_sc_hd__and3_1)
                                                         _054_ (net)
                      0.091753    0.000040   12.721637 v _585_/A (sky130_fd_sc_hd__or4_4)
     1    0.003656    0.148428    1.040922   13.762559 v _585_/X (sky130_fd_sc_hd__or4_4)
                                                         _056_ (net)
                      0.148428    0.000044   13.762603 v _586_/B (sky130_fd_sc_hd__or4b_4)
     1    0.009143    0.171372    1.074873   14.837476 v _586_/X (sky130_fd_sc_hd__or4b_4)
                                                         _057_ (net)
                      0.171372    0.000102   14.837578 v _590_/A2 (sky130_fd_sc_hd__a311oi_4)
     4    0.018907    0.525460    0.626144   15.463721 ^ _590_/Y (sky130_fd_sc_hd__a311oi_4)
                                                         _061_ (net)
                      0.525460    0.000348   15.464069 ^ max_cap30/A (sky130_fd_sc_hd__buf_6)
     5    0.031346    0.118418    0.391241   15.855310 ^ max_cap30/X (sky130_fd_sc_hd__buf_6)
                                                         net30 (net)
                      0.118418    0.000393   15.855703 ^ _595_/S (sky130_fd_sc_hd__mux2_1)
     4    0.017634    0.236875    0.877771   16.733473 v _595_/X (sky130_fd_sc_hd__mux2_1)
                                                         _066_ (net)
                      0.236875    0.000487   16.733961 v _597_/B (sky130_fd_sc_hd__nor2_1)
     2    0.012174    0.393783    0.402332   17.136293 ^ _597_/Y (sky130_fd_sc_hd__nor2_1)
                                                         _068_ (net)
                      0.393783    0.000085   17.136377 ^ _608_/B1 (sky130_fd_sc_hd__a211oi_4)
     4    0.013033    0.126003    0.194440   17.330818 v _608_/Y (sky130_fd_sc_hd__a211oi_4)
                                                         _079_ (net)
                      0.126003    0.000174   17.330992 v rebuffer8/A (sky130_fd_sc_hd__dlygate4sd1_1)
     1    0.003153    0.063898    0.502366   17.833359 v rebuffer8/X (sky130_fd_sc_hd__dlygate4sd1_1)
                                                         net77 (net)
                      0.063898    0.000032   17.833391 v _639_/A2 (sky130_fd_sc_hd__o32a_1)
     1    0.006831    0.156697    0.654817   18.488207 v _639_/X (sky130_fd_sc_hd__o32a_1)
                                                         _110_ (net)
                      0.156697    0.000126   18.488333 v _640_/B (sky130_fd_sc_hd__xor2_1)
     1    0.002616    0.110258    0.294413   18.782747 v _640_/X (sky130_fd_sc_hd__xor2_1)
                                                         _111_ (net)
                      0.110258    0.000028   18.782776 v _641_/A1 (sky130_fd_sc_hd__mux2_1)
     2    0.006519    0.145643    0.717975   19.500750 v _641_/X (sky130_fd_sc_hd__mux2_1)
                                                         _112_ (net)
                      0.145643    0.000078   19.500828 v _643_/B (sky130_fd_sc_hd__nand2_1)
     2    0.006826    0.162212    0.176170   19.676998 ^ _643_/Y (sky130_fd_sc_hd__nand2_1)
                                                         _114_ (net)
                      0.162212    0.000046   19.677044 ^ _648_/B (sky130_fd_sc_hd__nand4b_1)
     2    0.005169    0.242039    0.281176   19.958221 v _648_/Y (sky130_fd_sc_hd__nand4b_1)
                                                         _119_ (net)
                      0.242039    0.000039   19.958260 v _672_/B1 (sky130_fd_sc_hd__o221a_1)
     1    0.003359    0.097674    0.501981   20.460239 v _672_/X (sky130_fd_sc_hd__o221a_1)
                                                         _143_ (net)
                      0.097674    0.000043   20.460283 v _675_/A1 (sky130_fd_sc_hd__o21a_1)
     1    0.002444    0.063748    0.340636   20.800919 v _675_/X (sky130_fd_sc_hd__o21a_1)
                                                         _146_ (net)
                      0.063748    0.000009   20.800928 v _679_/A2 (sky130_fd_sc_hd__o21a_1)
     1    0.007372    0.104894    0.346772   21.147699 v _679_/X (sky130_fd_sc_hd__o21a_1)
                                                         _150_ (net)
                      0.104894    0.000210   21.147909 v _700_/C (sky130_fd_sc_hd__or3_4)
     1    0.009004    0.132740    0.684750   21.832659 v _700_/X (sky130_fd_sc_hd__or3_4)
                                                         net21 (net)
                      0.132740    0.000179   21.832838 v output21/A (sky130_fd_sc_hd__buf_8)
     1    0.034582    0.067755    0.269338   22.102177 v output21/X (sky130_fd_sc_hd__buf_8)
                                                         op_out[0] (net)
                      0.067756    0.000457   22.102633 v op_out[0] (out)
                                             22.102633   data arrival time

                      0.000000   20.000000   20.000000   clock __VIRTUAL_CLK__ (rise edge)
                                  0.000000   20.000000   clock network delay (ideal)
                                 -0.250000   19.750002   clock uncertainty
                                  0.000000   19.750002   clock reconvergence pessimism
                                 -4.000000   15.750001   output external delay
                                             15.750001   data required time
---------------------------------------------------------------------------------------------
                                             15.750001   data required time
                                            -22.102633   data arrival time
---------------------------------------------------------------------------------------------
                                             -6.352633   slack (VIOLATED)




===========================================================================
 report_check_types -max_slew -max_cap -max_fanout -violators
============================================================================
======================= min_ss_100C_1v60 Corner ===================================



===========================================================================
report_parasitic_annotation -report_unannotated
============================================================================
Found 0 unannotated drivers.
Found 0 partially unannotated drivers.

===========================================================================
max slew violation count 0
%OL_METRIC_I design__max_slew_violation__count__corner:min_ss_100C_1v60 0
max fanout violation count 0
%OL_METRIC_I design__max_fanout_violation__count__corner:min_ss_100C_1v60 0
max cap violation count 0
%OL_METRIC_I design__max_cap_violation__count__corner:min_ss_100C_1v60 0
============================================================================

===========================================================================
check_setup -verbose -unconstrained_endpoints -multiple_clock -no_clock -no_input_delay -loops -generated_clocks
===========================================================================
%OL_END_REPORT
%OL_CREATE_REPORT power.rpt

===========================================================================
 report_power
============================================================================
======================= min_ss_100C_1v60 Corner ===================================

Group                    Internal    Switching      Leakage        Total
                            Power        Power        Power        Power (Watts)
------------------------------------------------------------------------
Sequential           0.000000e+00 0.000000e+00 0.000000e+00 0.000000e+00   0.0%
Combinational        5.412140e-05 5.989229e-05 2.579577e-06 1.165933e-04 100.0%
Clock                0.000000e+00 0.000000e+00 1.349057e-09 1.349057e-09   0.0%
Macro                0.000000e+00 0.000000e+00 0.000000e+00 0.000000e+00   0.0%
Pad                  0.000000e+00 0.000000e+00 0.000000e+00 0.000000e+00   0.0%
------------------------------------------------------------------------
Total                5.412140e-05 5.989229e-05 2.580926e-06 1.165946e-04 100.0%
                            46.4%        51.4%         2.2%
%OL_METRIC_F power__internal__total 5.412140308180824e-5
%OL_METRIC_F power__switching__total 5.9892288845730945e-5
%OL_METRIC_F power__leakage__total 2.5809260932874167e-6
%OL_METRIC_F power__total 0.00011659461597446352

%OL_END_REPORT
%OL_CREATE_REPORT skew.min.rpt

===========================================================================
Clock Skew (Hold)
============================================================================
%OL_METRIC_F clock__skew__worst_hold__corner:min_ss_100C_1v60 0.0
======================= min_ss_100C_1v60 Corner ===================================

Clock __VIRTUAL_CLK__
No launch/capture paths found.

%OL_END_REPORT
%OL_CREATE_REPORT skew.max.rpt

===========================================================================
Clock Skew (Setup)
============================================================================
%OL_METRIC_F clock__skew__worst_setup__corner:min_ss_100C_1v60 0.0
======================= min_ss_100C_1v60 Corner ===================================

Clock __VIRTUAL_CLK__
No launch/capture paths found.

%OL_END_REPORT
%OL_CREATE_REPORT ws.min.rpt

===========================================================================
Worst Slack (Hold)
============================================================================
%OL_METRIC_F timing__hold__ws__corner:min_ss_100C_1v60 8.97222321833902
min_ss_100C_1v60: 8.97222321833902
%OL_END_REPORT
%OL_CREATE_REPORT ws.max.rpt

===========================================================================
Worst Slack (Setup)
============================================================================
%OL_METRIC_F timing__setup__ws__corner:min_ss_100C_1v60 -6.352632377723641
min_ss_100C_1v60: -6.352632377723641
%OL_END_REPORT
%OL_CREATE_REPORT tns.min.rpt

===========================================================================
Total Negative Slack (Hold)
============================================================================
%OL_METRIC_F timing__hold__tns__corner:min_ss_100C_1v60 0.0
min_ss_100C_1v60: 0.0
%OL_END_REPORT
%OL_CREATE_REPORT tns.max.rpt

===========================================================================
Total Negative Slack (Setup)
============================================================================
%OL_METRIC_F timing__setup__tns__corner:min_ss_100C_1v60 -10.812636425596903
min_ss_100C_1v60: -10.812636425596903
%OL_END_REPORT
%OL_CREATE_REPORT wns.min.rpt

===========================================================================
Worst Negative Slack (Hold)
============================================================================
%OL_METRIC_F timing__hold__wns__corner:min_ss_100C_1v60 0
min_ss_100C_1v60: 0
%OL_END_REPORT
%OL_CREATE_REPORT wns.max.rpt

===========================================================================
Worst Negative Slack (Setup)
============================================================================
%OL_METRIC_F timing__setup__wns__corner:min_ss_100C_1v60 -6.352632377723641
min_ss_100C_1v60: -6.352632377723641
%OL_END_REPORT
%OL_CREATE_REPORT violator_list.rpt

===========================================================================
Violator List
============================================================================
[setup in-out] op_b[0] -> op_out[0] : -6.352633
[setup in-out] op_b[0] -> op_out[1] : -3.680279
[setup in-out] op_b[0] -> op_out[2] : -0.779725
%OL_METRIC_I timing__hold_vio__count__corner:min_ss_100C_1v60 0
%OL_METRIC_F timing__hold_r2r__ws__corner:min_ss_100C_1v60 inf
%OL_METRIC_I timing__hold_r2r_vio__count__corner:min_ss_100C_1v60 0
%OL_METRIC_I timing__setup_vio__count__corner:min_ss_100C_1v60 3
%OL_METRIC_F timing__setup_r2r__ws__corner:min_ss_100C_1v60 inf
%OL_METRIC_I timing__setup_r2r_vio__count__corner:min_ss_100C_1v60 0
%OL_END_REPORT
%OL_CREATE_REPORT unpropagated.rpt
__VIRTUAL_CLK__
%OL_END_REPORT
%OL_CREATE_REPORT clock.rpt
Clock: __VIRTUAL_CLK__
Sources: 
Generated: no
Virtual: yes
Propagated: no
Period: 20.000000

===========================================================================
report_clock_properties
============================================================================
Clock                   Period          Waveform
----------------------------------------------------
__VIRTUAL_CLK__      20.000000    0.000000 10.000000

===========================================================================
report_clock_latency
============================================================================
Clock __VIRTUAL_CLK__


===========================================================================
report_clock_min_period
============================================================================
__VIRTUAL_CLK__ period_min = 0.00 fmax = inf
%OL_END_REPORT
Writing SDF files for all corners…
Removing Clock latencies before writing libs…
Writing timing models for all corners…
Writing timing models for the min_ss_100C_1v60 corner to /home/letienthanh/8bitalu/runs/RUN_2026-08-05_11-42-16/54-openroad-stapostpnr/min_ss_100C_1v60/alu8bit__min_ss_100C_1v60.lib…
