%Warning-TIMESCALEMOD: /home/letienthanh/8bitalu/runs/RUN_2026-08-05_20-29-08/tmp/6ff4194e3d0b44799e1a64181fb9117a.bb.v:3:8: Timescale missing on this module as other modules have it (IEEE 1800-2023 3.14.2.3)
    3 | module sky130_ef_sc_hd__decap_12(VPWR, VGND, VPB, VNB);
      |        ^~~~~~~~~~~~~~~~~~~~~~~~~
                       /home/letienthanh/8bitalu/rtl/alu.v:26:8: ... Location of module with timescale
   26 | module alu8bit (
      |        ^~~~~~~
                       ... For warning description see https://verilator.org/warn/TIMESCALEMOD?v=5.050
                       ... Use "/* verilator lint_off TIMESCALEMOD */" and lint_on around source to disable this message.
%Warning-TIMESCALEMOD: /home/letienthanh/8bitalu/runs/RUN_2026-08-05_20-29-08/tmp/6ff4194e3d0b44799e1a64181fb9117a.bb.v:10:8: Timescale missing on this module as other modules have it (IEEE 1800-2023 3.14.2.3)
   10 | module sky130_ef_sc_hd__fill_12(VPWR, VGND, VPB, VNB);
      |        ^~~~~~~~~~~~~~~~~~~~~~~~
                       /home/letienthanh/8bitalu/rtl/alu.v:26:8: ... Location of module with timescale
   26 | module alu8bit (
      |        ^~~~~~~
%Warning-TIMESCALEMOD: /home/letienthanh/8bitalu/runs/RUN_2026-08-05_20-29-08/tmp/6ff4194e3d0b44799e1a64181fb9117a.bb.v:17:8: Timescale missing on this module as other modules have it (IEEE 1800-2023 3.14.2.3)
   17 | module sky130_ef_sc_hd__fill_4(VPWR, VGND, VPB, VNB);
      |        ^~~~~~~~~~~~~~~~~~~~~~~
                       /home/letienthanh/8bitalu/rtl/alu.v:26:8: ... Location of module with timescale
   26 | module alu8bit (
      |        ^~~~~~~
%Warning-TIMESCALEMOD: /home/letienthanh/8bitalu/runs/RUN_2026-08-05_20-29-08/tmp/6ff4194e3d0b44799e1a64181fb9117a.bb.v:24:8: Timescale missing on this module as other modules have it (IEEE 1800-2023 3.14.2.3)
   24 | module sky130_ef_sc_hd__fill_8(VPWR, VGND, VPB, VNB);
      |        ^~~~~~~~~~~~~~~~~~~~~~~
                       /home/letienthanh/8bitalu/rtl/alu.v:26:8: ... Location of module with timescale
   26 | module alu8bit (
      |        ^~~~~~~
%Warning-TIMESCALEMOD: /home/letienthanh/8bitalu/runs/RUN_2026-08-05_20-29-08/tmp/6ff4194e3d0b44799e1a64181fb9117a.bb.v:31:8: Timescale missing on this module as other modules have it (IEEE 1800-2023 3.14.2.3)
   31 | module sky130_fd_sc_hd__a2111o_1(X, A1, A2, B1, C1, D1, VPWR, VGND, VPB, VNB);
      |        ^~~~~~~~~~~~~~~~~~~~~~~~~
                       /home/letienthanh/8bitalu/rtl/alu.v:26:8: ... Location of module with timescale
   26 | module alu8bit (
      |        ^~~~~~~
%Warning-TIMESCALEMOD: /home/letienthanh/8bitalu/runs/RUN_2026-08-05_20-29-08/tmp/6ff4194e3d0b44799e1a64181fb9117a.bb.v:44:8: Timescale missing on this module as other modules have it (IEEE 1800-2023 3.14.2.3)
   44 | module sky130_fd_sc_hd__a2111o_2(X, A1, A2, B1, C1, D1, VPWR, VGND, VPB, VNB);
      |        ^~~~~~~~~~~~~~~~~~~~~~~~~
                       /home/letienthanh/8bitalu/rtl/alu.v:26:8: ... Location of module with timescale
   26 | module alu8bit (
      |        ^~~~~~~
%Warning-TIMESCALEMOD: /home/letienthanh/8bitalu/runs/RUN_2026-08-05_20-29-08/tmp/6ff4194e3d0b44799e1a64181fb9117a.bb.v:57:8: Timescale missing on this module as other modules have it (IEEE 1800-2023 3.14.2.3)
   57 | module sky130_fd_sc_hd__a2111o_4(X, A1, A2, B1, C1, D1, VPWR, VGND, VPB, VNB);
      |        ^~~~~~~~~~~~~~~~~~~~~~~~~
                       /home/letienthanh/8bitalu/rtl/alu.v:26:8: ... Location of module with timescale
   26 | module alu8bit (
      |        ^~~~~~~
%Warning-TIMESCALEMOD: /home/letienthanh/8bitalu/runs/RUN_2026-08-05_20-29-08/tmp/6ff4194e3d0b44799e1a64181fb9117a.bb.v:70:8: Timescale missing on this module as other modules have it (IEEE 1800-2023 3.14.2.3)
   70 | module sky130_fd_sc_hd__a2111oi_0(Y, A1, A2, B1, C1, D1, VPWR, VGND, VPB, VNB);
      |        ^~~~~~~~~~~~~~~~~~~~~~~~~~
                       /home/letienthanh/8bitalu/rtl/alu.v:26:8: ... Location of module with timescale
   26 | module alu8bit (
      |        ^~~~~~~
%Warning-TIMESCALEMOD: /home/letienthanh/8bitalu/runs/RUN_2026-08-05_20-29-08/tmp/6ff4194e3d0b44799e1a64181fb9117a.bb.v:83:8: Timescale missing on this module as other modules have it (IEEE 1800-2023 3.14.2.3)
   83 | module sky130_fd_sc_hd__a2111oi_1(Y, A1, A2, B1, C1, D1, VPWR, VGND, VPB, VNB);
      |        ^~~~~~~~~~~~~~~~~~~~~~~~~~
                       /home/letienthanh/8bitalu/rtl/alu.v:26:8: ... Location of module with timescale
   26 | module alu8bit (
      |        ^~~~~~~
%Warning-TIMESCALEMOD: /home/letienthanh/8bitalu/runs/RUN_2026-08-05_20-29-08/tmp/6ff4194e3d0b44799e1a64181fb9117a.bb.v:96:8: Timescale missing on this module as other modules have it (IEEE 1800-2023 3.14.2.3)
   96 | module sky130_fd_sc_hd__a2111oi_2(Y, A1, A2, B1, C1, D1, VPWR, VGND, VPB, VNB);
      |        ^~~~~~~~~~~~~~~~~~~~~~~~~~
                       /home/letienthanh/8bitalu/rtl/alu.v:26:8: ... Location of module with timescale
   26 | module alu8bit (
      |        ^~~~~~~
%Warning-TIMESCALEMOD: /home/letienthanh/8bitalu/runs/RUN_2026-08-05_20-29-08/tmp/6ff4194e3d0b44799e1a64181fb9117a.bb.v:109:8: Timescale missing on this module as other modules have it (IEEE 1800-2023 3.14.2.3)
  109 | module sky130_fd_sc_hd__a2111oi_4(Y, A1, A2, B1, C1, D1, VPWR, VGND, VPB, VNB);
      |        ^~~~~~~~~~~~~~~~~~~~~~~~~~
                       /home/letienthanh/8bitalu/rtl/alu.v:26:8: ... Location of module with timescale
   26 | module alu8bit (
      |        ^~~~~~~
%Warning-TIMESCALEMOD: /home/letienthanh/8bitalu/runs/RUN_2026-08-05_20-29-08/tmp/6ff4194e3d0b44799e1a64181fb9117a.bb.v:122:8: Timescale missing on this module as other modules have it (IEEE 1800-2023 3.14.2.3)
  122 | module sky130_fd_sc_hd__a211o_1(X, A1, A2, B1, C1, VPWR, VGND, VPB, VNB);
      |        ^~~~~~~~~~~~~~~~~~~~~~~~
                       /home/letienthanh/8bitalu/rtl/alu.v:26:8: ... Location of module with timescale
   26 | module alu8bit (
      |        ^~~~~~~
%Warning-TIMESCALEMOD: /home/letienthanh/8bitalu/runs/RUN_2026-08-05_20-29-08/tmp/6ff4194e3d0b44799e1a64181fb9117a.bb.v:134:8: Timescale missing on this module as other modules have it (IEEE 1800-2023 3.14.2.3)
  134 | module sky130_fd_sc_hd__a211o_2(X, A1, A2, B1, C1, VPWR, VGND, VPB, VNB);
      |        ^~~~~~~~~~~~~~~~~~~~~~~~
                       /home/letienthanh/8bitalu/rtl/alu.v:26:8: ... Location of module with timescale
   26 | module alu8bit (
      |        ^~~~~~~
%Warning-TIMESCALEMOD: /home/letienthanh/8bitalu/runs/RUN_2026-08-05_20-29-08/tmp/6ff4194e3d0b44799e1a64181fb9117a.bb.v:146:8: Timescale missing on this module as other modules have it (IEEE 1800-2023 3.14.2.3)
  146 | module sky130_fd_sc_hd__a211o_4(X, A1, A2, B1, C1, VPWR, VGND, VPB, VNB);
      |        ^~~~~~~~~~~~~~~~~~~~~~~~
                       /home/letienthanh/8bitalu/rtl/alu.v:26:8: ... Location of module with timescale
   26 | module alu8bit (
      |        ^~~~~~~
%Warning-TIMESCALEMOD: /home/letienthanh/8bitalu/runs/RUN_2026-08-05_20-29-08/tmp/6ff4194e3d0b44799e1a64181fb9117a.bb.v:158:8: Timescale missing on this module as other modules have it (IEEE 1800-2023 3.14.2.3)
  158 | module sky130_fd_sc_hd__a211oi_1(Y, A1, A2, B1, C1, VPWR, VGND, VPB, VNB);
      |        ^~~~~~~~~~~~~~~~~~~~~~~~~
                       /home/letienthanh/8bitalu/rtl/alu.v:26:8: ... Location of module with timescale
   26 | module alu8bit (
      |        ^~~~~~~
%Warning-TIMESCALEMOD: /home/letienthanh/8bitalu/runs/RUN_2026-08-05_20-29-08/tmp/6ff4194e3d0b44799e1a64181fb9117a.bb.v:170:8: Timescale missing on this module as other modules have it (IEEE 1800-2023 3.14.2.3)
  170 | module sky130_fd_sc_hd__a211oi_2(Y, A1, A2, B1, C1, VPWR, VGND, VPB, VNB);
      |        ^~~~~~~~~~~~~~~~~~~~~~~~~
                       /home/letienthanh/8bitalu/rtl/alu.v:26:8: ... Location of module with timescale
   26 | module alu8bit (
      |        ^~~~~~~
%Warning-TIMESCALEMOD: /home/letienthanh/8bitalu/runs/RUN_2026-08-05_20-29-08/tmp/6ff4194e3d0b44799e1a64181fb9117a.bb.v:182:8: Timescale missing on this module as other modules have it (IEEE 1800-2023 3.14.2.3)
  182 | module sky130_fd_sc_hd__a211oi_4(Y, A1, A2, B1, C1, VPWR, VGND, VPB, VNB);
      |        ^~~~~~~~~~~~~~~~~~~~~~~~~
                       /home/letienthanh/8bitalu/rtl/alu.v:26:8: ... Location of module with timescale
   26 | module alu8bit (
      |        ^~~~~~~
%Warning-TIMESCALEMOD: /home/letienthanh/8bitalu/runs/RUN_2026-08-05_20-29-08/tmp/6ff4194e3d0b44799e1a64181fb9117a.bb.v:194:8: Timescale missing on this module as other modules have it (IEEE 1800-2023 3.14.2.3)
  194 | module sky130_fd_sc_hd__a21bo_1(X, A1, A2, B1_N, VPWR, VGND, VPB, VNB);
      |        ^~~~~~~~~~~~~~~~~~~~~~~~
                       /home/letienthanh/8bitalu/rtl/alu.v:26:8: ... Location of module with timescale
   26 | module alu8bit (
      |        ^~~~~~~
%Warning-TIMESCALEMOD: /home/letienthanh/8bitalu/runs/RUN_2026-08-05_20-29-08/tmp/6ff4194e3d0b44799e1a64181fb9117a.bb.v:205:8: Timescale missing on this module as other modules have it (IEEE 1800-2023 3.14.2.3)
  205 | module sky130_fd_sc_hd__a21bo_2(X, A1, A2, B1_N, VPWR, VGND, VPB, VNB);
      |        ^~~~~~~~~~~~~~~~~~~~~~~~
                       /home/letienthanh/8bitalu/rtl/alu.v:26:8: ... Location of module with timescale
   26 | module alu8bit (
      |        ^~~~~~~
%Warning-TIMESCALEMOD: /home/letienthanh/8bitalu/runs/RUN_2026-08-05_20-29-08/tmp/6ff4194e3d0b44799e1a64181fb9117a.bb.v:216:8: Timescale missing on this module as other modules have it (IEEE 1800-2023 3.14.2.3)
  216 | module sky130_fd_sc_hd__a21bo_4(X, A1, A2, B1_N, VPWR, VGND, VPB, VNB);
      |        ^~~~~~~~~~~~~~~~~~~~~~~~
                       /home/letienthanh/8bitalu/rtl/alu.v:26:8: ... Location of module with timescale
   26 | module alu8bit (
      |        ^~~~~~~
%Warning-TIMESCALEMOD: /home/letienthanh/8bitalu/runs/RUN_2026-08-05_20-29-08/tmp/6ff4194e3d0b44799e1a64181fb9117a.bb.v:227:8: Timescale missing on this module as other modules have it (IEEE 1800-2023 3.14.2.3)
  227 | module sky130_fd_sc_hd__a21boi_0(Y, A1, A2, B1_N, VPWR, VGND, VPB, VNB);
      |        ^~~~~~~~~~~~~~~~~~~~~~~~~
                       /home/letienthanh/8bitalu/rtl/alu.v:26:8: ... Location of module with timescale
   26 | module alu8bit (
      |        ^~~~~~~
%Warning-TIMESCALEMOD: /home/letienthanh/8bitalu/runs/RUN_2026-08-05_20-29-08/tmp/6ff4194e3d0b44799e1a64181fb9117a.bb.v:238:8: Timescale missing on this module as other modules have it (IEEE 1800-2023 3.14.2.3)
  238 | module sky130_fd_sc_hd__a21boi_1(Y, A1, A2, B1_N, VPWR, VGND, VPB, VNB);
      |        ^~~~~~~~~~~~~~~~~~~~~~~~~
                       /home/letienthanh/8bitalu/rtl/alu.v:26:8: ... Location of module with timescale
   26 | module alu8bit (
      |        ^~~~~~~
%Warning-TIMESCALEMOD: /home/letienthanh/8bitalu/runs/RUN_2026-08-05_20-29-08/tmp/6ff4194e3d0b44799e1a64181fb9117a.bb.v:249:8: Timescale missing on this module as other modules have it (IEEE 1800-2023 3.14.2.3)
  249 | module sky130_fd_sc_hd__a21boi_2(Y, A1, A2, B1_N, VPWR, VGND, VPB, VNB);
      |        ^~~~~~~~~~~~~~~~~~~~~~~~~
                       /home/letienthanh/8bitalu/rtl/alu.v:26:8: ... Location of module with timescale
   26 | module alu8bit (
      |        ^~~~~~~
%Warning-TIMESCALEMOD: /home/letienthanh/8bitalu/runs/RUN_2026-08-05_20-29-08/tmp/6ff4194e3d0b44799e1a64181fb9117a.bb.v:260:8: Timescale missing on this module as other modules have it (IEEE 1800-2023 3.14.2.3)
  260 | module sky130_fd_sc_hd__a21boi_4(Y, A1, A2, B1_N, VPWR, VGND, VPB, VNB);
      |        ^~~~~~~~~~~~~~~~~~~~~~~~~
                       /home/letienthanh/8bitalu/rtl/alu.v:26:8: ... Location of module with timescale
   26 | module alu8bit (
      |        ^~~~~~~
%Warning-TIMESCALEMOD: /home/letienthanh/8bitalu/runs/RUN_2026-08-05_20-29-08/tmp/6ff4194e3d0b44799e1a64181fb9117a.bb.v:271:8: Timescale missing on this module as other modules have it (IEEE 1800-2023 3.14.2.3)
  271 | module sky130_fd_sc_hd__a21o_1(X, A1, A2, B1, VPWR, VGND, VPB, VNB);
      |        ^~~~~~~~~~~~~~~~~~~~~~~
                       /home/letienthanh/8bitalu/rtl/alu.v:26:8: ... Location of module with timescale
   26 | module alu8bit (
      |        ^~~~~~~
%Warning-TIMESCALEMOD: /home/letienthanh/8bitalu/runs/RUN_2026-08-05_20-29-08/tmp/6ff4194e3d0b44799e1a64181fb9117a.bb.v:282:8: Timescale missing on this module as other modules have it (IEEE 1800-2023 3.14.2.3)
  282 | module sky130_fd_sc_hd__a21o_2(X, A1, A2, B1, VPWR, VGND, VPB, VNB);
      |        ^~~~~~~~~~~~~~~~~~~~~~~
                       /home/letienthanh/8bitalu/rtl/alu.v:26:8: ... Location of module with timescale
   26 | module alu8bit (
      |        ^~~~~~~
%Warning-TIMESCALEMOD: /home/letienthanh/8bitalu/runs/RUN_2026-08-05_20-29-08/tmp/6ff4194e3d0b44799e1a64181fb9117a.bb.v:293:8: Timescale missing on this module as other modules have it (IEEE 1800-2023 3.14.2.3)
  293 | module sky130_fd_sc_hd__a21o_4(X, A1, A2, B1, VPWR, VGND, VPB, VNB);
      |        ^~~~~~~~~~~~~~~~~~~~~~~
                       /home/letienthanh/8bitalu/rtl/alu.v:26:8: ... Location of module with timescale
   26 | module alu8bit (
      |        ^~~~~~~
%Warning-TIMESCALEMOD: /home/letienthanh/8bitalu/runs/RUN_2026-08-05_20-29-08/tmp/6ff4194e3d0b44799e1a64181fb9117a.bb.v:304:8: Timescale missing on this module as other modules have it (IEEE 1800-2023 3.14.2.3)
  304 | module sky130_fd_sc_hd__a21oi_1(Y, A1, A2, B1, VPWR, VGND, VPB, VNB);
      |        ^~~~~~~~~~~~~~~~~~~~~~~~
                       /home/letienthanh/8bitalu/rtl/alu.v:26:8: ... Location of module with timescale
   26 | module alu8bit (
      |        ^~~~~~~
%Warning-TIMESCALEMOD: /home/letienthanh/8bitalu/runs/RUN_2026-08-05_20-29-08/tmp/6ff4194e3d0b44799e1a64181fb9117a.bb.v:315:8: Timescale missing on this module as other modules have it (IEEE 1800-2023 3.14.2.3)
  315 | module sky130_fd_sc_hd__a21oi_2(Y, A1, A2, B1, VPWR, VGND, VPB, VNB);
      |        ^~~~~~~~~~~~~~~~~~~~~~~~
                       /home/letienthanh/8bitalu/rtl/alu.v:26:8: ... Location of module with timescale
   26 | module alu8bit (
      |        ^~~~~~~
%Warning-TIMESCALEMOD: /home/letienthanh/8bitalu/runs/RUN_2026-08-05_20-29-08/tmp/6ff4194e3d0b44799e1a64181fb9117a.bb.v:326:8: Timescale missing on this module as other modules have it (IEEE 1800-2023 3.14.2.3)
  326 | module sky130_fd_sc_hd__a21oi_4(Y, A1, A2, B1, VPWR, VGND, VPB, VNB);
      |        ^~~~~~~~~~~~~~~~~~~~~~~~
                       /home/letienthanh/8bitalu/rtl/alu.v:26:8: ... Location of module with timescale
   26 | module alu8bit (
      |        ^~~~~~~
%Warning-TIMESCALEMOD: /home/letienthanh/8bitalu/runs/RUN_2026-08-05_20-29-08/tmp/6ff4194e3d0b44799e1a64181fb9117a.bb.v:337:8: Timescale missing on this module as other modules have it (IEEE 1800-2023 3.14.2.3)
  337 | module sky130_fd_sc_hd__a221o_1(X, A1, A2, B1, B2, C1, VPWR, VGND, VPB, VNB);
      |        ^~~~~~~~~~~~~~~~~~~~~~~~
                       /home/letienthanh/8bitalu/rtl/alu.v:26:8: ... Location of module with timescale
   26 | module alu8bit (
      |        ^~~~~~~
%Warning-TIMESCALEMOD: /home/letienthanh/8bitalu/runs/RUN_2026-08-05_20-29-08/tmp/6ff4194e3d0b44799e1a64181fb9117a.bb.v:350:8: Timescale missing on this module as other modules have it (IEEE 1800-2023 3.14.2.3)
  350 | module sky130_fd_sc_hd__a221o_2(X, A1, A2, B1, B2, C1, VPWR, VGND, VPB, VNB);
      |        ^~~~~~~~~~~~~~~~~~~~~~~~
                       /home/letienthanh/8bitalu/rtl/alu.v:26:8: ... Location of module with timescale
   26 | module alu8bit (
      |        ^~~~~~~
%Warning-TIMESCALEMOD: /home/letienthanh/8bitalu/runs/RUN_2026-08-05_20-29-08/tmp/6ff4194e3d0b44799e1a64181fb9117a.bb.v:363:8: Timescale missing on this module as other modules have it (IEEE 1800-2023 3.14.2.3)
  363 | module sky130_fd_sc_hd__a221o_4(X, A1, A2, B1, B2, C1, VPWR, VGND, VPB, VNB);
      |        ^~~~~~~~~~~~~~~~~~~~~~~~
                       /home/letienthanh/8bitalu/rtl/alu.v:26:8: ... Location of module with timescale
   26 | module alu8bit (
      |        ^~~~~~~
%Warning-TIMESCALEMOD: /home/letienthanh/8bitalu/runs/RUN_2026-08-05_20-29-08/tmp/6ff4194e3d0b44799e1a64181fb9117a.bb.v:376:8: Timescale missing on this module as other modules have it (IEEE 1800-2023 3.14.2.3)
  376 | module sky130_fd_sc_hd__a221oi_1(Y, A1, A2, B1, B2, C1, VPWR, VGND, VPB, VNB);
      |        ^~~~~~~~~~~~~~~~~~~~~~~~~
                       /home/letienthanh/8bitalu/rtl/alu.v:26:8: ... Location of module with timescale
   26 | module alu8bit (
      |        ^~~~~~~
%Warning-TIMESCALEMOD: /home/letienthanh/8bitalu/runs/RUN_2026-08-05_20-29-08/tmp/6ff4194e3d0b44799e1a64181fb9117a.bb.v:389:8: Timescale missing on this module as other modules have it (IEEE 1800-2023 3.14.2.3)
  389 | module sky130_fd_sc_hd__a221oi_2(Y, A1, A2, B1, B2, C1, VPWR, VGND, VPB, VNB);
      |        ^~~~~~~~~~~~~~~~~~~~~~~~~
                       /home/letienthanh/8bitalu/rtl/alu.v:26:8: ... Location of module with timescale
   26 | module alu8bit (
      |        ^~~~~~~
%Warning-TIMESCALEMOD: /home/letienthanh/8bitalu/runs/RUN_2026-08-05_20-29-08/tmp/6ff4194e3d0b44799e1a64181fb9117a.bb.v:402:8: Timescale missing on this module as other modules have it (IEEE 1800-2023 3.14.2.3)
  402 | module sky130_fd_sc_hd__a221oi_4(Y, A1, A2, B1, B2, C1, VPWR, VGND, VPB, VNB);
      |        ^~~~~~~~~~~~~~~~~~~~~~~~~
                       /home/letienthanh/8bitalu/rtl/alu.v:26:8: ... Location of module with timescale
   26 | module alu8bit (
      |        ^~~~~~~
%Warning-TIMESCALEMOD: /home/letienthanh/8bitalu/runs/RUN_2026-08-05_20-29-08/tmp/6ff4194e3d0b44799e1a64181fb9117a.bb.v:415:8: Timescale missing on this module as other modules have it (IEEE 1800-2023 3.14.2.3)
  415 | module sky130_fd_sc_hd__a222oi_1(Y, A1, A2, B1, B2, C1, C2, VPWR, VGND, VPB, VNB);
      |        ^~~~~~~~~~~~~~~~~~~~~~~~~
                       /home/letienthanh/8bitalu/rtl/alu.v:26:8: ... Location of module with timescale
   26 | module alu8bit (
      |        ^~~~~~~
%Warning-TIMESCALEMOD: /home/letienthanh/8bitalu/runs/RUN_2026-08-05_20-29-08/tmp/6ff4194e3d0b44799e1a64181fb9117a.bb.v:429:8: Timescale missing on this module as other modules have it (IEEE 1800-2023 3.14.2.3)
  429 | module sky130_fd_sc_hd__a22o_1(X, A1, A2, B1, B2, VPWR, VGND, VPB, VNB);
      |        ^~~~~~~~~~~~~~~~~~~~~~~
                       /home/letienthanh/8bitalu/rtl/alu.v:26:8: ... Location of module with timescale
   26 | module alu8bit (
      |        ^~~~~~~
%Warning-TIMESCALEMOD: /home/letienthanh/8bitalu/runs/RUN_2026-08-05_20-29-08/tmp/6ff4194e3d0b44799e1a64181fb9117a.bb.v:441:8: Timescale missing on this module as other modules have it (IEEE 1800-2023 3.14.2.3)
  441 | module sky130_fd_sc_hd__a22o_2(X, A1, A2, B1, B2, VPWR, VGND, VPB, VNB);
      |        ^~~~~~~~~~~~~~~~~~~~~~~
                       /home/letienthanh/8bitalu/rtl/alu.v:26:8: ... Location of module with timescale
   26 | module alu8bit (
      |        ^~~~~~~
%Warning-TIMESCALEMOD: /home/letienthanh/8bitalu/runs/RUN_2026-08-05_20-29-08/tmp/6ff4194e3d0b44799e1a64181fb9117a.bb.v:453:8: Timescale missing on this module as other modules have it (IEEE 1800-2023 3.14.2.3)
  453 | module sky130_fd_sc_hd__a22o_4(X, A1, A2, B1, B2, VPWR, VGND, VPB, VNB);
      |        ^~~~~~~~~~~~~~~~~~~~~~~
                       /home/letienthanh/8bitalu/rtl/alu.v:26:8: ... Location of module with timescale
   26 | module alu8bit (
      |        ^~~~~~~
%Warning-TIMESCALEMOD: /home/letienthanh/8bitalu/runs/RUN_2026-08-05_20-29-08/tmp/6ff4194e3d0b44799e1a64181fb9117a.bb.v:465:8: Timescale missing on this module as other modules have it (IEEE 1800-2023 3.14.2.3)
  465 | module sky130_fd_sc_hd__a22oi_1(Y, A1, A2, B1, B2, VPWR, VGND, VPB, VNB);
      |        ^~~~~~~~~~~~~~~~~~~~~~~~
                       /home/letienthanh/8bitalu/rtl/alu.v:26:8: ... Location of module with timescale
   26 | module alu8bit (
      |        ^~~~~~~
%Warning-TIMESCALEMOD: /home/letienthanh/8bitalu/runs/RUN_2026-08-05_20-29-08/tmp/6ff4194e3d0b44799e1a64181fb9117a.bb.v:477:8: Timescale missing on this module as other modules have it (IEEE 1800-2023 3.14.2.3)
  477 | module sky130_fd_sc_hd__a22oi_2(Y, A1, A2, B1, B2, VPWR, VGND, VPB, VNB);
      |        ^~~~~~~~~~~~~~~~~~~~~~~~
                       /home/letienthanh/8bitalu/rtl/alu.v:26:8: ... Location of module with timescale
   26 | module alu8bit (
      |        ^~~~~~~
%Warning-TIMESCALEMOD: /home/letienthanh/8bitalu/runs/RUN_2026-08-05_20-29-08/tmp/6ff4194e3d0b44799e1a64181fb9117a.bb.v:489:8: Timescale missing on this module as other modules have it (IEEE 1800-2023 3.14.2.3)
  489 | module sky130_fd_sc_hd__a22oi_4(Y, A1, A2, B1, B2, VPWR, VGND, VPB, VNB);
      |        ^~~~~~~~~~~~~~~~~~~~~~~~
                       /home/letienthanh/8bitalu/rtl/alu.v:26:8: ... Location of module with timescale
   26 | module alu8bit (
      |        ^~~~~~~
%Warning-TIMESCALEMOD: /home/letienthanh/8bitalu/runs/RUN_2026-08-05_20-29-08/tmp/6ff4194e3d0b44799e1a64181fb9117a.bb.v:501:8: Timescale missing on this module as other modules have it (IEEE 1800-2023 3.14.2.3)
  501 | module sky130_fd_sc_hd__a2bb2o_1(X, A1_N, A2_N, B1, B2, VPWR, VGND, VPB, VNB);
      |        ^~~~~~~~~~~~~~~~~~~~~~~~~
                       /home/letienthanh/8bitalu/rtl/alu.v:26:8: ... Location of module with timescale
   26 | module alu8bit (
      |        ^~~~~~~
%Warning-TIMESCALEMOD: /home/letienthanh/8bitalu/runs/RUN_2026-08-05_20-29-08/tmp/6ff4194e3d0b44799e1a64181fb9117a.bb.v:513:8: Timescale missing on this module as other modules have it (IEEE 1800-2023 3.14.2.3)
  513 | module sky130_fd_sc_hd__a2bb2o_2(X, A1_N, A2_N, B1, B2, VPWR, VGND, VPB, VNB);
      |        ^~~~~~~~~~~~~~~~~~~~~~~~~
                       /home/letienthanh/8bitalu/rtl/alu.v:26:8: ... Location of module with timescale
   26 | module alu8bit (
      |        ^~~~~~~
%Warning-TIMESCALEMOD: /home/letienthanh/8bitalu/runs/RUN_2026-08-05_20-29-08/tmp/6ff4194e3d0b44799e1a64181fb9117a.bb.v:525:8: Timescale missing on this module as other modules have it (IEEE 1800-2023 3.14.2.3)
  525 | module sky130_fd_sc_hd__a2bb2o_4(X, A1_N, A2_N, B1, B2, VPWR, VGND, VPB, VNB);
      |        ^~~~~~~~~~~~~~~~~~~~~~~~~
                       /home/letienthanh/8bitalu/rtl/alu.v:26:8: ... Location of module with timescale
   26 | module alu8bit (
      |        ^~~~~~~
%Warning-TIMESCALEMOD: /home/letienthanh/8bitalu/runs/RUN_2026-08-05_20-29-08/tmp/6ff4194e3d0b44799e1a64181fb9117a.bb.v:537:8: Timescale missing on this module as other modules have it (IEEE 1800-2023 3.14.2.3)
  537 | module sky130_fd_sc_hd__a2bb2oi_1(Y, A1_N, A2_N, B1, B2, VPWR, VGND, VPB, VNB);
      |        ^~~~~~~~~~~~~~~~~~~~~~~~~~
                       /home/letienthanh/8bitalu/rtl/alu.v:26:8: ... Location of module with timescale
   26 | module alu8bit (
      |        ^~~~~~~
%Warning-TIMESCALEMOD: /home/letienthanh/8bitalu/runs/RUN_2026-08-05_20-29-08/tmp/6ff4194e3d0b44799e1a64181fb9117a.bb.v:549:8: Timescale missing on this module as other modules have it (IEEE 1800-2023 3.14.2.3)
  549 | module sky130_fd_sc_hd__a2bb2oi_2(Y, A1_N, A2_N, B1, B2, VPWR, VGND, VPB, VNB);
      |        ^~~~~~~~~~~~~~~~~~~~~~~~~~
                       /home/letienthanh/8bitalu/rtl/alu.v:26:8: ... Location of module with timescale
   26 | module alu8bit (
      |        ^~~~~~~
%Warning-TIMESCALEMOD: /home/letienthanh/8bitalu/runs/RUN_2026-08-05_20-29-08/tmp/6ff4194e3d0b44799e1a64181fb9117a.bb.v:561:8: Timescale missing on this module as other modules have it (IEEE 1800-2023 3.14.2.3)
  561 | module sky130_fd_sc_hd__a2bb2oi_4(Y, A1_N, A2_N, B1, B2, VPWR, VGND, VPB, VNB);
      |        ^~~~~~~~~~~~~~~~~~~~~~~~~~
                       /home/letienthanh/8bitalu/rtl/alu.v:26:8: ... Location of module with timescale
   26 | module alu8bit (
      |        ^~~~~~~
%Warning-TIMESCALEMOD: /home/letienthanh/8bitalu/runs/RUN_2026-08-05_20-29-08/tmp/6ff4194e3d0b44799e1a64181fb9117a.bb.v:573:8: Timescale missing on this module as other modules have it (IEEE 1800-2023 3.14.2.3)
  573 | module sky130_fd_sc_hd__a311o_1(X, A1, A2, A3, B1, C1, VPWR, VGND, VPB, VNB);
      |        ^~~~~~~~~~~~~~~~~~~~~~~~
                       /home/letienthanh/8bitalu/rtl/alu.v:26:8: ... Location of module with timescale
   26 | module alu8bit (
      |        ^~~~~~~
%Warning-TIMESCALEMOD: /home/letienthanh/8bitalu/runs/RUN_2026-08-05_20-29-08/tmp/6ff4194e3d0b44799e1a64181fb9117a.bb.v:586:8: Timescale missing on this module as other modules have it (IEEE 1800-2023 3.14.2.3)
  586 | module sky130_fd_sc_hd__a311o_2(X, A1, A2, A3, B1, C1, VPWR, VGND, VPB, VNB);
      |        ^~~~~~~~~~~~~~~~~~~~~~~~
                       /home/letienthanh/8bitalu/rtl/alu.v:26:8: ... Location of module with timescale
   26 | module alu8bit (
      |        ^~~~~~~
%Warning-TIMESCALEMOD: /home/letienthanh/8bitalu/runs/RUN_2026-08-05_20-29-08/tmp/6ff4194e3d0b44799e1a64181fb9117a.bb.v:599:8: Timescale missing on this module as other modules have it (IEEE 1800-2023 3.14.2.3)
  599 | module sky130_fd_sc_hd__a311o_4(X, A1, A2, A3, B1, C1, VPWR, VGND, VPB, VNB);
      |        ^~~~~~~~~~~~~~~~~~~~~~~~
                       /home/letienthanh/8bitalu/rtl/alu.v:26:8: ... Location of module with timescale
   26 | module alu8bit (
      |        ^~~~~~~
%Warning-TIMESCALEMOD: /home/letienthanh/8bitalu/runs/RUN_2026-08-05_20-29-08/tmp/6ff4194e3d0b44799e1a64181fb9117a.bb.v:612:8: Timescale missing on this module as other modules have it (IEEE 1800-2023 3.14.2.3)
  612 | module sky130_fd_sc_hd__a311oi_1(Y, A1, A2, A3, B1, C1, VPWR, VGND, VPB, VNB);
      |        ^~~~~~~~~~~~~~~~~~~~~~~~~
                       /home/letienthanh/8bitalu/rtl/alu.v:26:8: ... Location of module with timescale
   26 | module alu8bit (
      |        ^~~~~~~
%Warning-TIMESCALEMOD: /home/letienthanh/8bitalu/runs/RUN_2026-08-05_20-29-08/tmp/6ff4194e3d0b44799e1a64181fb9117a.bb.v:625:8: Timescale missing on this module as other modules have it (IEEE 1800-2023 3.14.2.3)
  625 | module sky130_fd_sc_hd__a311oi_2(Y, A1, A2, A3, B1, C1, VPWR, VGND, VPB, VNB);
      |        ^~~~~~~~~~~~~~~~~~~~~~~~~
                       /home/letienthanh/8bitalu/rtl/alu.v:26:8: ... Location of module with timescale
   26 | module alu8bit (
      |        ^~~~~~~
%Warning-TIMESCALEMOD: /home/letienthanh/8bitalu/runs/RUN_2026-08-05_20-29-08/tmp/6ff4194e3d0b44799e1a64181fb9117a.bb.v:638:8: Timescale missing on this module as other modules have it (IEEE 1800-2023 3.14.2.3)
  638 | module sky130_fd_sc_hd__a311oi_4(Y, A1, A2, A3, B1, C1, VPWR, VGND, VPB, VNB);
      |        ^~~~~~~~~~~~~~~~~~~~~~~~~
                       /home/letienthanh/8bitalu/rtl/alu.v:26:8: ... Location of module with timescale
   26 | module alu8bit (
      |        ^~~~~~~
%Warning-TIMESCALEMOD: /home/letienthanh/8bitalu/runs/RUN_2026-08-05_20-29-08/tmp/6ff4194e3d0b44799e1a64181fb9117a.bb.v:651:8: Timescale missing on this module as other modules have it (IEEE 1800-2023 3.14.2.3)
  651 | module sky130_fd_sc_hd__a31o_1(X, A1, A2, A3, B1, VPWR, VGND, VPB, VNB);
      |        ^~~~~~~~~~~~~~~~~~~~~~~
                       /home/letienthanh/8bitalu/rtl/alu.v:26:8: ... Location of module with timescale
   26 | module alu8bit (
      |        ^~~~~~~
%Warning-TIMESCALEMOD: /home/letienthanh/8bitalu/runs/RUN_2026-08-05_20-29-08/tmp/6ff4194e3d0b44799e1a64181fb9117a.bb.v:663:8: Timescale missing on this module as other modules have it (IEEE 1800-2023 3.14.2.3)
  663 | module sky130_fd_sc_hd__a31o_2(X, A1, A2, A3, B1, VPWR, VGND, VPB, VNB);
      |        ^~~~~~~~~~~~~~~~~~~~~~~
                       /home/letienthanh/8bitalu/rtl/alu.v:26:8: ... Location of module with timescale
   26 | module alu8bit (
      |        ^~~~~~~
%Warning-TIMESCALEMOD: /home/letienthanh/8bitalu/runs/RUN_2026-08-05_20-29-08/tmp/6ff4194e3d0b44799e1a64181fb9117a.bb.v:675:8: Timescale missing on this module as other modules have it (IEEE 1800-2023 3.14.2.3)
  675 | module sky130_fd_sc_hd__a31o_4(X, A1, A2, A3, B1, VPWR, VGND, VPB, VNB);
      |        ^~~~~~~~~~~~~~~~~~~~~~~
                       /home/letienthanh/8bitalu/rtl/alu.v:26:8: ... Location of module with timescale
   26 | module alu8bit (
      |        ^~~~~~~
%Warning-TIMESCALEMOD: /home/letienthanh/8bitalu/runs/RUN_2026-08-05_20-29-08/tmp/6ff4194e3d0b44799e1a64181fb9117a.bb.v:687:8: Timescale missing on this module as other modules have it (IEEE 1800-2023 3.14.2.3)
  687 | module sky130_fd_sc_hd__a31oi_1(Y, A1, A2, A3, B1, VPWR, VGND, VPB, VNB);
      |        ^~~~~~~~~~~~~~~~~~~~~~~~
                       /home/letienthanh/8bitalu/rtl/alu.v:26:8: ... Location of module with timescale
   26 | module alu8bit (
      |        ^~~~~~~
%Warning-TIMESCALEMOD: /home/letienthanh/8bitalu/runs/RUN_2026-08-05_20-29-08/tmp/6ff4194e3d0b44799e1a64181fb9117a.bb.v:699:8: Timescale missing on this module as other modules have it (IEEE 1800-2023 3.14.2.3)
  699 | module sky130_fd_sc_hd__a31oi_2(Y, A1, A2, A3, B1, VPWR, VGND, VPB, VNB);
      |        ^~~~~~~~~~~~~~~~~~~~~~~~
                       /home/letienthanh/8bitalu/rtl/alu.v:26:8: ... Location of module with timescale
   26 | module alu8bit (
      |        ^~~~~~~
%Warning-TIMESCALEMOD: /home/letienthanh/8bitalu/runs/RUN_2026-08-05_20-29-08/tmp/6ff4194e3d0b44799e1a64181fb9117a.bb.v:711:8: Timescale missing on this module as other modules have it (IEEE 1800-2023 3.14.2.3)
  711 | module sky130_fd_sc_hd__a31oi_4(Y, A1, A2, A3, B1, VPWR, VGND, VPB, VNB);
      |        ^~~~~~~~~~~~~~~~~~~~~~~~
                       /home/letienthanh/8bitalu/rtl/alu.v:26:8: ... Location of module with timescale
   26 | module alu8bit (
      |        ^~~~~~~
%Warning-TIMESCALEMOD: /home/letienthanh/8bitalu/runs/RUN_2026-08-05_20-29-08/tmp/6ff4194e3d0b44799e1a64181fb9117a.bb.v:723:8: Timescale missing on this module as other modules have it (IEEE 1800-2023 3.14.2.3)
  723 | module sky130_fd_sc_hd__a32o_1(X, A1, A2, A3, B1, B2, VPWR, VGND, VPB, VNB);
      |        ^~~~~~~~~~~~~~~~~~~~~~~
                       /home/letienthanh/8bitalu/rtl/alu.v:26:8: ... Location of module with timescale
   26 | module alu8bit (
      |        ^~~~~~~
%Warning-TIMESCALEMOD: /home/letienthanh/8bitalu/runs/RUN_2026-08-05_20-29-08/tmp/6ff4194e3d0b44799e1a64181fb9117a.bb.v:736:8: Timescale missing on this module as other modules have it (IEEE 1800-2023 3.14.2.3)
  736 | module sky130_fd_sc_hd__a32o_2(X, A1, A2, A3, B1, B2, VPWR, VGND, VPB, VNB);
      |        ^~~~~~~~~~~~~~~~~~~~~~~
                       /home/letienthanh/8bitalu/rtl/alu.v:26:8: ... Location of module with timescale
   26 | module alu8bit (
      |        ^~~~~~~
%Warning-TIMESCALEMOD: /home/letienthanh/8bitalu/runs/RUN_2026-08-05_20-29-08/tmp/6ff4194e3d0b44799e1a64181fb9117a.bb.v:749:8: Timescale missing on this module as other modules have it (IEEE 1800-2023 3.14.2.3)
  749 | module sky130_fd_sc_hd__a32o_4(X, A1, A2, A3, B1, B2, VPWR, VGND, VPB, VNB);
      |        ^~~~~~~~~~~~~~~~~~~~~~~
                       /home/letienthanh/8bitalu/rtl/alu.v:26:8: ... Location of module with timescale
   26 | module alu8bit (
      |        ^~~~~~~
%Warning-TIMESCALEMOD: /home/letienthanh/8bitalu/runs/RUN_2026-08-05_20-29-08/tmp/6ff4194e3d0b44799e1a64181fb9117a.bb.v:762:8: Timescale missing on this module as other modules have it (IEEE 1800-2023 3.14.2.3)
  762 | module sky130_fd_sc_hd__a32oi_1(Y, A1, A2, A3, B1, B2, VPWR, VGND, VPB, VNB);
      |        ^~~~~~~~~~~~~~~~~~~~~~~~
                       /home/letienthanh/8bitalu/rtl/alu.v:26:8: ... Location of module with timescale
   26 | module alu8bit (
      |        ^~~~~~~
%Warning-TIMESCALEMOD: /home/letienthanh/8bitalu/runs/RUN_2026-08-05_20-29-08/tmp/6ff4194e3d0b44799e1a64181fb9117a.bb.v:775:8: Timescale missing on this module as other modules have it (IEEE 1800-2023 3.14.2.3)
  775 | module sky130_fd_sc_hd__a32oi_2(Y, A1, A2, A3, B1, B2, VPWR, VGND, VPB, VNB);
      |        ^~~~~~~~~~~~~~~~~~~~~~~~
                       /home/letienthanh/8bitalu/rtl/alu.v:26:8: ... Location of module with timescale
   26 | module alu8bit (
      |        ^~~~~~~
%Warning-TIMESCALEMOD: /home/letienthanh/8bitalu/runs/RUN_2026-08-05_20-29-08/tmp/6ff4194e3d0b44799e1a64181fb9117a.bb.v:788:8: Timescale missing on this module as other modules have it (IEEE 1800-2023 3.14.2.3)
  788 | module sky130_fd_sc_hd__a32oi_4(Y, A1, A2, A3, B1, B2, VPWR, VGND, VPB, VNB);
      |        ^~~~~~~~~~~~~~~~~~~~~~~~
                       /home/letienthanh/8bitalu/rtl/alu.v:26:8: ... Location of module with timescale
   26 | module alu8bit (
      |        ^~~~~~~
%Warning-TIMESCALEMOD: /home/letienthanh/8bitalu/runs/RUN_2026-08-05_20-29-08/tmp/6ff4194e3d0b44799e1a64181fb9117a.bb.v:801:8: Timescale missing on this module as other modules have it (IEEE 1800-2023 3.14.2.3)
  801 | module sky130_fd_sc_hd__a41o_1(X, A1, A2, A3, A4, B1, VPWR, VGND, VPB, VNB);
      |        ^~~~~~~~~~~~~~~~~~~~~~~
                       /home/letienthanh/8bitalu/rtl/alu.v:26:8: ... Location of module with timescale
   26 | module alu8bit (
      |        ^~~~~~~
%Warning-TIMESCALEMOD: /home/letienthanh/8bitalu/runs/RUN_2026-08-05_20-29-08/tmp/6ff4194e3d0b44799e1a64181fb9117a.bb.v:814:8: Timescale missing on this module as other modules have it (IEEE 1800-2023 3.14.2.3)
  814 | module sky130_fd_sc_hd__a41o_2(X, A1, A2, A3, A4, B1, VPWR, VGND, VPB, VNB);
      |        ^~~~~~~~~~~~~~~~~~~~~~~
                       /home/letienthanh/8bitalu/rtl/alu.v:26:8: ... Location of module with timescale
   26 | module alu8bit (
      |        ^~~~~~~
%Warning-TIMESCALEMOD: /home/letienthanh/8bitalu/runs/RUN_2026-08-05_20-29-08/tmp/6ff4194e3d0b44799e1a64181fb9117a.bb.v:827:8: Timescale missing on this module as other modules have it (IEEE 1800-2023 3.14.2.3)
  827 | module sky130_fd_sc_hd__a41o_4(X, A1, A2, A3, A4, B1, VPWR, VGND, VPB, VNB);
      |        ^~~~~~~~~~~~~~~~~~~~~~~
                       /home/letienthanh/8bitalu/rtl/alu.v:26:8: ... Location of module with timescale
   26 | module alu8bit (
      |        ^~~~~~~
%Warning-TIMESCALEMOD: /home/letienthanh/8bitalu/runs/RUN_2026-08-05_20-29-08/tmp/6ff4194e3d0b44799e1a64181fb9117a.bb.v:840:8: Timescale missing on this module as other modules have it (IEEE 1800-2023 3.14.2.3)
  840 | module sky130_fd_sc_hd__a41oi_1(Y, A1, A2, A3, A4, B1, VPWR, VGND, VPB, VNB);
      |        ^~~~~~~~~~~~~~~~~~~~~~~~
                       /home/letienthanh/8bitalu/rtl/alu.v:26:8: ... Location of module with timescale
   26 | module alu8bit (
      |        ^~~~~~~
%Warning-TIMESCALEMOD: /home/letienthanh/8bitalu/runs/RUN_2026-08-05_20-29-08/tmp/6ff4194e3d0b44799e1a64181fb9117a.bb.v:853:8: Timescale missing on this module as other modules have it (IEEE 1800-2023 3.14.2.3)
  853 | module sky130_fd_sc_hd__a41oi_2(Y, A1, A2, A3, A4, B1, VPWR, VGND, VPB, VNB);
      |        ^~~~~~~~~~~~~~~~~~~~~~~~
                       /home/letienthanh/8bitalu/rtl/alu.v:26:8: ... Location of module with timescale
   26 | module alu8bit (
      |        ^~~~~~~
%Warning-TIMESCALEMOD: /home/letienthanh/8bitalu/runs/RUN_2026-08-05_20-29-08/tmp/6ff4194e3d0b44799e1a64181fb9117a.bb.v:866:8: Timescale missing on this module as other modules have it (IEEE 1800-2023 3.14.2.3)
  866 | module sky130_fd_sc_hd__a41oi_4(Y, A1, A2, A3, A4, B1, VPWR, VGND, VPB, VNB);
      |        ^~~~~~~~~~~~~~~~~~~~~~~~
                       /home/letienthanh/8bitalu/rtl/alu.v:26:8: ... Location of module with timescale
   26 | module alu8bit (
      |        ^~~~~~~
%Warning-TIMESCALEMOD: /home/letienthanh/8bitalu/runs/RUN_2026-08-05_20-29-08/tmp/6ff4194e3d0b44799e1a64181fb9117a.bb.v:879:8: Timescale missing on this module as other modules have it (IEEE 1800-2023 3.14.2.3)
  879 | module sky130_fd_sc_hd__and2_0(X, A, B, VPWR, VGND, VPB, VNB);
      |        ^~~~~~~~~~~~~~~~~~~~~~~
                       /home/letienthanh/8bitalu/rtl/alu.v:26:8: ... Location of module with timescale
   26 | module alu8bit (
      |        ^~~~~~~
%Warning-TIMESCALEMOD: /home/letienthanh/8bitalu/runs/RUN_2026-08-05_20-29-08/tmp/6ff4194e3d0b44799e1a64181fb9117a.bb.v:889:8: Timescale missing on this module as other modules have it (IEEE 1800-2023 3.14.2.3)
  889 | module sky130_fd_sc_hd__and2_1(X, A, B, VPWR, VGND, VPB, VNB);
      |        ^~~~~~~~~~~~~~~~~~~~~~~
                       /home/letienthanh/8bitalu/rtl/alu.v:26:8: ... Location of module with timescale
   26 | module alu8bit (
      |        ^~~~~~~
%Warning-TIMESCALEMOD: /home/letienthanh/8bitalu/runs/RUN_2026-08-05_20-29-08/tmp/6ff4194e3d0b44799e1a64181fb9117a.bb.v:899:8: Timescale missing on this module as other modules have it (IEEE 1800-2023 3.14.2.3)
  899 | module sky130_fd_sc_hd__and2_2(X, A, B, VPWR, VGND, VPB, VNB);
      |        ^~~~~~~~~~~~~~~~~~~~~~~
                       /home/letienthanh/8bitalu/rtl/alu.v:26:8: ... Location of module with timescale
   26 | module alu8bit (
      |        ^~~~~~~
%Warning-TIMESCALEMOD: /home/letienthanh/8bitalu/runs/RUN_2026-08-05_20-29-08/tmp/6ff4194e3d0b44799e1a64181fb9117a.bb.v:909:8: Timescale missing on this module as other modules have it (IEEE 1800-2023 3.14.2.3)
  909 | module sky130_fd_sc_hd__and2_4(X, A, B, VPWR, VGND, VPB, VNB);
      |        ^~~~~~~~~~~~~~~~~~~~~~~
                       /home/letienthanh/8bitalu/rtl/alu.v:26:8: ... Location of module with timescale
   26 | module alu8bit (
      |        ^~~~~~~
%Warning-TIMESCALEMOD: /home/letienthanh/8bitalu/runs/RUN_2026-08-05_20-29-08/tmp/6ff4194e3d0b44799e1a64181fb9117a.bb.v:919:8: Timescale missing on this module as other modules have it (IEEE 1800-2023 3.14.2.3)
  919 | module sky130_fd_sc_hd__and2b_1(X, A_N, B, VPWR, VGND, VPB, VNB);
      |        ^~~~~~~~~~~~~~~~~~~~~~~~
                       /home/letienthanh/8bitalu/rtl/alu.v:26:8: ... Location of module with timescale
   26 | module alu8bit (
      |        ^~~~~~~
%Warning-TIMESCALEMOD: /home/letienthanh/8bitalu/runs/RUN_2026-08-05_20-29-08/tmp/6ff4194e3d0b44799e1a64181fb9117a.bb.v:929:8: Timescale missing on this module as other modules have it (IEEE 1800-2023 3.14.2.3)
  929 | module sky130_fd_sc_hd__and2b_2(X, A_N, B, VPWR, VGND, VPB, VNB);
      |        ^~~~~~~~~~~~~~~~~~~~~~~~
                       /home/letienthanh/8bitalu/rtl/alu.v:26:8: ... Location of module with timescale
   26 | module alu8bit (
      |        ^~~~~~~
%Warning-TIMESCALEMOD: /home/letienthanh/8bitalu/runs/RUN_2026-08-05_20-29-08/tmp/6ff4194e3d0b44799e1a64181fb9117a.bb.v:939:8: Timescale missing on this module as other modules have it (IEEE 1800-2023 3.14.2.3)
  939 | module sky130_fd_sc_hd__and2b_4(X, A_N, B, VPWR, VGND, VPB, VNB);
      |        ^~~~~~~~~~~~~~~~~~~~~~~~
                       /home/letienthanh/8bitalu/rtl/alu.v:26:8: ... Location of module with timescale
   26 | module alu8bit (
      |        ^~~~~~~
%Warning-TIMESCALEMOD: /home/letienthanh/8bitalu/runs/RUN_2026-08-05_20-29-08/tmp/6ff4194e3d0b44799e1a64181fb9117a.bb.v:949:8: Timescale missing on this module as other modules have it (IEEE 1800-2023 3.14.2.3)
  949 | module sky130_fd_sc_hd__and3_1(X, A, B, C, VPWR, VGND, VPB, VNB);
      |        ^~~~~~~~~~~~~~~~~~~~~~~
                       /home/letienthanh/8bitalu/rtl/alu.v:26:8: ... Location of module with timescale
   26 | module alu8bit (
      |        ^~~~~~~
%Warning-TIMESCALEMOD: /home/letienthanh/8bitalu/runs/RUN_2026-08-05_20-29-08/tmp/6ff4194e3d0b44799e1a64181fb9117a.bb.v:960:8: Timescale missing on this module as other modules have it (IEEE 1800-2023 3.14.2.3)
  960 | module sky130_fd_sc_hd__and3_2(X, A, B, C, VPWR, VGND, VPB, VNB);
      |        ^~~~~~~~~~~~~~~~~~~~~~~
                       /home/letienthanh/8bitalu/rtl/alu.v:26:8: ... Location of module with timescale
   26 | module alu8bit (
      |        ^~~~~~~
%Warning-TIMESCALEMOD: /home/letienthanh/8bitalu/runs/RUN_2026-08-05_20-29-08/tmp/6ff4194e3d0b44799e1a64181fb9117a.bb.v:971:8: Timescale missing on this module as other modules have it (IEEE 1800-2023 3.14.2.3)
  971 | module sky130_fd_sc_hd__and3_4(X, A, B, C, VPWR, VGND, VPB, VNB);
      |        ^~~~~~~~~~~~~~~~~~~~~~~
                       /home/letienthanh/8bitalu/rtl/alu.v:26:8: ... Location of module with timescale
   26 | module alu8bit (
      |        ^~~~~~~
%Warning-TIMESCALEMOD: /home/letienthanh/8bitalu/runs/RUN_2026-08-05_20-29-08/tmp/6ff4194e3d0b44799e1a64181fb9117a.bb.v:982:8: Timescale missing on this module as other modules have it (IEEE 1800-2023 3.14.2.3)
  982 | module sky130_fd_sc_hd__and3b_1(X, A_N, B, C, VPWR, VGND, VPB, VNB);
      |        ^~~~~~~~~~~~~~~~~~~~~~~~
                       /home/letienthanh/8bitalu/rtl/alu.v:26:8: ... Location of module with timescale
   26 | module alu8bit (
      |        ^~~~~~~
%Warning-TIMESCALEMOD: /home/letienthanh/8bitalu/runs/RUN_2026-08-05_20-29-08/tmp/6ff4194e3d0b44799e1a64181fb9117a.bb.v:993:8: Timescale missing on this module as other modules have it (IEEE 1800-2023 3.14.2.3)
  993 | module sky130_fd_sc_hd__and3b_2(X, A_N, B, C, VPWR, VGND, VPB, VNB);
      |        ^~~~~~~~~~~~~~~~~~~~~~~~
                       /home/letienthanh/8bitalu/rtl/alu.v:26:8: ... Location of module with timescale
   26 | module alu8bit (
      |        ^~~~~~~
%Warning-TIMESCALEMOD: /home/letienthanh/8bitalu/runs/RUN_2026-08-05_20-29-08/tmp/6ff4194e3d0b44799e1a64181fb9117a.bb.v:1004:8: Timescale missing on this module as other modules have it (IEEE 1800-2023 3.14.2.3)
 1004 | module sky130_fd_sc_hd__and3b_4(X, A_N, B, C, VPWR, VGND, VPB, VNB);
      |        ^~~~~~~~~~~~~~~~~~~~~~~~
                       /home/letienthanh/8bitalu/rtl/alu.v:26:8: ... Location of module with timescale
   26 | module alu8bit (
      |        ^~~~~~~
%Warning-TIMESCALEMOD: /home/letienthanh/8bitalu/runs/RUN_2026-08-05_20-29-08/tmp/6ff4194e3d0b44799e1a64181fb9117a.bb.v:1015:8: Timescale missing on this module as other modules have it (IEEE 1800-2023 3.14.2.3)
 1015 | module sky130_fd_sc_hd__and4_1(X, A, B, C, D, VPWR, VGND, VPB, VNB);
      |        ^~~~~~~~~~~~~~~~~~~~~~~
                       /home/letienthanh/8bitalu/rtl/alu.v:26:8: ... Location of module with timescale
   26 | module alu8bit (
      |        ^~~~~~~
%Warning-TIMESCALEMOD: /home/letienthanh/8bitalu/runs/RUN_2026-08-05_20-29-08/tmp/6ff4194e3d0b44799e1a64181fb9117a.bb.v:1027:8: Timescale missing on this module as other modules have it (IEEE 1800-2023 3.14.2.3)
 1027 | module sky130_fd_sc_hd__and4_2(X, A, B, C, D, VPWR, VGND, VPB, VNB);
      |        ^~~~~~~~~~~~~~~~~~~~~~~
                       /home/letienthanh/8bitalu/rtl/alu.v:26:8: ... Location of module with timescale
   26 | module alu8bit (
      |        ^~~~~~~
%Warning-TIMESCALEMOD: /home/letienthanh/8bitalu/runs/RUN_2026-08-05_20-29-08/tmp/6ff4194e3d0b44799e1a64181fb9117a.bb.v:1039:8: Timescale missing on this module as other modules have it (IEEE 1800-2023 3.14.2.3)
 1039 | module sky130_fd_sc_hd__and4_4(X, A, B, C, D, VPWR, VGND, VPB, VNB);
      |        ^~~~~~~~~~~~~~~~~~~~~~~
                       /home/letienthanh/8bitalu/rtl/alu.v:26:8: ... Location of module with timescale
   26 | module alu8bit (
      |        ^~~~~~~
%Warning-TIMESCALEMOD: /home/letienthanh/8bitalu/runs/RUN_2026-08-05_20-29-08/tmp/6ff4194e3d0b44799e1a64181fb9117a.bb.v:1051:8: Timescale missing on this module as other modules have it (IEEE 1800-2023 3.14.2.3)
 1051 | module sky130_fd_sc_hd__and4b_1(X, A_N, B, C, D, VPWR, VGND, VPB, VNB);
      |        ^~~~~~~~~~~~~~~~~~~~~~~~
                       /home/letienthanh/8bitalu/rtl/alu.v:26:8: ... Location of module with timescale
   26 | module alu8bit (
      |        ^~~~~~~
%Warning-TIMESCALEMOD: /home/letienthanh/8bitalu/runs/RUN_2026-08-05_20-29-08/tmp/6ff4194e3d0b44799e1a64181fb9117a.bb.v:1063:8: Timescale missing on this module as other modules have it (IEEE 1800-2023 3.14.2.3)
 1063 | module sky130_fd_sc_hd__and4b_2(X, A_N, B, C, D, VPWR, VGND, VPB, VNB);
      |        ^~~~~~~~~~~~~~~~~~~~~~~~
                       /home/letienthanh/8bitalu/rtl/alu.v:26:8: ... Location of module with timescale
   26 | module alu8bit (
      |        ^~~~~~~
%Warning-TIMESCALEMOD: /home/letienthanh/8bitalu/runs/RUN_2026-08-05_20-29-08/tmp/6ff4194e3d0b44799e1a64181fb9117a.bb.v:1075:8: Timescale missing on this module as other modules have it (IEEE 1800-2023 3.14.2.3)
 1075 | module sky130_fd_sc_hd__and4b_4(X, A_N, B, C, D, VPWR, VGND, VPB, VNB);
      |        ^~~~~~~~~~~~~~~~~~~~~~~~
                       /home/letienthanh/8bitalu/rtl/alu.v:26:8: ... Location of module with timescale
   26 | module alu8bit (
      |        ^~~~~~~
%Warning-TIMESCALEMOD: /home/letienthanh/8bitalu/runs/RUN_2026-08-05_20-29-08/tmp/6ff4194e3d0b44799e1a64181fb9117a.bb.v:1087:8: Timescale missing on this module as other modules have it (IEEE 1800-2023 3.14.2.3)
 1087 | module sky130_fd_sc_hd__and4bb_1(X, A_N, B_N, C, D, VPWR, VGND, VPB, VNB);
      |        ^~~~~~~~~~~~~~~~~~~~~~~~~
                       /home/letienthanh/8bitalu/rtl/alu.v:26:8: ... Location of module with timescale
   26 | module alu8bit (
      |        ^~~~~~~
%Warning-TIMESCALEMOD: /home/letienthanh/8bitalu/runs/RUN_2026-08-05_20-29-08/tmp/6ff4194e3d0b44799e1a64181fb9117a.bb.v:1099:8: Timescale missing on this module as other modules have it (IEEE 1800-2023 3.14.2.3)
 1099 | module sky130_fd_sc_hd__and4bb_2(X, A_N, B_N, C, D, VPWR, VGND, VPB, VNB);
      |        ^~~~~~~~~~~~~~~~~~~~~~~~~
                       /home/letienthanh/8bitalu/rtl/alu.v:26:8: ... Location of module with timescale
   26 | module alu8bit (
      |        ^~~~~~~
%Warning-TIMESCALEMOD: /home/letienthanh/8bitalu/runs/RUN_2026-08-05_20-29-08/tmp/6ff4194e3d0b44799e1a64181fb9117a.bb.v:1111:8: Timescale missing on this module as other modules have it (IEEE 1800-2023 3.14.2.3)
 1111 | module sky130_fd_sc_hd__and4bb_4(X, A_N, B_N, C, D, VPWR, VGND, VPB, VNB);
      |        ^~~~~~~~~~~~~~~~~~~~~~~~~
                       /home/letienthanh/8bitalu/rtl/alu.v:26:8: ... Location of module with timescale
   26 | module alu8bit (
      |        ^~~~~~~
%Warning-TIMESCALEMOD: /home/letienthanh/8bitalu/runs/RUN_2026-08-05_20-29-08/tmp/6ff4194e3d0b44799e1a64181fb9117a.bb.v:1123:8: Timescale missing on this module as other modules have it (IEEE 1800-2023 3.14.2.3)
 1123 | module sky130_fd_sc_hd__buf_1(X, A, VPWR, VGND, VPB, VNB);
      |        ^~~~~~~~~~~~~~~~~~~~~~
                       /home/letienthanh/8bitalu/rtl/alu.v:26:8: ... Location of module with timescale
   26 | module alu8bit (
      |        ^~~~~~~
%Warning-TIMESCALEMOD: /home/letienthanh/8bitalu/runs/RUN_2026-08-05_20-29-08/tmp/6ff4194e3d0b44799e1a64181fb9117a.bb.v:1132:8: Timescale missing on this module as other modules have it (IEEE 1800-2023 3.14.2.3)
 1132 | module sky130_fd_sc_hd__buf_12(X, A, VPWR, VGND, VPB, VNB);
      |        ^~~~~~~~~~~~~~~~~~~~~~~
                       /home/letienthanh/8bitalu/rtl/alu.v:26:8: ... Location of module with timescale
   26 | module alu8bit (
      |        ^~~~~~~
%Warning-TIMESCALEMOD: /home/letienthanh/8bitalu/runs/RUN_2026-08-05_20-29-08/tmp/6ff4194e3d0b44799e1a64181fb9117a.bb.v:1141:8: Timescale missing on this module as other modules have it (IEEE 1800-2023 3.14.2.3)
 1141 | module sky130_fd_sc_hd__buf_16(X, A, VPWR, VGND, VPB, VNB);
      |        ^~~~~~~~~~~~~~~~~~~~~~~
                       /home/letienthanh/8bitalu/rtl/alu.v:26:8: ... Location of module with timescale
   26 | module alu8bit (
      |        ^~~~~~~
%Warning-TIMESCALEMOD: /home/letienthanh/8bitalu/runs/RUN_2026-08-05_20-29-08/tmp/6ff4194e3d0b44799e1a64181fb9117a.bb.v:1150:8: Timescale missing on this module as other modules have it (IEEE 1800-2023 3.14.2.3)
 1150 | module sky130_fd_sc_hd__buf_2(X, A, VPWR, VGND, VPB, VNB);
      |        ^~~~~~~~~~~~~~~~~~~~~~
                       /home/letienthanh/8bitalu/rtl/alu.v:26:8: ... Location of module with timescale
   26 | module alu8bit (
      |        ^~~~~~~
%Warning-TIMESCALEMOD: /home/letienthanh/8bitalu/runs/RUN_2026-08-05_20-29-08/tmp/6ff4194e3d0b44799e1a64181fb9117a.bb.v:1159:8: Timescale missing on this module as other modules have it (IEEE 1800-2023 3.14.2.3)
 1159 | module sky130_fd_sc_hd__buf_4(X, A, VPWR, VGND, VPB, VNB);
      |        ^~~~~~~~~~~~~~~~~~~~~~
                       /home/letienthanh/8bitalu/rtl/alu.v:26:8: ... Location of module with timescale
   26 | module alu8bit (
      |        ^~~~~~~
%Warning-TIMESCALEMOD: /home/letienthanh/8bitalu/runs/RUN_2026-08-05_20-29-08/tmp/6ff4194e3d0b44799e1a64181fb9117a.bb.v:1168:8: Timescale missing on this module as other modules have it (IEEE 1800-2023 3.14.2.3)
 1168 | module sky130_fd_sc_hd__buf_6(X, A, VPWR, VGND, VPB, VNB);
      |        ^~~~~~~~~~~~~~~~~~~~~~
                       /home/letienthanh/8bitalu/rtl/alu.v:26:8: ... Location of module with timescale
   26 | module alu8bit (
      |        ^~~~~~~
%Warning-TIMESCALEMOD: /home/letienthanh/8bitalu/runs/RUN_2026-08-05_20-29-08/tmp/6ff4194e3d0b44799e1a64181fb9117a.bb.v:1177:8: Timescale missing on this module as other modules have it (IEEE 1800-2023 3.14.2.3)
 1177 | module sky130_fd_sc_hd__buf_8(X, A, VPWR, VGND, VPB, VNB);
      |        ^~~~~~~~~~~~~~~~~~~~~~
                       /home/letienthanh/8bitalu/rtl/alu.v:26:8: ... Location of module with timescale
   26 | module alu8bit (
      |        ^~~~~~~
%Warning-TIMESCALEMOD: /home/letienthanh/8bitalu/runs/RUN_2026-08-05_20-29-08/tmp/6ff4194e3d0b44799e1a64181fb9117a.bb.v:1186:8: Timescale missing on this module as other modules have it (IEEE 1800-2023 3.14.2.3)
 1186 | module sky130_fd_sc_hd__bufbuf_16(X, A, VPWR, VGND, VPB, VNB);
      |        ^~~~~~~~~~~~~~~~~~~~~~~~~~
                       /home/letienthanh/8bitalu/rtl/alu.v:26:8: ... Location of module with timescale
   26 | module alu8bit (
      |        ^~~~~~~
%Warning-TIMESCALEMOD: /home/letienthanh/8bitalu/runs/RUN_2026-08-05_20-29-08/tmp/6ff4194e3d0b44799e1a64181fb9117a.bb.v:1195:8: Timescale missing on this module as other modules have it (IEEE 1800-2023 3.14.2.3)
 1195 | module sky130_fd_sc_hd__bufbuf_8(X, A, VPWR, VGND, VPB, VNB);
      |        ^~~~~~~~~~~~~~~~~~~~~~~~~
                       /home/letienthanh/8bitalu/rtl/alu.v:26:8: ... Location of module with timescale
   26 | module alu8bit (
      |        ^~~~~~~
%Warning-TIMESCALEMOD: /home/letienthanh/8bitalu/runs/RUN_2026-08-05_20-29-08/tmp/6ff4194e3d0b44799e1a64181fb9117a.bb.v:1204:8: Timescale missing on this module as other modules have it (IEEE 1800-2023 3.14.2.3)
 1204 | module sky130_fd_sc_hd__bufinv_16(Y, A, VPWR, VGND, VPB, VNB);
      |        ^~~~~~~~~~~~~~~~~~~~~~~~~~
                       /home/letienthanh/8bitalu/rtl/alu.v:26:8: ... Location of module with timescale
   26 | module alu8bit (
      |        ^~~~~~~
%Warning-TIMESCALEMOD: /home/letienthanh/8bitalu/runs/RUN_2026-08-05_20-29-08/tmp/6ff4194e3d0b44799e1a64181fb9117a.bb.v:1213:8: Timescale missing on this module as other modules have it (IEEE 1800-2023 3.14.2.3)
 1213 | module sky130_fd_sc_hd__bufinv_8(Y, A, VPWR, VGND, VPB, VNB);
      |        ^~~~~~~~~~~~~~~~~~~~~~~~~
                       /home/letienthanh/8bitalu/rtl/alu.v:26:8: ... Location of module with timescale
   26 | module alu8bit (
      |        ^~~~~~~
%Warning-TIMESCALEMOD: /home/letienthanh/8bitalu/runs/RUN_2026-08-05_20-29-08/tmp/6ff4194e3d0b44799e1a64181fb9117a.bb.v:1222:8: Timescale missing on this module as other modules have it (IEEE 1800-2023 3.14.2.3)
 1222 | module sky130_fd_sc_hd__clkbuf_1(X, A, VPWR, VGND, VPB, VNB);
      |        ^~~~~~~~~~~~~~~~~~~~~~~~~
                       /home/letienthanh/8bitalu/rtl/alu.v:26:8: ... Location of module with timescale
   26 | module alu8bit (
      |        ^~~~~~~
%Warning-TIMESCALEMOD: /home/letienthanh/8bitalu/runs/RUN_2026-08-05_20-29-08/tmp/6ff4194e3d0b44799e1a64181fb9117a.bb.v:1231:8: Timescale missing on this module as other modules have it (IEEE 1800-2023 3.14.2.3)
 1231 | module sky130_fd_sc_hd__clkbuf_16(X, A, VPWR, VGND, VPB, VNB);
      |        ^~~~~~~~~~~~~~~~~~~~~~~~~~
                       /home/letienthanh/8bitalu/rtl/alu.v:26:8: ... Location of module with timescale
   26 | module alu8bit (
      |        ^~~~~~~
%Warning-TIMESCALEMOD: /home/letienthanh/8bitalu/runs/RUN_2026-08-05_20-29-08/tmp/6ff4194e3d0b44799e1a64181fb9117a.bb.v:1240:8: Timescale missing on this module as other modules have it (IEEE 1800-2023 3.14.2.3)
 1240 | module sky130_fd_sc_hd__clkbuf_2(X, A, VPWR, VGND, VPB, VNB);
      |        ^~~~~~~~~~~~~~~~~~~~~~~~~
                       /home/letienthanh/8bitalu/rtl/alu.v:26:8: ... Location of module with timescale
   26 | module alu8bit (
      |        ^~~~~~~
%Warning-TIMESCALEMOD: /home/letienthanh/8bitalu/runs/RUN_2026-08-05_20-29-08/tmp/6ff4194e3d0b44799e1a64181fb9117a.bb.v:1249:8: Timescale missing on this module as other modules have it (IEEE 1800-2023 3.14.2.3)
 1249 | module sky130_fd_sc_hd__clkbuf_4(X, A, VPWR, VGND, VPB, VNB);
      |        ^~~~~~~~~~~~~~~~~~~~~~~~~
                       /home/letienthanh/8bitalu/rtl/alu.v:26:8: ... Location of module with timescale
   26 | module alu8bit (
      |        ^~~~~~~
%Warning-TIMESCALEMOD: /home/letienthanh/8bitalu/runs/RUN_2026-08-05_20-29-08/tmp/6ff4194e3d0b44799e1a64181fb9117a.bb.v:1258:8: Timescale missing on this module as other modules have it (IEEE 1800-2023 3.14.2.3)
 1258 | module sky130_fd_sc_hd__clkbuf_8(X, A, VPWR, VGND, VPB, VNB);
      |        ^~~~~~~~~~~~~~~~~~~~~~~~~
                       /home/letienthanh/8bitalu/rtl/alu.v:26:8: ... Location of module with timescale
   26 | module alu8bit (
      |        ^~~~~~~
%Warning-TIMESCALEMOD: /home/letienthanh/8bitalu/runs/RUN_2026-08-05_20-29-08/tmp/6ff4194e3d0b44799e1a64181fb9117a.bb.v:1267:8: Timescale missing on this module as other modules have it (IEEE 1800-2023 3.14.2.3)
 1267 | module sky130_fd_sc_hd__clkdlybuf4s15_1(X, A, VPWR, VGND, VPB, VNB);
      |        ^~~~~~~~~~~~~~~~~~~~~~~~~~~~~~~~
                       /home/letienthanh/8bitalu/rtl/alu.v:26:8: ... Location of module with timescale
   26 | module alu8bit (
      |        ^~~~~~~
%Warning-TIMESCALEMOD: /home/letienthanh/8bitalu/runs/RUN_2026-08-05_20-29-08/tmp/6ff4194e3d0b44799e1a64181fb9117a.bb.v:1276:8: Timescale missing on this module as other modules have it (IEEE 1800-2023 3.14.2.3)
 1276 | module sky130_fd_sc_hd__clkdlybuf4s15_2(X, A, VPWR, VGND, VPB, VNB);
      |        ^~~~~~~~~~~~~~~~~~~~~~~~~~~~~~~~
                       /home/letienthanh/8bitalu/rtl/alu.v:26:8: ... Location of module with timescale
   26 | module alu8bit (
      |        ^~~~~~~
%Warning-TIMESCALEMOD: /home/letienthanh/8bitalu/runs/RUN_2026-08-05_20-29-08/tmp/6ff4194e3d0b44799e1a64181fb9117a.bb.v:1285:8: Timescale missing on this module as other modules have it (IEEE 1800-2023 3.14.2.3)
 1285 | module sky130_fd_sc_hd__clkdlybuf4s18_1(X, A, VPWR, VGND, VPB, VNB);
      |        ^~~~~~~~~~~~~~~~~~~~~~~~~~~~~~~~
                       /home/letienthanh/8bitalu/rtl/alu.v:26:8: ... Location of module with timescale
   26 | module alu8bit (
      |        ^~~~~~~
%Warning-TIMESCALEMOD: /home/letienthanh/8bitalu/runs/RUN_2026-08-05_20-29-08/tmp/6ff4194e3d0b44799e1a64181fb9117a.bb.v:1294:8: Timescale missing on this module as other modules have it (IEEE 1800-2023 3.14.2.3)
 1294 | module sky130_fd_sc_hd__clkdlybuf4s18_2(X, A, VPWR, VGND, VPB, VNB);
      |        ^~~~~~~~~~~~~~~~~~~~~~~~~~~~~~~~
                       /home/letienthanh/8bitalu/rtl/alu.v:26:8: ... Location of module with timescale
   26 | module alu8bit (
      |        ^~~~~~~
%Warning-TIMESCALEMOD: /home/letienthanh/8bitalu/runs/RUN_2026-08-05_20-29-08/tmp/6ff4194e3d0b44799e1a64181fb9117a.bb.v:1303:8: Timescale missing on this module as other modules have it (IEEE 1800-2023 3.14.2.3)
 1303 | module sky130_fd_sc_hd__clkdlybuf4s25_1(X, A, VPWR, VGND, VPB, VNB);
      |        ^~~~~~~~~~~~~~~~~~~~~~~~~~~~~~~~
                       /home/letienthanh/8bitalu/rtl/alu.v:26:8: ... Location of module with timescale
   26 | module alu8bit (
      |        ^~~~~~~
%Warning-TIMESCALEMOD: /home/letienthanh/8bitalu/runs/RUN_2026-08-05_20-29-08/tmp/6ff4194e3d0b44799e1a64181fb9117a.bb.v:1312:8: Timescale missing on this module as other modules have it (IEEE 1800-2023 3.14.2.3)
 1312 | module sky130_fd_sc_hd__clkdlybuf4s25_2(X, A, VPWR, VGND, VPB, VNB);
      |        ^~~~~~~~~~~~~~~~~~~~~~~~~~~~~~~~
                       /home/letienthanh/8bitalu/rtl/alu.v:26:8: ... Location of module with timescale
   26 | module alu8bit (
      |        ^~~~~~~
%Warning-TIMESCALEMOD: /home/letienthanh/8bitalu/runs/RUN_2026-08-05_20-29-08/tmp/6ff4194e3d0b44799e1a64181fb9117a.bb.v:1321:8: Timescale missing on this module as other modules have it (IEEE 1800-2023 3.14.2.3)
 1321 | module sky130_fd_sc_hd__clkdlybuf4s50_1(X, A, VPWR, VGND, VPB, VNB);
      |        ^~~~~~~~~~~~~~~~~~~~~~~~~~~~~~~~
                       /home/letienthanh/8bitalu/rtl/alu.v:26:8: ... Location of module with timescale
   26 | module alu8bit (
      |        ^~~~~~~
%Warning-TIMESCALEMOD: /home/letienthanh/8bitalu/runs/RUN_2026-08-05_20-29-08/tmp/6ff4194e3d0b44799e1a64181fb9117a.bb.v:1330:8: Timescale missing on this module as other modules have it (IEEE 1800-2023 3.14.2.3)
 1330 | module sky130_fd_sc_hd__clkdlybuf4s50_2(X, A, VPWR, VGND, VPB, VNB);
      |        ^~~~~~~~~~~~~~~~~~~~~~~~~~~~~~~~
                       /home/letienthanh/8bitalu/rtl/alu.v:26:8: ... Location of module with timescale
   26 | module alu8bit (
      |        ^~~~~~~
%Warning-TIMESCALEMOD: /home/letienthanh/8bitalu/runs/RUN_2026-08-05_20-29-08/tmp/6ff4194e3d0b44799e1a64181fb9117a.bb.v:1339:8: Timescale missing on this module as other modules have it (IEEE 1800-2023 3.14.2.3)
 1339 | module sky130_fd_sc_hd__clkinv_1(Y, A, VPWR, VGND, VPB, VNB);
      |        ^~~~~~~~~~~~~~~~~~~~~~~~~
                       /home/letienthanh/8bitalu/rtl/alu.v:26:8: ... Location of module with timescale
   26 | module alu8bit (
      |        ^~~~~~~
%Warning-TIMESCALEMOD: /home/letienthanh/8bitalu/runs/RUN_2026-08-05_20-29-08/tmp/6ff4194e3d0b44799e1a64181fb9117a.bb.v:1348:8: Timescale missing on this module as other modules have it (IEEE 1800-2023 3.14.2.3)
 1348 | module sky130_fd_sc_hd__clkinv_16(Y, A, VPWR, VGND, VPB, VNB);
      |        ^~~~~~~~~~~~~~~~~~~~~~~~~~
                       /home/letienthanh/8bitalu/rtl/alu.v:26:8: ... Location of module with timescale
   26 | module alu8bit (
      |        ^~~~~~~
%Warning-TIMESCALEMOD: /home/letienthanh/8bitalu/runs/RUN_2026-08-05_20-29-08/tmp/6ff4194e3d0b44799e1a64181fb9117a.bb.v:1357:8: Timescale missing on this module as other modules have it (IEEE 1800-2023 3.14.2.3)
 1357 | module sky130_fd_sc_hd__clkinv_2(Y, A, VPWR, VGND, VPB, VNB);
      |        ^~~~~~~~~~~~~~~~~~~~~~~~~
                       /home/letienthanh/8bitalu/rtl/alu.v:26:8: ... Location of module with timescale
   26 | module alu8bit (
      |        ^~~~~~~
%Warning-TIMESCALEMOD: /home/letienthanh/8bitalu/runs/RUN_2026-08-05_20-29-08/tmp/6ff4194e3d0b44799e1a64181fb9117a.bb.v:1366:8: Timescale missing on this module as other modules have it (IEEE 1800-2023 3.14.2.3)
 1366 | module sky130_fd_sc_hd__clkinv_4(Y, A, VPWR, VGND, VPB, VNB);
      |        ^~~~~~~~~~~~~~~~~~~~~~~~~
                       /home/letienthanh/8bitalu/rtl/alu.v:26:8: ... Location of module with timescale
   26 | module alu8bit (
      |        ^~~~~~~
%Warning-TIMESCALEMOD: /home/letienthanh/8bitalu/runs/RUN_2026-08-05_20-29-08/tmp/6ff4194e3d0b44799e1a64181fb9117a.bb.v:1375:8: Timescale missing on this module as other modules have it (IEEE 1800-2023 3.14.2.3)
 1375 | module sky130_fd_sc_hd__clkinv_8(Y, A, VPWR, VGND, VPB, VNB);
      |        ^~~~~~~~~~~~~~~~~~~~~~~~~
                       /home/letienthanh/8bitalu/rtl/alu.v:26:8: ... Location of module with timescale
   26 | module alu8bit (
      |        ^~~~~~~
%Warning-TIMESCALEMOD: /home/letienthanh/8bitalu/runs/RUN_2026-08-05_20-29-08/tmp/6ff4194e3d0b44799e1a64181fb9117a.bb.v:1384:8: Timescale missing on this module as other modules have it (IEEE 1800-2023 3.14.2.3)
 1384 | module sky130_fd_sc_hd__clkinvlp_2(Y, A, VPWR, VGND, VPB, VNB);
      |        ^~~~~~~~~~~~~~~~~~~~~~~~~~~
                       /home/letienthanh/8bitalu/rtl/alu.v:26:8: ... Location of module with timescale
   26 | module alu8bit (
      |        ^~~~~~~
%Warning-TIMESCALEMOD: /home/letienthanh/8bitalu/runs/RUN_2026-08-05_20-29-08/tmp/6ff4194e3d0b44799e1a64181fb9117a.bb.v:1393:8: Timescale missing on this module as other modules have it (IEEE 1800-2023 3.14.2.3)
 1393 | module sky130_fd_sc_hd__clkinvlp_4(Y, A, VPWR, VGND, VPB, VNB);
      |        ^~~~~~~~~~~~~~~~~~~~~~~~~~~
                       /home/letienthanh/8bitalu/rtl/alu.v:26:8: ... Location of module with timescale
   26 | module alu8bit (
      |        ^~~~~~~
%Warning-TIMESCALEMOD: /home/letienthanh/8bitalu/runs/RUN_2026-08-05_20-29-08/tmp/6ff4194e3d0b44799e1a64181fb9117a.bb.v:1402:8: Timescale missing on this module as other modules have it (IEEE 1800-2023 3.14.2.3)
 1402 | module sky130_fd_sc_hd__conb_1(HI, LO, VPWR, VGND, VPB, VNB);
      |        ^~~~~~~~~~~~~~~~~~~~~~~
                       /home/letienthanh/8bitalu/rtl/alu.v:26:8: ... Location of module with timescale
   26 | module alu8bit (
      |        ^~~~~~~
%Warning-TIMESCALEMOD: /home/letienthanh/8bitalu/runs/RUN_2026-08-05_20-29-08/tmp/6ff4194e3d0b44799e1a64181fb9117a.bb.v:1411:8: Timescale missing on this module as other modules have it (IEEE 1800-2023 3.14.2.3)
 1411 | module sky130_fd_sc_hd__decap_12(VPWR, VGND, VPB, VNB);
      |        ^~~~~~~~~~~~~~~~~~~~~~~~~
                       /home/letienthanh/8bitalu/rtl/alu.v:26:8: ... Location of module with timescale
   26 | module alu8bit (
      |        ^~~~~~~
%Warning-TIMESCALEMOD: /home/letienthanh/8bitalu/runs/RUN_2026-08-05_20-29-08/tmp/6ff4194e3d0b44799e1a64181fb9117a.bb.v:1418:8: Timescale missing on this module as other modules have it (IEEE 1800-2023 3.14.2.3)
 1418 | module sky130_fd_sc_hd__decap_3(VPWR, VGND, VPB, VNB);
      |        ^~~~~~~~~~~~~~~~~~~~~~~~
                       /home/letienthanh/8bitalu/rtl/alu.v:26:8: ... Location of module with timescale
   26 | module alu8bit (
      |        ^~~~~~~
%Warning-TIMESCALEMOD: /home/letienthanh/8bitalu/runs/RUN_2026-08-05_20-29-08/tmp/6ff4194e3d0b44799e1a64181fb9117a.bb.v:1425:8: Timescale missing on this module as other modules have it (IEEE 1800-2023 3.14.2.3)
 1425 | module sky130_fd_sc_hd__decap_4(VPWR, VGND, VPB, VNB);
      |        ^~~~~~~~~~~~~~~~~~~~~~~~
                       /home/letienthanh/8bitalu/rtl/alu.v:26:8: ... Location of module with timescale
   26 | module alu8bit (
      |        ^~~~~~~
%Warning-TIMESCALEMOD: /home/letienthanh/8bitalu/runs/RUN_2026-08-05_20-29-08/tmp/6ff4194e3d0b44799e1a64181fb9117a.bb.v:1432:8: Timescale missing on this module as other modules have it (IEEE 1800-2023 3.14.2.3)
 1432 | module sky130_fd_sc_hd__decap_6(VPWR, VGND, VPB, VNB);
      |        ^~~~~~~~~~~~~~~~~~~~~~~~
                       /home/letienthanh/8bitalu/rtl/alu.v:26:8: ... Location of module with timescale
   26 | module alu8bit (
      |        ^~~~~~~
%Warning-TIMESCALEMOD: /home/letienthanh/8bitalu/runs/RUN_2026-08-05_20-29-08/tmp/6ff4194e3d0b44799e1a64181fb9117a.bb.v:1439:8: Timescale missing on this module as other modules have it (IEEE 1800-2023 3.14.2.3)
 1439 | module sky130_fd_sc_hd__decap_8(VPWR, VGND, VPB, VNB);
      |        ^~~~~~~~~~~~~~~~~~~~~~~~
                       /home/letienthanh/8bitalu/rtl/alu.v:26:8: ... Location of module with timescale
   26 | module alu8bit (
      |        ^~~~~~~
%Warning-TIMESCALEMOD: /home/letienthanh/8bitalu/runs/RUN_2026-08-05_20-29-08/tmp/6ff4194e3d0b44799e1a64181fb9117a.bb.v:1446:8: Timescale missing on this module as other modules have it (IEEE 1800-2023 3.14.2.3)
 1446 | module sky130_fd_sc_hd__dfbbn_1(Q, Q_N, D, CLK_N, SET_B, RESET_B, VPWR, VGND, VPB, VNB);
      |        ^~~~~~~~~~~~~~~~~~~~~~~~
                       /home/letienthanh/8bitalu/rtl/alu.v:26:8: ... Location of module with timescale
   26 | module alu8bit (
      |        ^~~~~~~
%Warning-TIMESCALEMOD: /home/letienthanh/8bitalu/runs/RUN_2026-08-05_20-29-08/tmp/6ff4194e3d0b44799e1a64181fb9117a.bb.v:1459:8: Timescale missing on this module as other modules have it (IEEE 1800-2023 3.14.2.3)
 1459 | module sky130_fd_sc_hd__dfbbn_2(Q, Q_N, D, CLK_N, SET_B, RESET_B, VPWR, VGND, VPB, VNB);
      |        ^~~~~~~~~~~~~~~~~~~~~~~~
                       /home/letienthanh/8bitalu/rtl/alu.v:26:8: ... Location of module with timescale
   26 | module alu8bit (
      |        ^~~~~~~
%Warning-TIMESCALEMOD: /home/letienthanh/8bitalu/runs/RUN_2026-08-05_20-29-08/tmp/6ff4194e3d0b44799e1a64181fb9117a.bb.v:1472:8: Timescale missing on this module as other modules have it (IEEE 1800-2023 3.14.2.3)
 1472 | module sky130_fd_sc_hd__dfbbp_1(Q, Q_N, D, CLK, SET_B, RESET_B, VPWR, VGND, VPB, VNB);
      |        ^~~~~~~~~~~~~~~~~~~~~~~~
                       /home/letienthanh/8bitalu/rtl/alu.v:26:8: ... Location of module with timescale
   26 | module alu8bit (
      |        ^~~~~~~
%Warning-TIMESCALEMOD: /home/letienthanh/8bitalu/runs/RUN_2026-08-05_20-29-08/tmp/6ff4194e3d0b44799e1a64181fb9117a.bb.v:1485:8: Timescale missing on this module as other modules have it (IEEE 1800-2023 3.14.2.3)
 1485 | module sky130_fd_sc_hd__dfrbp_1(Q, Q_N, CLK, D, RESET_B, VPWR, VGND, VPB, VNB);
      |        ^~~~~~~~~~~~~~~~~~~~~~~~
                       /home/letienthanh/8bitalu/rtl/alu.v:26:8: ... Location of module with timescale
   26 | module alu8bit (
      |        ^~~~~~~
%Warning-TIMESCALEMOD: /home/letienthanh/8bitalu/runs/RUN_2026-08-05_20-29-08/tmp/6ff4194e3d0b44799e1a64181fb9117a.bb.v:1497:8: Timescale missing on this module as other modules have it (IEEE 1800-2023 3.14.2.3)
 1497 | module sky130_fd_sc_hd__dfrbp_2(Q, Q_N, CLK, D, RESET_B, VPWR, VGND, VPB, VNB);
      |        ^~~~~~~~~~~~~~~~~~~~~~~~
                       /home/letienthanh/8bitalu/rtl/alu.v:26:8: ... Location of module with timescale
   26 | module alu8bit (
      |        ^~~~~~~
%Warning-TIMESCALEMOD: /home/letienthanh/8bitalu/runs/RUN_2026-08-05_20-29-08/tmp/6ff4194e3d0b44799e1a64181fb9117a.bb.v:1509:8: Timescale missing on this module as other modules have it (IEEE 1800-2023 3.14.2.3)
 1509 | module sky130_fd_sc_hd__dfrtn_1(Q, CLK_N, D, RESET_B, VPWR, VGND, VPB, VNB);
      |        ^~~~~~~~~~~~~~~~~~~~~~~~
                       /home/letienthanh/8bitalu/rtl/alu.v:26:8: ... Location of module with timescale
   26 | module alu8bit (
      |        ^~~~~~~
%Warning-TIMESCALEMOD: /home/letienthanh/8bitalu/runs/RUN_2026-08-05_20-29-08/tmp/6ff4194e3d0b44799e1a64181fb9117a.bb.v:1520:8: Timescale missing on this module as other modules have it (IEEE 1800-2023 3.14.2.3)
 1520 | module sky130_fd_sc_hd__dfrtp_1(Q, CLK, D, RESET_B, VPWR, VGND, VPB, VNB);
      |        ^~~~~~~~~~~~~~~~~~~~~~~~
                       /home/letienthanh/8bitalu/rtl/alu.v:26:8: ... Location of module with timescale
   26 | module alu8bit (
      |        ^~~~~~~
%Warning-TIMESCALEMOD: /home/letienthanh/8bitalu/runs/RUN_2026-08-05_20-29-08/tmp/6ff4194e3d0b44799e1a64181fb9117a.bb.v:1531:8: Timescale missing on this module as other modules have it (IEEE 1800-2023 3.14.2.3)
 1531 | module sky130_fd_sc_hd__dfrtp_2(Q, CLK, D, RESET_B, VPWR, VGND, VPB, VNB);
      |        ^~~~~~~~~~~~~~~~~~~~~~~~
                       /home/letienthanh/8bitalu/rtl/alu.v:26:8: ... Location of module with timescale
   26 | module alu8bit (
      |        ^~~~~~~
%Warning-TIMESCALEMOD: /home/letienthanh/8bitalu/runs/RUN_2026-08-05_20-29-08/tmp/6ff4194e3d0b44799e1a64181fb9117a.bb.v:1542:8: Timescale missing on this module as other modules have it (IEEE 1800-2023 3.14.2.3)
 1542 | module sky130_fd_sc_hd__dfrtp_4(Q, CLK, D, RESET_B, VPWR, VGND, VPB, VNB);
      |        ^~~~~~~~~~~~~~~~~~~~~~~~
                       /home/letienthanh/8bitalu/rtl/alu.v:26:8: ... Location of module with timescale
   26 | module alu8bit (
      |        ^~~~~~~
%Warning-TIMESCALEMOD: /home/letienthanh/8bitalu/runs/RUN_2026-08-05_20-29-08/tmp/6ff4194e3d0b44799e1a64181fb9117a.bb.v:1553:8: Timescale missing on this module as other modules have it (IEEE 1800-2023 3.14.2.3)
 1553 | module sky130_fd_sc_hd__dfsbp_1(Q, Q_N, CLK, D, SET_B, VPWR, VGND, VPB, VNB);
      |        ^~~~~~~~~~~~~~~~~~~~~~~~
                       /home/letienthanh/8bitalu/rtl/alu.v:26:8: ... Location of module with timescale
   26 | module alu8bit (
      |        ^~~~~~~
%Warning-TIMESCALEMOD: /home/letienthanh/8bitalu/runs/RUN_2026-08-05_20-29-08/tmp/6ff4194e3d0b44799e1a64181fb9117a.bb.v:1565:8: Timescale missing on this module as other modules have it (IEEE 1800-2023 3.14.2.3)
 1565 | module sky130_fd_sc_hd__dfsbp_2(Q, Q_N, CLK, D, SET_B, VPWR, VGND, VPB, VNB);
      |        ^~~~~~~~~~~~~~~~~~~~~~~~
                       /home/letienthanh/8bitalu/rtl/alu.v:26:8: ... Location of module with timescale
   26 | module alu8bit (
      |        ^~~~~~~
%Warning-TIMESCALEMOD: /home/letienthanh/8bitalu/runs/RUN_2026-08-05_20-29-08/tmp/6ff4194e3d0b44799e1a64181fb9117a.bb.v:1577:8: Timescale missing on this module as other modules have it (IEEE 1800-2023 3.14.2.3)
 1577 | module sky130_fd_sc_hd__dfstp_1(Q, CLK, D, SET_B, VPWR, VGND, VPB, VNB);
      |        ^~~~~~~~~~~~~~~~~~~~~~~~
                       /home/letienthanh/8bitalu/rtl/alu.v:26:8: ... Location of module with timescale
   26 | module alu8bit (
      |        ^~~~~~~
%Warning-TIMESCALEMOD: /home/letienthanh/8bitalu/runs/RUN_2026-08-05_20-29-08/tmp/6ff4194e3d0b44799e1a64181fb9117a.bb.v:1588:8: Timescale missing on this module as other modules have it (IEEE 1800-2023 3.14.2.3)
 1588 | module sky130_fd_sc_hd__dfstp_2(Q, CLK, D, SET_B, VPWR, VGND, VPB, VNB);
      |        ^~~~~~~~~~~~~~~~~~~~~~~~
                       /home/letienthanh/8bitalu/rtl/alu.v:26:8: ... Location of module with timescale
   26 | module alu8bit (
      |        ^~~~~~~
%Warning-TIMESCALEMOD: /home/letienthanh/8bitalu/runs/RUN_2026-08-05_20-29-08/tmp/6ff4194e3d0b44799e1a64181fb9117a.bb.v:1599:8: Timescale missing on this module as other modules have it (IEEE 1800-2023 3.14.2.3)
 1599 | module sky130_fd_sc_hd__dfstp_4(Q, CLK, D, SET_B, VPWR, VGND, VPB, VNB);
      |        ^~~~~~~~~~~~~~~~~~~~~~~~
                       /home/letienthanh/8bitalu/rtl/alu.v:26:8: ... Location of module with timescale
   26 | module alu8bit (
      |        ^~~~~~~
%Warning-TIMESCALEMOD: /home/letienthanh/8bitalu/runs/RUN_2026-08-05_20-29-08/tmp/6ff4194e3d0b44799e1a64181fb9117a.bb.v:1610:8: Timescale missing on this module as other modules have it (IEEE 1800-2023 3.14.2.3)
 1610 | module sky130_fd_sc_hd__dfxbp_1(Q, Q_N, CLK, D, VPWR, VGND, VPB, VNB);
      |        ^~~~~~~~~~~~~~~~~~~~~~~~
                       /home/letienthanh/8bitalu/rtl/alu.v:26:8: ... Location of module with timescale
   26 | module alu8bit (
      |        ^~~~~~~
%Warning-TIMESCALEMOD: /home/letienthanh/8bitalu/runs/RUN_2026-08-05_20-29-08/tmp/6ff4194e3d0b44799e1a64181fb9117a.bb.v:1621:8: Timescale missing on this module as other modules have it (IEEE 1800-2023 3.14.2.3)
 1621 | module sky130_fd_sc_hd__dfxbp_2(Q, Q_N, CLK, D, VPWR, VGND, VPB, VNB);
      |        ^~~~~~~~~~~~~~~~~~~~~~~~
                       /home/letienthanh/8bitalu/rtl/alu.v:26:8: ... Location of module with timescale
   26 | module alu8bit (
      |        ^~~~~~~
%Warning-TIMESCALEMOD: /home/letienthanh/8bitalu/runs/RUN_2026-08-05_20-29-08/tmp/6ff4194e3d0b44799e1a64181fb9117a.bb.v:1632:8: Timescale missing on this module as other modules have it (IEEE 1800-2023 3.14.2.3)
 1632 | module sky130_fd_sc_hd__dfxtp_1(Q, CLK, D, VPWR, VGND, VPB, VNB);
      |        ^~~~~~~~~~~~~~~~~~~~~~~~
                       /home/letienthanh/8bitalu/rtl/alu.v:26:8: ... Location of module with timescale
   26 | module alu8bit (
      |        ^~~~~~~
%Warning-TIMESCALEMOD: /home/letienthanh/8bitalu/runs/RUN_2026-08-05_20-29-08/tmp/6ff4194e3d0b44799e1a64181fb9117a.bb.v:1642:8: Timescale missing on this module as other modules have it (IEEE 1800-2023 3.14.2.3)
 1642 | module sky130_fd_sc_hd__dfxtp_2(Q, CLK, D, VPWR, VGND, VPB, VNB);
      |        ^~~~~~~~~~~~~~~~~~~~~~~~
                       /home/letienthanh/8bitalu/rtl/alu.v:26:8: ... Location of module with timescale
   26 | module alu8bit (
      |        ^~~~~~~
%Warning-TIMESCALEMOD: /home/letienthanh/8bitalu/runs/RUN_2026-08-05_20-29-08/tmp/6ff4194e3d0b44799e1a64181fb9117a.bb.v:1652:8: Timescale missing on this module as other modules have it (IEEE 1800-2023 3.14.2.3)
 1652 | module sky130_fd_sc_hd__dfxtp_4(Q, CLK, D, VPWR, VGND, VPB, VNB);
      |        ^~~~~~~~~~~~~~~~~~~~~~~~
                       /home/letienthanh/8bitalu/rtl/alu.v:26:8: ... Location of module with timescale
   26 | module alu8bit (
      |        ^~~~~~~
%Warning-TIMESCALEMOD: /home/letienthanh/8bitalu/runs/RUN_2026-08-05_20-29-08/tmp/6ff4194e3d0b44799e1a64181fb9117a.bb.v:1662:8: Timescale missing on this module as other modules have it (IEEE 1800-2023 3.14.2.3)
 1662 | module sky130_fd_sc_hd__diode_2(DIODE, VPWR, VGND, VPB, VNB);
      |        ^~~~~~~~~~~~~~~~~~~~~~~~
                       /home/letienthanh/8bitalu/rtl/alu.v:26:8: ... Location of module with timescale
   26 | module alu8bit (
      |        ^~~~~~~
%Warning-TIMESCALEMOD: /home/letienthanh/8bitalu/runs/RUN_2026-08-05_20-29-08/tmp/6ff4194e3d0b44799e1a64181fb9117a.bb.v:1670:8: Timescale missing on this module as other modules have it (IEEE 1800-2023 3.14.2.3)
 1670 | module sky130_fd_sc_hd__dlclkp_1(GCLK, GATE, CLK, VPWR, VGND, VPB, VNB);
      |        ^~~~~~~~~~~~~~~~~~~~~~~~~
                       /home/letienthanh/8bitalu/rtl/alu.v:26:8: ... Location of module with timescale
   26 | module alu8bit (
      |        ^~~~~~~
%Warning-TIMESCALEMOD: /home/letienthanh/8bitalu/runs/RUN_2026-08-05_20-29-08/tmp/6ff4194e3d0b44799e1a64181fb9117a.bb.v:1680:8: Timescale missing on this module as other modules have it (IEEE 1800-2023 3.14.2.3)
 1680 | module sky130_fd_sc_hd__dlclkp_2(GCLK, GATE, CLK, VPWR, VGND, VPB, VNB);
      |        ^~~~~~~~~~~~~~~~~~~~~~~~~
                       /home/letienthanh/8bitalu/rtl/alu.v:26:8: ... Location of module with timescale
   26 | module alu8bit (
      |        ^~~~~~~
%Warning-TIMESCALEMOD: /home/letienthanh/8bitalu/runs/RUN_2026-08-05_20-29-08/tmp/6ff4194e3d0b44799e1a64181fb9117a.bb.v:1690:8: Timescale missing on this module as other modules have it (IEEE 1800-2023 3.14.2.3)
 1690 | module sky130_fd_sc_hd__dlclkp_4(GCLK, GATE, CLK, VPWR, VGND, VPB, VNB);
      |        ^~~~~~~~~~~~~~~~~~~~~~~~~
                       /home/letienthanh/8bitalu/rtl/alu.v:26:8: ... Location of module with timescale
   26 | module alu8bit (
      |        ^~~~~~~
%Warning-TIMESCALEMOD: /home/letienthanh/8bitalu/runs/RUN_2026-08-05_20-29-08/tmp/6ff4194e3d0b44799e1a64181fb9117a.bb.v:1700:8: Timescale missing on this module as other modules have it (IEEE 1800-2023 3.14.2.3)
 1700 | module sky130_fd_sc_hd__dlrbn_1(Q, Q_N, RESET_B, D, GATE_N, VPWR, VGND, VPB, VNB);
      |        ^~~~~~~~~~~~~~~~~~~~~~~~
                       /home/letienthanh/8bitalu/rtl/alu.v:26:8: ... Location of module with timescale
   26 | module alu8bit (
      |        ^~~~~~~
%Warning-TIMESCALEMOD: /home/letienthanh/8bitalu/runs/RUN_2026-08-05_20-29-08/tmp/6ff4194e3d0b44799e1a64181fb9117a.bb.v:1712:8: Timescale missing on this module as other modules have it (IEEE 1800-2023 3.14.2.3)
 1712 | module sky130_fd_sc_hd__dlrbn_2(Q, Q_N, RESET_B, D, GATE_N, VPWR, VGND, VPB, VNB);
      |        ^~~~~~~~~~~~~~~~~~~~~~~~
                       /home/letienthanh/8bitalu/rtl/alu.v:26:8: ... Location of module with timescale
   26 | module alu8bit (
      |        ^~~~~~~
%Warning-TIMESCALEMOD: /home/letienthanh/8bitalu/runs/RUN_2026-08-05_20-29-08/tmp/6ff4194e3d0b44799e1a64181fb9117a.bb.v:1724:8: Timescale missing on this module as other modules have it (IEEE 1800-2023 3.14.2.3)
 1724 | module sky130_fd_sc_hd__dlrbp_1(Q, Q_N, RESET_B, D, GATE, VPWR, VGND, VPB, VNB);
      |        ^~~~~~~~~~~~~~~~~~~~~~~~
                       /home/letienthanh/8bitalu/rtl/alu.v:26:8: ... Location of module with timescale
   26 | module alu8bit (
      |        ^~~~~~~
%Warning-TIMESCALEMOD: /home/letienthanh/8bitalu/runs/RUN_2026-08-05_20-29-08/tmp/6ff4194e3d0b44799e1a64181fb9117a.bb.v:1736:8: Timescale missing on this module as other modules have it (IEEE 1800-2023 3.14.2.3)
 1736 | module sky130_fd_sc_hd__dlrbp_2(Q, Q_N, RESET_B, D, GATE, VPWR, VGND, VPB, VNB);
      |        ^~~~~~~~~~~~~~~~~~~~~~~~
                       /home/letienthanh/8bitalu/rtl/alu.v:26:8: ... Location of module with timescale
   26 | module alu8bit (
      |        ^~~~~~~
%Warning-TIMESCALEMOD: /home/letienthanh/8bitalu/runs/RUN_2026-08-05_20-29-08/tmp/6ff4194e3d0b44799e1a64181fb9117a.bb.v:1748:8: Timescale missing on this module as other modules have it (IEEE 1800-2023 3.14.2.3)
 1748 | module sky130_fd_sc_hd__dlrtn_1(Q, RESET_B, D, GATE_N, VPWR, VGND, VPB, VNB);
      |        ^~~~~~~~~~~~~~~~~~~~~~~~
                       /home/letienthanh/8bitalu/rtl/alu.v:26:8: ... Location of module with timescale
   26 | module alu8bit (
      |        ^~~~~~~
%Warning-TIMESCALEMOD: /home/letienthanh/8bitalu/runs/RUN_2026-08-05_20-29-08/tmp/6ff4194e3d0b44799e1a64181fb9117a.bb.v:1759:8: Timescale missing on this module as other modules have it (IEEE 1800-2023 3.14.2.3)
 1759 | module sky130_fd_sc_hd__dlrtn_2(Q, RESET_B, D, GATE_N, VPWR, VGND, VPB, VNB);
      |        ^~~~~~~~~~~~~~~~~~~~~~~~
                       /home/letienthanh/8bitalu/rtl/alu.v:26:8: ... Location of module with timescale
   26 | module alu8bit (
      |        ^~~~~~~
%Warning-TIMESCALEMOD: /home/letienthanh/8bitalu/runs/RUN_2026-08-05_20-29-08/tmp/6ff4194e3d0b44799e1a64181fb9117a.bb.v:1770:8: Timescale missing on this module as other modules have it (IEEE 1800-2023 3.14.2.3)
 1770 | module sky130_fd_sc_hd__dlrtn_4(Q, RESET_B, D, GATE_N, VPWR, VGND, VPB, VNB);
      |        ^~~~~~~~~~~~~~~~~~~~~~~~
                       /home/letienthanh/8bitalu/rtl/alu.v:26:8: ... Location of module with timescale
   26 | module alu8bit (
      |        ^~~~~~~
%Warning-TIMESCALEMOD: /home/letienthanh/8bitalu/runs/RUN_2026-08-05_20-29-08/tmp/6ff4194e3d0b44799e1a64181fb9117a.bb.v:1781:8: Timescale missing on this module as other modules have it (IEEE 1800-2023 3.14.2.3)
 1781 | module sky130_fd_sc_hd__dlrtp_1(Q, RESET_B, D, GATE, VPWR, VGND, VPB, VNB);
      |        ^~~~~~~~~~~~~~~~~~~~~~~~
                       /home/letienthanh/8bitalu/rtl/alu.v:26:8: ... Location of module with timescale
   26 | module alu8bit (
      |        ^~~~~~~
%Warning-TIMESCALEMOD: /home/letienthanh/8bitalu/runs/RUN_2026-08-05_20-29-08/tmp/6ff4194e3d0b44799e1a64181fb9117a.bb.v:1792:8: Timescale missing on this module as other modules have it (IEEE 1800-2023 3.14.2.3)
 1792 | module sky130_fd_sc_hd__dlrtp_2(Q, RESET_B, D, GATE, VPWR, VGND, VPB, VNB);
      |        ^~~~~~~~~~~~~~~~~~~~~~~~
                       /home/letienthanh/8bitalu/rtl/alu.v:26:8: ... Location of module with timescale
   26 | module alu8bit (
      |        ^~~~~~~
%Warning-TIMESCALEMOD: /home/letienthanh/8bitalu/runs/RUN_2026-08-05_20-29-08/tmp/6ff4194e3d0b44799e1a64181fb9117a.bb.v:1803:8: Timescale missing on this module as other modules have it (IEEE 1800-2023 3.14.2.3)
 1803 | module sky130_fd_sc_hd__dlrtp_4(Q, RESET_B, D, GATE, VPWR, VGND, VPB, VNB);
      |        ^~~~~~~~~~~~~~~~~~~~~~~~
                       /home/letienthanh/8bitalu/rtl/alu.v:26:8: ... Location of module with timescale
   26 | module alu8bit (
      |        ^~~~~~~
%Warning-TIMESCALEMOD: /home/letienthanh/8bitalu/runs/RUN_2026-08-05_20-29-08/tmp/6ff4194e3d0b44799e1a64181fb9117a.bb.v:1814:8: Timescale missing on this module as other modules have it (IEEE 1800-2023 3.14.2.3)
 1814 | module sky130_fd_sc_hd__dlxbn_1(Q, Q_N, D, GATE_N, VPWR, VGND, VPB, VNB);
      |        ^~~~~~~~~~~~~~~~~~~~~~~~
                       /home/letienthanh/8bitalu/rtl/alu.v:26:8: ... Location of module with timescale
   26 | module alu8bit (
      |        ^~~~~~~
%Warning-TIMESCALEMOD: /home/letienthanh/8bitalu/runs/RUN_2026-08-05_20-29-08/tmp/6ff4194e3d0b44799e1a64181fb9117a.bb.v:1825:8: Timescale missing on this module as other modules have it (IEEE 1800-2023 3.14.2.3)
 1825 | module sky130_fd_sc_hd__dlxbn_2(Q, Q_N, D, GATE_N, VPWR, VGND, VPB, VNB);
      |        ^~~~~~~~~~~~~~~~~~~~~~~~
                       /home/letienthanh/8bitalu/rtl/alu.v:26:8: ... Location of module with timescale
   26 | module alu8bit (
      |        ^~~~~~~
%Warning-TIMESCALEMOD: /home/letienthanh/8bitalu/runs/RUN_2026-08-05_20-29-08/tmp/6ff4194e3d0b44799e1a64181fb9117a.bb.v:1836:8: Timescale missing on this module as other modules have it (IEEE 1800-2023 3.14.2.3)
 1836 | module sky130_fd_sc_hd__dlxbp_1(Q, Q_N, D, GATE, VPWR, VGND, VPB, VNB);
      |        ^~~~~~~~~~~~~~~~~~~~~~~~
                       /home/letienthanh/8bitalu/rtl/alu.v:26:8: ... Location of module with timescale
   26 | module alu8bit (
      |        ^~~~~~~
%Warning-TIMESCALEMOD: /home/letienthanh/8bitalu/runs/RUN_2026-08-05_20-29-08/tmp/6ff4194e3d0b44799e1a64181fb9117a.bb.v:1847:8: Timescale missing on this module as other modules have it (IEEE 1800-2023 3.14.2.3)
 1847 | module sky130_fd_sc_hd__dlxtn_1(Q, D, GATE_N, VPWR, VGND, VPB, VNB);
      |        ^~~~~~~~~~~~~~~~~~~~~~~~
                       /home/letienthanh/8bitalu/rtl/alu.v:26:8: ... Location of module with timescale
   26 | module alu8bit (
      |        ^~~~~~~
%Warning-TIMESCALEMOD: /home/letienthanh/8bitalu/runs/RUN_2026-08-05_20-29-08/tmp/6ff4194e3d0b44799e1a64181fb9117a.bb.v:1857:8: Timescale missing on this module as other modules have it (IEEE 1800-2023 3.14.2.3)
 1857 | module sky130_fd_sc_hd__dlxtn_2(Q, D, GATE_N, VPWR, VGND, VPB, VNB);
      |        ^~~~~~~~~~~~~~~~~~~~~~~~
                       /home/letienthanh/8bitalu/rtl/alu.v:26:8: ... Location of module with timescale
   26 | module alu8bit (
      |        ^~~~~~~
%Warning-TIMESCALEMOD: /home/letienthanh/8bitalu/runs/RUN_2026-08-05_20-29-08/tmp/6ff4194e3d0b44799e1a64181fb9117a.bb.v:1867:8: Timescale missing on this module as other modules have it (IEEE 1800-2023 3.14.2.3)
 1867 | module sky130_fd_sc_hd__dlxtn_4(Q, D, GATE_N, VPWR, VGND, VPB, VNB);
      |        ^~~~~~~~~~~~~~~~~~~~~~~~
                       /home/letienthanh/8bitalu/rtl/alu.v:26:8: ... Location of module with timescale
   26 | module alu8bit (
      |        ^~~~~~~
%Warning-TIMESCALEMOD: /home/letienthanh/8bitalu/runs/RUN_2026-08-05_20-29-08/tmp/6ff4194e3d0b44799e1a64181fb9117a.bb.v:1877:8: Timescale missing on this module as other modules have it (IEEE 1800-2023 3.14.2.3)
 1877 | module sky130_fd_sc_hd__dlxtp_1(Q, D, GATE, VPWR, VGND, VPB, VNB);
      |        ^~~~~~~~~~~~~~~~~~~~~~~~
                       /home/letienthanh/8bitalu/rtl/alu.v:26:8: ... Location of module with timescale
   26 | module alu8bit (
      |        ^~~~~~~
%Warning-TIMESCALEMOD: /home/letienthanh/8bitalu/runs/RUN_2026-08-05_20-29-08/tmp/6ff4194e3d0b44799e1a64181fb9117a.bb.v:1887:8: Timescale missing on this module as other modules have it (IEEE 1800-2023 3.14.2.3)
 1887 | module sky130_fd_sc_hd__dlygate4sd1_1(X, A, VPWR, VGND, VPB, VNB);
      |        ^~~~~~~~~~~~~~~~~~~~~~~~~~~~~~
                       /home/letienthanh/8bitalu/rtl/alu.v:26:8: ... Location of module with timescale
   26 | module alu8bit (
      |        ^~~~~~~
%Warning-TIMESCALEMOD: /home/letienthanh/8bitalu/runs/RUN_2026-08-05_20-29-08/tmp/6ff4194e3d0b44799e1a64181fb9117a.bb.v:1896:8: Timescale missing on this module as other modules have it (IEEE 1800-2023 3.14.2.3)
 1896 | module sky130_fd_sc_hd__dlygate4sd2_1(X, A, VPWR, VGND, VPB, VNB);
      |        ^~~~~~~~~~~~~~~~~~~~~~~~~~~~~~
                       /home/letienthanh/8bitalu/rtl/alu.v:26:8: ... Location of module with timescale
   26 | module alu8bit (
      |        ^~~~~~~
%Warning-TIMESCALEMOD: /home/letienthanh/8bitalu/runs/RUN_2026-08-05_20-29-08/tmp/6ff4194e3d0b44799e1a64181fb9117a.bb.v:1905:8: Timescale missing on this module as other modules have it (IEEE 1800-2023 3.14.2.3)
 1905 | module sky130_fd_sc_hd__dlygate4sd3_1(X, A, VPWR, VGND, VPB, VNB);
      |        ^~~~~~~~~~~~~~~~~~~~~~~~~~~~~~
                       /home/letienthanh/8bitalu/rtl/alu.v:26:8: ... Location of module with timescale
   26 | module alu8bit (
      |        ^~~~~~~
%Warning-TIMESCALEMOD: /home/letienthanh/8bitalu/runs/RUN_2026-08-05_20-29-08/tmp/6ff4194e3d0b44799e1a64181fb9117a.bb.v:1914:8: Timescale missing on this module as other modules have it (IEEE 1800-2023 3.14.2.3)
 1914 | module sky130_fd_sc_hd__dlymetal6s2s_1(X, A, VPWR, VGND, VPB, VNB);
      |        ^~~~~~~~~~~~~~~~~~~~~~~~~~~~~~~
                       /home/letienthanh/8bitalu/rtl/alu.v:26:8: ... Location of module with timescale
   26 | module alu8bit (
      |        ^~~~~~~
%Warning-TIMESCALEMOD: /home/letienthanh/8bitalu/runs/RUN_2026-08-05_20-29-08/tmp/6ff4194e3d0b44799e1a64181fb9117a.bb.v:1923:8: Timescale missing on this module as other modules have it (IEEE 1800-2023 3.14.2.3)
 1923 | module sky130_fd_sc_hd__dlymetal6s4s_1(X, A, VPWR, VGND, VPB, VNB);
      |        ^~~~~~~~~~~~~~~~~~~~~~~~~~~~~~~
                       /home/letienthanh/8bitalu/rtl/alu.v:26:8: ... Location of module with timescale
   26 | module alu8bit (
      |        ^~~~~~~
%Warning-TIMESCALEMOD: /home/letienthanh/8bitalu/runs/RUN_2026-08-05_20-29-08/tmp/6ff4194e3d0b44799e1a64181fb9117a.bb.v:1932:8: Timescale missing on this module as other modules have it (IEEE 1800-2023 3.14.2.3)
 1932 | module sky130_fd_sc_hd__dlymetal6s6s_1(X, A, VPWR, VGND, VPB, VNB);
      |        ^~~~~~~~~~~~~~~~~~~~~~~~~~~~~~~
                       /home/letienthanh/8bitalu/rtl/alu.v:26:8: ... Location of module with timescale
   26 | module alu8bit (
      |        ^~~~~~~
%Warning-TIMESCALEMOD: /home/letienthanh/8bitalu/runs/RUN_2026-08-05_20-29-08/tmp/6ff4194e3d0b44799e1a64181fb9117a.bb.v:1941:8: Timescale missing on this module as other modules have it (IEEE 1800-2023 3.14.2.3)
 1941 | module sky130_fd_sc_hd__ebufn_1(Z, A, TE_B, VPWR, VGND, VPB, VNB);
      |        ^~~~~~~~~~~~~~~~~~~~~~~~
                       /home/letienthanh/8bitalu/rtl/alu.v:26:8: ... Location of module with timescale
   26 | module alu8bit (
      |        ^~~~~~~
%Warning-TIMESCALEMOD: /home/letienthanh/8bitalu/runs/RUN_2026-08-05_20-29-08/tmp/6ff4194e3d0b44799e1a64181fb9117a.bb.v:1951:8: Timescale missing on this module as other modules have it (IEEE 1800-2023 3.14.2.3)
 1951 | module sky130_fd_sc_hd__ebufn_2(Z, A, TE_B, VPWR, VGND, VPB, VNB);
      |        ^~~~~~~~~~~~~~~~~~~~~~~~
                       /home/letienthanh/8bitalu/rtl/alu.v:26:8: ... Location of module with timescale
   26 | module alu8bit (
      |        ^~~~~~~
%Warning-TIMESCALEMOD: /home/letienthanh/8bitalu/runs/RUN_2026-08-05_20-29-08/tmp/6ff4194e3d0b44799e1a64181fb9117a.bb.v:1961:8: Timescale missing on this module as other modules have it (IEEE 1800-2023 3.14.2.3)
 1961 | module sky130_fd_sc_hd__ebufn_4(Z, A, TE_B, VPWR, VGND, VPB, VNB);
      |        ^~~~~~~~~~~~~~~~~~~~~~~~
                       /home/letienthanh/8bitalu/rtl/alu.v:26:8: ... Location of module with timescale
   26 | module alu8bit (
      |        ^~~~~~~
%Warning-TIMESCALEMOD: /home/letienthanh/8bitalu/runs/RUN_2026-08-05_20-29-08/tmp/6ff4194e3d0b44799e1a64181fb9117a.bb.v:1971:8: Timescale missing on this module as other modules have it (IEEE 1800-2023 3.14.2.3)
 1971 | module sky130_fd_sc_hd__ebufn_8(Z, A, TE_B, VPWR, VGND, VPB, VNB);
      |        ^~~~~~~~~~~~~~~~~~~~~~~~
                       /home/letienthanh/8bitalu/rtl/alu.v:26:8: ... Location of module with timescale
   26 | module alu8bit (
      |        ^~~~~~~
%Warning-TIMESCALEMOD: /home/letienthanh/8bitalu/runs/RUN_2026-08-05_20-29-08/tmp/6ff4194e3d0b44799e1a64181fb9117a.bb.v:1981:8: Timescale missing on this module as other modules have it (IEEE 1800-2023 3.14.2.3)
 1981 | module sky130_fd_sc_hd__edfxbp_1(Q, Q_N, CLK, D, DE, VPWR, VGND, VPB, VNB);
      |        ^~~~~~~~~~~~~~~~~~~~~~~~~
                       /home/letienthanh/8bitalu/rtl/alu.v:26:8: ... Location of module with timescale
   26 | module alu8bit (
      |        ^~~~~~~
%Warning-TIMESCALEMOD: /home/letienthanh/8bitalu/runs/RUN_2026-08-05_20-29-08/tmp/6ff4194e3d0b44799e1a64181fb9117a.bb.v:1993:8: Timescale missing on this module as other modules have it (IEEE 1800-2023 3.14.2.3)
 1993 | module sky130_fd_sc_hd__edfxtp_1(Q, CLK, D, DE, VPWR, VGND, VPB, VNB);
      |        ^~~~~~~~~~~~~~~~~~~~~~~~~
                       /home/letienthanh/8bitalu/rtl/alu.v:26:8: ... Location of module with timescale
   26 | module alu8bit (
      |        ^~~~~~~
%Warning-TIMESCALEMOD: /home/letienthanh/8bitalu/runs/RUN_2026-08-05_20-29-08/tmp/6ff4194e3d0b44799e1a64181fb9117a.bb.v:2004:8: Timescale missing on this module as other modules have it (IEEE 1800-2023 3.14.2.3)
 2004 | module sky130_fd_sc_hd__einvn_0(Z, A, TE_B, VPWR, VGND, VPB, VNB);
      |        ^~~~~~~~~~~~~~~~~~~~~~~~
                       /home/letienthanh/8bitalu/rtl/alu.v:26:8: ... Location of module with timescale
   26 | module alu8bit (
      |        ^~~~~~~
%Warning-TIMESCALEMOD: /home/letienthanh/8bitalu/runs/RUN_2026-08-05_20-29-08/tmp/6ff4194e3d0b44799e1a64181fb9117a.bb.v:2014:8: Timescale missing on this module as other modules have it (IEEE 1800-2023 3.14.2.3)
 2014 | module sky130_fd_sc_hd__einvn_1(Z, A, TE_B, VPWR, VGND, VPB, VNB);
      |        ^~~~~~~~~~~~~~~~~~~~~~~~
                       /home/letienthanh/8bitalu/rtl/alu.v:26:8: ... Location of module with timescale
   26 | module alu8bit (
      |        ^~~~~~~
%Warning-TIMESCALEMOD: /home/letienthanh/8bitalu/runs/RUN_2026-08-05_20-29-08/tmp/6ff4194e3d0b44799e1a64181fb9117a.bb.v:2024:8: Timescale missing on this module as other modules have it (IEEE 1800-2023 3.14.2.3)
 2024 | module sky130_fd_sc_hd__einvn_2(Z, A, TE_B, VPWR, VGND, VPB, VNB);
      |        ^~~~~~~~~~~~~~~~~~~~~~~~
                       /home/letienthanh/8bitalu/rtl/alu.v:26:8: ... Location of module with timescale
   26 | module alu8bit (
      |        ^~~~~~~
%Warning-TIMESCALEMOD: /home/letienthanh/8bitalu/runs/RUN_2026-08-05_20-29-08/tmp/6ff4194e3d0b44799e1a64181fb9117a.bb.v:2034:8: Timescale missing on this module as other modules have it (IEEE 1800-2023 3.14.2.3)
 2034 | module sky130_fd_sc_hd__einvn_4(Z, A, TE_B, VPWR, VGND, VPB, VNB);
      |        ^~~~~~~~~~~~~~~~~~~~~~~~
                       /home/letienthanh/8bitalu/rtl/alu.v:26:8: ... Location of module with timescale
   26 | module alu8bit (
      |        ^~~~~~~
%Warning-TIMESCALEMOD: /home/letienthanh/8bitalu/runs/RUN_2026-08-05_20-29-08/tmp/6ff4194e3d0b44799e1a64181fb9117a.bb.v:2044:8: Timescale missing on this module as other modules have it (IEEE 1800-2023 3.14.2.3)
 2044 | module sky130_fd_sc_hd__einvn_8(Z, A, TE_B, VPWR, VGND, VPB, VNB);
      |        ^~~~~~~~~~~~~~~~~~~~~~~~
                       /home/letienthanh/8bitalu/rtl/alu.v:26:8: ... Location of module with timescale
   26 | module alu8bit (
      |        ^~~~~~~
%Warning-TIMESCALEMOD: /home/letienthanh/8bitalu/runs/RUN_2026-08-05_20-29-08/tmp/6ff4194e3d0b44799e1a64181fb9117a.bb.v:2054:8: Timescale missing on this module as other modules have it (IEEE 1800-2023 3.14.2.3)
 2054 | module sky130_fd_sc_hd__einvp_1(Z, A, TE, VPWR, VGND, VPB, VNB);
      |        ^~~~~~~~~~~~~~~~~~~~~~~~
                       /home/letienthanh/8bitalu/rtl/alu.v:26:8: ... Location of module with timescale
   26 | module alu8bit (
      |        ^~~~~~~
%Warning-TIMESCALEMOD: /home/letienthanh/8bitalu/runs/RUN_2026-08-05_20-29-08/tmp/6ff4194e3d0b44799e1a64181fb9117a.bb.v:2064:8: Timescale missing on this module as other modules have it (IEEE 1800-2023 3.14.2.3)
 2064 | module sky130_fd_sc_hd__einvp_2(Z, A, TE, VPWR, VGND, VPB, VNB);
      |        ^~~~~~~~~~~~~~~~~~~~~~~~
                       /home/letienthanh/8bitalu/rtl/alu.v:26:8: ... Location of module with timescale
   26 | module alu8bit (
      |        ^~~~~~~
%Warning-TIMESCALEMOD: /home/letienthanh/8bitalu/runs/RUN_2026-08-05_20-29-08/tmp/6ff4194e3d0b44799e1a64181fb9117a.bb.v:2074:8: Timescale missing on this module as other modules have it (IEEE 1800-2023 3.14.2.3)
 2074 | module sky130_fd_sc_hd__einvp_4(Z, A, TE, VPWR, VGND, VPB, VNB);
      |        ^~~~~~~~~~~~~~~~~~~~~~~~
                       /home/letienthanh/8bitalu/rtl/alu.v:26:8: ... Location of module with timescale
   26 | module alu8bit (
      |        ^~~~~~~
%Warning-TIMESCALEMOD: /home/letienthanh/8bitalu/runs/RUN_2026-08-05_20-29-08/tmp/6ff4194e3d0b44799e1a64181fb9117a.bb.v:2084:8: Timescale missing on this module as other modules have it (IEEE 1800-2023 3.14.2.3)
 2084 | module sky130_fd_sc_hd__einvp_8(Z, A, TE, VPWR, VGND, VPB, VNB);
      |        ^~~~~~~~~~~~~~~~~~~~~~~~
                       /home/letienthanh/8bitalu/rtl/alu.v:26:8: ... Location of module with timescale
   26 | module alu8bit (
      |        ^~~~~~~
%Warning-TIMESCALEMOD: /home/letienthanh/8bitalu/runs/RUN_2026-08-05_20-29-08/tmp/6ff4194e3d0b44799e1a64181fb9117a.bb.v:2094:8: Timescale missing on this module as other modules have it (IEEE 1800-2023 3.14.2.3)
 2094 | module sky130_fd_sc_hd__fa_1(COUT, SUM, A, B, CIN, VPWR, VGND, VPB, VNB);
      |        ^~~~~~~~~~~~~~~~~~~~~
                       /home/letienthanh/8bitalu/rtl/alu.v:26:8: ... Location of module with timescale
   26 | module alu8bit (
      |        ^~~~~~~
%Warning-TIMESCALEMOD: /home/letienthanh/8bitalu/runs/RUN_2026-08-05_20-29-08/tmp/6ff4194e3d0b44799e1a64181fb9117a.bb.v:2106:8: Timescale missing on this module as other modules have it (IEEE 1800-2023 3.14.2.3)
 2106 | module sky130_fd_sc_hd__fa_2(COUT, SUM, A, B, CIN, VPWR, VGND, VPB, VNB);
      |        ^~~~~~~~~~~~~~~~~~~~~
                       /home/letienthanh/8bitalu/rtl/alu.v:26:8: ... Location of module with timescale
   26 | module alu8bit (
      |        ^~~~~~~
%Warning-TIMESCALEMOD: /home/letienthanh/8bitalu/runs/RUN_2026-08-05_20-29-08/tmp/6ff4194e3d0b44799e1a64181fb9117a.bb.v:2118:8: Timescale missing on this module as other modules have it (IEEE 1800-2023 3.14.2.3)
 2118 | module sky130_fd_sc_hd__fa_4(COUT, SUM, A, B, CIN, VPWR, VGND, VPB, VNB);
      |        ^~~~~~~~~~~~~~~~~~~~~
                       /home/letienthanh/8bitalu/rtl/alu.v:26:8: ... Location of module with timescale
   26 | module alu8bit (
      |        ^~~~~~~
%Warning-TIMESCALEMOD: /home/letienthanh/8bitalu/runs/RUN_2026-08-05_20-29-08/tmp/6ff4194e3d0b44799e1a64181fb9117a.bb.v:2130:8: Timescale missing on this module as other modules have it (IEEE 1800-2023 3.14.2.3)
 2130 | module sky130_fd_sc_hd__fah_1(COUT, SUM, A, B, CI, VPWR, VGND, VPB, VNB);
      |        ^~~~~~~~~~~~~~~~~~~~~~
                       /home/letienthanh/8bitalu/rtl/alu.v:26:8: ... Location of module with timescale
   26 | module alu8bit (
      |        ^~~~~~~
%Warning-TIMESCALEMOD: /home/letienthanh/8bitalu/runs/RUN_2026-08-05_20-29-08/tmp/6ff4194e3d0b44799e1a64181fb9117a.bb.v:2142:8: Timescale missing on this module as other modules have it (IEEE 1800-2023 3.14.2.3)
 2142 | module sky130_fd_sc_hd__fahcin_1(COUT, SUM, A, B, CIN, VPWR, VGND, VPB, VNB);
      |        ^~~~~~~~~~~~~~~~~~~~~~~~~
                       /home/letienthanh/8bitalu/rtl/alu.v:26:8: ... Location of module with timescale
   26 | module alu8bit (
      |        ^~~~~~~
%Warning-TIMESCALEMOD: /home/letienthanh/8bitalu/runs/RUN_2026-08-05_20-29-08/tmp/6ff4194e3d0b44799e1a64181fb9117a.bb.v:2154:8: Timescale missing on this module as other modules have it (IEEE 1800-2023 3.14.2.3)
 2154 | module sky130_fd_sc_hd__fahcon_1(COUT_N, SUM, A, B, CI, VPWR, VGND, VPB, VNB);
      |        ^~~~~~~~~~~~~~~~~~~~~~~~~
                       /home/letienthanh/8bitalu/rtl/alu.v:26:8: ... Location of module with timescale
   26 | module alu8bit (
      |        ^~~~~~~
%Warning-TIMESCALEMOD: /home/letienthanh/8bitalu/runs/RUN_2026-08-05_20-29-08/tmp/6ff4194e3d0b44799e1a64181fb9117a.bb.v:2166:8: Timescale missing on this module as other modules have it (IEEE 1800-2023 3.14.2.3)
 2166 | module sky130_fd_sc_hd__fill_1(VPWR, VGND, VPB, VNB);
      |        ^~~~~~~~~~~~~~~~~~~~~~~
                       /home/letienthanh/8bitalu/rtl/alu.v:26:8: ... Location of module with timescale
   26 | module alu8bit (
      |        ^~~~~~~
%Warning-TIMESCALEMOD: /home/letienthanh/8bitalu/runs/RUN_2026-08-05_20-29-08/tmp/6ff4194e3d0b44799e1a64181fb9117a.bb.v:2173:8: Timescale missing on this module as other modules have it (IEEE 1800-2023 3.14.2.3)
 2173 | module sky130_fd_sc_hd__fill_2(VPWR, VGND, VPB, VNB);
      |        ^~~~~~~~~~~~~~~~~~~~~~~
                       /home/letienthanh/8bitalu/rtl/alu.v:26:8: ... Location of module with timescale
   26 | module alu8bit (
      |        ^~~~~~~
%Warning-TIMESCALEMOD: /home/letienthanh/8bitalu/runs/RUN_2026-08-05_20-29-08/tmp/6ff4194e3d0b44799e1a64181fb9117a.bb.v:2180:8: Timescale missing on this module as other modules have it (IEEE 1800-2023 3.14.2.3)
 2180 | module sky130_fd_sc_hd__fill_4(VPWR, VGND, VPB, VNB);
      |        ^~~~~~~~~~~~~~~~~~~~~~~
                       /home/letienthanh/8bitalu/rtl/alu.v:26:8: ... Location of module with timescale
   26 | module alu8bit (
      |        ^~~~~~~
%Warning-TIMESCALEMOD: /home/letienthanh/8bitalu/runs/RUN_2026-08-05_20-29-08/tmp/6ff4194e3d0b44799e1a64181fb9117a.bb.v:2187:8: Timescale missing on this module as other modules have it (IEEE 1800-2023 3.14.2.3)
 2187 | module sky130_fd_sc_hd__fill_8(VPWR, VGND, VPB, VNB);
      |        ^~~~~~~~~~~~~~~~~~~~~~~
                       /home/letienthanh/8bitalu/rtl/alu.v:26:8: ... Location of module with timescale
   26 | module alu8bit (
      |        ^~~~~~~
%Warning-TIMESCALEMOD: /home/letienthanh/8bitalu/runs/RUN_2026-08-05_20-29-08/tmp/6ff4194e3d0b44799e1a64181fb9117a.bb.v:2194:8: Timescale missing on this module as other modules have it (IEEE 1800-2023 3.14.2.3)
 2194 | module sky130_fd_sc_hd__ha_1(COUT, SUM, A, B, VPWR, VGND, VPB, VNB);
      |        ^~~~~~~~~~~~~~~~~~~~~
                       /home/letienthanh/8bitalu/rtl/alu.v:26:8: ... Location of module with timescale
   26 | module alu8bit (
      |        ^~~~~~~
%Warning-TIMESCALEMOD: /home/letienthanh/8bitalu/runs/RUN_2026-08-05_20-29-08/tmp/6ff4194e3d0b44799e1a64181fb9117a.bb.v:2205:8: Timescale missing on this module as other modules have it (IEEE 1800-2023 3.14.2.3)
 2205 | module sky130_fd_sc_hd__ha_2(COUT, SUM, A, B, VPWR, VGND, VPB, VNB);
      |        ^~~~~~~~~~~~~~~~~~~~~
                       /home/letienthanh/8bitalu/rtl/alu.v:26:8: ... Location of module with timescale
   26 | module alu8bit (
      |        ^~~~~~~
%Warning-TIMESCALEMOD: /home/letienthanh/8bitalu/runs/RUN_2026-08-05_20-29-08/tmp/6ff4194e3d0b44799e1a64181fb9117a.bb.v:2216:8: Timescale missing on this module as other modules have it (IEEE 1800-2023 3.14.2.3)
 2216 | module sky130_fd_sc_hd__ha_4(COUT, SUM, A, B, VPWR, VGND, VPB, VNB);
      |        ^~~~~~~~~~~~~~~~~~~~~
                       /home/letienthanh/8bitalu/rtl/alu.v:26:8: ... Location of module with timescale
   26 | module alu8bit (
      |        ^~~~~~~
%Warning-TIMESCALEMOD: /home/letienthanh/8bitalu/runs/RUN_2026-08-05_20-29-08/tmp/6ff4194e3d0b44799e1a64181fb9117a.bb.v:2227:8: Timescale missing on this module as other modules have it (IEEE 1800-2023 3.14.2.3)
 2227 | module sky130_fd_sc_hd__inv_1(Y, A, VPWR, VGND, VPB, VNB);
      |        ^~~~~~~~~~~~~~~~~~~~~~
                       /home/letienthanh/8bitalu/rtl/alu.v:26:8: ... Location of module with timescale
   26 | module alu8bit (
      |        ^~~~~~~
%Warning-TIMESCALEMOD: /home/letienthanh/8bitalu/runs/RUN_2026-08-05_20-29-08/tmp/6ff4194e3d0b44799e1a64181fb9117a.bb.v:2236:8: Timescale missing on this module as other modules have it (IEEE 1800-2023 3.14.2.3)
 2236 | module sky130_fd_sc_hd__inv_12(Y, A, VPWR, VGND, VPB, VNB);
      |        ^~~~~~~~~~~~~~~~~~~~~~~
                       /home/letienthanh/8bitalu/rtl/alu.v:26:8: ... Location of module with timescale
   26 | module alu8bit (
      |        ^~~~~~~
%Warning-TIMESCALEMOD: /home/letienthanh/8bitalu/runs/RUN_2026-08-05_20-29-08/tmp/6ff4194e3d0b44799e1a64181fb9117a.bb.v:2245:8: Timescale missing on this module as other modules have it (IEEE 1800-2023 3.14.2.3)
 2245 | module sky130_fd_sc_hd__inv_16(Y, A, VPWR, VGND, VPB, VNB);
      |        ^~~~~~~~~~~~~~~~~~~~~~~
                       /home/letienthanh/8bitalu/rtl/alu.v:26:8: ... Location of module with timescale
   26 | module alu8bit (
      |        ^~~~~~~
%Warning-TIMESCALEMOD: /home/letienthanh/8bitalu/runs/RUN_2026-08-05_20-29-08/tmp/6ff4194e3d0b44799e1a64181fb9117a.bb.v:2254:8: Timescale missing on this module as other modules have it (IEEE 1800-2023 3.14.2.3)
 2254 | module sky130_fd_sc_hd__inv_2(Y, A, VPWR, VGND, VPB, VNB);
      |        ^~~~~~~~~~~~~~~~~~~~~~
                       /home/letienthanh/8bitalu/rtl/alu.v:26:8: ... Location of module with timescale
   26 | module alu8bit (
      |        ^~~~~~~
%Warning-TIMESCALEMOD: /home/letienthanh/8bitalu/runs/RUN_2026-08-05_20-29-08/tmp/6ff4194e3d0b44799e1a64181fb9117a.bb.v:2263:8: Timescale missing on this module as other modules have it (IEEE 1800-2023 3.14.2.3)
 2263 | module sky130_fd_sc_hd__inv_4(Y, A, VPWR, VGND, VPB, VNB);
      |        ^~~~~~~~~~~~~~~~~~~~~~
                       /home/letienthanh/8bitalu/rtl/alu.v:26:8: ... Location of module with timescale
   26 | module alu8bit (
      |        ^~~~~~~
%Warning-TIMESCALEMOD: /home/letienthanh/8bitalu/runs/RUN_2026-08-05_20-29-08/tmp/6ff4194e3d0b44799e1a64181fb9117a.bb.v:2272:8: Timescale missing on this module as other modules have it (IEEE 1800-2023 3.14.2.3)
 2272 | module sky130_fd_sc_hd__inv_6(Y, A, VPWR, VGND, VPB, VNB);
      |        ^~~~~~~~~~~~~~~~~~~~~~
                       /home/letienthanh/8bitalu/rtl/alu.v:26:8: ... Location of module with timescale
   26 | module alu8bit (
      |        ^~~~~~~
%Warning-TIMESCALEMOD: /home/letienthanh/8bitalu/runs/RUN_2026-08-05_20-29-08/tmp/6ff4194e3d0b44799e1a64181fb9117a.bb.v:2281:8: Timescale missing on this module as other modules have it (IEEE 1800-2023 3.14.2.3)
 2281 | module sky130_fd_sc_hd__inv_8(Y, A, VPWR, VGND, VPB, VNB);
      |        ^~~~~~~~~~~~~~~~~~~~~~
                       /home/letienthanh/8bitalu/rtl/alu.v:26:8: ... Location of module with timescale
   26 | module alu8bit (
      |        ^~~~~~~
%Warning-TIMESCALEMOD: /home/letienthanh/8bitalu/runs/RUN_2026-08-05_20-29-08/tmp/6ff4194e3d0b44799e1a64181fb9117a.bb.v:2290:8: Timescale missing on this module as other modules have it (IEEE 1800-2023 3.14.2.3)
 2290 | module sky130_fd_sc_hd__lpflow_bleeder_1(SHORT, VPWR, VGND, VPB, VNB);
      |        ^~~~~~~~~~~~~~~~~~~~~~~~~~~~~~~~~
                       /home/letienthanh/8bitalu/rtl/alu.v:26:8: ... Location of module with timescale
   26 | module alu8bit (
      |        ^~~~~~~
%Warning-TIMESCALEMOD: /home/letienthanh/8bitalu/runs/RUN_2026-08-05_20-29-08/tmp/6ff4194e3d0b44799e1a64181fb9117a.bb.v:2298:8: Timescale missing on this module as other modules have it (IEEE 1800-2023 3.14.2.3)
 2298 | module sky130_fd_sc_hd__lpflow_clkbufkapwr_1(X, A, KAPWR, VPWR, VGND, VPB, VNB);
      |        ^~~~~~~~~~~~~~~~~~~~~~~~~~~~~~~~~~~~~
                       /home/letienthanh/8bitalu/rtl/alu.v:26:8: ... Location of module with timescale
   26 | module alu8bit (
      |        ^~~~~~~
%Warning-TIMESCALEMOD: /home/letienthanh/8bitalu/runs/RUN_2026-08-05_20-29-08/tmp/6ff4194e3d0b44799e1a64181fb9117a.bb.v:2308:8: Timescale missing on this module as other modules have it (IEEE 1800-2023 3.14.2.3)
 2308 | module sky130_fd_sc_hd__lpflow_clkbufkapwr_16(X, A, KAPWR, VPWR, VGND, VPB, VNB);
      |        ^~~~~~~~~~~~~~~~~~~~~~~~~~~~~~~~~~~~~~
                       /home/letienthanh/8bitalu/rtl/alu.v:26:8: ... Location of module with timescale
   26 | module alu8bit (
      |        ^~~~~~~
%Warning-TIMESCALEMOD: /home/letienthanh/8bitalu/runs/RUN_2026-08-05_20-29-08/tmp/6ff4194e3d0b44799e1a64181fb9117a.bb.v:2318:8: Timescale missing on this module as other modules have it (IEEE 1800-2023 3.14.2.3)
 2318 | module sky130_fd_sc_hd__lpflow_clkbufkapwr_2(X, A, KAPWR, VPWR, VGND, VPB, VNB);
      |        ^~~~~~~~~~~~~~~~~~~~~~~~~~~~~~~~~~~~~
                       /home/letienthanh/8bitalu/rtl/alu.v:26:8: ... Location of module with timescale
   26 | module alu8bit (
      |        ^~~~~~~
%Warning-TIMESCALEMOD: /home/letienthanh/8bitalu/runs/RUN_2026-08-05_20-29-08/tmp/6ff4194e3d0b44799e1a64181fb9117a.bb.v:2328:8: Timescale missing on this module as other modules have it (IEEE 1800-2023 3.14.2.3)
 2328 | module sky130_fd_sc_hd__lpflow_clkbufkapwr_4(X, A, KAPWR, VPWR, VGND, VPB, VNB);
      |        ^~~~~~~~~~~~~~~~~~~~~~~~~~~~~~~~~~~~~
                       /home/letienthanh/8bitalu/rtl/alu.v:26:8: ... Location of module with timescale
   26 | module alu8bit (
      |        ^~~~~~~
%Warning-TIMESCALEMOD: /home/letienthanh/8bitalu/runs/RUN_2026-08-05_20-29-08/tmp/6ff4194e3d0b44799e1a64181fb9117a.bb.v:2338:8: Timescale missing on this module as other modules have it (IEEE 1800-2023 3.14.2.3)
 2338 | module sky130_fd_sc_hd__lpflow_clkbufkapwr_8(X, A, KAPWR, VPWR, VGND, VPB, VNB);
      |        ^~~~~~~~~~~~~~~~~~~~~~~~~~~~~~~~~~~~~
                       /home/letienthanh/8bitalu/rtl/alu.v:26:8: ... Location of module with timescale
   26 | module alu8bit (
      |        ^~~~~~~
%Warning-TIMESCALEMOD: /home/letienthanh/8bitalu/runs/RUN_2026-08-05_20-29-08/tmp/6ff4194e3d0b44799e1a64181fb9117a.bb.v:2348:8: Timescale missing on this module as other modules have it (IEEE 1800-2023 3.14.2.3)
 2348 | module sky130_fd_sc_hd__lpflow_clkinvkapwr_1(Y, A, KAPWR, VPWR, VGND, VPB, VNB);
      |        ^~~~~~~~~~~~~~~~~~~~~~~~~~~~~~~~~~~~~
                       /home/letienthanh/8bitalu/rtl/alu.v:26:8: ... Location of module with timescale
   26 | module alu8bit (
      |        ^~~~~~~
%Warning-TIMESCALEMOD: /home/letienthanh/8bitalu/runs/RUN_2026-08-05_20-29-08/tmp/6ff4194e3d0b44799e1a64181fb9117a.bb.v:2358:8: Timescale missing on this module as other modules have it (IEEE 1800-2023 3.14.2.3)
 2358 | module sky130_fd_sc_hd__lpflow_clkinvkapwr_16(Y, A, KAPWR, VPWR, VGND, VPB, VNB);
      |        ^~~~~~~~~~~~~~~~~~~~~~~~~~~~~~~~~~~~~~
                       /home/letienthanh/8bitalu/rtl/alu.v:26:8: ... Location of module with timescale
   26 | module alu8bit (
      |        ^~~~~~~
%Warning-TIMESCALEMOD: /home/letienthanh/8bitalu/runs/RUN_2026-08-05_20-29-08/tmp/6ff4194e3d0b44799e1a64181fb9117a.bb.v:2368:8: Timescale missing on this module as other modules have it (IEEE 1800-2023 3.14.2.3)
 2368 | module sky130_fd_sc_hd__lpflow_clkinvkapwr_2(Y, A, KAPWR, VPWR, VGND, VPB, VNB);
      |        ^~~~~~~~~~~~~~~~~~~~~~~~~~~~~~~~~~~~~
                       /home/letienthanh/8bitalu/rtl/alu.v:26:8: ... Location of module with timescale
   26 | module alu8bit (
      |        ^~~~~~~
%Warning-TIMESCALEMOD: /home/letienthanh/8bitalu/runs/RUN_2026-08-05_20-29-08/tmp/6ff4194e3d0b44799e1a64181fb9117a.bb.v:2378:8: Timescale missing on this module as other modules have it (IEEE 1800-2023 3.14.2.3)
 2378 | module sky130_fd_sc_hd__lpflow_clkinvkapwr_4(Y, A, KAPWR, VPWR, VGND, VPB, VNB);
      |        ^~~~~~~~~~~~~~~~~~~~~~~~~~~~~~~~~~~~~
                       /home/letienthanh/8bitalu/rtl/alu.v:26:8: ... Location of module with timescale
   26 | module alu8bit (
      |        ^~~~~~~
%Warning-TIMESCALEMOD: /home/letienthanh/8bitalu/runs/RUN_2026-08-05_20-29-08/tmp/6ff4194e3d0b44799e1a64181fb9117a.bb.v:2388:8: Timescale missing on this module as other modules have it (IEEE 1800-2023 3.14.2.3)
 2388 | module sky130_fd_sc_hd__lpflow_clkinvkapwr_8(Y, A, KAPWR, VPWR, VGND, VPB, VNB);
      |        ^~~~~~~~~~~~~~~~~~~~~~~~~~~~~~~~~~~~~
                       /home/letienthanh/8bitalu/rtl/alu.v:26:8: ... Location of module with timescale
   26 | module alu8bit (
      |        ^~~~~~~
%Warning-TIMESCALEMOD: /home/letienthanh/8bitalu/runs/RUN_2026-08-05_20-29-08/tmp/6ff4194e3d0b44799e1a64181fb9117a.bb.v:2398:8: Timescale missing on this module as other modules have it (IEEE 1800-2023 3.14.2.3)
 2398 | module sky130_fd_sc_hd__lpflow_decapkapwr_12(VPWR, KAPWR, VGND, VPB, VNB);
      |        ^~~~~~~~~~~~~~~~~~~~~~~~~~~~~~~~~~~~~
                       /home/letienthanh/8bitalu/rtl/alu.v:26:8: ... Location of module with timescale
   26 | module alu8bit (
      |        ^~~~~~~
%Warning-TIMESCALEMOD: /home/letienthanh/8bitalu/runs/RUN_2026-08-05_20-29-08/tmp/6ff4194e3d0b44799e1a64181fb9117a.bb.v:2406:8: Timescale missing on this module as other modules have it (IEEE 1800-2023 3.14.2.3)
 2406 | module sky130_fd_sc_hd__lpflow_decapkapwr_3(VPWR, KAPWR, VGND, VPB, VNB);
      |        ^~~~~~~~~~~~~~~~~~~~~~~~~~~~~~~~~~~~
                       /home/letienthanh/8bitalu/rtl/alu.v:26:8: ... Location of module with timescale
   26 | module alu8bit (
      |        ^~~~~~~
%Warning-TIMESCALEMOD: /home/letienthanh/8bitalu/runs/RUN_2026-08-05_20-29-08/tmp/6ff4194e3d0b44799e1a64181fb9117a.bb.v:2414:8: Timescale missing on this module as other modules have it (IEEE 1800-2023 3.14.2.3)
 2414 | module sky130_fd_sc_hd__lpflow_decapkapwr_4(VPWR, KAPWR, VGND, VPB, VNB);
      |        ^~~~~~~~~~~~~~~~~~~~~~~~~~~~~~~~~~~~
                       /home/letienthanh/8bitalu/rtl/alu.v:26:8: ... Location of module with timescale
   26 | module alu8bit (
      |        ^~~~~~~
%Warning-TIMESCALEMOD: /home/letienthanh/8bitalu/runs/RUN_2026-08-05_20-29-08/tmp/6ff4194e3d0b44799e1a64181fb9117a.bb.v:2422:8: Timescale missing on this module as other modules have it (IEEE 1800-2023 3.14.2.3)
 2422 | module sky130_fd_sc_hd__lpflow_decapkapwr_6(VPWR, KAPWR, VGND, VPB, VNB);
      |        ^~~~~~~~~~~~~~~~~~~~~~~~~~~~~~~~~~~~
                       /home/letienthanh/8bitalu/rtl/alu.v:26:8: ... Location of module with timescale
   26 | module alu8bit (
      |        ^~~~~~~
%Warning-TIMESCALEMOD: /home/letienthanh/8bitalu/runs/RUN_2026-08-05_20-29-08/tmp/6ff4194e3d0b44799e1a64181fb9117a.bb.v:2430:8: Timescale missing on this module as other modules have it (IEEE 1800-2023 3.14.2.3)
 2430 | module sky130_fd_sc_hd__lpflow_decapkapwr_8(VPWR, KAPWR, VGND, VPB, VNB);
      |        ^~~~~~~~~~~~~~~~~~~~~~~~~~~~~~~~~~~~
                       /home/letienthanh/8bitalu/rtl/alu.v:26:8: ... Location of module with timescale
   26 | module alu8bit (
      |        ^~~~~~~
%Warning-TIMESCALEMOD: /home/letienthanh/8bitalu/runs/RUN_2026-08-05_20-29-08/tmp/6ff4194e3d0b44799e1a64181fb9117a.bb.v:2438:8: Timescale missing on this module as other modules have it (IEEE 1800-2023 3.14.2.3)
 2438 | module sky130_fd_sc_hd__lpflow_inputiso0n_1(X, A, SLEEP_B, VPWR, VGND, VPB, VNB);
      |        ^~~~~~~~~~~~~~~~~~~~~~~~~~~~~~~~~~~~
                       /home/letienthanh/8bitalu/rtl/alu.v:26:8: ... Location of module with timescale
   26 | module alu8bit (
      |        ^~~~~~~
%Warning-TIMESCALEMOD: /home/letienthanh/8bitalu/runs/RUN_2026-08-05_20-29-08/tmp/6ff4194e3d0b44799e1a64181fb9117a.bb.v:2448:8: Timescale missing on this module as other modules have it (IEEE 1800-2023 3.14.2.3)
 2448 | module sky130_fd_sc_hd__lpflow_inputiso0p_1(X, A, SLEEP, VPWR, VGND, VPB, VNB);
      |        ^~~~~~~~~~~~~~~~~~~~~~~~~~~~~~~~~~~~
                       /home/letienthanh/8bitalu/rtl/alu.v:26:8: ... Location of module with timescale
   26 | module alu8bit (
      |        ^~~~~~~
%Warning-TIMESCALEMOD: /home/letienthanh/8bitalu/runs/RUN_2026-08-05_20-29-08/tmp/6ff4194e3d0b44799e1a64181fb9117a.bb.v:2458:8: Timescale missing on this module as other modules have it (IEEE 1800-2023 3.14.2.3)
 2458 | module sky130_fd_sc_hd__lpflow_inputiso1n_1(X, A, SLEEP_B, VPWR, VGND, VPB, VNB);
      |        ^~~~~~~~~~~~~~~~~~~~~~~~~~~~~~~~~~~~
                       /home/letienthanh/8bitalu/rtl/alu.v:26:8: ... Location of module with timescale
   26 | module alu8bit (
      |        ^~~~~~~
%Warning-TIMESCALEMOD: /home/letienthanh/8bitalu/runs/RUN_2026-08-05_20-29-08/tmp/6ff4194e3d0b44799e1a64181fb9117a.bb.v:2468:8: Timescale missing on this module as other modules have it (IEEE 1800-2023 3.14.2.3)
 2468 | module sky130_fd_sc_hd__lpflow_inputiso1p_1(X, A, SLEEP, VPWR, VGND, VPB, VNB);
      |        ^~~~~~~~~~~~~~~~~~~~~~~~~~~~~~~~~~~~
                       /home/letienthanh/8bitalu/rtl/alu.v:26:8: ... Location of module with timescale
   26 | module alu8bit (
      |        ^~~~~~~
%Warning-TIMESCALEMOD: /home/letienthanh/8bitalu/runs/RUN_2026-08-05_20-29-08/tmp/6ff4194e3d0b44799e1a64181fb9117a.bb.v:2478:8: Timescale missing on this module as other modules have it (IEEE 1800-2023 3.14.2.3)
 2478 | module sky130_fd_sc_hd__lpflow_inputisolatch_1(Q, D, SLEEP_B, VPWR, VGND, VPB, VNB);
      |        ^~~~~~~~~~~~~~~~~~~~~~~~~~~~~~~~~~~~~~~
                       /home/letienthanh/8bitalu/rtl/alu.v:26:8: ... Location of module with timescale
   26 | module alu8bit (
      |        ^~~~~~~
%Warning-TIMESCALEMOD: /home/letienthanh/8bitalu/runs/RUN_2026-08-05_20-29-08/tmp/6ff4194e3d0b44799e1a64181fb9117a.bb.v:2488:8: Timescale missing on this module as other modules have it (IEEE 1800-2023 3.14.2.3)
 2488 | module sky130_fd_sc_hd__lpflow_isobufsrc_1(X, SLEEP, A, VPWR, VGND, VPB, VNB);
      |        ^~~~~~~~~~~~~~~~~~~~~~~~~~~~~~~~~~~
                       /home/letienthanh/8bitalu/rtl/alu.v:26:8: ... Location of module with timescale
   26 | module alu8bit (
      |        ^~~~~~~
%Warning-TIMESCALEMOD: /home/letienthanh/8bitalu/runs/RUN_2026-08-05_20-29-08/tmp/6ff4194e3d0b44799e1a64181fb9117a.bb.v:2498:8: Timescale missing on this module as other modules have it (IEEE 1800-2023 3.14.2.3)
 2498 | module sky130_fd_sc_hd__lpflow_isobufsrc_16(X, SLEEP, A, VPWR, VGND, VPB, VNB);
      |        ^~~~~~~~~~~~~~~~~~~~~~~~~~~~~~~~~~~~
                       /home/letienthanh/8bitalu/rtl/alu.v:26:8: ... Location of module with timescale
   26 | module alu8bit (
      |        ^~~~~~~
%Warning-TIMESCALEMOD: /home/letienthanh/8bitalu/runs/RUN_2026-08-05_20-29-08/tmp/6ff4194e3d0b44799e1a64181fb9117a.bb.v:2508:8: Timescale missing on this module as other modules have it (IEEE 1800-2023 3.14.2.3)
 2508 | module sky130_fd_sc_hd__lpflow_isobufsrc_2(X, SLEEP, A, VPWR, VGND, VPB, VNB);
      |        ^~~~~~~~~~~~~~~~~~~~~~~~~~~~~~~~~~~
                       /home/letienthanh/8bitalu/rtl/alu.v:26:8: ... Location of module with timescale
   26 | module alu8bit (
      |        ^~~~~~~
%Warning-TIMESCALEMOD: /home/letienthanh/8bitalu/runs/RUN_2026-08-05_20-29-08/tmp/6ff4194e3d0b44799e1a64181fb9117a.bb.v:2518:8: Timescale missing on this module as other modules have it (IEEE 1800-2023 3.14.2.3)
 2518 | module sky130_fd_sc_hd__lpflow_isobufsrc_4(X, SLEEP, A, VPWR, VGND, VPB, VNB);
      |        ^~~~~~~~~~~~~~~~~~~~~~~~~~~~~~~~~~~
                       /home/letienthanh/8bitalu/rtl/alu.v:26:8: ... Location of module with timescale
   26 | module alu8bit (
      |        ^~~~~~~
%Warning-TIMESCALEMOD: /home/letienthanh/8bitalu/runs/RUN_2026-08-05_20-29-08/tmp/6ff4194e3d0b44799e1a64181fb9117a.bb.v:2528:8: Timescale missing on this module as other modules have it (IEEE 1800-2023 3.14.2.3)
 2528 | module sky130_fd_sc_hd__lpflow_isobufsrc_8(X, SLEEP, A, VPWR, VGND, VPB, VNB);
      |        ^~~~~~~~~~~~~~~~~~~~~~~~~~~~~~~~~~~
                       /home/letienthanh/8bitalu/rtl/alu.v:26:8: ... Location of module with timescale
   26 | module alu8bit (
      |        ^~~~~~~
%Warning-TIMESCALEMOD: /home/letienthanh/8bitalu/runs/RUN_2026-08-05_20-29-08/tmp/6ff4194e3d0b44799e1a64181fb9117a.bb.v:2538:8: Timescale missing on this module as other modules have it (IEEE 1800-2023 3.14.2.3)
 2538 | module sky130_fd_sc_hd__lpflow_isobufsrckapwr_16(X, SLEEP, A, KAPWR, VPWR, VGND, VPB, VNB);
      |        ^~~~~~~~~~~~~~~~~~~~~~~~~~~~~~~~~~~~~~~~~
                       /home/letienthanh/8bitalu/rtl/alu.v:26:8: ... Location of module with timescale
   26 | module alu8bit (
      |        ^~~~~~~
%Warning-TIMESCALEMOD: /home/letienthanh/8bitalu/runs/RUN_2026-08-05_20-29-08/tmp/6ff4194e3d0b44799e1a64181fb9117a.bb.v:2549:8: Timescale missing on this module as other modules have it (IEEE 1800-2023 3.14.2.3)
 2549 | module sky130_fd_sc_hd__lpflow_lsbuf_lh_hl_isowell_tap_1(X, A, VPWRIN, VPWR, VGND, VPB);
      |        ^~~~~~~~~~~~~~~~~~~~~~~~~~~~~~~~~~~~~~~~~~~~~~~~~
                       /home/letienthanh/8bitalu/rtl/alu.v:26:8: ... Location of module with timescale
   26 | module alu8bit (
      |        ^~~~~~~
%Warning-TIMESCALEMOD: /home/letienthanh/8bitalu/runs/RUN_2026-08-05_20-29-08/tmp/6ff4194e3d0b44799e1a64181fb9117a.bb.v:2558:8: Timescale missing on this module as other modules have it (IEEE 1800-2023 3.14.2.3)
 2558 | module sky130_fd_sc_hd__lpflow_lsbuf_lh_hl_isowell_tap_2(X, A, VPWRIN, VPWR, VGND, VPB);
      |        ^~~~~~~~~~~~~~~~~~~~~~~~~~~~~~~~~~~~~~~~~~~~~~~~~
                       /home/letienthanh/8bitalu/rtl/alu.v:26:8: ... Location of module with timescale
   26 | module alu8bit (
      |        ^~~~~~~
%Warning-TIMESCALEMOD: /home/letienthanh/8bitalu/runs/RUN_2026-08-05_20-29-08/tmp/6ff4194e3d0b44799e1a64181fb9117a.bb.v:2567:8: Timescale missing on this module as other modules have it (IEEE 1800-2023 3.14.2.3)
 2567 | module sky130_fd_sc_hd__lpflow_lsbuf_lh_hl_isowell_tap_4(X, A, VPWRIN, VPWR, VGND, VPB);
      |        ^~~~~~~~~~~~~~~~~~~~~~~~~~~~~~~~~~~~~~~~~~~~~~~~~
                       /home/letienthanh/8bitalu/rtl/alu.v:26:8: ... Location of module with timescale
   26 | module alu8bit (
      |        ^~~~~~~
%Warning-TIMESCALEMOD: /home/letienthanh/8bitalu/runs/RUN_2026-08-05_20-29-08/tmp/6ff4194e3d0b44799e1a64181fb9117a.bb.v:2576:8: Timescale missing on this module as other modules have it (IEEE 1800-2023 3.14.2.3)
 2576 | module sky130_fd_sc_hd__lpflow_lsbuf_lh_isowell_4(X, A, LOWLVPWR, VPWR, VGND, VPB, VNB);
      |        ^~~~~~~~~~~~~~~~~~~~~~~~~~~~~~~~~~~~~~~~~~
                       /home/letienthanh/8bitalu/rtl/alu.v:26:8: ... Location of module with timescale
   26 | module alu8bit (
      |        ^~~~~~~
%Warning-TIMESCALEMOD: /home/letienthanh/8bitalu/runs/RUN_2026-08-05_20-29-08/tmp/6ff4194e3d0b44799e1a64181fb9117a.bb.v:2586:8: Timescale missing on this module as other modules have it (IEEE 1800-2023 3.14.2.3)
 2586 | module sky130_fd_sc_hd__lpflow_lsbuf_lh_isowell_tap_1(X, A, LOWLVPWR, VPWR, VGND, VPB);
      |        ^~~~~~~~~~~~~~~~~~~~~~~~~~~~~~~~~~~~~~~~~~~~~~
                       /home/letienthanh/8bitalu/rtl/alu.v:26:8: ... Location of module with timescale
   26 | module alu8bit (
      |        ^~~~~~~
%Warning-TIMESCALEMOD: /home/letienthanh/8bitalu/runs/RUN_2026-08-05_20-29-08/tmp/6ff4194e3d0b44799e1a64181fb9117a.bb.v:2595:8: Timescale missing on this module as other modules have it (IEEE 1800-2023 3.14.2.3)
 2595 | module sky130_fd_sc_hd__lpflow_lsbuf_lh_isowell_tap_2(X, A, LOWLVPWR, VPWR, VGND, VPB);
      |        ^~~~~~~~~~~~~~~~~~~~~~~~~~~~~~~~~~~~~~~~~~~~~~
                       /home/letienthanh/8bitalu/rtl/alu.v:26:8: ... Location of module with timescale
   26 | module alu8bit (
      |        ^~~~~~~
%Warning-TIMESCALEMOD: /home/letienthanh/8bitalu/runs/RUN_2026-08-05_20-29-08/tmp/6ff4194e3d0b44799e1a64181fb9117a.bb.v:2604:8: Timescale missing on this module as other modules have it (IEEE 1800-2023 3.14.2.3)
 2604 | module sky130_fd_sc_hd__lpflow_lsbuf_lh_isowell_tap_4(X, A, LOWLVPWR, VPWR, VGND, VPB);
      |        ^~~~~~~~~~~~~~~~~~~~~~~~~~~~~~~~~~~~~~~~~~~~~~
                       /home/letienthanh/8bitalu/rtl/alu.v:26:8: ... Location of module with timescale
   26 | module alu8bit (
      |        ^~~~~~~
%Warning-TIMESCALEMOD: /home/letienthanh/8bitalu/runs/RUN_2026-08-05_20-29-08/tmp/6ff4194e3d0b44799e1a64181fb9117a.bb.v:2613:8: Timescale missing on this module as other modules have it (IEEE 1800-2023 3.14.2.3)
 2613 | module sky130_fd_sc_hd__macro_sparecell(LO, VGND, VNB, VPB, VPWR);
      |        ^~~~~~~~~~~~~~~~~~~~~~~~~~~~~~~~
                       /home/letienthanh/8bitalu/rtl/alu.v:26:8: ... Location of module with timescale
   26 | module alu8bit (
      |        ^~~~~~~
%Warning-TIMESCALEMOD: /home/letienthanh/8bitalu/runs/RUN_2026-08-05_20-29-08/tmp/6ff4194e3d0b44799e1a64181fb9117a.bb.v:2621:8: Timescale missing on this module as other modules have it (IEEE 1800-2023 3.14.2.3)
 2621 | module sky130_fd_sc_hd__maj3_1(X, A, B, C, VPWR, VGND, VPB, VNB);
      |        ^~~~~~~~~~~~~~~~~~~~~~~
                       /home/letienthanh/8bitalu/rtl/alu.v:26:8: ... Location of module with timescale
   26 | module alu8bit (
      |        ^~~~~~~
%Warning-TIMESCALEMOD: /home/letienthanh/8bitalu/runs/RUN_2026-08-05_20-29-08/tmp/6ff4194e3d0b44799e1a64181fb9117a.bb.v:2632:8: Timescale missing on this module as other modules have it (IEEE 1800-2023 3.14.2.3)
 2632 | module sky130_fd_sc_hd__maj3_2(X, A, B, C, VPWR, VGND, VPB, VNB);
      |        ^~~~~~~~~~~~~~~~~~~~~~~
                       /home/letienthanh/8bitalu/rtl/alu.v:26:8: ... Location of module with timescale
   26 | module alu8bit (
      |        ^~~~~~~
%Warning-TIMESCALEMOD: /home/letienthanh/8bitalu/runs/RUN_2026-08-05_20-29-08/tmp/6ff4194e3d0b44799e1a64181fb9117a.bb.v:2643:8: Timescale missing on this module as other modules have it (IEEE 1800-2023 3.14.2.3)
 2643 | module sky130_fd_sc_hd__maj3_4(X, A, B, C, VPWR, VGND, VPB, VNB);
      |        ^~~~~~~~~~~~~~~~~~~~~~~
                       /home/letienthanh/8bitalu/rtl/alu.v:26:8: ... Location of module with timescale
   26 | module alu8bit (
      |        ^~~~~~~
%Warning-TIMESCALEMOD: /home/letienthanh/8bitalu/runs/RUN_2026-08-05_20-29-08/tmp/6ff4194e3d0b44799e1a64181fb9117a.bb.v:2654:8: Timescale missing on this module as other modules have it (IEEE 1800-2023 3.14.2.3)
 2654 | module sky130_fd_sc_hd__mux2_1(X, A0, A1, S, VPWR, VGND, VPB, VNB);
      |        ^~~~~~~~~~~~~~~~~~~~~~~
                       /home/letienthanh/8bitalu/rtl/alu.v:26:8: ... Location of module with timescale
   26 | module alu8bit (
      |        ^~~~~~~
%Warning-TIMESCALEMOD: /home/letienthanh/8bitalu/runs/RUN_2026-08-05_20-29-08/tmp/6ff4194e3d0b44799e1a64181fb9117a.bb.v:2665:8: Timescale missing on this module as other modules have it (IEEE 1800-2023 3.14.2.3)
 2665 | module sky130_fd_sc_hd__mux2_2(X, A0, A1, S, VPWR, VGND, VPB, VNB);
      |        ^~~~~~~~~~~~~~~~~~~~~~~
                       /home/letienthanh/8bitalu/rtl/alu.v:26:8: ... Location of module with timescale
   26 | module alu8bit (
      |        ^~~~~~~
%Warning-TIMESCALEMOD: /home/letienthanh/8bitalu/runs/RUN_2026-08-05_20-29-08/tmp/6ff4194e3d0b44799e1a64181fb9117a.bb.v:2676:8: Timescale missing on this module as other modules have it (IEEE 1800-2023 3.14.2.3)
 2676 | module sky130_fd_sc_hd__mux2_4(X, A0, A1, S, VPWR, VGND, VPB, VNB);
      |        ^~~~~~~~~~~~~~~~~~~~~~~
                       /home/letienthanh/8bitalu/rtl/alu.v:26:8: ... Location of module with timescale
   26 | module alu8bit (
      |        ^~~~~~~
%Warning-TIMESCALEMOD: /home/letienthanh/8bitalu/runs/RUN_2026-08-05_20-29-08/tmp/6ff4194e3d0b44799e1a64181fb9117a.bb.v:2687:8: Timescale missing on this module as other modules have it (IEEE 1800-2023 3.14.2.3)
 2687 | module sky130_fd_sc_hd__mux2_8(X, A0, A1, S, VPWR, VGND, VPB, VNB);
      |        ^~~~~~~~~~~~~~~~~~~~~~~
                       /home/letienthanh/8bitalu/rtl/alu.v:26:8: ... Location of module with timescale
   26 | module alu8bit (
      |        ^~~~~~~
%Warning-TIMESCALEMOD: /home/letienthanh/8bitalu/runs/RUN_2026-08-05_20-29-08/tmp/6ff4194e3d0b44799e1a64181fb9117a.bb.v:2698:8: Timescale missing on this module as other modules have it (IEEE 1800-2023 3.14.2.3)
 2698 | module sky130_fd_sc_hd__mux2i_1(Y, A0, A1, S, VPWR, VGND, VPB, VNB);
      |        ^~~~~~~~~~~~~~~~~~~~~~~~
                       /home/letienthanh/8bitalu/rtl/alu.v:26:8: ... Location of module with timescale
   26 | module alu8bit (
      |        ^~~~~~~
%Warning-TIMESCALEMOD: /home/letienthanh/8bitalu/runs/RUN_2026-08-05_20-29-08/tmp/6ff4194e3d0b44799e1a64181fb9117a.bb.v:2709:8: Timescale missing on this module as other modules have it (IEEE 1800-2023 3.14.2.3)
 2709 | module sky130_fd_sc_hd__mux2i_2(Y, A0, A1, S, VPWR, VGND, VPB, VNB);
      |        ^~~~~~~~~~~~~~~~~~~~~~~~
                       /home/letienthanh/8bitalu/rtl/alu.v:26:8: ... Location of module with timescale
   26 | module alu8bit (
      |        ^~~~~~~
%Warning-TIMESCALEMOD: /home/letienthanh/8bitalu/runs/RUN_2026-08-05_20-29-08/tmp/6ff4194e3d0b44799e1a64181fb9117a.bb.v:2720:8: Timescale missing on this module as other modules have it (IEEE 1800-2023 3.14.2.3)
 2720 | module sky130_fd_sc_hd__mux2i_4(Y, A0, A1, S, VPWR, VGND, VPB, VNB);
      |        ^~~~~~~~~~~~~~~~~~~~~~~~
                       /home/letienthanh/8bitalu/rtl/alu.v:26:8: ... Location of module with timescale
   26 | module alu8bit (
      |        ^~~~~~~
%Warning-TIMESCALEMOD: /home/letienthanh/8bitalu/runs/RUN_2026-08-05_20-29-08/tmp/6ff4194e3d0b44799e1a64181fb9117a.bb.v:2731:8: Timescale missing on this module as other modules have it (IEEE 1800-2023 3.14.2.3)
 2731 | module sky130_fd_sc_hd__mux4_1(X, A0, A1, A2, A3, S0, S1, VPWR, VGND, VPB, VNB);
      |        ^~~~~~~~~~~~~~~~~~~~~~~
                       /home/letienthanh/8bitalu/rtl/alu.v:26:8: ... Location of module with timescale
   26 | module alu8bit (
      |        ^~~~~~~
%Warning-TIMESCALEMOD: /home/letienthanh/8bitalu/runs/RUN_2026-08-05_20-29-08/tmp/6ff4194e3d0b44799e1a64181fb9117a.bb.v:2745:8: Timescale missing on this module as other modules have it (IEEE 1800-2023 3.14.2.3)
 2745 | module sky130_fd_sc_hd__mux4_2(X, A0, A1, A2, A3, S0, S1, VPWR, VGND, VPB, VNB);
      |        ^~~~~~~~~~~~~~~~~~~~~~~
                       /home/letienthanh/8bitalu/rtl/alu.v:26:8: ... Location of module with timescale
   26 | module alu8bit (
      |        ^~~~~~~
%Warning-TIMESCALEMOD: /home/letienthanh/8bitalu/runs/RUN_2026-08-05_20-29-08/tmp/6ff4194e3d0b44799e1a64181fb9117a.bb.v:2759:8: Timescale missing on this module as other modules have it (IEEE 1800-2023 3.14.2.3)
 2759 | module sky130_fd_sc_hd__mux4_4(X, A0, A1, A2, A3, S0, S1, VPWR, VGND, VPB, VNB);
      |        ^~~~~~~~~~~~~~~~~~~~~~~
                       /home/letienthanh/8bitalu/rtl/alu.v:26:8: ... Location of module with timescale
   26 | module alu8bit (
      |        ^~~~~~~
%Warning-TIMESCALEMOD: /home/letienthanh/8bitalu/runs/RUN_2026-08-05_20-29-08/tmp/6ff4194e3d0b44799e1a64181fb9117a.bb.v:2773:8: Timescale missing on this module as other modules have it (IEEE 1800-2023 3.14.2.3)
 2773 | module sky130_fd_sc_hd__nand2_1(Y, A, B, VPWR, VGND, VPB, VNB);
      |        ^~~~~~~~~~~~~~~~~~~~~~~~
                       /home/letienthanh/8bitalu/rtl/alu.v:26:8: ... Location of module with timescale
   26 | module alu8bit (
      |        ^~~~~~~
%Warning-TIMESCALEMOD: /home/letienthanh/8bitalu/runs/RUN_2026-08-05_20-29-08/tmp/6ff4194e3d0b44799e1a64181fb9117a.bb.v:2783:8: Timescale missing on this module as other modules have it (IEEE 1800-2023 3.14.2.3)
 2783 | module sky130_fd_sc_hd__nand2_2(Y, A, B, VPWR, VGND, VPB, VNB);
      |        ^~~~~~~~~~~~~~~~~~~~~~~~
                       /home/letienthanh/8bitalu/rtl/alu.v:26:8: ... Location of module with timescale
   26 | module alu8bit (
      |        ^~~~~~~
%Warning-TIMESCALEMOD: /home/letienthanh/8bitalu/runs/RUN_2026-08-05_20-29-08/tmp/6ff4194e3d0b44799e1a64181fb9117a.bb.v:2793:8: Timescale missing on this module as other modules have it (IEEE 1800-2023 3.14.2.3)
 2793 | module sky130_fd_sc_hd__nand2_4(Y, A, B, VPWR, VGND, VPB, VNB);
      |        ^~~~~~~~~~~~~~~~~~~~~~~~
                       /home/letienthanh/8bitalu/rtl/alu.v:26:8: ... Location of module with timescale
   26 | module alu8bit (
      |        ^~~~~~~
%Warning-TIMESCALEMOD: /home/letienthanh/8bitalu/runs/RUN_2026-08-05_20-29-08/tmp/6ff4194e3d0b44799e1a64181fb9117a.bb.v:2803:8: Timescale missing on this module as other modules have it (IEEE 1800-2023 3.14.2.3)
 2803 | module sky130_fd_sc_hd__nand2_8(Y, A, B, VPWR, VGND, VPB, VNB);
      |        ^~~~~~~~~~~~~~~~~~~~~~~~
                       /home/letienthanh/8bitalu/rtl/alu.v:26:8: ... Location of module with timescale
   26 | module alu8bit (
      |        ^~~~~~~
%Warning-TIMESCALEMOD: /home/letienthanh/8bitalu/runs/RUN_2026-08-05_20-29-08/tmp/6ff4194e3d0b44799e1a64181fb9117a.bb.v:2813:8: Timescale missing on this module as other modules have it (IEEE 1800-2023 3.14.2.3)
 2813 | module sky130_fd_sc_hd__nand2b_1(Y, A_N, B, VPWR, VGND, VPB, VNB);
      |        ^~~~~~~~~~~~~~~~~~~~~~~~~
                       /home/letienthanh/8bitalu/rtl/alu.v:26:8: ... Location of module with timescale
   26 | module alu8bit (
      |        ^~~~~~~
%Warning-TIMESCALEMOD: /home/letienthanh/8bitalu/runs/RUN_2026-08-05_20-29-08/tmp/6ff4194e3d0b44799e1a64181fb9117a.bb.v:2823:8: Timescale missing on this module as other modules have it (IEEE 1800-2023 3.14.2.3)
 2823 | module sky130_fd_sc_hd__nand2b_2(Y, A_N, B, VPWR, VGND, VPB, VNB);
      |        ^~~~~~~~~~~~~~~~~~~~~~~~~
                       /home/letienthanh/8bitalu/rtl/alu.v:26:8: ... Location of module with timescale
   26 | module alu8bit (
      |        ^~~~~~~
%Warning-TIMESCALEMOD: /home/letienthanh/8bitalu/runs/RUN_2026-08-05_20-29-08/tmp/6ff4194e3d0b44799e1a64181fb9117a.bb.v:2833:8: Timescale missing on this module as other modules have it (IEEE 1800-2023 3.14.2.3)
 2833 | module sky130_fd_sc_hd__nand2b_4(Y, A_N, B, VPWR, VGND, VPB, VNB);
      |        ^~~~~~~~~~~~~~~~~~~~~~~~~
                       /home/letienthanh/8bitalu/rtl/alu.v:26:8: ... Location of module with timescale
   26 | module alu8bit (
      |        ^~~~~~~
%Warning-TIMESCALEMOD: /home/letienthanh/8bitalu/runs/RUN_2026-08-05_20-29-08/tmp/6ff4194e3d0b44799e1a64181fb9117a.bb.v:2843:8: Timescale missing on this module as other modules have it (IEEE 1800-2023 3.14.2.3)
 2843 | module sky130_fd_sc_hd__nand3_1(Y, A, B, C, VPWR, VGND, VPB, VNB);
      |        ^~~~~~~~~~~~~~~~~~~~~~~~
                       /home/letienthanh/8bitalu/rtl/alu.v:26:8: ... Location of module with timescale
   26 | module alu8bit (
      |        ^~~~~~~
%Warning-TIMESCALEMOD: /home/letienthanh/8bitalu/runs/RUN_2026-08-05_20-29-08/tmp/6ff4194e3d0b44799e1a64181fb9117a.bb.v:2854:8: Timescale missing on this module as other modules have it (IEEE 1800-2023 3.14.2.3)
 2854 | module sky130_fd_sc_hd__nand3_2(Y, A, B, C, VPWR, VGND, VPB, VNB);
      |        ^~~~~~~~~~~~~~~~~~~~~~~~
                       /home/letienthanh/8bitalu/rtl/alu.v:26:8: ... Location of module with timescale
   26 | module alu8bit (
      |        ^~~~~~~
%Warning-TIMESCALEMOD: /home/letienthanh/8bitalu/runs/RUN_2026-08-05_20-29-08/tmp/6ff4194e3d0b44799e1a64181fb9117a.bb.v:2865:8: Timescale missing on this module as other modules have it (IEEE 1800-2023 3.14.2.3)
 2865 | module sky130_fd_sc_hd__nand3_4(Y, A, B, C, VPWR, VGND, VPB, VNB);
      |        ^~~~~~~~~~~~~~~~~~~~~~~~
                       /home/letienthanh/8bitalu/rtl/alu.v:26:8: ... Location of module with timescale
   26 | module alu8bit (
      |        ^~~~~~~
%Warning-TIMESCALEMOD: /home/letienthanh/8bitalu/runs/RUN_2026-08-05_20-29-08/tmp/6ff4194e3d0b44799e1a64181fb9117a.bb.v:2876:8: Timescale missing on this module as other modules have it (IEEE 1800-2023 3.14.2.3)
 2876 | module sky130_fd_sc_hd__nand3b_1(Y, A_N, B, C, VPWR, VGND, VPB, VNB);
      |        ^~~~~~~~~~~~~~~~~~~~~~~~~
                       /home/letienthanh/8bitalu/rtl/alu.v:26:8: ... Location of module with timescale
   26 | module alu8bit (
      |        ^~~~~~~
%Warning-TIMESCALEMOD: /home/letienthanh/8bitalu/runs/RUN_2026-08-05_20-29-08/tmp/6ff4194e3d0b44799e1a64181fb9117a.bb.v:2887:8: Timescale missing on this module as other modules have it (IEEE 1800-2023 3.14.2.3)
 2887 | module sky130_fd_sc_hd__nand3b_2(Y, A_N, B, C, VPWR, VGND, VPB, VNB);
      |        ^~~~~~~~~~~~~~~~~~~~~~~~~
                       /home/letienthanh/8bitalu/rtl/alu.v:26:8: ... Location of module with timescale
   26 | module alu8bit (
      |        ^~~~~~~
%Warning-TIMESCALEMOD: /home/letienthanh/8bitalu/runs/RUN_2026-08-05_20-29-08/tmp/6ff4194e3d0b44799e1a64181fb9117a.bb.v:2898:8: Timescale missing on this module as other modules have it (IEEE 1800-2023 3.14.2.3)
 2898 | module sky130_fd_sc_hd__nand3b_4(Y, A_N, B, C, VPWR, VGND, VPB, VNB);
      |        ^~~~~~~~~~~~~~~~~~~~~~~~~
                       /home/letienthanh/8bitalu/rtl/alu.v:26:8: ... Location of module with timescale
   26 | module alu8bit (
      |        ^~~~~~~
%Warning-TIMESCALEMOD: /home/letienthanh/8bitalu/runs/RUN_2026-08-05_20-29-08/tmp/6ff4194e3d0b44799e1a64181fb9117a.bb.v:2909:8: Timescale missing on this module as other modules have it (IEEE 1800-2023 3.14.2.3)
 2909 | module sky130_fd_sc_hd__nand4_1(Y, A, B, C, D, VPWR, VGND, VPB, VNB);
      |        ^~~~~~~~~~~~~~~~~~~~~~~~
                       /home/letienthanh/8bitalu/rtl/alu.v:26:8: ... Location of module with timescale
   26 | module alu8bit (
      |        ^~~~~~~
%Warning-TIMESCALEMOD: /home/letienthanh/8bitalu/runs/RUN_2026-08-05_20-29-08/tmp/6ff4194e3d0b44799e1a64181fb9117a.bb.v:2921:8: Timescale missing on this module as other modules have it (IEEE 1800-2023 3.14.2.3)
 2921 | module sky130_fd_sc_hd__nand4_2(Y, A, B, C, D, VPWR, VGND, VPB, VNB);
      |        ^~~~~~~~~~~~~~~~~~~~~~~~
                       /home/letienthanh/8bitalu/rtl/alu.v:26:8: ... Location of module with timescale
   26 | module alu8bit (
      |        ^~~~~~~
%Warning-TIMESCALEMOD: /home/letienthanh/8bitalu/runs/RUN_2026-08-05_20-29-08/tmp/6ff4194e3d0b44799e1a64181fb9117a.bb.v:2933:8: Timescale missing on this module as other modules have it (IEEE 1800-2023 3.14.2.3)
 2933 | module sky130_fd_sc_hd__nand4_4(Y, A, B, C, D, VPWR, VGND, VPB, VNB);
      |        ^~~~~~~~~~~~~~~~~~~~~~~~
                       /home/letienthanh/8bitalu/rtl/alu.v:26:8: ... Location of module with timescale
   26 | module alu8bit (
      |        ^~~~~~~
%Warning-TIMESCALEMOD: /home/letienthanh/8bitalu/runs/RUN_2026-08-05_20-29-08/tmp/6ff4194e3d0b44799e1a64181fb9117a.bb.v:2945:8: Timescale missing on this module as other modules have it (IEEE 1800-2023 3.14.2.3)
 2945 | module sky130_fd_sc_hd__nand4b_1(Y, A_N, B, C, D, VPWR, VGND, VPB, VNB);
      |        ^~~~~~~~~~~~~~~~~~~~~~~~~
                       /home/letienthanh/8bitalu/rtl/alu.v:26:8: ... Location of module with timescale
   26 | module alu8bit (
      |        ^~~~~~~
%Warning-TIMESCALEMOD: /home/letienthanh/8bitalu/runs/RUN_2026-08-05_20-29-08/tmp/6ff4194e3d0b44799e1a64181fb9117a.bb.v:2957:8: Timescale missing on this module as other modules have it (IEEE 1800-2023 3.14.2.3)
 2957 | module sky130_fd_sc_hd__nand4b_2(Y, A_N, B, C, D, VPWR, VGND, VPB, VNB);
      |        ^~~~~~~~~~~~~~~~~~~~~~~~~
                       /home/letienthanh/8bitalu/rtl/alu.v:26:8: ... Location of module with timescale
   26 | module alu8bit (
      |        ^~~~~~~
%Warning-TIMESCALEMOD: /home/letienthanh/8bitalu/runs/RUN_2026-08-05_20-29-08/tmp/6ff4194e3d0b44799e1a64181fb9117a.bb.v:2969:8: Timescale missing on this module as other modules have it (IEEE 1800-2023 3.14.2.3)
 2969 | module sky130_fd_sc_hd__nand4b_4(Y, A_N, B, C, D, VPWR, VGND, VPB, VNB);
      |        ^~~~~~~~~~~~~~~~~~~~~~~~~
                       /home/letienthanh/8bitalu/rtl/alu.v:26:8: ... Location of module with timescale
   26 | module alu8bit (
      |        ^~~~~~~
%Warning-TIMESCALEMOD: /home/letienthanh/8bitalu/runs/RUN_2026-08-05_20-29-08/tmp/6ff4194e3d0b44799e1a64181fb9117a.bb.v:2981:8: Timescale missing on this module as other modules have it (IEEE 1800-2023 3.14.2.3)
 2981 | module sky130_fd_sc_hd__nand4bb_1(Y, A_N, B_N, C, D, VPWR, VGND, VPB, VNB);
      |        ^~~~~~~~~~~~~~~~~~~~~~~~~~
                       /home/letienthanh/8bitalu/rtl/alu.v:26:8: ... Location of module with timescale
   26 | module alu8bit (
      |        ^~~~~~~
%Warning-TIMESCALEMOD: /home/letienthanh/8bitalu/runs/RUN_2026-08-05_20-29-08/tmp/6ff4194e3d0b44799e1a64181fb9117a.bb.v:2993:8: Timescale missing on this module as other modules have it (IEEE 1800-2023 3.14.2.3)
 2993 | module sky130_fd_sc_hd__nand4bb_2(Y, A_N, B_N, C, D, VPWR, VGND, VPB, VNB);
      |        ^~~~~~~~~~~~~~~~~~~~~~~~~~
                       /home/letienthanh/8bitalu/rtl/alu.v:26:8: ... Location of module with timescale
   26 | module alu8bit (
      |        ^~~~~~~
%Warning-TIMESCALEMOD: /home/letienthanh/8bitalu/runs/RUN_2026-08-05_20-29-08/tmp/6ff4194e3d0b44799e1a64181fb9117a.bb.v:3005:8: Timescale missing on this module as other modules have it (IEEE 1800-2023 3.14.2.3)
 3005 | module sky130_fd_sc_hd__nand4bb_4(Y, A_N, B_N, C, D, VPWR, VGND, VPB, VNB);
      |        ^~~~~~~~~~~~~~~~~~~~~~~~~~
                       /home/letienthanh/8bitalu/rtl/alu.v:26:8: ... Location of module with timescale
   26 | module alu8bit (
      |        ^~~~~~~
%Warning-TIMESCALEMOD: /home/letienthanh/8bitalu/runs/RUN_2026-08-05_20-29-08/tmp/6ff4194e3d0b44799e1a64181fb9117a.bb.v:3017:8: Timescale missing on this module as other modules have it (IEEE 1800-2023 3.14.2.3)
 3017 | module sky130_fd_sc_hd__nor2_1(Y, A, B, VPWR, VGND, VPB, VNB);
      |        ^~~~~~~~~~~~~~~~~~~~~~~
                       /home/letienthanh/8bitalu/rtl/alu.v:26:8: ... Location of module with timescale
   26 | module alu8bit (
      |        ^~~~~~~
%Warning-TIMESCALEMOD: /home/letienthanh/8bitalu/runs/RUN_2026-08-05_20-29-08/tmp/6ff4194e3d0b44799e1a64181fb9117a.bb.v:3027:8: Timescale missing on this module as other modules have it (IEEE 1800-2023 3.14.2.3)
 3027 | module sky130_fd_sc_hd__nor2_2(Y, A, B, VPWR, VGND, VPB, VNB);
      |        ^~~~~~~~~~~~~~~~~~~~~~~
                       /home/letienthanh/8bitalu/rtl/alu.v:26:8: ... Location of module with timescale
   26 | module alu8bit (
      |        ^~~~~~~
%Warning-TIMESCALEMOD: /home/letienthanh/8bitalu/runs/RUN_2026-08-05_20-29-08/tmp/6ff4194e3d0b44799e1a64181fb9117a.bb.v:3037:8: Timescale missing on this module as other modules have it (IEEE 1800-2023 3.14.2.3)
 3037 | module sky130_fd_sc_hd__nor2_4(Y, A, B, VPWR, VGND, VPB, VNB);
      |        ^~~~~~~~~~~~~~~~~~~~~~~
                       /home/letienthanh/8bitalu/rtl/alu.v:26:8: ... Location of module with timescale
   26 | module alu8bit (
      |        ^~~~~~~
%Warning-TIMESCALEMOD: /home/letienthanh/8bitalu/runs/RUN_2026-08-05_20-29-08/tmp/6ff4194e3d0b44799e1a64181fb9117a.bb.v:3047:8: Timescale missing on this module as other modules have it (IEEE 1800-2023 3.14.2.3)
 3047 | module sky130_fd_sc_hd__nor2_8(Y, A, B, VPWR, VGND, VPB, VNB);
      |        ^~~~~~~~~~~~~~~~~~~~~~~
                       /home/letienthanh/8bitalu/rtl/alu.v:26:8: ... Location of module with timescale
   26 | module alu8bit (
      |        ^~~~~~~
%Warning-TIMESCALEMOD: /home/letienthanh/8bitalu/runs/RUN_2026-08-05_20-29-08/tmp/6ff4194e3d0b44799e1a64181fb9117a.bb.v:3057:8: Timescale missing on this module as other modules have it (IEEE 1800-2023 3.14.2.3)
 3057 | module sky130_fd_sc_hd__nor2b_1(Y, A, B_N, VPWR, VGND, VPB, VNB);
      |        ^~~~~~~~~~~~~~~~~~~~~~~~
                       /home/letienthanh/8bitalu/rtl/alu.v:26:8: ... Location of module with timescale
   26 | module alu8bit (
      |        ^~~~~~~
%Warning-TIMESCALEMOD: /home/letienthanh/8bitalu/runs/RUN_2026-08-05_20-29-08/tmp/6ff4194e3d0b44799e1a64181fb9117a.bb.v:3067:8: Timescale missing on this module as other modules have it (IEEE 1800-2023 3.14.2.3)
 3067 | module sky130_fd_sc_hd__nor2b_2(Y, A, B_N, VPWR, VGND, VPB, VNB);
      |        ^~~~~~~~~~~~~~~~~~~~~~~~
                       /home/letienthanh/8bitalu/rtl/alu.v:26:8: ... Location of module with timescale
   26 | module alu8bit (
      |        ^~~~~~~
%Warning-TIMESCALEMOD: /home/letienthanh/8bitalu/runs/RUN_2026-08-05_20-29-08/tmp/6ff4194e3d0b44799e1a64181fb9117a.bb.v:3077:8: Timescale missing on this module as other modules have it (IEEE 1800-2023 3.14.2.3)
 3077 | module sky130_fd_sc_hd__nor2b_4(Y, A, B_N, VPWR, VGND, VPB, VNB);
      |        ^~~~~~~~~~~~~~~~~~~~~~~~
                       /home/letienthanh/8bitalu/rtl/alu.v:26:8: ... Location of module with timescale
   26 | module alu8bit (
      |        ^~~~~~~
%Warning-TIMESCALEMOD: /home/letienthanh/8bitalu/runs/RUN_2026-08-05_20-29-08/tmp/6ff4194e3d0b44799e1a64181fb9117a.bb.v:3087:8: Timescale missing on this module as other modules have it (IEEE 1800-2023 3.14.2.3)
 3087 | module sky130_fd_sc_hd__nor3_1(Y, A, B, C, VPWR, VGND, VPB, VNB);
      |        ^~~~~~~~~~~~~~~~~~~~~~~
                       /home/letienthanh/8bitalu/rtl/alu.v:26:8: ... Location of module with timescale
   26 | module alu8bit (
      |        ^~~~~~~
%Warning-TIMESCALEMOD: /home/letienthanh/8bitalu/runs/RUN_2026-08-05_20-29-08/tmp/6ff4194e3d0b44799e1a64181fb9117a.bb.v:3098:8: Timescale missing on this module as other modules have it (IEEE 1800-2023 3.14.2.3)
 3098 | module sky130_fd_sc_hd__nor3_2(Y, A, B, C, VPWR, VGND, VPB, VNB);
      |        ^~~~~~~~~~~~~~~~~~~~~~~
                       /home/letienthanh/8bitalu/rtl/alu.v:26:8: ... Location of module with timescale
   26 | module alu8bit (
      |        ^~~~~~~
%Warning-TIMESCALEMOD: /home/letienthanh/8bitalu/runs/RUN_2026-08-05_20-29-08/tmp/6ff4194e3d0b44799e1a64181fb9117a.bb.v:3109:8: Timescale missing on this module as other modules have it (IEEE 1800-2023 3.14.2.3)
 3109 | module sky130_fd_sc_hd__nor3_4(Y, A, B, C, VPWR, VGND, VPB, VNB);
      |        ^~~~~~~~~~~~~~~~~~~~~~~
                       /home/letienthanh/8bitalu/rtl/alu.v:26:8: ... Location of module with timescale
   26 | module alu8bit (
      |        ^~~~~~~
%Warning-TIMESCALEMOD: /home/letienthanh/8bitalu/runs/RUN_2026-08-05_20-29-08/tmp/6ff4194e3d0b44799e1a64181fb9117a.bb.v:3120:8: Timescale missing on this module as other modules have it (IEEE 1800-2023 3.14.2.3)
 3120 | module sky130_fd_sc_hd__nor3b_1(Y, A, B, C_N, VPWR, VGND, VPB, VNB);
      |        ^~~~~~~~~~~~~~~~~~~~~~~~
                       /home/letienthanh/8bitalu/rtl/alu.v:26:8: ... Location of module with timescale
   26 | module alu8bit (
      |        ^~~~~~~
%Warning-TIMESCALEMOD: /home/letienthanh/8bitalu/runs/RUN_2026-08-05_20-29-08/tmp/6ff4194e3d0b44799e1a64181fb9117a.bb.v:3131:8: Timescale missing on this module as other modules have it (IEEE 1800-2023 3.14.2.3)
 3131 | module sky130_fd_sc_hd__nor3b_2(Y, A, B, C_N, VPWR, VGND, VPB, VNB);
      |        ^~~~~~~~~~~~~~~~~~~~~~~~
                       /home/letienthanh/8bitalu/rtl/alu.v:26:8: ... Location of module with timescale
   26 | module alu8bit (
      |        ^~~~~~~
%Warning-TIMESCALEMOD: /home/letienthanh/8bitalu/runs/RUN_2026-08-05_20-29-08/tmp/6ff4194e3d0b44799e1a64181fb9117a.bb.v:3142:8: Timescale missing on this module as other modules have it (IEEE 1800-2023 3.14.2.3)
 3142 | module sky130_fd_sc_hd__nor3b_4(Y, A, B, C_N, VPWR, VGND, VPB, VNB);
      |        ^~~~~~~~~~~~~~~~~~~~~~~~
                       /home/letienthanh/8bitalu/rtl/alu.v:26:8: ... Location of module with timescale
   26 | module alu8bit (
      |        ^~~~~~~
%Warning-TIMESCALEMOD: /home/letienthanh/8bitalu/runs/RUN_2026-08-05_20-29-08/tmp/6ff4194e3d0b44799e1a64181fb9117a.bb.v:3153:8: Timescale missing on this module as other modules have it (IEEE 1800-2023 3.14.2.3)
 3153 | module sky130_fd_sc_hd__nor4_1(Y, A, B, C, D, VPWR, VGND, VPB, VNB);
      |        ^~~~~~~~~~~~~~~~~~~~~~~
                       /home/letienthanh/8bitalu/rtl/alu.v:26:8: ... Location of module with timescale
   26 | module alu8bit (
      |        ^~~~~~~
%Warning-TIMESCALEMOD: /home/letienthanh/8bitalu/runs/RUN_2026-08-05_20-29-08/tmp/6ff4194e3d0b44799e1a64181fb9117a.bb.v:3165:8: Timescale missing on this module as other modules have it (IEEE 1800-2023 3.14.2.3)
 3165 | module sky130_fd_sc_hd__nor4_2(Y, A, B, C, D, VPWR, VGND, VPB, VNB);
      |        ^~~~~~~~~~~~~~~~~~~~~~~
                       /home/letienthanh/8bitalu/rtl/alu.v:26:8: ... Location of module with timescale
   26 | module alu8bit (
      |        ^~~~~~~
%Warning-TIMESCALEMOD: /home/letienthanh/8bitalu/runs/RUN_2026-08-05_20-29-08/tmp/6ff4194e3d0b44799e1a64181fb9117a.bb.v:3177:8: Timescale missing on this module as other modules have it (IEEE 1800-2023 3.14.2.3)
 3177 | module sky130_fd_sc_hd__nor4_4(Y, A, B, C, D, VPWR, VGND, VPB, VNB);
      |        ^~~~~~~~~~~~~~~~~~~~~~~
                       /home/letienthanh/8bitalu/rtl/alu.v:26:8: ... Location of module with timescale
   26 | module alu8bit (
      |        ^~~~~~~
%Warning-TIMESCALEMOD: /home/letienthanh/8bitalu/runs/RUN_2026-08-05_20-29-08/tmp/6ff4194e3d0b44799e1a64181fb9117a.bb.v:3189:8: Timescale missing on this module as other modules have it (IEEE 1800-2023 3.14.2.3)
 3189 | module sky130_fd_sc_hd__nor4b_1(Y, A, B, C, D_N, VPWR, VGND, VPB, VNB);
      |        ^~~~~~~~~~~~~~~~~~~~~~~~
                       /home/letienthanh/8bitalu/rtl/alu.v:26:8: ... Location of module with timescale
   26 | module alu8bit (
      |        ^~~~~~~
%Warning-TIMESCALEMOD: /home/letienthanh/8bitalu/runs/RUN_2026-08-05_20-29-08/tmp/6ff4194e3d0b44799e1a64181fb9117a.bb.v:3201:8: Timescale missing on this module as other modules have it (IEEE 1800-2023 3.14.2.3)
 3201 | module sky130_fd_sc_hd__nor4b_2(Y, A, B, C, D_N, VPWR, VGND, VPB, VNB);
      |        ^~~~~~~~~~~~~~~~~~~~~~~~
                       /home/letienthanh/8bitalu/rtl/alu.v:26:8: ... Location of module with timescale
   26 | module alu8bit (
      |        ^~~~~~~
%Warning-TIMESCALEMOD: /home/letienthanh/8bitalu/runs/RUN_2026-08-05_20-29-08/tmp/6ff4194e3d0b44799e1a64181fb9117a.bb.v:3213:8: Timescale missing on this module as other modules have it (IEEE 1800-2023 3.14.2.3)
 3213 | module sky130_fd_sc_hd__nor4b_4(Y, A, B, C, D_N, VPWR, VGND, VPB, VNB);
      |        ^~~~~~~~~~~~~~~~~~~~~~~~
                       /home/letienthanh/8bitalu/rtl/alu.v:26:8: ... Location of module with timescale
   26 | module alu8bit (
      |        ^~~~~~~
%Warning-TIMESCALEMOD: /home/letienthanh/8bitalu/runs/RUN_2026-08-05_20-29-08/tmp/6ff4194e3d0b44799e1a64181fb9117a.bb.v:3225:8: Timescale missing on this module as other modules have it (IEEE 1800-2023 3.14.2.3)
 3225 | module sky130_fd_sc_hd__nor4bb_1(Y, A, B, C_N, D_N, VPWR, VGND, VPB, VNB);
      |        ^~~~~~~~~~~~~~~~~~~~~~~~~
                       /home/letienthanh/8bitalu/rtl/alu.v:26:8: ... Location of module with timescale
   26 | module alu8bit (
      |        ^~~~~~~
%Warning-TIMESCALEMOD: /home/letienthanh/8bitalu/runs/RUN_2026-08-05_20-29-08/tmp/6ff4194e3d0b44799e1a64181fb9117a.bb.v:3237:8: Timescale missing on this module as other modules have it (IEEE 1800-2023 3.14.2.3)
 3237 | module sky130_fd_sc_hd__nor4bb_2(Y, A, B, C_N, D_N, VPWR, VGND, VPB, VNB);
      |        ^~~~~~~~~~~~~~~~~~~~~~~~~
                       /home/letienthanh/8bitalu/rtl/alu.v:26:8: ... Location of module with timescale
   26 | module alu8bit (
      |        ^~~~~~~
%Warning-TIMESCALEMOD: /home/letienthanh/8bitalu/runs/RUN_2026-08-05_20-29-08/tmp/6ff4194e3d0b44799e1a64181fb9117a.bb.v:3249:8: Timescale missing on this module as other modules have it (IEEE 1800-2023 3.14.2.3)
 3249 | module sky130_fd_sc_hd__nor4bb_4(Y, A, B, C_N, D_N, VPWR, VGND, VPB, VNB);
      |        ^~~~~~~~~~~~~~~~~~~~~~~~~
                       /home/letienthanh/8bitalu/rtl/alu.v:26:8: ... Location of module with timescale
   26 | module alu8bit (
      |        ^~~~~~~
%Warning-TIMESCALEMOD: /home/letienthanh/8bitalu/runs/RUN_2026-08-05_20-29-08/tmp/6ff4194e3d0b44799e1a64181fb9117a.bb.v:3261:8: Timescale missing on this module as other modules have it (IEEE 1800-2023 3.14.2.3)
 3261 | module sky130_fd_sc_hd__o2111a_1(X, A1, A2, B1, C1, D1, VPWR, VGND, VPB, VNB);
      |        ^~~~~~~~~~~~~~~~~~~~~~~~~
                       /home/letienthanh/8bitalu/rtl/alu.v:26:8: ... Location of module with timescale
   26 | module alu8bit (
      |        ^~~~~~~
%Warning-TIMESCALEMOD: /home/letienthanh/8bitalu/runs/RUN_2026-08-05_20-29-08/tmp/6ff4194e3d0b44799e1a64181fb9117a.bb.v:3274:8: Timescale missing on this module as other modules have it (IEEE 1800-2023 3.14.2.3)
 3274 | module sky130_fd_sc_hd__o2111a_2(X, A1, A2, B1, C1, D1, VPWR, VGND, VPB, VNB);
      |        ^~~~~~~~~~~~~~~~~~~~~~~~~
                       /home/letienthanh/8bitalu/rtl/alu.v:26:8: ... Location of module with timescale
   26 | module alu8bit (
      |        ^~~~~~~
%Warning-TIMESCALEMOD: /home/letienthanh/8bitalu/runs/RUN_2026-08-05_20-29-08/tmp/6ff4194e3d0b44799e1a64181fb9117a.bb.v:3287:8: Timescale missing on this module as other modules have it (IEEE 1800-2023 3.14.2.3)
 3287 | module sky130_fd_sc_hd__o2111a_4(X, A1, A2, B1, C1, D1, VPWR, VGND, VPB, VNB);
      |        ^~~~~~~~~~~~~~~~~~~~~~~~~
                       /home/letienthanh/8bitalu/rtl/alu.v:26:8: ... Location of module with timescale
   26 | module alu8bit (
      |        ^~~~~~~
%Warning-TIMESCALEMOD: /home/letienthanh/8bitalu/runs/RUN_2026-08-05_20-29-08/tmp/6ff4194e3d0b44799e1a64181fb9117a.bb.v:3300:8: Timescale missing on this module as other modules have it (IEEE 1800-2023 3.14.2.3)
 3300 | module sky130_fd_sc_hd__o2111ai_1(Y, A1, A2, B1, C1, D1, VPWR, VGND, VPB, VNB);
      |        ^~~~~~~~~~~~~~~~~~~~~~~~~~
                       /home/letienthanh/8bitalu/rtl/alu.v:26:8: ... Location of module with timescale
   26 | module alu8bit (
      |        ^~~~~~~
%Warning-TIMESCALEMOD: /home/letienthanh/8bitalu/runs/RUN_2026-08-05_20-29-08/tmp/6ff4194e3d0b44799e1a64181fb9117a.bb.v:3313:8: Timescale missing on this module as other modules have it (IEEE 1800-2023 3.14.2.3)
 3313 | module sky130_fd_sc_hd__o2111ai_2(Y, A1, A2, B1, C1, D1, VPWR, VGND, VPB, VNB);
      |        ^~~~~~~~~~~~~~~~~~~~~~~~~~
                       /home/letienthanh/8bitalu/rtl/alu.v:26:8: ... Location of module with timescale
   26 | module alu8bit (
      |        ^~~~~~~
%Warning-TIMESCALEMOD: /home/letienthanh/8bitalu/runs/RUN_2026-08-05_20-29-08/tmp/6ff4194e3d0b44799e1a64181fb9117a.bb.v:3326:8: Timescale missing on this module as other modules have it (IEEE 1800-2023 3.14.2.3)
 3326 | module sky130_fd_sc_hd__o2111ai_4(Y, A1, A2, B1, C1, D1, VPWR, VGND, VPB, VNB);
      |        ^~~~~~~~~~~~~~~~~~~~~~~~~~
                       /home/letienthanh/8bitalu/rtl/alu.v:26:8: ... Location of module with timescale
   26 | module alu8bit (
      |        ^~~~~~~
%Warning-TIMESCALEMOD: /home/letienthanh/8bitalu/runs/RUN_2026-08-05_20-29-08/tmp/6ff4194e3d0b44799e1a64181fb9117a.bb.v:3339:8: Timescale missing on this module as other modules have it (IEEE 1800-2023 3.14.2.3)
 3339 | module sky130_fd_sc_hd__o211a_1(X, A1, A2, B1, C1, VPWR, VGND, VPB, VNB);
      |        ^~~~~~~~~~~~~~~~~~~~~~~~
                       /home/letienthanh/8bitalu/rtl/alu.v:26:8: ... Location of module with timescale
   26 | module alu8bit (
      |        ^~~~~~~
%Warning-TIMESCALEMOD: /home/letienthanh/8bitalu/runs/RUN_2026-08-05_20-29-08/tmp/6ff4194e3d0b44799e1a64181fb9117a.bb.v:3351:8: Timescale missing on this module as other modules have it (IEEE 1800-2023 3.14.2.3)
 3351 | module sky130_fd_sc_hd__o211a_2(X, A1, A2, B1, C1, VPWR, VGND, VPB, VNB);
      |        ^~~~~~~~~~~~~~~~~~~~~~~~
                       /home/letienthanh/8bitalu/rtl/alu.v:26:8: ... Location of module with timescale
   26 | module alu8bit (
      |        ^~~~~~~
%Warning-TIMESCALEMOD: /home/letienthanh/8bitalu/runs/RUN_2026-08-05_20-29-08/tmp/6ff4194e3d0b44799e1a64181fb9117a.bb.v:3363:8: Timescale missing on this module as other modules have it (IEEE 1800-2023 3.14.2.3)
 3363 | module sky130_fd_sc_hd__o211a_4(X, A1, A2, B1, C1, VPWR, VGND, VPB, VNB);
      |        ^~~~~~~~~~~~~~~~~~~~~~~~
                       /home/letienthanh/8bitalu/rtl/alu.v:26:8: ... Location of module with timescale
   26 | module alu8bit (
      |        ^~~~~~~
%Warning-TIMESCALEMOD: /home/letienthanh/8bitalu/runs/RUN_2026-08-05_20-29-08/tmp/6ff4194e3d0b44799e1a64181fb9117a.bb.v:3375:8: Timescale missing on this module as other modules have it (IEEE 1800-2023 3.14.2.3)
 3375 | module sky130_fd_sc_hd__o211ai_1(Y, A1, A2, B1, C1, VPWR, VGND, VPB, VNB);
      |        ^~~~~~~~~~~~~~~~~~~~~~~~~
                       /home/letienthanh/8bitalu/rtl/alu.v:26:8: ... Location of module with timescale
   26 | module alu8bit (
      |        ^~~~~~~
%Warning-TIMESCALEMOD: /home/letienthanh/8bitalu/runs/RUN_2026-08-05_20-29-08/tmp/6ff4194e3d0b44799e1a64181fb9117a.bb.v:3387:8: Timescale missing on this module as other modules have it (IEEE 1800-2023 3.14.2.3)
 3387 | module sky130_fd_sc_hd__o211ai_2(Y, A1, A2, B1, C1, VPWR, VGND, VPB, VNB);
      |        ^~~~~~~~~~~~~~~~~~~~~~~~~
                       /home/letienthanh/8bitalu/rtl/alu.v:26:8: ... Location of module with timescale
   26 | module alu8bit (
      |        ^~~~~~~
%Warning-TIMESCALEMOD: /home/letienthanh/8bitalu/runs/RUN_2026-08-05_20-29-08/tmp/6ff4194e3d0b44799e1a64181fb9117a.bb.v:3399:8: Timescale missing on this module as other modules have it (IEEE 1800-2023 3.14.2.3)
 3399 | module sky130_fd_sc_hd__o211ai_4(Y, A1, A2, B1, C1, VPWR, VGND, VPB, VNB);
      |        ^~~~~~~~~~~~~~~~~~~~~~~~~
                       /home/letienthanh/8bitalu/rtl/alu.v:26:8: ... Location of module with timescale
   26 | module alu8bit (
      |        ^~~~~~~
%Warning-TIMESCALEMOD: /home/letienthanh/8bitalu/runs/RUN_2026-08-05_20-29-08/tmp/6ff4194e3d0b44799e1a64181fb9117a.bb.v:3411:8: Timescale missing on this module as other modules have it (IEEE 1800-2023 3.14.2.3)
 3411 | module sky130_fd_sc_hd__o21a_1(X, A1, A2, B1, VPWR, VGND, VPB, VNB);
      |        ^~~~~~~~~~~~~~~~~~~~~~~
                       /home/letienthanh/8bitalu/rtl/alu.v:26:8: ... Location of module with timescale
   26 | module alu8bit (
      |        ^~~~~~~
%Warning-TIMESCALEMOD: /home/letienthanh/8bitalu/runs/RUN_2026-08-05_20-29-08/tmp/6ff4194e3d0b44799e1a64181fb9117a.bb.v:3422:8: Timescale missing on this module as other modules have it (IEEE 1800-2023 3.14.2.3)
 3422 | module sky130_fd_sc_hd__o21a_2(X, A1, A2, B1, VPWR, VGND, VPB, VNB);
      |        ^~~~~~~~~~~~~~~~~~~~~~~
                       /home/letienthanh/8bitalu/rtl/alu.v:26:8: ... Location of module with timescale
   26 | module alu8bit (
      |        ^~~~~~~
%Warning-TIMESCALEMOD: /home/letienthanh/8bitalu/runs/RUN_2026-08-05_20-29-08/tmp/6ff4194e3d0b44799e1a64181fb9117a.bb.v:3433:8: Timescale missing on this module as other modules have it (IEEE 1800-2023 3.14.2.3)
 3433 | module sky130_fd_sc_hd__o21a_4(X, A1, A2, B1, VPWR, VGND, VPB, VNB);
      |        ^~~~~~~~~~~~~~~~~~~~~~~
                       /home/letienthanh/8bitalu/rtl/alu.v:26:8: ... Location of module with timescale
   26 | module alu8bit (
      |        ^~~~~~~
%Warning-TIMESCALEMOD: /home/letienthanh/8bitalu/runs/RUN_2026-08-05_20-29-08/tmp/6ff4194e3d0b44799e1a64181fb9117a.bb.v:3444:8: Timescale missing on this module as other modules have it (IEEE 1800-2023 3.14.2.3)
 3444 | module sky130_fd_sc_hd__o21ai_0(Y, A1, A2, B1, VPWR, VGND, VPB, VNB);
      |        ^~~~~~~~~~~~~~~~~~~~~~~~
                       /home/letienthanh/8bitalu/rtl/alu.v:26:8: ... Location of module with timescale
   26 | module alu8bit (
      |        ^~~~~~~
%Warning-TIMESCALEMOD: /home/letienthanh/8bitalu/runs/RUN_2026-08-05_20-29-08/tmp/6ff4194e3d0b44799e1a64181fb9117a.bb.v:3455:8: Timescale missing on this module as other modules have it (IEEE 1800-2023 3.14.2.3)
 3455 | module sky130_fd_sc_hd__o21ai_1(Y, A1, A2, B1, VPWR, VGND, VPB, VNB);
      |        ^~~~~~~~~~~~~~~~~~~~~~~~
                       /home/letienthanh/8bitalu/rtl/alu.v:26:8: ... Location of module with timescale
   26 | module alu8bit (
      |        ^~~~~~~
%Warning-TIMESCALEMOD: /home/letienthanh/8bitalu/runs/RUN_2026-08-05_20-29-08/tmp/6ff4194e3d0b44799e1a64181fb9117a.bb.v:3466:8: Timescale missing on this module as other modules have it (IEEE 1800-2023 3.14.2.3)
 3466 | module sky130_fd_sc_hd__o21ai_2(Y, A1, A2, B1, VPWR, VGND, VPB, VNB);
      |        ^~~~~~~~~~~~~~~~~~~~~~~~
                       /home/letienthanh/8bitalu/rtl/alu.v:26:8: ... Location of module with timescale
   26 | module alu8bit (
      |        ^~~~~~~
%Warning-TIMESCALEMOD: /home/letienthanh/8bitalu/runs/RUN_2026-08-05_20-29-08/tmp/6ff4194e3d0b44799e1a64181fb9117a.bb.v:3477:8: Timescale missing on this module as other modules have it (IEEE 1800-2023 3.14.2.3)
 3477 | module sky130_fd_sc_hd__o21ai_4(Y, A1, A2, B1, VPWR, VGND, VPB, VNB);
      |        ^~~~~~~~~~~~~~~~~~~~~~~~
                       /home/letienthanh/8bitalu/rtl/alu.v:26:8: ... Location of module with timescale
   26 | module alu8bit (
      |        ^~~~~~~
%Warning-TIMESCALEMOD: /home/letienthanh/8bitalu/runs/RUN_2026-08-05_20-29-08/tmp/6ff4194e3d0b44799e1a64181fb9117a.bb.v:3488:8: Timescale missing on this module as other modules have it (IEEE 1800-2023 3.14.2.3)
 3488 | module sky130_fd_sc_hd__o21ba_1(X, A1, A2, B1_N, VPWR, VGND, VPB, VNB);
      |        ^~~~~~~~~~~~~~~~~~~~~~~~
                       /home/letienthanh/8bitalu/rtl/alu.v:26:8: ... Location of module with timescale
   26 | module alu8bit (
      |        ^~~~~~~
%Warning-TIMESCALEMOD: /home/letienthanh/8bitalu/runs/RUN_2026-08-05_20-29-08/tmp/6ff4194e3d0b44799e1a64181fb9117a.bb.v:3499:8: Timescale missing on this module as other modules have it (IEEE 1800-2023 3.14.2.3)
 3499 | module sky130_fd_sc_hd__o21ba_2(X, A1, A2, B1_N, VPWR, VGND, VPB, VNB);
      |        ^~~~~~~~~~~~~~~~~~~~~~~~
                       /home/letienthanh/8bitalu/rtl/alu.v:26:8: ... Location of module with timescale
   26 | module alu8bit (
      |        ^~~~~~~
%Warning-TIMESCALEMOD: /home/letienthanh/8bitalu/runs/RUN_2026-08-05_20-29-08/tmp/6ff4194e3d0b44799e1a64181fb9117a.bb.v:3510:8: Timescale missing on this module as other modules have it (IEEE 1800-2023 3.14.2.3)
 3510 | module sky130_fd_sc_hd__o21ba_4(X, A1, A2, B1_N, VPWR, VGND, VPB, VNB);
      |        ^~~~~~~~~~~~~~~~~~~~~~~~
                       /home/letienthanh/8bitalu/rtl/alu.v:26:8: ... Location of module with timescale
   26 | module alu8bit (
      |        ^~~~~~~
%Warning-TIMESCALEMOD: /home/letienthanh/8bitalu/runs/RUN_2026-08-05_20-29-08/tmp/6ff4194e3d0b44799e1a64181fb9117a.bb.v:3521:8: Timescale missing on this module as other modules have it (IEEE 1800-2023 3.14.2.3)
 3521 | module sky130_fd_sc_hd__o21bai_1(Y, A1, A2, B1_N, VPWR, VGND, VPB, VNB);
      |        ^~~~~~~~~~~~~~~~~~~~~~~~~
                       /home/letienthanh/8bitalu/rtl/alu.v:26:8: ... Location of module with timescale
   26 | module alu8bit (
      |        ^~~~~~~
%Warning-TIMESCALEMOD: /home/letienthanh/8bitalu/runs/RUN_2026-08-05_20-29-08/tmp/6ff4194e3d0b44799e1a64181fb9117a.bb.v:3532:8: Timescale missing on this module as other modules have it (IEEE 1800-2023 3.14.2.3)
 3532 | module sky130_fd_sc_hd__o21bai_2(Y, A1, A2, B1_N, VPWR, VGND, VPB, VNB);
      |        ^~~~~~~~~~~~~~~~~~~~~~~~~
                       /home/letienthanh/8bitalu/rtl/alu.v:26:8: ... Location of module with timescale
   26 | module alu8bit (
      |        ^~~~~~~
%Warning-TIMESCALEMOD: /home/letienthanh/8bitalu/runs/RUN_2026-08-05_20-29-08/tmp/6ff4194e3d0b44799e1a64181fb9117a.bb.v:3543:8: Timescale missing on this module as other modules have it (IEEE 1800-2023 3.14.2.3)
 3543 | module sky130_fd_sc_hd__o21bai_4(Y, A1, A2, B1_N, VPWR, VGND, VPB, VNB);
      |        ^~~~~~~~~~~~~~~~~~~~~~~~~
                       /home/letienthanh/8bitalu/rtl/alu.v:26:8: ... Location of module with timescale
   26 | module alu8bit (
      |        ^~~~~~~
%Warning-TIMESCALEMOD: /home/letienthanh/8bitalu/runs/RUN_2026-08-05_20-29-08/tmp/6ff4194e3d0b44799e1a64181fb9117a.bb.v:3554:8: Timescale missing on this module as other modules have it (IEEE 1800-2023 3.14.2.3)
 3554 | module sky130_fd_sc_hd__o221a_1(X, A1, A2, B1, B2, C1, VPWR, VGND, VPB, VNB);
      |        ^~~~~~~~~~~~~~~~~~~~~~~~
                       /home/letienthanh/8bitalu/rtl/alu.v:26:8: ... Location of module with timescale
   26 | module alu8bit (
      |        ^~~~~~~
%Warning-TIMESCALEMOD: /home/letienthanh/8bitalu/runs/RUN_2026-08-05_20-29-08/tmp/6ff4194e3d0b44799e1a64181fb9117a.bb.v:3567:8: Timescale missing on this module as other modules have it (IEEE 1800-2023 3.14.2.3)
 3567 | module sky130_fd_sc_hd__o221a_2(X, A1, A2, B1, B2, C1, VPWR, VGND, VPB, VNB);
      |        ^~~~~~~~~~~~~~~~~~~~~~~~
                       /home/letienthanh/8bitalu/rtl/alu.v:26:8: ... Location of module with timescale
   26 | module alu8bit (
      |        ^~~~~~~
%Warning-TIMESCALEMOD: /home/letienthanh/8bitalu/runs/RUN_2026-08-05_20-29-08/tmp/6ff4194e3d0b44799e1a64181fb9117a.bb.v:3580:8: Timescale missing on this module as other modules have it (IEEE 1800-2023 3.14.2.3)
 3580 | module sky130_fd_sc_hd__o221a_4(X, A1, A2, B1, B2, C1, VPWR, VGND, VPB, VNB);
      |        ^~~~~~~~~~~~~~~~~~~~~~~~
                       /home/letienthanh/8bitalu/rtl/alu.v:26:8: ... Location of module with timescale
   26 | module alu8bit (
      |        ^~~~~~~
%Warning-TIMESCALEMOD: /home/letienthanh/8bitalu/runs/RUN_2026-08-05_20-29-08/tmp/6ff4194e3d0b44799e1a64181fb9117a.bb.v:3593:8: Timescale missing on this module as other modules have it (IEEE 1800-2023 3.14.2.3)
 3593 | module sky130_fd_sc_hd__o221ai_1(Y, A1, A2, B1, B2, C1, VPWR, VGND, VPB, VNB);
      |        ^~~~~~~~~~~~~~~~~~~~~~~~~
                       /home/letienthanh/8bitalu/rtl/alu.v:26:8: ... Location of module with timescale
   26 | module alu8bit (
      |        ^~~~~~~
%Warning-TIMESCALEMOD: /home/letienthanh/8bitalu/runs/RUN_2026-08-05_20-29-08/tmp/6ff4194e3d0b44799e1a64181fb9117a.bb.v:3606:8: Timescale missing on this module as other modules have it (IEEE 1800-2023 3.14.2.3)
 3606 | module sky130_fd_sc_hd__o221ai_2(Y, A1, A2, B1, B2, C1, VPWR, VGND, VPB, VNB);
      |        ^~~~~~~~~~~~~~~~~~~~~~~~~
                       /home/letienthanh/8bitalu/rtl/alu.v:26:8: ... Location of module with timescale
   26 | module alu8bit (
      |        ^~~~~~~
%Warning-TIMESCALEMOD: /home/letienthanh/8bitalu/runs/RUN_2026-08-05_20-29-08/tmp/6ff4194e3d0b44799e1a64181fb9117a.bb.v:3619:8: Timescale missing on this module as other modules have it (IEEE 1800-2023 3.14.2.3)
 3619 | module sky130_fd_sc_hd__o221ai_4(Y, A1, A2, B1, B2, C1, VPWR, VGND, VPB, VNB);
      |        ^~~~~~~~~~~~~~~~~~~~~~~~~
                       /home/letienthanh/8bitalu/rtl/alu.v:26:8: ... Location of module with timescale
   26 | module alu8bit (
      |        ^~~~~~~
%Warning-TIMESCALEMOD: /home/letienthanh/8bitalu/runs/RUN_2026-08-05_20-29-08/tmp/6ff4194e3d0b44799e1a64181fb9117a.bb.v:3632:8: Timescale missing on this module as other modules have it (IEEE 1800-2023 3.14.2.3)
 3632 | module sky130_fd_sc_hd__o22a_1(X, A1, A2, B1, B2, VPWR, VGND, VPB, VNB);
      |        ^~~~~~~~~~~~~~~~~~~~~~~
                       /home/letienthanh/8bitalu/rtl/alu.v:26:8: ... Location of module with timescale
   26 | module alu8bit (
      |        ^~~~~~~
%Warning-TIMESCALEMOD: /home/letienthanh/8bitalu/runs/RUN_2026-08-05_20-29-08/tmp/6ff4194e3d0b44799e1a64181fb9117a.bb.v:3644:8: Timescale missing on this module as other modules have it (IEEE 1800-2023 3.14.2.3)
 3644 | module sky130_fd_sc_hd__o22a_2(X, A1, A2, B1, B2, VPWR, VGND, VPB, VNB);
      |        ^~~~~~~~~~~~~~~~~~~~~~~
                       /home/letienthanh/8bitalu/rtl/alu.v:26:8: ... Location of module with timescale
   26 | module alu8bit (
      |        ^~~~~~~
%Warning-TIMESCALEMOD: /home/letienthanh/8bitalu/runs/RUN_2026-08-05_20-29-08/tmp/6ff4194e3d0b44799e1a64181fb9117a.bb.v:3656:8: Timescale missing on this module as other modules have it (IEEE 1800-2023 3.14.2.3)
 3656 | module sky130_fd_sc_hd__o22a_4(X, A1, A2, B1, B2, VPWR, VGND, VPB, VNB);
      |        ^~~~~~~~~~~~~~~~~~~~~~~
                       /home/letienthanh/8bitalu/rtl/alu.v:26:8: ... Location of module with timescale
   26 | module alu8bit (
      |        ^~~~~~~
%Warning-TIMESCALEMOD: /home/letienthanh/8bitalu/runs/RUN_2026-08-05_20-29-08/tmp/6ff4194e3d0b44799e1a64181fb9117a.bb.v:3668:8: Timescale missing on this module as other modules have it (IEEE 1800-2023 3.14.2.3)
 3668 | module sky130_fd_sc_hd__o22ai_1(Y, A1, A2, B1, B2, VPWR, VGND, VPB, VNB);
      |        ^~~~~~~~~~~~~~~~~~~~~~~~
                       /home/letienthanh/8bitalu/rtl/alu.v:26:8: ... Location of module with timescale
   26 | module alu8bit (
      |        ^~~~~~~
%Warning-TIMESCALEMOD: /home/letienthanh/8bitalu/runs/RUN_2026-08-05_20-29-08/tmp/6ff4194e3d0b44799e1a64181fb9117a.bb.v:3680:8: Timescale missing on this module as other modules have it (IEEE 1800-2023 3.14.2.3)
 3680 | module sky130_fd_sc_hd__o22ai_2(Y, A1, A2, B1, B2, VPWR, VGND, VPB, VNB);
      |        ^~~~~~~~~~~~~~~~~~~~~~~~
                       /home/letienthanh/8bitalu/rtl/alu.v:26:8: ... Location of module with timescale
   26 | module alu8bit (
      |        ^~~~~~~
%Warning-TIMESCALEMOD: /home/letienthanh/8bitalu/runs/RUN_2026-08-05_20-29-08/tmp/6ff4194e3d0b44799e1a64181fb9117a.bb.v:3692:8: Timescale missing on this module as other modules have it (IEEE 1800-2023 3.14.2.3)
 3692 | module sky130_fd_sc_hd__o22ai_4(Y, A1, A2, B1, B2, VPWR, VGND, VPB, VNB);
      |        ^~~~~~~~~~~~~~~~~~~~~~~~
                       /home/letienthanh/8bitalu/rtl/alu.v:26:8: ... Location of module with timescale
   26 | module alu8bit (
      |        ^~~~~~~
%Warning-TIMESCALEMOD: /home/letienthanh/8bitalu/runs/RUN_2026-08-05_20-29-08/tmp/6ff4194e3d0b44799e1a64181fb9117a.bb.v:3704:8: Timescale missing on this module as other modules have it (IEEE 1800-2023 3.14.2.3)
 3704 | module sky130_fd_sc_hd__o2bb2a_1(X, A1_N, A2_N, B1, B2, VPWR, VGND, VPB, VNB);
      |        ^~~~~~~~~~~~~~~~~~~~~~~~~
                       /home/letienthanh/8bitalu/rtl/alu.v:26:8: ... Location of module with timescale
   26 | module alu8bit (
      |        ^~~~~~~
%Warning-TIMESCALEMOD: /home/letienthanh/8bitalu/runs/RUN_2026-08-05_20-29-08/tmp/6ff4194e3d0b44799e1a64181fb9117a.bb.v:3716:8: Timescale missing on this module as other modules have it (IEEE 1800-2023 3.14.2.3)
 3716 | module sky130_fd_sc_hd__o2bb2a_2(X, A1_N, A2_N, B1, B2, VPWR, VGND, VPB, VNB);
      |        ^~~~~~~~~~~~~~~~~~~~~~~~~
                       /home/letienthanh/8bitalu/rtl/alu.v:26:8: ... Location of module with timescale
   26 | module alu8bit (
      |        ^~~~~~~
%Warning-TIMESCALEMOD: /home/letienthanh/8bitalu/runs/RUN_2026-08-05_20-29-08/tmp/6ff4194e3d0b44799e1a64181fb9117a.bb.v:3728:8: Timescale missing on this module as other modules have it (IEEE 1800-2023 3.14.2.3)
 3728 | module sky130_fd_sc_hd__o2bb2a_4(X, A1_N, A2_N, B1, B2, VPWR, VGND, VPB, VNB);
      |        ^~~~~~~~~~~~~~~~~~~~~~~~~
                       /home/letienthanh/8bitalu/rtl/alu.v:26:8: ... Location of module with timescale
   26 | module alu8bit (
      |        ^~~~~~~
%Warning-TIMESCALEMOD: /home/letienthanh/8bitalu/runs/RUN_2026-08-05_20-29-08/tmp/6ff4194e3d0b44799e1a64181fb9117a.bb.v:3740:8: Timescale missing on this module as other modules have it (IEEE 1800-2023 3.14.2.3)
 3740 | module sky130_fd_sc_hd__o2bb2ai_1(Y, A1_N, A2_N, B1, B2, VPWR, VGND, VPB, VNB);
      |        ^~~~~~~~~~~~~~~~~~~~~~~~~~
                       /home/letienthanh/8bitalu/rtl/alu.v:26:8: ... Location of module with timescale
   26 | module alu8bit (
      |        ^~~~~~~
%Warning-TIMESCALEMOD: /home/letienthanh/8bitalu/runs/RUN_2026-08-05_20-29-08/tmp/6ff4194e3d0b44799e1a64181fb9117a.bb.v:3752:8: Timescale missing on this module as other modules have it (IEEE 1800-2023 3.14.2.3)
 3752 | module sky130_fd_sc_hd__o2bb2ai_2(Y, A1_N, A2_N, B1, B2, VPWR, VGND, VPB, VNB);
      |        ^~~~~~~~~~~~~~~~~~~~~~~~~~
                       /home/letienthanh/8bitalu/rtl/alu.v:26:8: ... Location of module with timescale
   26 | module alu8bit (
      |        ^~~~~~~
%Warning-TIMESCALEMOD: /home/letienthanh/8bitalu/runs/RUN_2026-08-05_20-29-08/tmp/6ff4194e3d0b44799e1a64181fb9117a.bb.v:3764:8: Timescale missing on this module as other modules have it (IEEE 1800-2023 3.14.2.3)
 3764 | module sky130_fd_sc_hd__o2bb2ai_4(Y, A1_N, A2_N, B1, B2, VPWR, VGND, VPB, VNB);
      |        ^~~~~~~~~~~~~~~~~~~~~~~~~~
                       /home/letienthanh/8bitalu/rtl/alu.v:26:8: ... Location of module with timescale
   26 | module alu8bit (
      |        ^~~~~~~
%Warning-TIMESCALEMOD: /home/letienthanh/8bitalu/runs/RUN_2026-08-05_20-29-08/tmp/6ff4194e3d0b44799e1a64181fb9117a.bb.v:3776:8: Timescale missing on this module as other modules have it (IEEE 1800-2023 3.14.2.3)
 3776 | module sky130_fd_sc_hd__o311a_1(X, A1, A2, A3, B1, C1, VPWR, VGND, VPB, VNB);
      |        ^~~~~~~~~~~~~~~~~~~~~~~~
                       /home/letienthanh/8bitalu/rtl/alu.v:26:8: ... Location of module with timescale
   26 | module alu8bit (
      |        ^~~~~~~
%Warning-TIMESCALEMOD: /home/letienthanh/8bitalu/runs/RUN_2026-08-05_20-29-08/tmp/6ff4194e3d0b44799e1a64181fb9117a.bb.v:3789:8: Timescale missing on this module as other modules have it (IEEE 1800-2023 3.14.2.3)
 3789 | module sky130_fd_sc_hd__o311a_2(X, A1, A2, A3, B1, C1, VPWR, VGND, VPB, VNB);
      |        ^~~~~~~~~~~~~~~~~~~~~~~~
                       /home/letienthanh/8bitalu/rtl/alu.v:26:8: ... Location of module with timescale
   26 | module alu8bit (
      |        ^~~~~~~
%Warning-TIMESCALEMOD: /home/letienthanh/8bitalu/runs/RUN_2026-08-05_20-29-08/tmp/6ff4194e3d0b44799e1a64181fb9117a.bb.v:3802:8: Timescale missing on this module as other modules have it (IEEE 1800-2023 3.14.2.3)
 3802 | module sky130_fd_sc_hd__o311a_4(X, A1, A2, A3, B1, C1, VPWR, VGND, VPB, VNB);
      |        ^~~~~~~~~~~~~~~~~~~~~~~~
                       /home/letienthanh/8bitalu/rtl/alu.v:26:8: ... Location of module with timescale
   26 | module alu8bit (
      |        ^~~~~~~
%Warning-TIMESCALEMOD: /home/letienthanh/8bitalu/runs/RUN_2026-08-05_20-29-08/tmp/6ff4194e3d0b44799e1a64181fb9117a.bb.v:3815:8: Timescale missing on this module as other modules have it (IEEE 1800-2023 3.14.2.3)
 3815 | module sky130_fd_sc_hd__o311ai_0(Y, A1, A2, A3, B1, C1, VPWR, VGND, VPB, VNB);
      |        ^~~~~~~~~~~~~~~~~~~~~~~~~
                       /home/letienthanh/8bitalu/rtl/alu.v:26:8: ... Location of module with timescale
   26 | module alu8bit (
      |        ^~~~~~~
%Warning-TIMESCALEMOD: /home/letienthanh/8bitalu/runs/RUN_2026-08-05_20-29-08/tmp/6ff4194e3d0b44799e1a64181fb9117a.bb.v:3828:8: Timescale missing on this module as other modules have it (IEEE 1800-2023 3.14.2.3)
 3828 | module sky130_fd_sc_hd__o311ai_1(Y, A1, A2, A3, B1, C1, VPWR, VGND, VPB, VNB);
      |        ^~~~~~~~~~~~~~~~~~~~~~~~~
                       /home/letienthanh/8bitalu/rtl/alu.v:26:8: ... Location of module with timescale
   26 | module alu8bit (
      |        ^~~~~~~
%Warning-TIMESCALEMOD: /home/letienthanh/8bitalu/runs/RUN_2026-08-05_20-29-08/tmp/6ff4194e3d0b44799e1a64181fb9117a.bb.v:3841:8: Timescale missing on this module as other modules have it (IEEE 1800-2023 3.14.2.3)
 3841 | module sky130_fd_sc_hd__o311ai_2(Y, A1, A2, A3, B1, C1, VPWR, VGND, VPB, VNB);
      |        ^~~~~~~~~~~~~~~~~~~~~~~~~
                       /home/letienthanh/8bitalu/rtl/alu.v:26:8: ... Location of module with timescale
   26 | module alu8bit (
      |        ^~~~~~~
%Warning-TIMESCALEMOD: /home/letienthanh/8bitalu/runs/RUN_2026-08-05_20-29-08/tmp/6ff4194e3d0b44799e1a64181fb9117a.bb.v:3854:8: Timescale missing on this module as other modules have it (IEEE 1800-2023 3.14.2.3)
 3854 | module sky130_fd_sc_hd__o311ai_4(Y, A1, A2, A3, B1, C1, VPWR, VGND, VPB, VNB);
      |        ^~~~~~~~~~~~~~~~~~~~~~~~~
                       /home/letienthanh/8bitalu/rtl/alu.v:26:8: ... Location of module with timescale
   26 | module alu8bit (
      |        ^~~~~~~
%Warning-TIMESCALEMOD: /home/letienthanh/8bitalu/runs/RUN_2026-08-05_20-29-08/tmp/6ff4194e3d0b44799e1a64181fb9117a.bb.v:3867:8: Timescale missing on this module as other modules have it (IEEE 1800-2023 3.14.2.3)
 3867 | module sky130_fd_sc_hd__o31a_1(X, A1, A2, A3, B1, VPWR, VGND, VPB, VNB);
      |        ^~~~~~~~~~~~~~~~~~~~~~~
                       /home/letienthanh/8bitalu/rtl/alu.v:26:8: ... Location of module with timescale
   26 | module alu8bit (
      |        ^~~~~~~
%Warning-TIMESCALEMOD: /home/letienthanh/8bitalu/runs/RUN_2026-08-05_20-29-08/tmp/6ff4194e3d0b44799e1a64181fb9117a.bb.v:3879:8: Timescale missing on this module as other modules have it (IEEE 1800-2023 3.14.2.3)
 3879 | module sky130_fd_sc_hd__o31a_2(X, A1, A2, A3, B1, VPWR, VGND, VPB, VNB);
      |        ^~~~~~~~~~~~~~~~~~~~~~~
                       /home/letienthanh/8bitalu/rtl/alu.v:26:8: ... Location of module with timescale
   26 | module alu8bit (
      |        ^~~~~~~
%Warning-TIMESCALEMOD: /home/letienthanh/8bitalu/runs/RUN_2026-08-05_20-29-08/tmp/6ff4194e3d0b44799e1a64181fb9117a.bb.v:3891:8: Timescale missing on this module as other modules have it (IEEE 1800-2023 3.14.2.3)
 3891 | module sky130_fd_sc_hd__o31a_4(X, A1, A2, A3, B1, VPWR, VGND, VPB, VNB);
      |        ^~~~~~~~~~~~~~~~~~~~~~~
                       /home/letienthanh/8bitalu/rtl/alu.v:26:8: ... Location of module with timescale
   26 | module alu8bit (
      |        ^~~~~~~
%Warning-TIMESCALEMOD: /home/letienthanh/8bitalu/runs/RUN_2026-08-05_20-29-08/tmp/6ff4194e3d0b44799e1a64181fb9117a.bb.v:3903:8: Timescale missing on this module as other modules have it (IEEE 1800-2023 3.14.2.3)
 3903 | module sky130_fd_sc_hd__o31ai_1(Y, A1, A2, A3, B1, VPWR, VGND, VPB, VNB);
      |        ^~~~~~~~~~~~~~~~~~~~~~~~
                       /home/letienthanh/8bitalu/rtl/alu.v:26:8: ... Location of module with timescale
   26 | module alu8bit (
      |        ^~~~~~~
%Warning-TIMESCALEMOD: /home/letienthanh/8bitalu/runs/RUN_2026-08-05_20-29-08/tmp/6ff4194e3d0b44799e1a64181fb9117a.bb.v:3915:8: Timescale missing on this module as other modules have it (IEEE 1800-2023 3.14.2.3)
 3915 | module sky130_fd_sc_hd__o31ai_2(Y, A1, A2, A3, B1, VPWR, VGND, VPB, VNB);
      |        ^~~~~~~~~~~~~~~~~~~~~~~~
                       /home/letienthanh/8bitalu/rtl/alu.v:26:8: ... Location of module with timescale
   26 | module alu8bit (
      |        ^~~~~~~
%Warning-TIMESCALEMOD: /home/letienthanh/8bitalu/runs/RUN_2026-08-05_20-29-08/tmp/6ff4194e3d0b44799e1a64181fb9117a.bb.v:3927:8: Timescale missing on this module as other modules have it (IEEE 1800-2023 3.14.2.3)
 3927 | module sky130_fd_sc_hd__o31ai_4(Y, A1, A2, A3, B1, VPWR, VGND, VPB, VNB);
      |        ^~~~~~~~~~~~~~~~~~~~~~~~
                       /home/letienthanh/8bitalu/rtl/alu.v:26:8: ... Location of module with timescale
   26 | module alu8bit (
      |        ^~~~~~~
%Warning-TIMESCALEMOD: /home/letienthanh/8bitalu/runs/RUN_2026-08-05_20-29-08/tmp/6ff4194e3d0b44799e1a64181fb9117a.bb.v:3939:8: Timescale missing on this module as other modules have it (IEEE 1800-2023 3.14.2.3)
 3939 | module sky130_fd_sc_hd__o32a_1(X, A1, A2, A3, B1, B2, VPWR, VGND, VPB, VNB);
      |        ^~~~~~~~~~~~~~~~~~~~~~~
                       /home/letienthanh/8bitalu/rtl/alu.v:26:8: ... Location of module with timescale
   26 | module alu8bit (
      |        ^~~~~~~
%Warning-TIMESCALEMOD: /home/letienthanh/8bitalu/runs/RUN_2026-08-05_20-29-08/tmp/6ff4194e3d0b44799e1a64181fb9117a.bb.v:3952:8: Timescale missing on this module as other modules have it (IEEE 1800-2023 3.14.2.3)
 3952 | module sky130_fd_sc_hd__o32a_2(X, A1, A2, A3, B1, B2, VPWR, VGND, VPB, VNB);
      |        ^~~~~~~~~~~~~~~~~~~~~~~
                       /home/letienthanh/8bitalu/rtl/alu.v:26:8: ... Location of module with timescale
   26 | module alu8bit (
      |        ^~~~~~~
%Warning-TIMESCALEMOD: /home/letienthanh/8bitalu/runs/RUN_2026-08-05_20-29-08/tmp/6ff4194e3d0b44799e1a64181fb9117a.bb.v:3965:8: Timescale missing on this module as other modules have it (IEEE 1800-2023 3.14.2.3)
 3965 | module sky130_fd_sc_hd__o32a_4(X, A1, A2, A3, B1, B2, VPWR, VGND, VPB, VNB);
      |        ^~~~~~~~~~~~~~~~~~~~~~~
                       /home/letienthanh/8bitalu/rtl/alu.v:26:8: ... Location of module with timescale
   26 | module alu8bit (
      |        ^~~~~~~
%Warning-TIMESCALEMOD: /home/letienthanh/8bitalu/runs/RUN_2026-08-05_20-29-08/tmp/6ff4194e3d0b44799e1a64181fb9117a.bb.v:3978:8: Timescale missing on this module as other modules have it (IEEE 1800-2023 3.14.2.3)
 3978 | module sky130_fd_sc_hd__o32ai_1(Y, A1, A2, A3, B1, B2, VPWR, VGND, VPB, VNB);
      |        ^~~~~~~~~~~~~~~~~~~~~~~~
                       /home/letienthanh/8bitalu/rtl/alu.v:26:8: ... Location of module with timescale
   26 | module alu8bit (
      |        ^~~~~~~
%Warning-TIMESCALEMOD: /home/letienthanh/8bitalu/runs/RUN_2026-08-05_20-29-08/tmp/6ff4194e3d0b44799e1a64181fb9117a.bb.v:3991:8: Timescale missing on this module as other modules have it (IEEE 1800-2023 3.14.2.3)
 3991 | module sky130_fd_sc_hd__o32ai_2(Y, A1, A2, A3, B1, B2, VPWR, VGND, VPB, VNB);
      |        ^~~~~~~~~~~~~~~~~~~~~~~~
                       /home/letienthanh/8bitalu/rtl/alu.v:26:8: ... Location of module with timescale
   26 | module alu8bit (
      |        ^~~~~~~
%Warning-TIMESCALEMOD: /home/letienthanh/8bitalu/runs/RUN_2026-08-05_20-29-08/tmp/6ff4194e3d0b44799e1a64181fb9117a.bb.v:4004:8: Timescale missing on this module as other modules have it (IEEE 1800-2023 3.14.2.3)
 4004 | module sky130_fd_sc_hd__o32ai_4(Y, A1, A2, A3, B1, B2, VPWR, VGND, VPB, VNB);
      |        ^~~~~~~~~~~~~~~~~~~~~~~~
                       /home/letienthanh/8bitalu/rtl/alu.v:26:8: ... Location of module with timescale
   26 | module alu8bit (
      |        ^~~~~~~
%Warning-TIMESCALEMOD: /home/letienthanh/8bitalu/runs/RUN_2026-08-05_20-29-08/tmp/6ff4194e3d0b44799e1a64181fb9117a.bb.v:4017:8: Timescale missing on this module as other modules have it (IEEE 1800-2023 3.14.2.3)
 4017 | module sky130_fd_sc_hd__o41a_1(X, A1, A2, A3, A4, B1, VPWR, VGND, VPB, VNB);
      |        ^~~~~~~~~~~~~~~~~~~~~~~
                       /home/letienthanh/8bitalu/rtl/alu.v:26:8: ... Location of module with timescale
   26 | module alu8bit (
      |        ^~~~~~~
%Warning-TIMESCALEMOD: /home/letienthanh/8bitalu/runs/RUN_2026-08-05_20-29-08/tmp/6ff4194e3d0b44799e1a64181fb9117a.bb.v:4030:8: Timescale missing on this module as other modules have it (IEEE 1800-2023 3.14.2.3)
 4030 | module sky130_fd_sc_hd__o41a_2(X, A1, A2, A3, A4, B1, VPWR, VGND, VPB, VNB);
      |        ^~~~~~~~~~~~~~~~~~~~~~~
                       /home/letienthanh/8bitalu/rtl/alu.v:26:8: ... Location of module with timescale
   26 | module alu8bit (
      |        ^~~~~~~
%Warning-TIMESCALEMOD: /home/letienthanh/8bitalu/runs/RUN_2026-08-05_20-29-08/tmp/6ff4194e3d0b44799e1a64181fb9117a.bb.v:4043:8: Timescale missing on this module as other modules have it (IEEE 1800-2023 3.14.2.3)
 4043 | module sky130_fd_sc_hd__o41a_4(X, A1, A2, A3, A4, B1, VPWR, VGND, VPB, VNB);
      |        ^~~~~~~~~~~~~~~~~~~~~~~
                       /home/letienthanh/8bitalu/rtl/alu.v:26:8: ... Location of module with timescale
   26 | module alu8bit (
      |        ^~~~~~~
%Warning-TIMESCALEMOD: /home/letienthanh/8bitalu/runs/RUN_2026-08-05_20-29-08/tmp/6ff4194e3d0b44799e1a64181fb9117a.bb.v:4056:8: Timescale missing on this module as other modules have it (IEEE 1800-2023 3.14.2.3)
 4056 | module sky130_fd_sc_hd__o41ai_1(Y, A1, A2, A3, A4, B1, VPWR, VGND, VPB, VNB);
      |        ^~~~~~~~~~~~~~~~~~~~~~~~
                       /home/letienthanh/8bitalu/rtl/alu.v:26:8: ... Location of module with timescale
   26 | module alu8bit (
      |        ^~~~~~~
%Warning-TIMESCALEMOD: /home/letienthanh/8bitalu/runs/RUN_2026-08-05_20-29-08/tmp/6ff4194e3d0b44799e1a64181fb9117a.bb.v:4069:8: Timescale missing on this module as other modules have it (IEEE 1800-2023 3.14.2.3)
 4069 | module sky130_fd_sc_hd__o41ai_2(Y, A1, A2, A3, A4, B1, VPWR, VGND, VPB, VNB);
      |        ^~~~~~~~~~~~~~~~~~~~~~~~
                       /home/letienthanh/8bitalu/rtl/alu.v:26:8: ... Location of module with timescale
   26 | module alu8bit (
      |        ^~~~~~~
%Warning-TIMESCALEMOD: /home/letienthanh/8bitalu/runs/RUN_2026-08-05_20-29-08/tmp/6ff4194e3d0b44799e1a64181fb9117a.bb.v:4082:8: Timescale missing on this module as other modules have it (IEEE 1800-2023 3.14.2.3)
 4082 | module sky130_fd_sc_hd__o41ai_4(Y, A1, A2, A3, A4, B1, VPWR, VGND, VPB, VNB);
      |        ^~~~~~~~~~~~~~~~~~~~~~~~
                       /home/letienthanh/8bitalu/rtl/alu.v:26:8: ... Location of module with timescale
   26 | module alu8bit (
      |        ^~~~~~~
%Warning-TIMESCALEMOD: /home/letienthanh/8bitalu/runs/RUN_2026-08-05_20-29-08/tmp/6ff4194e3d0b44799e1a64181fb9117a.bb.v:4095:8: Timescale missing on this module as other modules have it (IEEE 1800-2023 3.14.2.3)
 4095 | module sky130_fd_sc_hd__or2_0(X, A, B, VPWR, VGND, VPB, VNB);
      |        ^~~~~~~~~~~~~~~~~~~~~~
                       /home/letienthanh/8bitalu/rtl/alu.v:26:8: ... Location of module with timescale
   26 | module alu8bit (
      |        ^~~~~~~
%Warning-TIMESCALEMOD: /home/letienthanh/8bitalu/runs/RUN_2026-08-05_20-29-08/tmp/6ff4194e3d0b44799e1a64181fb9117a.bb.v:4105:8: Timescale missing on this module as other modules have it (IEEE 1800-2023 3.14.2.3)
 4105 | module sky130_fd_sc_hd__or2_1(X, A, B, VPWR, VGND, VPB, VNB);
      |        ^~~~~~~~~~~~~~~~~~~~~~
                       /home/letienthanh/8bitalu/rtl/alu.v:26:8: ... Location of module with timescale
   26 | module alu8bit (
      |        ^~~~~~~
%Warning-TIMESCALEMOD: /home/letienthanh/8bitalu/runs/RUN_2026-08-05_20-29-08/tmp/6ff4194e3d0b44799e1a64181fb9117a.bb.v:4115:8: Timescale missing on this module as other modules have it (IEEE 1800-2023 3.14.2.3)
 4115 | module sky130_fd_sc_hd__or2_2(X, A, B, VPWR, VGND, VPB, VNB);
      |        ^~~~~~~~~~~~~~~~~~~~~~
                       /home/letienthanh/8bitalu/rtl/alu.v:26:8: ... Location of module with timescale
   26 | module alu8bit (
      |        ^~~~~~~
%Warning-TIMESCALEMOD: /home/letienthanh/8bitalu/runs/RUN_2026-08-05_20-29-08/tmp/6ff4194e3d0b44799e1a64181fb9117a.bb.v:4125:8: Timescale missing on this module as other modules have it (IEEE 1800-2023 3.14.2.3)
 4125 | module sky130_fd_sc_hd__or2_4(X, A, B, VPWR, VGND, VPB, VNB);
      |        ^~~~~~~~~~~~~~~~~~~~~~
                       /home/letienthanh/8bitalu/rtl/alu.v:26:8: ... Location of module with timescale
   26 | module alu8bit (
      |        ^~~~~~~
%Warning-TIMESCALEMOD: /home/letienthanh/8bitalu/runs/RUN_2026-08-05_20-29-08/tmp/6ff4194e3d0b44799e1a64181fb9117a.bb.v:4135:8: Timescale missing on this module as other modules have it (IEEE 1800-2023 3.14.2.3)
 4135 | module sky130_fd_sc_hd__or2b_1(X, A, B_N, VPWR, VGND, VPB, VNB);
      |        ^~~~~~~~~~~~~~~~~~~~~~~
                       /home/letienthanh/8bitalu/rtl/alu.v:26:8: ... Location of module with timescale
   26 | module alu8bit (
      |        ^~~~~~~
%Warning-TIMESCALEMOD: /home/letienthanh/8bitalu/runs/RUN_2026-08-05_20-29-08/tmp/6ff4194e3d0b44799e1a64181fb9117a.bb.v:4145:8: Timescale missing on this module as other modules have it (IEEE 1800-2023 3.14.2.3)
 4145 | module sky130_fd_sc_hd__or2b_2(X, A, B_N, VPWR, VGND, VPB, VNB);
      |        ^~~~~~~~~~~~~~~~~~~~~~~
                       /home/letienthanh/8bitalu/rtl/alu.v:26:8: ... Location of module with timescale
   26 | module alu8bit (
      |        ^~~~~~~
%Warning-TIMESCALEMOD: /home/letienthanh/8bitalu/runs/RUN_2026-08-05_20-29-08/tmp/6ff4194e3d0b44799e1a64181fb9117a.bb.v:4155:8: Timescale missing on this module as other modules have it (IEEE 1800-2023 3.14.2.3)
 4155 | module sky130_fd_sc_hd__or2b_4(X, A, B_N, VPWR, VGND, VPB, VNB);
      |        ^~~~~~~~~~~~~~~~~~~~~~~
                       /home/letienthanh/8bitalu/rtl/alu.v:26:8: ... Location of module with timescale
   26 | module alu8bit (
      |        ^~~~~~~
%Warning-TIMESCALEMOD: /home/letienthanh/8bitalu/runs/RUN_2026-08-05_20-29-08/tmp/6ff4194e3d0b44799e1a64181fb9117a.bb.v:4165:8: Timescale missing on this module as other modules have it (IEEE 1800-2023 3.14.2.3)
 4165 | module sky130_fd_sc_hd__or3_1(X, A, B, C, VPWR, VGND, VPB, VNB);
      |        ^~~~~~~~~~~~~~~~~~~~~~
                       /home/letienthanh/8bitalu/rtl/alu.v:26:8: ... Location of module with timescale
   26 | module alu8bit (
      |        ^~~~~~~
%Warning-TIMESCALEMOD: /home/letienthanh/8bitalu/runs/RUN_2026-08-05_20-29-08/tmp/6ff4194e3d0b44799e1a64181fb9117a.bb.v:4176:8: Timescale missing on this module as other modules have it (IEEE 1800-2023 3.14.2.3)
 4176 | module sky130_fd_sc_hd__or3_2(X, A, B, C, VPWR, VGND, VPB, VNB);
      |        ^~~~~~~~~~~~~~~~~~~~~~
                       /home/letienthanh/8bitalu/rtl/alu.v:26:8: ... Location of module with timescale
   26 | module alu8bit (
      |        ^~~~~~~
%Warning-TIMESCALEMOD: /home/letienthanh/8bitalu/runs/RUN_2026-08-05_20-29-08/tmp/6ff4194e3d0b44799e1a64181fb9117a.bb.v:4187:8: Timescale missing on this module as other modules have it (IEEE 1800-2023 3.14.2.3)
 4187 | module sky130_fd_sc_hd__or3_4(X, A, B, C, VPWR, VGND, VPB, VNB);
      |        ^~~~~~~~~~~~~~~~~~~~~~
                       /home/letienthanh/8bitalu/rtl/alu.v:26:8: ... Location of module with timescale
   26 | module alu8bit (
      |        ^~~~~~~
%Warning-TIMESCALEMOD: /home/letienthanh/8bitalu/runs/RUN_2026-08-05_20-29-08/tmp/6ff4194e3d0b44799e1a64181fb9117a.bb.v:4198:8: Timescale missing on this module as other modules have it (IEEE 1800-2023 3.14.2.3)
 4198 | module sky130_fd_sc_hd__or3b_1(X, A, B, C_N, VPWR, VGND, VPB, VNB);
      |        ^~~~~~~~~~~~~~~~~~~~~~~
                       /home/letienthanh/8bitalu/rtl/alu.v:26:8: ... Location of module with timescale
   26 | module alu8bit (
      |        ^~~~~~~
%Warning-TIMESCALEMOD: /home/letienthanh/8bitalu/runs/RUN_2026-08-05_20-29-08/tmp/6ff4194e3d0b44799e1a64181fb9117a.bb.v:4209:8: Timescale missing on this module as other modules have it (IEEE 1800-2023 3.14.2.3)
 4209 | module sky130_fd_sc_hd__or3b_2(X, A, B, C_N, VPWR, VGND, VPB, VNB);
      |        ^~~~~~~~~~~~~~~~~~~~~~~
                       /home/letienthanh/8bitalu/rtl/alu.v:26:8: ... Location of module with timescale
   26 | module alu8bit (
      |        ^~~~~~~
%Warning-TIMESCALEMOD: /home/letienthanh/8bitalu/runs/RUN_2026-08-05_20-29-08/tmp/6ff4194e3d0b44799e1a64181fb9117a.bb.v:4220:8: Timescale missing on this module as other modules have it (IEEE 1800-2023 3.14.2.3)
 4220 | module sky130_fd_sc_hd__or3b_4(X, A, B, C_N, VPWR, VGND, VPB, VNB);
      |        ^~~~~~~~~~~~~~~~~~~~~~~
                       /home/letienthanh/8bitalu/rtl/alu.v:26:8: ... Location of module with timescale
   26 | module alu8bit (
      |        ^~~~~~~
%Warning-TIMESCALEMOD: /home/letienthanh/8bitalu/runs/RUN_2026-08-05_20-29-08/tmp/6ff4194e3d0b44799e1a64181fb9117a.bb.v:4231:8: Timescale missing on this module as other modules have it (IEEE 1800-2023 3.14.2.3)
 4231 | module sky130_fd_sc_hd__or4_1(X, A, B, C, D, VPWR, VGND, VPB, VNB);
      |        ^~~~~~~~~~~~~~~~~~~~~~
                       /home/letienthanh/8bitalu/rtl/alu.v:26:8: ... Location of module with timescale
   26 | module alu8bit (
      |        ^~~~~~~
%Warning-TIMESCALEMOD: /home/letienthanh/8bitalu/runs/RUN_2026-08-05_20-29-08/tmp/6ff4194e3d0b44799e1a64181fb9117a.bb.v:4243:8: Timescale missing on this module as other modules have it (IEEE 1800-2023 3.14.2.3)
 4243 | module sky130_fd_sc_hd__or4_2(X, A, B, C, D, VPWR, VGND, VPB, VNB);
      |        ^~~~~~~~~~~~~~~~~~~~~~
                       /home/letienthanh/8bitalu/rtl/alu.v:26:8: ... Location of module with timescale
   26 | module alu8bit (
      |        ^~~~~~~
%Warning-TIMESCALEMOD: /home/letienthanh/8bitalu/runs/RUN_2026-08-05_20-29-08/tmp/6ff4194e3d0b44799e1a64181fb9117a.bb.v:4255:8: Timescale missing on this module as other modules have it (IEEE 1800-2023 3.14.2.3)
 4255 | module sky130_fd_sc_hd__or4_4(X, A, B, C, D, VPWR, VGND, VPB, VNB);
      |        ^~~~~~~~~~~~~~~~~~~~~~
                       /home/letienthanh/8bitalu/rtl/alu.v:26:8: ... Location of module with timescale
   26 | module alu8bit (
      |        ^~~~~~~
%Warning-TIMESCALEMOD: /home/letienthanh/8bitalu/runs/RUN_2026-08-05_20-29-08/tmp/6ff4194e3d0b44799e1a64181fb9117a.bb.v:4267:8: Timescale missing on this module as other modules have it (IEEE 1800-2023 3.14.2.3)
 4267 | module sky130_fd_sc_hd__or4b_1(X, A, B, C, D_N, VPWR, VGND, VPB, VNB);
      |        ^~~~~~~~~~~~~~~~~~~~~~~
                       /home/letienthanh/8bitalu/rtl/alu.v:26:8: ... Location of module with timescale
   26 | module alu8bit (
      |        ^~~~~~~
%Warning-TIMESCALEMOD: /home/letienthanh/8bitalu/runs/RUN_2026-08-05_20-29-08/tmp/6ff4194e3d0b44799e1a64181fb9117a.bb.v:4279:8: Timescale missing on this module as other modules have it (IEEE 1800-2023 3.14.2.3)
 4279 | module sky130_fd_sc_hd__or4b_2(X, A, B, C, D_N, VPWR, VGND, VPB, VNB);
      |        ^~~~~~~~~~~~~~~~~~~~~~~
                       /home/letienthanh/8bitalu/rtl/alu.v:26:8: ... Location of module with timescale
   26 | module alu8bit (
      |        ^~~~~~~
%Warning-TIMESCALEMOD: /home/letienthanh/8bitalu/runs/RUN_2026-08-05_20-29-08/tmp/6ff4194e3d0b44799e1a64181fb9117a.bb.v:4291:8: Timescale missing on this module as other modules have it (IEEE 1800-2023 3.14.2.3)
 4291 | module sky130_fd_sc_hd__or4b_4(X, A, B, C, D_N, VPWR, VGND, VPB, VNB);
      |        ^~~~~~~~~~~~~~~~~~~~~~~
                       /home/letienthanh/8bitalu/rtl/alu.v:26:8: ... Location of module with timescale
   26 | module alu8bit (
      |        ^~~~~~~
%Warning-TIMESCALEMOD: /home/letienthanh/8bitalu/runs/RUN_2026-08-05_20-29-08/tmp/6ff4194e3d0b44799e1a64181fb9117a.bb.v:4303:8: Timescale missing on this module as other modules have it (IEEE 1800-2023 3.14.2.3)
 4303 | module sky130_fd_sc_hd__or4bb_1(X, A, B, C_N, D_N, VPWR, VGND, VPB, VNB);
      |        ^~~~~~~~~~~~~~~~~~~~~~~~
                       /home/letienthanh/8bitalu/rtl/alu.v:26:8: ... Location of module with timescale
   26 | module alu8bit (
      |        ^~~~~~~
%Warning-TIMESCALEMOD: /home/letienthanh/8bitalu/runs/RUN_2026-08-05_20-29-08/tmp/6ff4194e3d0b44799e1a64181fb9117a.bb.v:4315:8: Timescale missing on this module as other modules have it (IEEE 1800-2023 3.14.2.3)
 4315 | module sky130_fd_sc_hd__or4bb_2(X, A, B, C_N, D_N, VPWR, VGND, VPB, VNB);
      |        ^~~~~~~~~~~~~~~~~~~~~~~~
                       /home/letienthanh/8bitalu/rtl/alu.v:26:8: ... Location of module with timescale
   26 | module alu8bit (
      |        ^~~~~~~
%Warning-TIMESCALEMOD: /home/letienthanh/8bitalu/runs/RUN_2026-08-05_20-29-08/tmp/6ff4194e3d0b44799e1a64181fb9117a.bb.v:4327:8: Timescale missing on this module as other modules have it (IEEE 1800-2023 3.14.2.3)
 4327 | module sky130_fd_sc_hd__or4bb_4(X, A, B, C_N, D_N, VPWR, VGND, VPB, VNB);
      |        ^~~~~~~~~~~~~~~~~~~~~~~~
                       /home/letienthanh/8bitalu/rtl/alu.v:26:8: ... Location of module with timescale
   26 | module alu8bit (
      |        ^~~~~~~
%Warning-TIMESCALEMOD: /home/letienthanh/8bitalu/runs/RUN_2026-08-05_20-29-08/tmp/6ff4194e3d0b44799e1a64181fb9117a.bb.v:4339:8: Timescale missing on this module as other modules have it (IEEE 1800-2023 3.14.2.3)
 4339 | module sky130_fd_sc_hd__probe_p_8(X, A, VGND, VNB, VPB, VPWR);
      |        ^~~~~~~~~~~~~~~~~~~~~~~~~~
                       /home/letienthanh/8bitalu/rtl/alu.v:26:8: ... Location of module with timescale
   26 | module alu8bit (
      |        ^~~~~~~
%Warning-TIMESCALEMOD: /home/letienthanh/8bitalu/runs/RUN_2026-08-05_20-29-08/tmp/6ff4194e3d0b44799e1a64181fb9117a.bb.v:4348:8: Timescale missing on this module as other modules have it (IEEE 1800-2023 3.14.2.3)
 4348 | module sky130_fd_sc_hd__probec_p_8(X, A, VGND, VNB, VPB, VPWR);
      |        ^~~~~~~~~~~~~~~~~~~~~~~~~~~
                       /home/letienthanh/8bitalu/rtl/alu.v:26:8: ... Location of module with timescale
   26 | module alu8bit (
      |        ^~~~~~~
%Warning-TIMESCALEMOD: /home/letienthanh/8bitalu/runs/RUN_2026-08-05_20-29-08/tmp/6ff4194e3d0b44799e1a64181fb9117a.bb.v:4357:8: Timescale missing on this module as other modules have it (IEEE 1800-2023 3.14.2.3)
 4357 | module sky130_fd_sc_hd__sdfbbn_1(Q, Q_N, D, SCD, SCE, CLK_N, SET_B, RESET_B, VPWR, VGND, VPB, VNB);
      |        ^~~~~~~~~~~~~~~~~~~~~~~~~
                       /home/letienthanh/8bitalu/rtl/alu.v:26:8: ... Location of module with timescale
   26 | module alu8bit (
      |        ^~~~~~~
%Warning-TIMESCALEMOD: /home/letienthanh/8bitalu/runs/RUN_2026-08-05_20-29-08/tmp/6ff4194e3d0b44799e1a64181fb9117a.bb.v:4372:8: Timescale missing on this module as other modules have it (IEEE 1800-2023 3.14.2.3)
 4372 | module sky130_fd_sc_hd__sdfbbn_2(Q, Q_N, D, SCD, SCE, CLK_N, SET_B, RESET_B, VPWR, VGND, VPB, VNB);
      |        ^~~~~~~~~~~~~~~~~~~~~~~~~
                       /home/letienthanh/8bitalu/rtl/alu.v:26:8: ... Location of module with timescale
   26 | module alu8bit (
      |        ^~~~~~~
%Warning-TIMESCALEMOD: /home/letienthanh/8bitalu/runs/RUN_2026-08-05_20-29-08/tmp/6ff4194e3d0b44799e1a64181fb9117a.bb.v:4387:8: Timescale missing on this module as other modules have it (IEEE 1800-2023 3.14.2.3)
 4387 | module sky130_fd_sc_hd__sdfbbp_1(Q, Q_N, D, SCD, SCE, CLK, SET_B, RESET_B, VPWR, VGND, VPB, VNB);
      |        ^~~~~~~~~~~~~~~~~~~~~~~~~
                       /home/letienthanh/8bitalu/rtl/alu.v:26:8: ... Location of module with timescale
   26 | module alu8bit (
      |        ^~~~~~~
%Warning-TIMESCALEMOD: /home/letienthanh/8bitalu/runs/RUN_2026-08-05_20-29-08/tmp/6ff4194e3d0b44799e1a64181fb9117a.bb.v:4402:8: Timescale missing on this module as other modules have it (IEEE 1800-2023 3.14.2.3)
 4402 | module sky130_fd_sc_hd__sdfrbp_1(Q, Q_N, CLK, D, SCD, SCE, RESET_B, VPWR, VGND, VPB, VNB);
      |        ^~~~~~~~~~~~~~~~~~~~~~~~~
                       /home/letienthanh/8bitalu/rtl/alu.v:26:8: ... Location of module with timescale
   26 | module alu8bit (
      |        ^~~~~~~
%Warning-TIMESCALEMOD: /home/letienthanh/8bitalu/runs/RUN_2026-08-05_20-29-08/tmp/6ff4194e3d0b44799e1a64181fb9117a.bb.v:4416:8: Timescale missing on this module as other modules have it (IEEE 1800-2023 3.14.2.3)
 4416 | module sky130_fd_sc_hd__sdfrbp_2(Q, Q_N, CLK, D, SCD, SCE, RESET_B, VPWR, VGND, VPB, VNB);
      |        ^~~~~~~~~~~~~~~~~~~~~~~~~
                       /home/letienthanh/8bitalu/rtl/alu.v:26:8: ... Location of module with timescale
   26 | module alu8bit (
      |        ^~~~~~~
%Warning-TIMESCALEMOD: /home/letienthanh/8bitalu/runs/RUN_2026-08-05_20-29-08/tmp/6ff4194e3d0b44799e1a64181fb9117a.bb.v:4430:8: Timescale missing on this module as other modules have it (IEEE 1800-2023 3.14.2.3)
 4430 | module sky130_fd_sc_hd__sdfrtn_1(Q, CLK_N, D, SCD, SCE, RESET_B, VPWR, VGND, VPB, VNB);
      |        ^~~~~~~~~~~~~~~~~~~~~~~~~
                       /home/letienthanh/8bitalu/rtl/alu.v:26:8: ... Location of module with timescale
   26 | module alu8bit (
      |        ^~~~~~~
%Warning-TIMESCALEMOD: /home/letienthanh/8bitalu/runs/RUN_2026-08-05_20-29-08/tmp/6ff4194e3d0b44799e1a64181fb9117a.bb.v:4443:8: Timescale missing on this module as other modules have it (IEEE 1800-2023 3.14.2.3)
 4443 | module sky130_fd_sc_hd__sdfrtp_1(Q, CLK, D, SCD, SCE, RESET_B, VPWR, VGND, VPB, VNB);
      |        ^~~~~~~~~~~~~~~~~~~~~~~~~
                       /home/letienthanh/8bitalu/rtl/alu.v:26:8: ... Location of module with timescale
   26 | module alu8bit (
      |        ^~~~~~~
%Warning-TIMESCALEMOD: /home/letienthanh/8bitalu/runs/RUN_2026-08-05_20-29-08/tmp/6ff4194e3d0b44799e1a64181fb9117a.bb.v:4456:8: Timescale missing on this module as other modules have it (IEEE 1800-2023 3.14.2.3)
 4456 | module sky130_fd_sc_hd__sdfrtp_2(Q, CLK, D, SCD, SCE, RESET_B, VPWR, VGND, VPB, VNB);
      |        ^~~~~~~~~~~~~~~~~~~~~~~~~
                       /home/letienthanh/8bitalu/rtl/alu.v:26:8: ... Location of module with timescale
   26 | module alu8bit (
      |        ^~~~~~~
%Warning-TIMESCALEMOD: /home/letienthanh/8bitalu/runs/RUN_2026-08-05_20-29-08/tmp/6ff4194e3d0b44799e1a64181fb9117a.bb.v:4469:8: Timescale missing on this module as other modules have it (IEEE 1800-2023 3.14.2.3)
 4469 | module sky130_fd_sc_hd__sdfrtp_4(Q, CLK, D, SCD, SCE, RESET_B, VPWR, VGND, VPB, VNB);
      |        ^~~~~~~~~~~~~~~~~~~~~~~~~
                       /home/letienthanh/8bitalu/rtl/alu.v:26:8: ... Location of module with timescale
   26 | module alu8bit (
      |        ^~~~~~~
%Warning-TIMESCALEMOD: /home/letienthanh/8bitalu/runs/RUN_2026-08-05_20-29-08/tmp/6ff4194e3d0b44799e1a64181fb9117a.bb.v:4482:8: Timescale missing on this module as other modules have it (IEEE 1800-2023 3.14.2.3)
 4482 | module sky130_fd_sc_hd__sdfsbp_1(Q, Q_N, CLK, D, SCD, SCE, SET_B, VPWR, VGND, VPB, VNB);
      |        ^~~~~~~~~~~~~~~~~~~~~~~~~
                       /home/letienthanh/8bitalu/rtl/alu.v:26:8: ... Location of module with timescale
   26 | module alu8bit (
      |        ^~~~~~~
%Warning-TIMESCALEMOD: /home/letienthanh/8bitalu/runs/RUN_2026-08-05_20-29-08/tmp/6ff4194e3d0b44799e1a64181fb9117a.bb.v:4496:8: Timescale missing on this module as other modules have it (IEEE 1800-2023 3.14.2.3)
 4496 | module sky130_fd_sc_hd__sdfsbp_2(Q, Q_N, CLK, D, SCD, SCE, SET_B, VPWR, VGND, VPB, VNB);
      |        ^~~~~~~~~~~~~~~~~~~~~~~~~
                       /home/letienthanh/8bitalu/rtl/alu.v:26:8: ... Location of module with timescale
   26 | module alu8bit (
      |        ^~~~~~~
%Warning-TIMESCALEMOD: /home/letienthanh/8bitalu/runs/RUN_2026-08-05_20-29-08/tmp/6ff4194e3d0b44799e1a64181fb9117a.bb.v:4510:8: Timescale missing on this module as other modules have it (IEEE 1800-2023 3.14.2.3)
 4510 | module sky130_fd_sc_hd__sdfstp_1(Q, CLK, D, SCD, SCE, SET_B, VPWR, VGND, VPB, VNB);
      |        ^~~~~~~~~~~~~~~~~~~~~~~~~
                       /home/letienthanh/8bitalu/rtl/alu.v:26:8: ... Location of module with timescale
   26 | module alu8bit (
      |        ^~~~~~~
%Warning-TIMESCALEMOD: /home/letienthanh/8bitalu/runs/RUN_2026-08-05_20-29-08/tmp/6ff4194e3d0b44799e1a64181fb9117a.bb.v:4523:8: Timescale missing on this module as other modules have it (IEEE 1800-2023 3.14.2.3)
 4523 | module sky130_fd_sc_hd__sdfstp_2(Q, CLK, D, SCD, SCE, SET_B, VPWR, VGND, VPB, VNB);
      |        ^~~~~~~~~~~~~~~~~~~~~~~~~
                       /home/letienthanh/8bitalu/rtl/alu.v:26:8: ... Location of module with timescale
   26 | module alu8bit (
      |        ^~~~~~~
%Warning-TIMESCALEMOD: /home/letienthanh/8bitalu/runs/RUN_2026-08-05_20-29-08/tmp/6ff4194e3d0b44799e1a64181fb9117a.bb.v:4536:8: Timescale missing on this module as other modules have it (IEEE 1800-2023 3.14.2.3)
 4536 | module sky130_fd_sc_hd__sdfstp_4(Q, CLK, D, SCD, SCE, SET_B, VPWR, VGND, VPB, VNB);
      |        ^~~~~~~~~~~~~~~~~~~~~~~~~
                       /home/letienthanh/8bitalu/rtl/alu.v:26:8: ... Location of module with timescale
   26 | module alu8bit (
      |        ^~~~~~~
%Warning-TIMESCALEMOD: /home/letienthanh/8bitalu/runs/RUN_2026-08-05_20-29-08/tmp/6ff4194e3d0b44799e1a64181fb9117a.bb.v:4549:8: Timescale missing on this module as other modules have it (IEEE 1800-2023 3.14.2.3)
 4549 | module sky130_fd_sc_hd__sdfxbp_1(Q, Q_N, CLK, D, SCD, SCE, VPWR, VGND, VPB, VNB);
      |        ^~~~~~~~~~~~~~~~~~~~~~~~~
                       /home/letienthanh/8bitalu/rtl/alu.v:26:8: ... Location of module with timescale
   26 | module alu8bit (
      |        ^~~~~~~
%Warning-TIMESCALEMOD: /home/letienthanh/8bitalu/runs/RUN_2026-08-05_20-29-08/tmp/6ff4194e3d0b44799e1a64181fb9117a.bb.v:4562:8: Timescale missing on this module as other modules have it (IEEE 1800-2023 3.14.2.3)
 4562 | module sky130_fd_sc_hd__sdfxbp_2(Q, Q_N, CLK, D, SCD, SCE, VPWR, VGND, VPB, VNB);
      |        ^~~~~~~~~~~~~~~~~~~~~~~~~
                       /home/letienthanh/8bitalu/rtl/alu.v:26:8: ... Location of module with timescale
   26 | module alu8bit (
      |        ^~~~~~~
%Warning-TIMESCALEMOD: /home/letienthanh/8bitalu/runs/RUN_2026-08-05_20-29-08/tmp/6ff4194e3d0b44799e1a64181fb9117a.bb.v:4575:8: Timescale missing on this module as other modules have it (IEEE 1800-2023 3.14.2.3)
 4575 | module sky130_fd_sc_hd__sdfxtp_1(Q, CLK, D, SCD, SCE, VPWR, VGND, VPB, VNB);
      |        ^~~~~~~~~~~~~~~~~~~~~~~~~
                       /home/letienthanh/8bitalu/rtl/alu.v:26:8: ... Location of module with timescale
   26 | module alu8bit (
      |        ^~~~~~~
%Warning-TIMESCALEMOD: /home/letienthanh/8bitalu/runs/RUN_2026-08-05_20-29-08/tmp/6ff4194e3d0b44799e1a64181fb9117a.bb.v:4587:8: Timescale missing on this module as other modules have it (IEEE 1800-2023 3.14.2.3)
 4587 | module sky130_fd_sc_hd__sdfxtp_2(Q, CLK, D, SCD, SCE, VPWR, VGND, VPB, VNB);
      |        ^~~~~~~~~~~~~~~~~~~~~~~~~
                       /home/letienthanh/8bitalu/rtl/alu.v:26:8: ... Location of module with timescale
   26 | module alu8bit (
      |        ^~~~~~~
%Warning-TIMESCALEMOD: /home/letienthanh/8bitalu/runs/RUN_2026-08-05_20-29-08/tmp/6ff4194e3d0b44799e1a64181fb9117a.bb.v:4599:8: Timescale missing on this module as other modules have it (IEEE 1800-2023 3.14.2.3)
 4599 | module sky130_fd_sc_hd__sdfxtp_4(Q, CLK, D, SCD, SCE, VPWR, VGND, VPB, VNB);
      |        ^~~~~~~~~~~~~~~~~~~~~~~~~
                       /home/letienthanh/8bitalu/rtl/alu.v:26:8: ... Location of module with timescale
   26 | module alu8bit (
      |        ^~~~~~~
%Warning-TIMESCALEMOD: /home/letienthanh/8bitalu/runs/RUN_2026-08-05_20-29-08/tmp/6ff4194e3d0b44799e1a64181fb9117a.bb.v:4611:8: Timescale missing on this module as other modules have it (IEEE 1800-2023 3.14.2.3)
 4611 | module sky130_fd_sc_hd__sdlclkp_1(GCLK, SCE, GATE, CLK, VPWR, VGND, VPB, VNB);
      |        ^~~~~~~~~~~~~~~~~~~~~~~~~~
                       /home/letienthanh/8bitalu/rtl/alu.v:26:8: ... Location of module with timescale
   26 | module alu8bit (
      |        ^~~~~~~
%Warning-TIMESCALEMOD: /home/letienthanh/8bitalu/runs/RUN_2026-08-05_20-29-08/tmp/6ff4194e3d0b44799e1a64181fb9117a.bb.v:4622:8: Timescale missing on this module as other modules have it (IEEE 1800-2023 3.14.2.3)
 4622 | module sky130_fd_sc_hd__sdlclkp_2(GCLK, SCE, GATE, CLK, VPWR, VGND, VPB, VNB);
      |        ^~~~~~~~~~~~~~~~~~~~~~~~~~
                       /home/letienthanh/8bitalu/rtl/alu.v:26:8: ... Location of module with timescale
   26 | module alu8bit (
      |        ^~~~~~~
%Warning-TIMESCALEMOD: /home/letienthanh/8bitalu/runs/RUN_2026-08-05_20-29-08/tmp/6ff4194e3d0b44799e1a64181fb9117a.bb.v:4633:8: Timescale missing on this module as other modules have it (IEEE 1800-2023 3.14.2.3)
 4633 | module sky130_fd_sc_hd__sdlclkp_4(GCLK, SCE, GATE, CLK, VPWR, VGND, VPB, VNB);
      |        ^~~~~~~~~~~~~~~~~~~~~~~~~~
                       /home/letienthanh/8bitalu/rtl/alu.v:26:8: ... Location of module with timescale
   26 | module alu8bit (
      |        ^~~~~~~
%Warning-TIMESCALEMOD: /home/letienthanh/8bitalu/runs/RUN_2026-08-05_20-29-08/tmp/6ff4194e3d0b44799e1a64181fb9117a.bb.v:4644:8: Timescale missing on this module as other modules have it (IEEE 1800-2023 3.14.2.3)
 4644 | module sky130_fd_sc_hd__sedfxbp_1(Q, Q_N, CLK, D, DE, SCD, SCE, VPWR, VGND, VPB, VNB);
      |        ^~~~~~~~~~~~~~~~~~~~~~~~~~
                       /home/letienthanh/8bitalu/rtl/alu.v:26:8: ... Location of module with timescale
   26 | module alu8bit (
      |        ^~~~~~~
%Warning-TIMESCALEMOD: /home/letienthanh/8bitalu/runs/RUN_2026-08-05_20-29-08/tmp/6ff4194e3d0b44799e1a64181fb9117a.bb.v:4658:8: Timescale missing on this module as other modules have it (IEEE 1800-2023 3.14.2.3)
 4658 | module sky130_fd_sc_hd__sedfxbp_2(Q, Q_N, CLK, D, DE, SCD, SCE, VPWR, VGND, VPB, VNB);
      |        ^~~~~~~~~~~~~~~~~~~~~~~~~~
                       /home/letienthanh/8bitalu/rtl/alu.v:26:8: ... Location of module with timescale
   26 | module alu8bit (
      |        ^~~~~~~
%Warning-TIMESCALEMOD: /home/letienthanh/8bitalu/runs/RUN_2026-08-05_20-29-08/tmp/6ff4194e3d0b44799e1a64181fb9117a.bb.v:4672:8: Timescale missing on this module as other modules have it (IEEE 1800-2023 3.14.2.3)
 4672 | module sky130_fd_sc_hd__sedfxtp_1(Q, CLK, D, DE, SCD, SCE, VPWR, VGND, VPB, VNB);
      |        ^~~~~~~~~~~~~~~~~~~~~~~~~~
                       /home/letienthanh/8bitalu/rtl/alu.v:26:8: ... Location of module with timescale
   26 | module alu8bit (
      |        ^~~~~~~
%Warning-TIMESCALEMOD: /home/letienthanh/8bitalu/runs/RUN_2026-08-05_20-29-08/tmp/6ff4194e3d0b44799e1a64181fb9117a.bb.v:4685:8: Timescale missing on this module as other modules have it (IEEE 1800-2023 3.14.2.3)
 4685 | module sky130_fd_sc_hd__sedfxtp_2(Q, CLK, D, DE, SCD, SCE, VPWR, VGND, VPB, VNB);
      |        ^~~~~~~~~~~~~~~~~~~~~~~~~~
                       /home/letienthanh/8bitalu/rtl/alu.v:26:8: ... Location of module with timescale
   26 | module alu8bit (
      |        ^~~~~~~
%Warning-TIMESCALEMOD: /home/letienthanh/8bitalu/runs/RUN_2026-08-05_20-29-08/tmp/6ff4194e3d0b44799e1a64181fb9117a.bb.v:4698:8: Timescale missing on this module as other modules have it (IEEE 1800-2023 3.14.2.3)
 4698 | module sky130_fd_sc_hd__sedfxtp_4(Q, CLK, D, DE, SCD, SCE, VPWR, VGND, VPB, VNB);
      |        ^~~~~~~~~~~~~~~~~~~~~~~~~~
                       /home/letienthanh/8bitalu/rtl/alu.v:26:8: ... Location of module with timescale
   26 | module alu8bit (
      |        ^~~~~~~
%Warning-TIMESCALEMOD: /home/letienthanh/8bitalu/runs/RUN_2026-08-05_20-29-08/tmp/6ff4194e3d0b44799e1a64181fb9117a.bb.v:4711:8: Timescale missing on this module as other modules have it (IEEE 1800-2023 3.14.2.3)
 4711 | module sky130_fd_sc_hd__tap_1(VPWR, VGND, VPB, VNB);
      |        ^~~~~~~~~~~~~~~~~~~~~~
                       /home/letienthanh/8bitalu/rtl/alu.v:26:8: ... Location of module with timescale
   26 | module alu8bit (
      |        ^~~~~~~
%Warning-TIMESCALEMOD: /home/letienthanh/8bitalu/runs/RUN_2026-08-05_20-29-08/tmp/6ff4194e3d0b44799e1a64181fb9117a.bb.v:4718:8: Timescale missing on this module as other modules have it (IEEE 1800-2023 3.14.2.3)
 4718 | module sky130_fd_sc_hd__tap_2(VPWR, VGND, VPB, VNB);
      |        ^~~~~~~~~~~~~~~~~~~~~~
                       /home/letienthanh/8bitalu/rtl/alu.v:26:8: ... Location of module with timescale
   26 | module alu8bit (
      |        ^~~~~~~
%Warning-TIMESCALEMOD: /home/letienthanh/8bitalu/runs/RUN_2026-08-05_20-29-08/tmp/6ff4194e3d0b44799e1a64181fb9117a.bb.v:4725:8: Timescale missing on this module as other modules have it (IEEE 1800-2023 3.14.2.3)
 4725 | module sky130_fd_sc_hd__tapvgnd2_1(VPWR, VGND, VPB, VNB);
      |        ^~~~~~~~~~~~~~~~~~~~~~~~~~~
                       /home/letienthanh/8bitalu/rtl/alu.v:26:8: ... Location of module with timescale
   26 | module alu8bit (
      |        ^~~~~~~
%Warning-TIMESCALEMOD: /home/letienthanh/8bitalu/runs/RUN_2026-08-05_20-29-08/tmp/6ff4194e3d0b44799e1a64181fb9117a.bb.v:4732:8: Timescale missing on this module as other modules have it (IEEE 1800-2023 3.14.2.3)
 4732 | module sky130_fd_sc_hd__tapvgnd_1(VPWR, VGND, VPB, VNB);
      |        ^~~~~~~~~~~~~~~~~~~~~~~~~~
                       /home/letienthanh/8bitalu/rtl/alu.v:26:8: ... Location of module with timescale
   26 | module alu8bit (
      |        ^~~~~~~
%Warning-TIMESCALEMOD: /home/letienthanh/8bitalu/runs/RUN_2026-08-05_20-29-08/tmp/6ff4194e3d0b44799e1a64181fb9117a.bb.v:4739:8: Timescale missing on this module as other modules have it (IEEE 1800-2023 3.14.2.3)
 4739 | module sky130_fd_sc_hd__tapvpwrvgnd_1(VPWR, VGND, VPB, VNB);
      |        ^~~~~~~~~~~~~~~~~~~~~~~~~~~~~~
                       /home/letienthanh/8bitalu/rtl/alu.v:26:8: ... Location of module with timescale
   26 | module alu8bit (
      |        ^~~~~~~
%Warning-TIMESCALEMOD: /home/letienthanh/8bitalu/runs/RUN_2026-08-05_20-29-08/tmp/6ff4194e3d0b44799e1a64181fb9117a.bb.v:4746:8: Timescale missing on this module as other modules have it (IEEE 1800-2023 3.14.2.3)
 4746 | module sky130_fd_sc_hd__xnor2_1(Y, A, B, VPWR, VGND, VPB, VNB);
      |        ^~~~~~~~~~~~~~~~~~~~~~~~
                       /home/letienthanh/8bitalu/rtl/alu.v:26:8: ... Location of module with timescale
   26 | module alu8bit (
      |        ^~~~~~~
%Warning-TIMESCALEMOD: /home/letienthanh/8bitalu/runs/RUN_2026-08-05_20-29-08/tmp/6ff4194e3d0b44799e1a64181fb9117a.bb.v:4756:8: Timescale missing on this module as other modules have it (IEEE 1800-2023 3.14.2.3)
 4756 | module sky130_fd_sc_hd__xnor2_2(Y, A, B, VPWR, VGND, VPB, VNB);
      |        ^~~~~~~~~~~~~~~~~~~~~~~~
                       /home/letienthanh/8bitalu/rtl/alu.v:26:8: ... Location of module with timescale
   26 | module alu8bit (
      |        ^~~~~~~
%Warning-TIMESCALEMOD: /home/letienthanh/8bitalu/runs/RUN_2026-08-05_20-29-08/tmp/6ff4194e3d0b44799e1a64181fb9117a.bb.v:4766:8: Timescale missing on this module as other modules have it (IEEE 1800-2023 3.14.2.3)
 4766 | module sky130_fd_sc_hd__xnor2_4(Y, A, B, VPWR, VGND, VPB, VNB);
      |        ^~~~~~~~~~~~~~~~~~~~~~~~
                       /home/letienthanh/8bitalu/rtl/alu.v:26:8: ... Location of module with timescale
   26 | module alu8bit (
      |        ^~~~~~~
%Warning-TIMESCALEMOD: /home/letienthanh/8bitalu/runs/RUN_2026-08-05_20-29-08/tmp/6ff4194e3d0b44799e1a64181fb9117a.bb.v:4776:8: Timescale missing on this module as other modules have it (IEEE 1800-2023 3.14.2.3)
 4776 | module sky130_fd_sc_hd__xnor3_1(X, A, B, C, VPWR, VGND, VPB, VNB);
      |        ^~~~~~~~~~~~~~~~~~~~~~~~
                       /home/letienthanh/8bitalu/rtl/alu.v:26:8: ... Location of module with timescale
   26 | module alu8bit (
      |        ^~~~~~~
%Warning-TIMESCALEMOD: /home/letienthanh/8bitalu/runs/RUN_2026-08-05_20-29-08/tmp/6ff4194e3d0b44799e1a64181fb9117a.bb.v:4787:8: Timescale missing on this module as other modules have it (IEEE 1800-2023 3.14.2.3)
 4787 | module sky130_fd_sc_hd__xnor3_2(X, A, B, C, VPWR, VGND, VPB, VNB);
      |        ^~~~~~~~~~~~~~~~~~~~~~~~
                       /home/letienthanh/8bitalu/rtl/alu.v:26:8: ... Location of module with timescale
   26 | module alu8bit (
      |        ^~~~~~~
%Warning-TIMESCALEMOD: /home/letienthanh/8bitalu/runs/RUN_2026-08-05_20-29-08/tmp/6ff4194e3d0b44799e1a64181fb9117a.bb.v:4798:8: Timescale missing on this module as other modules have it (IEEE 1800-2023 3.14.2.3)
 4798 | module sky130_fd_sc_hd__xnor3_4(X, A, B, C, VPWR, VGND, VPB, VNB);
      |        ^~~~~~~~~~~~~~~~~~~~~~~~
                       /home/letienthanh/8bitalu/rtl/alu.v:26:8: ... Location of module with timescale
   26 | module alu8bit (
      |        ^~~~~~~
%Warning-TIMESCALEMOD: /home/letienthanh/8bitalu/runs/RUN_2026-08-05_20-29-08/tmp/6ff4194e3d0b44799e1a64181fb9117a.bb.v:4809:8: Timescale missing on this module as other modules have it (IEEE 1800-2023 3.14.2.3)
 4809 | module sky130_fd_sc_hd__xor2_1(X, A, B, VPWR, VGND, VPB, VNB);
      |        ^~~~~~~~~~~~~~~~~~~~~~~
                       /home/letienthanh/8bitalu/rtl/alu.v:26:8: ... Location of module with timescale
   26 | module alu8bit (
      |        ^~~~~~~
%Warning-TIMESCALEMOD: /home/letienthanh/8bitalu/runs/RUN_2026-08-05_20-29-08/tmp/6ff4194e3d0b44799e1a64181fb9117a.bb.v:4819:8: Timescale missing on this module as other modules have it (IEEE 1800-2023 3.14.2.3)
 4819 | module sky130_fd_sc_hd__xor2_2(X, A, B, VPWR, VGND, VPB, VNB);
      |        ^~~~~~~~~~~~~~~~~~~~~~~
                       /home/letienthanh/8bitalu/rtl/alu.v:26:8: ... Location of module with timescale
   26 | module alu8bit (
      |        ^~~~~~~
%Warning-TIMESCALEMOD: /home/letienthanh/8bitalu/runs/RUN_2026-08-05_20-29-08/tmp/6ff4194e3d0b44799e1a64181fb9117a.bb.v:4829:8: Timescale missing on this module as other modules have it (IEEE 1800-2023 3.14.2.3)
 4829 | module sky130_fd_sc_hd__xor2_4(X, A, B, VPWR, VGND, VPB, VNB);
      |        ^~~~~~~~~~~~~~~~~~~~~~~
                       /home/letienthanh/8bitalu/rtl/alu.v:26:8: ... Location of module with timescale
   26 | module alu8bit (
      |        ^~~~~~~
%Warning-TIMESCALEMOD: /home/letienthanh/8bitalu/runs/RUN_2026-08-05_20-29-08/tmp/6ff4194e3d0b44799e1a64181fb9117a.bb.v:4839:8: Timescale missing on this module as other modules have it (IEEE 1800-2023 3.14.2.3)
 4839 | module sky130_fd_sc_hd__xor3_1(X, A, B, C, VPWR, VGND, VPB, VNB);
      |        ^~~~~~~~~~~~~~~~~~~~~~~
                       /home/letienthanh/8bitalu/rtl/alu.v:26:8: ... Location of module with timescale
   26 | module alu8bit (
      |        ^~~~~~~
%Warning-TIMESCALEMOD: /home/letienthanh/8bitalu/runs/RUN_2026-08-05_20-29-08/tmp/6ff4194e3d0b44799e1a64181fb9117a.bb.v:4850:8: Timescale missing on this module as other modules have it (IEEE 1800-2023 3.14.2.3)
 4850 | module sky130_fd_sc_hd__xor3_2(X, A, B, C, VPWR, VGND, VPB, VNB);
      |        ^~~~~~~~~~~~~~~~~~~~~~~
                       /home/letienthanh/8bitalu/rtl/alu.v:26:8: ... Location of module with timescale
   26 | module alu8bit (
      |        ^~~~~~~
%Warning-TIMESCALEMOD: /home/letienthanh/8bitalu/runs/RUN_2026-08-05_20-29-08/tmp/6ff4194e3d0b44799e1a64181fb9117a.bb.v:4861:8: Timescale missing on this module as other modules have it (IEEE 1800-2023 3.14.2.3)
 4861 | module sky130_fd_sc_hd__xor3_4(X, A, B, C, VPWR, VGND, VPB, VNB);
      |        ^~~~~~~~~~~~~~~~~~~~~~~
                       /home/letienthanh/8bitalu/rtl/alu.v:26:8: ... Location of module with timescale
   26 | module alu8bit (
      |        ^~~~~~~
%Warning-WIDTHEXPAND: /home/letienthanh/8bitalu/rtl/alu.v:47:26: Operator DIV expects 9 bits on the LHS, but LHS's VARREF 'op_a' generates 8 bits.
                                                               : ... note: In instance 'alu8bit'
   47 |        op_out_int = op_a / op_b ;
      |                          ^
                      ... For warning description see https://verilator.org/warn/WIDTHEXPAND?v=5.050
                      ... Use "/* verilator lint_off WIDTHEXPAND */" and lint_on around source to disable this message.
%Warning-WIDTHEXPAND: /home/letienthanh/8bitalu/rtl/alu.v:47:26: Operator DIV expects 9 bits on the RHS, but RHS's VARREF 'op_b' generates 8 bits.
                                                               : ... note: In instance 'alu8bit'
   47 |        op_out_int = op_a / op_b ;
      |                          ^
%Warning-WIDTHEXPAND: /home/letienthanh/8bitalu/rtl/alu.v:49:26: Operator SHIFTR expects 9 bits on the LHS, but LHS's VARREF 'op_a' generates 8 bits.
                                                               : ... note: In instance 'alu8bit'
   49 |        op_out_int = op_a >> 1  ;
      |                          ^~
%Warning-WIDTHTRUNC: /home/letienthanh/8bitalu/rtl/alu.v:53:26: Logical operator LOGAND expects 1 bit on the LHS, but LHS's VARREF 'op_a' generates 8 bits.
                                                              : ... note: In instance 'alu8bit'
   53 |        op_out_int = op_a && op_b ;
      |                          ^~
                     ... For warning description see https://verilator.org/warn/WIDTHTRUNC?v=5.050
                     ... Use "/* verilator lint_off WIDTHTRUNC */" and lint_on around source to disable this message.
%Warning-WIDTHTRUNC: /home/letienthanh/8bitalu/rtl/alu.v:53:26: Logical operator LOGAND expects 1 bit on the RHS, but RHS's VARREF 'op_b' generates 8 bits.
                                                              : ... note: In instance 'alu8bit'
   53 |        op_out_int = op_a && op_b ;
      |                          ^~
%Warning-WIDTHEXPAND: /home/letienthanh/8bitalu/rtl/alu.v:53:19: Operator ASSIGN expects 9 bits on the Assign RHS, but Assign RHS's LOGAND generates 1 bits.
                                                               : ... note: In instance 'alu8bit'
   53 |        op_out_int = op_a && op_b ;
      |                   ^
%Warning-WIDTHTRUNC: /home/letienthanh/8bitalu/rtl/alu.v:55:26: Logical operator LOGOR expects 1 bit on the LHS, but LHS's VARREF 'op_a' generates 8 bits.
                                                              : ... note: In instance 'alu8bit'
   55 |        op_out_int = op_a || op_b ;
      |                          ^~
%Warning-WIDTHTRUNC: /home/letienthanh/8bitalu/rtl/alu.v:55:26: Logical operator LOGOR expects 1 bit on the RHS, but RHS's VARREF 'op_b' generates 8 bits.
                                                              : ... note: In instance 'alu8bit'
   55 |        op_out_int = op_a || op_b ;
      |                          ^~
%Warning-WIDTHEXPAND: /home/letienthanh/8bitalu/rtl/alu.v:55:19: Operator ASSIGN expects 9 bits on the Assign RHS, but Assign RHS's LOGOR generates 1 bits.
                                                               : ... note: In instance 'alu8bit'
   55 |        op_out_int = op_a || op_b ;
      |                   ^
%Warning-WIDTHEXPAND: /home/letienthanh/8bitalu/rtl/alu.v:57:26: Operator AND expects 9 bits on the LHS, but LHS's VARREF 'op_a' generates 8 bits.
                                                               : ... note: In instance 'alu8bit'
   57 |        op_out_int = op_a & op_b ;
      |                          ^
%Warning-WIDTHEXPAND: /home/letienthanh/8bitalu/rtl/alu.v:57:26: Operator AND expects 9 bits on the RHS, but RHS's VARREF 'op_b' generates 8 bits.
                                                               : ... note: In instance 'alu8bit'
   57 |        op_out_int = op_a & op_b ;
      |                          ^
%Warning-WIDTHEXPAND: /home/letienthanh/8bitalu/rtl/alu.v:59:26: Operator OR expects 9 bits on the LHS, but LHS's VARREF 'op_a' generates 8 bits.
                                                               : ... note: In instance 'alu8bit'
   59 |        op_out_int = op_a | op_b ;
      |                          ^
%Warning-WIDTHEXPAND: /home/letienthanh/8bitalu/rtl/alu.v:59:26: Operator OR expects 9 bits on the RHS, but RHS's VARREF 'op_b' generates 8 bits.
                                                               : ... note: In instance 'alu8bit'
   59 |        op_out_int = op_a | op_b ;
      |                          ^
%Warning-WIDTHEXPAND: /home/letienthanh/8bitalu/rtl/alu.v:61:26: Operator XOR expects 9 bits on the LHS, but LHS's VARREF 'op_a' generates 8 bits.
                                                               : ... note: In instance 'alu8bit'
   61 |        op_out_int = op_a ^ op_b ;
      |                          ^
%Warning-WIDTHEXPAND: /home/letienthanh/8bitalu/rtl/alu.v:61:26: Operator XOR expects 9 bits on the RHS, but RHS's VARREF 'op_b' generates 8 bits.
                                                               : ... note: In instance 'alu8bit'
   61 |        op_out_int = op_a ^ op_b ;
      |                          ^
%Warning-UNUSEDSIGNAL: /home/letienthanh/8bitalu/rtl/alu.v:34:11: Bits of signal are not used: 'op_out_int'[8]
                                                                : ... note: In instance 'alu8bit'
   34 | reg [8:0] op_out_int;
      |           ^~~~~~~~~~
                       ... For warning description see https://verilator.org/warn/UNUSEDSIGNAL?v=5.050
                       ... Use "/* verilator lint_off UNUSEDSIGNAL */" and lint_on around source to disable this message.
- V e r i l a t i o n   R e p o r t: Verilator 5.050 2026-07-01 rev v5.050-60-g3d2421f3b
- Verilator: Built from 0.301 MB sources in 443 modules, into 0.017 MB in 3 C++ files needing 0.000 MB
- Verilator: Walltime 1.084 s (elab=1.061, cvt=0.005, bld=0.000); cpu 0.044 s on 1 threads; allocated 27.469 MB
