Reading timing models for corner max_tt_025C_1v80…
Reading cell library for the 'max_tt_025C_1v80' corner at '/home/letienthanh/.volare/volare/sky130/versions/0fe599b2afb6708d281543108caf8310912f54af/sky130A/libs.ref/sky130_fd_sc_hd/lib/sky130_fd_sc_hd__tt_025C_1v80.lib'…
Reading top-level netlist at '/home/letienthanh/8bitalu/runs/RUN_2026-08-05_09-54-51/51-openroad-fillinsertion/alu8bit.nl.v'…
Linking design 'alu8bit' from netlist…
Warning: /home/letienthanh/8bitalu/runs/RUN_2026-08-05_09-54-51/51-openroad-fillinsertion/alu8bit.nl.v line 2408, module sky130_fd_sc_hd__tapvpwrvgnd_1 not found. Creating black box for TAP_TAPCELL_ROW_0_88.
Warning: /home/letienthanh/8bitalu/runs/RUN_2026-08-05_09-54-51/51-openroad-fillinsertion/alu8bit.nl.v line 2784, module sky130_ef_sc_hd__decap_12 not found. Creating black box for FILLER_0_3.
Warning: /home/letienthanh/8bitalu/runs/RUN_2026-08-05_09-54-51/51-openroad-fillinsertion/alu8bit.nl.v line 2786, module sky130_fd_sc_hd__fill_1 not found. Creating black box for FILLER_0_27.
Warning: /home/letienthanh/8bitalu/runs/RUN_2026-08-05_09-54-51/51-openroad-fillinsertion/alu8bit.nl.v line 2839, module sky130_fd_sc_hd__fill_2 not found. Creating black box for FILLER_1_257.
Reading design constraints file at '/nix/store/ss2cw3sxbrwwx9jl0rrppbw4kgcmgi2n-python3-3.11.9-env/lib/python3.11/site-packages/openlane/scripts/base.sdc'…
Warning: base.sdc line 15, port '__VIRTUAL_CLK__' not found.
[INFO] Using clock __VIRTUAL_CLK__…
[INFO] Setting output delay to: 2
[INFO] Setting input delay to: 2
Warning: base.sdc line 32, port '__VIRTUAL_CLK__' not found.
[INFO] Setting load to: 0.033442
[INFO] Setting clock uncertainty to: 0.25
[INFO] Setting clock transition to: 0.1499999999999999944488848768742172978818416595458984375
Warning: base.sdc line 69, transition time can not be specified for virtual clocks.
[INFO] Setting timing derate to: 5%
Warning: base.sdc line 79, virtual clock __VIRTUAL_CLK__ can not be propagated.
Reading top-level design parasitics for the 'max_tt_025C_1v80' corner at '/home/letienthanh/8bitalu/runs/RUN_2026-08-05_09-54-51/53-openroad-rcx/max/alu8bit.max.spef'…
%OL_CREATE_REPORT min.rpt

===========================================================================
report_checks -path_delay min (Hold)
============================================================================
======================= max_tt_025C_1v80 Corner ===================================

Startpoint: op_a[5] (input port clocked by __VIRTUAL_CLK__)
Endpoint: op_out[5] (output port clocked by __VIRTUAL_CLK__)
Path Group: __VIRTUAL_CLK__
Path Type: min

Fanout         Cap        Slew       Delay        Time   Description
---------------------------------------------------------------------------------------------
                      0.000000    0.000000    0.000000   clock __VIRTUAL_CLK__ (rise edge)
                                  0.000000    0.000000   clock network delay (ideal)
                                  2.000000    2.000000 ^ input external delay
     1    0.002823    0.019831    0.010442    2.010442 ^ op_a[5] (in)
                                                         op_a[5] (net)
                      0.019831    0.000000    2.010442 ^ input10/A (sky130_fd_sc_hd__clkbuf_2)
     5    0.030037    0.167048    0.180426    2.190868 ^ input10/X (sky130_fd_sc_hd__clkbuf_2)
                                                         net10 (net)
                      0.167215    0.004324    2.195192 ^ _839_/A1 (sky130_fd_sc_hd__a32o_1)
     1    0.002197    0.045936    0.172298    2.367489 ^ _839_/X (sky130_fd_sc_hd__a32o_1)
                                                         _318_ (net)
                      0.045936    0.000147    2.367636 ^ _842_/A (sky130_fd_sc_hd__or3_1)
     1    0.006503    0.068913    0.118344    2.485980 ^ _842_/X (sky130_fd_sc_hd__or3_1)
                                                         net26 (net)
                      0.068916    0.000522    2.486502 ^ output26/A (sky130_fd_sc_hd__buf_4)
     1    0.034606    0.103204    0.164552    2.651054 ^ output26/X (sky130_fd_sc_hd__buf_4)
                                                         op_out[5] (net)
                      0.103234    0.001698    2.652752 ^ op_out[5] (out)
                                              2.652752   data arrival time

                      0.000000    0.000000    0.000000   clock __VIRTUAL_CLK__ (rise edge)
                                  0.000000    0.000000   clock network delay (ideal)
                                  0.250000    0.250000   clock uncertainty
                                  0.000000    0.250000   clock reconvergence pessimism
                                 -2.000000   -1.750000   output external delay
                                             -1.750000   data required time
---------------------------------------------------------------------------------------------
                                             -1.750000   data required time
                                             -2.652752   data arrival time
---------------------------------------------------------------------------------------------
                                              4.402752   slack (MET)


Startpoint: inst[2] (input port clocked by __VIRTUAL_CLK__)
Endpoint: op_out[0] (output port clocked by __VIRTUAL_CLK__)
Path Group: __VIRTUAL_CLK__
Path Type: min

Fanout         Cap        Slew       Delay        Time   Description
---------------------------------------------------------------------------------------------
                      0.000000    0.000000    0.000000   clock __VIRTUAL_CLK__ (rise edge)
                                  0.000000    0.000000   clock network delay (ideal)
                                  2.000000    2.000000 v input external delay
     1    0.003307    0.009798    0.005334    2.005334 v inst[2] (in)
                                                         inst[2] (net)
                      0.009801    0.000000    2.005334 v input3/A (sky130_fd_sc_hd__clkbuf_2)
     8    0.027805    0.109492    0.154011    2.159344 v input3/X (sky130_fd_sc_hd__clkbuf_2)
                                                         net3 (net)
                      0.109697    0.003585    2.162929 v _459_/A (sky130_fd_sc_hd__inv_2)
     4    0.011732    0.066195    0.097163    2.260092 ^ _459_/Y (sky130_fd_sc_hd__inv_2)
                                                         _199_ (net)
                      0.066199    0.000585    2.260678 ^ _685_/B1 (sky130_fd_sc_hd__o2111a_1)
     1    0.003314    0.053100    0.185879    2.446557 ^ _685_/X (sky130_fd_sc_hd__o2111a_1)
                                                         _156_ (net)
                      0.053100    0.000161    2.446718 ^ _700_/B (sky130_fd_sc_hd__or3_4)
     1    0.010246    0.044334    0.124326    2.571044 ^ _700_/X (sky130_fd_sc_hd__or3_4)
                                                         net21 (net)
                      0.044355    0.000882    2.571926 ^ output21/A (sky130_fd_sc_hd__buf_8)
     1    0.034765    0.066586    0.115350    2.687276 ^ output21/X (sky130_fd_sc_hd__buf_8)
                                                         op_out[0] (net)
                      0.066691    0.001778    2.689054 ^ op_out[0] (out)
                                              2.689054   data arrival time

                      0.000000    0.000000    0.000000   clock __VIRTUAL_CLK__ (rise edge)
                                  0.000000    0.000000   clock network delay (ideal)
                                  0.250000    0.250000   clock uncertainty
                                  0.000000    0.250000   clock reconvergence pessimism
                                 -2.000000   -1.750000   output external delay
                                             -1.750000   data required time
---------------------------------------------------------------------------------------------
                                             -1.750000   data required time
                                             -2.689054   data arrival time
---------------------------------------------------------------------------------------------
                                              4.439054   slack (MET)


Startpoint: inst[2] (input port clocked by __VIRTUAL_CLK__)
Endpoint: op_out[4] (output port clocked by __VIRTUAL_CLK__)
Path Group: __VIRTUAL_CLK__
Path Type: min

Fanout         Cap        Slew       Delay        Time   Description
---------------------------------------------------------------------------------------------
                      0.000000    0.000000    0.000000   clock __VIRTUAL_CLK__ (rise edge)
                                  0.000000    0.000000   clock network delay (ideal)
                                  2.000000    2.000000 ^ input external delay
     1    0.003537    0.022935    0.012947    2.012947 ^ inst[2] (in)
                                                         inst[2] (net)
                      0.022936    0.000000    2.012947 ^ input3/A (sky130_fd_sc_hd__clkbuf_2)
     8    0.029499    0.164122    0.180027    2.192974 ^ input3/X (sky130_fd_sc_hd__clkbuf_2)
                                                         net3 (net)
                      0.164217    0.003251    2.196225 ^ _690_/A (sky130_fd_sc_hd__or4b_4)
     8    0.038117    0.119722    0.225398    2.421623 ^ _690_/X (sky130_fd_sc_hd__or4b_4)
                                                         _161_ (net)
                      0.120009    0.004770    2.426393 ^ _798_/A1 (sky130_fd_sc_hd__o31ai_1)
     1    0.005714    0.060370    0.107278    2.533670 v _798_/Y (sky130_fd_sc_hd__o31ai_1)
                                                         net25 (net)
                      0.060372    0.000439    2.534109 v output25/A (sky130_fd_sc_hd__buf_4)
     1    0.034590    0.059488    0.174481    2.708590 v output25/X (sky130_fd_sc_hd__buf_4)
                                                         op_out[4] (net)
                      0.059548    0.001694    2.710284 v op_out[4] (out)
                                              2.710284   data arrival time

                      0.000000    0.000000    0.000000   clock __VIRTUAL_CLK__ (rise edge)
                                  0.000000    0.000000   clock network delay (ideal)
                                  0.250000    0.250000   clock uncertainty
                                  0.000000    0.250000   clock reconvergence pessimism
                                 -2.000000   -1.750000   output external delay
                                             -1.750000   data required time
---------------------------------------------------------------------------------------------
                                             -1.750000   data required time
                                             -2.710284   data arrival time
---------------------------------------------------------------------------------------------
                                              4.460284   slack (MET)


Startpoint: op_a[7] (input port clocked by __VIRTUAL_CLK__)
Endpoint: op_out[6] (output port clocked by __VIRTUAL_CLK__)
Path Group: __VIRTUAL_CLK__
Path Type: min

Fanout         Cap        Slew       Delay        Time   Description
---------------------------------------------------------------------------------------------
                      0.000000    0.000000    0.000000   clock __VIRTUAL_CLK__ (rise edge)
                                  0.000000    0.000000   clock network delay (ideal)
                                  2.000000    2.000000 ^ input external delay
     1    0.003618    0.023287    0.013231    2.013232 ^ op_a[7] (in)
                                                         op_a[7] (net)
                      0.023288    0.000000    2.013232 ^ input12/A (sky130_fd_sc_hd__clkbuf_4)
     9    0.049431    0.155348    0.204929    2.218161 ^ input12/X (sky130_fd_sc_hd__clkbuf_4)
                                                         net12 (net)
                      0.155586    0.005010    2.223171 ^ _883_/A1 (sky130_fd_sc_hd__a211o_1)
     1    0.004980    0.053245    0.155445    2.378616 ^ _883_/X (sky130_fd_sc_hd__a211o_1)
                                                         _365_ (net)
                      0.053248    0.000438    2.379054 ^ _884_/C1 (sky130_fd_sc_hd__a211o_1)
     1    0.009062    0.086184    0.125821    2.504875 ^ _884_/X (sky130_fd_sc_hd__a211o_1)
                                                         _366_ (net)
                      0.086187    0.000688    2.505563 ^ _885_/B1 (sky130_fd_sc_hd__a31o_1)
     1    0.005862    0.066858    0.120823    2.626386 ^ _885_/X (sky130_fd_sc_hd__a31o_1)
                                                         net27 (net)
                      0.066859    0.000429    2.626815 ^ output27/A (sky130_fd_sc_hd__buf_6)
     1    0.035146    0.078281    0.133062    2.759877 ^ output27/X (sky130_fd_sc_hd__buf_6)
                                                         op_out[6] (net)
                      0.078390    0.001942    2.761819 ^ op_out[6] (out)
                                              2.761819   data arrival time

                      0.000000    0.000000    0.000000   clock __VIRTUAL_CLK__ (rise edge)
                                  0.000000    0.000000   clock network delay (ideal)
                                  0.250000    0.250000   clock uncertainty
                                  0.000000    0.250000   clock reconvergence pessimism
                                 -2.000000   -1.750000   output external delay
                                             -1.750000   data required time
---------------------------------------------------------------------------------------------
                                             -1.750000   data required time
                                             -2.761819   data arrival time
---------------------------------------------------------------------------------------------
                                              4.511819   slack (MET)


Startpoint: inst[2] (input port clocked by __VIRTUAL_CLK__)
Endpoint: op_out[3] (output port clocked by __VIRTUAL_CLK__)
Path Group: __VIRTUAL_CLK__
Path Type: min

Fanout         Cap        Slew       Delay        Time   Description
---------------------------------------------------------------------------------------------
                      0.000000    0.000000    0.000000   clock __VIRTUAL_CLK__ (rise edge)
                                  0.000000    0.000000   clock network delay (ideal)
                                  2.000000    2.000000 ^ input external delay
     1    0.003537    0.022935    0.012947    2.012947 ^ inst[2] (in)
                                                         inst[2] (net)
                      0.022936    0.000000    2.012947 ^ input3/A (sky130_fd_sc_hd__clkbuf_2)
     8    0.029499    0.164122    0.180027    2.192974 ^ input3/X (sky130_fd_sc_hd__clkbuf_2)
                                                         net3 (net)
                      0.164217    0.003251    2.196225 ^ _690_/A (sky130_fd_sc_hd__or4b_4)
     8    0.038117    0.119722    0.225398    2.421623 ^ _690_/X (sky130_fd_sc_hd__or4b_4)
                                                         _161_ (net)
                      0.119904    0.003724    2.425347 ^ _749_/A (sky130_fd_sc_hd__or3b_1)
     1    0.003016    0.039378    0.123910    2.549257 ^ _749_/X (sky130_fd_sc_hd__or3b_1)
                                                         _221_ (net)
                      0.039379    0.000222    2.549479 ^ _770_/B (sky130_fd_sc_hd__nand2b_1)
     1    0.002050    0.028638    0.044238    2.593716 v _770_/Y (sky130_fd_sc_hd__nand2b_1)
                                                         net24 (net)
                      0.028639    0.000145    2.593861 v output24/A (sky130_fd_sc_hd__buf_2)
     1    0.034522    0.090589    0.172733    2.766593 v output24/X (sky130_fd_sc_hd__buf_2)
                                                         op_out[3] (net)
                      0.090625    0.001666    2.768260 v op_out[3] (out)
                                              2.768260   data arrival time

                      0.000000    0.000000    0.000000   clock __VIRTUAL_CLK__ (rise edge)
                                  0.000000    0.000000   clock network delay (ideal)
                                  0.250000    0.250000   clock uncertainty
                                  0.000000    0.250000   clock reconvergence pessimism
                                 -2.000000   -1.750000   output external delay
                                             -1.750000   data required time
---------------------------------------------------------------------------------------------
                                             -1.750000   data required time
                                             -2.768260   data arrival time
---------------------------------------------------------------------------------------------
                                              4.518260   slack (MET)


Startpoint: inst[2] (input port clocked by __VIRTUAL_CLK__)
Endpoint: op_out[2] (output port clocked by __VIRTUAL_CLK__)
Path Group: __VIRTUAL_CLK__
Path Type: min

Fanout         Cap        Slew       Delay        Time   Description
---------------------------------------------------------------------------------------------
                      0.000000    0.000000    0.000000   clock __VIRTUAL_CLK__ (rise edge)
                                  0.000000    0.000000   clock network delay (ideal)
                                  2.000000    2.000000 ^ input external delay
     1    0.003537    0.022935    0.012947    2.012947 ^ inst[2] (in)
                                                         inst[2] (net)
                      0.022936    0.000000    2.012947 ^ input3/A (sky130_fd_sc_hd__clkbuf_2)
     8    0.029499    0.164122    0.180027    2.192974 ^ input3/X (sky130_fd_sc_hd__clkbuf_2)
                                                         net3 (net)
                      0.164217    0.003251    2.196225 ^ _690_/A (sky130_fd_sc_hd__or4b_4)
     8    0.038117    0.119722    0.225398    2.421623 ^ _690_/X (sky130_fd_sc_hd__or4b_4)
                                                         _161_ (net)
                      0.119963    0.004349    2.425972 ^ _725_/B1 (sky130_fd_sc_hd__a31oi_1)
     1    0.002614    0.042894    0.053298    2.479270 v _725_/Y (sky130_fd_sc_hd__a31oi_1)
                                                         _195_ (net)
                      0.042894    0.000186    2.479456 v _741_/A2 (sky130_fd_sc_hd__a21o_1)
     1    0.004924    0.040373    0.180640    2.660095 v _741_/X (sky130_fd_sc_hd__a21o_1)
                                                         net23 (net)
                      0.040376    0.000375    2.660471 v output23/A (sky130_fd_sc_hd__buf_6)
     1    0.034392    0.044062    0.134075    2.794546 v output23/X (sky130_fd_sc_hd__buf_6)
                                                         op_out[2] (net)
                      0.044141    0.001635    2.796181 v op_out[2] (out)
                                              2.796181   data arrival time

                      0.000000    0.000000    0.000000   clock __VIRTUAL_CLK__ (rise edge)
                                  0.000000    0.000000   clock network delay (ideal)
                                  0.250000    0.250000   clock uncertainty
                                  0.000000    0.250000   clock reconvergence pessimism
                                 -2.000000   -1.750000   output external delay
                                             -1.750000   data required time
---------------------------------------------------------------------------------------------
                                             -1.750000   data required time
                                             -2.796181   data arrival time
---------------------------------------------------------------------------------------------
                                              4.546181   slack (MET)


Startpoint: op_a[1] (input port clocked by __VIRTUAL_CLK__)
Endpoint: op_out[1] (output port clocked by __VIRTUAL_CLK__)
Path Group: __VIRTUAL_CLK__
Path Type: min

Fanout         Cap        Slew       Delay        Time   Description
---------------------------------------------------------------------------------------------
                      0.000000    0.000000    0.000000   clock __VIRTUAL_CLK__ (rise edge)
                                  0.000000    0.000000   clock network delay (ideal)
                                  2.000000    2.000000 ^ input external delay
     1    0.002720    0.019384    0.010078    2.010078 ^ op_a[1] (in)
                                                         op_a[1] (net)
                      0.019385    0.000000    2.010078 ^ input6/A (sky130_fd_sc_hd__buf_1)
     3    0.021746    0.258351    0.219746    2.229824 ^ input6/X (sky130_fd_sc_hd__buf_1)
                                                         net6 (net)
                      0.258393    0.002747    2.232571 ^ _703_/A1 (sky130_fd_sc_hd__o22a_1)
     1    0.002957    0.042829    0.188671    2.421242 ^ _703_/X (sky130_fd_sc_hd__o22a_1)
                                                         _173_ (net)
                      0.042830    0.000180    2.421422 ^ _710_/A (sky130_fd_sc_hd__or3_1)
     1    0.010211    0.100958    0.140621    2.562043 ^ _710_/X (sky130_fd_sc_hd__or3_1)
                                                         _180_ (net)
                      0.100960    0.000609    2.562651 ^ _718_/B (sky130_fd_sc_hd__or2_4)
     1    0.007601    0.038776    0.129512    2.692163 ^ _718_/X (sky130_fd_sc_hd__or2_4)
                                                         net22 (net)
                      0.038778    0.000579    2.692743 ^ output22/A (sky130_fd_sc_hd__buf_8)
     1    0.034966    0.066882    0.113589    2.806332 ^ output22/X (sky130_fd_sc_hd__buf_8)
                                                         op_out[1] (net)
                      0.066991    0.001831    2.808163 ^ op_out[1] (out)
                                              2.808163   data arrival time

                      0.000000    0.000000    0.000000   clock __VIRTUAL_CLK__ (rise edge)
                                  0.000000    0.000000   clock network delay (ideal)
                                  0.250000    0.250000   clock uncertainty
                                  0.000000    0.250000   clock reconvergence pessimism
                                 -2.000000   -1.750000   output external delay
                                             -1.750000   data required time
---------------------------------------------------------------------------------------------
                                             -1.750000   data required time
                                             -2.808163   data arrival time
---------------------------------------------------------------------------------------------
                                              4.558163   slack (MET)


Startpoint: op_a[7] (input port clocked by __VIRTUAL_CLK__)
Endpoint: op_out[7] (output port clocked by __VIRTUAL_CLK__)
Path Group: __VIRTUAL_CLK__
Path Type: min

Fanout         Cap        Slew       Delay        Time   Description
---------------------------------------------------------------------------------------------
                      0.000000    0.000000    0.000000   clock __VIRTUAL_CLK__ (rise edge)
                                  0.000000    0.000000   clock network delay (ideal)
                                  2.000000    2.000000 ^ input external delay
     1    0.003618    0.023287    0.013231    2.013232 ^ op_a[7] (in)
                                                         op_a[7] (net)
                      0.023288    0.000000    2.013232 ^ input12/A (sky130_fd_sc_hd__clkbuf_4)
     9    0.049431    0.155348    0.204929    2.218161 ^ input12/X (sky130_fd_sc_hd__clkbuf_4)
                                                         net12 (net)
                      0.155577    0.004917    2.223077 ^ _921_/A1 (sky130_fd_sc_hd__a32o_1)
     1    0.003548    0.055012    0.181445    2.404522 ^ _921_/X (sky130_fd_sc_hd__a32o_1)
                                                         _406_ (net)
                      0.055013    0.000235    2.404757 ^ _922_/C1 (sky130_fd_sc_hd__a211o_1)
     1    0.009378    0.088658    0.128250    2.533008 ^ _922_/X (sky130_fd_sc_hd__a211o_1)
                                                         _407_ (net)
                      0.088662    0.000734    2.533741 ^ _923_/B1 (sky130_fd_sc_hd__a311o_1)
     1    0.005804    0.074724    0.139296    2.673038 ^ _923_/X (sky130_fd_sc_hd__a311o_1)
                                                         net28 (net)
                      0.074725    0.000425    2.673463 ^ output28/A (sky130_fd_sc_hd__buf_6)
     1    0.033994    0.076195    0.134323    2.807786 ^ output28/X (sky130_fd_sc_hd__buf_6)
                                                         op_out[7] (net)
                      0.076234    0.001602    2.809387 ^ op_out[7] (out)
                                              2.809387   data arrival time

                      0.000000    0.000000    0.000000   clock __VIRTUAL_CLK__ (rise edge)
                                  0.000000    0.000000   clock network delay (ideal)
                                  0.250000    0.250000   clock uncertainty
                                  0.000000    0.250000   clock reconvergence pessimism
                                 -2.000000   -1.750000   output external delay
                                             -1.750000   data required time
---------------------------------------------------------------------------------------------
                                             -1.750000   data required time
                                             -2.809387   data arrival time
---------------------------------------------------------------------------------------------
                                              4.559387   slack (MET)



%OL_END_REPORT
%OL_CREATE_REPORT max.rpt

===========================================================================
report_checks -path_delay max (Setup)
============================================================================
======================= max_tt_025C_1v80 Corner ===================================

Startpoint: op_b[7] (input port clocked by __VIRTUAL_CLK__)
Endpoint: op_out[0] (output port clocked by __VIRTUAL_CLK__)
Path Group: __VIRTUAL_CLK__
Path Type: max

Fanout         Cap        Slew       Delay        Time   Description
---------------------------------------------------------------------------------------------
                      0.000000    0.000000    0.000000   clock __VIRTUAL_CLK__ (rise edge)
                                  0.000000    0.000000   clock network delay (ideal)
                                  2.000000    2.000000 v input external delay
     1    0.002682    0.008342    0.004273    2.004273 v op_b[7] (in)
                                                         op_b[7] (net)
                      0.008348    0.000000    2.004273 v input20/A (sky130_fd_sc_hd__clkbuf_1)
     3    0.024406    0.144713    0.164180    2.168453 v input20/X (sky130_fd_sc_hd__clkbuf_1)
                                                         net20 (net)
                      0.144782    0.001822    2.170276 v fanout48/A (sky130_fd_sc_hd__buf_6)
     5    0.033400    0.044005    0.179779    2.350055 v fanout48/X (sky130_fd_sc_hd__buf_6)
                                                         net48 (net)
                      0.044594    0.003775    2.353830 v _469_/C (sky130_fd_sc_hd__or4_4)
     6    0.026160    0.120798    0.537410    2.891240 v _469_/X (sky130_fd_sc_hd__or4_4)
                                                         _306_ (net)
                      0.120798    0.001156    2.892396 v _474_/B1 (sky130_fd_sc_hd__a211o_1)
     3    0.007906    0.072595    0.319592    3.211988 v _474_/X (sky130_fd_sc_hd__a211o_1)
                                                         _360_ (net)
                      0.072596    0.000423    3.212411 v _481_/B1 (sky130_fd_sc_hd__a211o_1)
     4    0.012485    0.090389    0.324365    3.536777 v _481_/X (sky130_fd_sc_hd__a211o_1)
                                                         _410_ (net)
                      0.090391    0.000649    3.537426 v _484_/A1 (sky130_fd_sc_hd__a21o_1)
     4    0.014269    0.079739    0.216500    3.753926 v _484_/X (sky130_fd_sc_hd__a21o_1)
                                                         _413_ (net)
                      0.079740    0.000413    3.754340 v _494_/A2 (sky130_fd_sc_hd__a211o_1)
     3    0.012246    0.089445    0.349526    4.103865 v _494_/X (sky130_fd_sc_hd__a211o_1)
                                                         _423_ (net)
                      0.089447    0.000570    4.104435 v _496_/B1 (sky130_fd_sc_hd__a22o_1)
     3    0.012371    0.081887    0.237137    4.341573 v _496_/X (sky130_fd_sc_hd__a22o_1)
                                                         _425_ (net)
                      0.081899    0.000988    4.342561 v _499_/A (sky130_fd_sc_hd__and3_1)
     3    0.012608    0.077790    0.198169    4.540730 v _499_/X (sky130_fd_sc_hd__and3_1)
                                                         _428_ (net)
                      0.077792    0.000572    4.541303 v _509_/C1 (sky130_fd_sc_hd__a211o_4)
     3    0.015922    0.067753    0.298703    4.840006 v _509_/X (sky130_fd_sc_hd__a211o_4)
                                                         _438_ (net)
                      0.067823    0.001054    4.841060 v _515_/A2 (sky130_fd_sc_hd__a21oi_4)
     8    0.046516    0.348308    0.335314    5.176374 ^ _515_/Y (sky130_fd_sc_hd__a21oi_4)
                                                         _444_ (net)
                      0.348357    0.003340    5.179715 ^ _524_/S (sky130_fd_sc_hd__mux2_4)
     2    0.007679    0.056469    0.345727    5.525442 v _524_/X (sky130_fd_sc_hd__mux2_4)
                                                         _453_ (net)
                      0.056469    0.000450    5.525892 v _539_/A1 (sky130_fd_sc_hd__a221o_1)
     3    0.010287    0.088190    0.357844    5.883736 v _539_/X (sky130_fd_sc_hd__a221o_1)
                                                         _010_ (net)
                      0.088195    0.000736    5.884471 v _544_/A2 (sky130_fd_sc_hd__a311o_1)
     3    0.009830    0.086672    0.363939    6.248410 v _544_/X (sky130_fd_sc_hd__a311o_1)
                                                         _015_ (net)
                      0.086675    0.000625    6.249036 v _579_/A1 (sky130_fd_sc_hd__a21o_1)
     3    0.008837    0.058643    0.194995    6.444030 v _579_/X (sky130_fd_sc_hd__a21o_1)
                                                         _050_ (net)
                      0.058646    0.000488    6.444519 v _583_/B (sky130_fd_sc_hd__and3_1)
     2    0.005513    0.048393    0.178203    6.622721 v _583_/X (sky130_fd_sc_hd__and3_1)
                                                         _054_ (net)
                      0.048393    0.000283    6.623004 v _585_/A (sky130_fd_sc_hd__or4_4)
     1    0.003956    0.081896    0.523140    7.146145 v _585_/X (sky130_fd_sc_hd__or4_4)
                                                         _056_ (net)
                      0.081896    0.000272    7.146417 v _586_/B (sky130_fd_sc_hd__or4b_4)
     1    0.009269    0.093031    0.537498    7.683915 v _586_/X (sky130_fd_sc_hd__or4b_4)
                                                         _057_ (net)
                      0.093031    0.000703    7.684618 v _590_/A2 (sky130_fd_sc_hd__a311oi_4)
     4    0.017422    0.328226    0.360619    8.045238 ^ _590_/Y (sky130_fd_sc_hd__a311oi_4)
                                                         _061_ (net)
                      0.328227    0.001302    8.046539 ^ max_cap30/A (sky130_fd_sc_hd__buf_6)
     5    0.027814    0.068056    0.181140    8.227679 ^ max_cap30/X (sky130_fd_sc_hd__buf_6)
                                                         net30 (net)
                      0.068075    0.001107    8.228786 ^ _619_/S (sky130_fd_sc_hd__mux2_4)
     5    0.021963    0.075984    0.337700    8.566485 v _619_/X (sky130_fd_sc_hd__mux2_4)
                                                         _090_ (net)
                      0.076056    0.001180    8.567665 v _623_/B2 (sky130_fd_sc_hd__o22a_1)
     2    0.006053    0.059939    0.184482    8.752147 v _623_/X (sky130_fd_sc_hd__o22a_1)
                                                         _094_ (net)
                      0.059939    0.000337    8.752483 v _624_/A (sky130_fd_sc_hd__or4bb_4)
     4    0.020997    0.115200    0.587376    9.339860 v _624_/X (sky130_fd_sc_hd__or4bb_4)
                                                         _095_ (net)
                      0.115200    0.000986    9.340846 v _628_/A2 (sky130_fd_sc_hd__a21oi_4)
     4    0.023222    0.203306    0.248368    9.589213 ^ _628_/Y (sky130_fd_sc_hd__a21oi_4)
                                                         _099_ (net)
                      0.203311    0.001360    9.590573 ^ fanout29/A (sky130_fd_sc_hd__buf_6)
     5    0.030021    0.070385    0.161874    9.752447 ^ fanout29/X (sky130_fd_sc_hd__buf_6)
                                                         net29 (net)
                      0.070610    0.002818    9.755265 ^ _665_/S (sky130_fd_sc_hd__mux2_4)
     3    0.008608    0.057565    0.309983   10.065248 v _665_/X (sky130_fd_sc_hd__mux2_4)
                                                         _136_ (net)
                      0.057565    0.000257   10.065505 v _669_/A2 (sky130_fd_sc_hd__a21o_1)
     1    0.003580    0.036708    0.180439   10.245944 v _669_/X (sky130_fd_sc_hd__a21o_1)
                                                         _140_ (net)
                      0.036708    0.000227   10.246171 v _671_/A1 (sky130_fd_sc_hd__o211a_1)
     1    0.002989    0.039355    0.213498   10.459669 v _671_/X (sky130_fd_sc_hd__o211a_1)
                                                         _142_ (net)
                      0.039355    0.000197   10.459867 v _672_/B2 (sky130_fd_sc_hd__o221a_1)
     1    0.003803    0.050836    0.205346   10.665212 v _672_/X (sky130_fd_sc_hd__o221a_1)
                                                         _143_ (net)
                      0.050855    0.000255   10.665467 v _675_/A2 (sky130_fd_sc_hd__o21a_1)
     1    0.002470    0.033203    0.161960   10.827427 v _675_/X (sky130_fd_sc_hd__o21a_1)
                                                         _146_ (net)
                      0.033203    0.000112   10.827539 v _679_/A2 (sky130_fd_sc_hd__o21a_1)
     1    0.008207    0.060167    0.185550   11.013089 v _679_/X (sky130_fd_sc_hd__o21a_1)
                                                         _150_ (net)
                      0.060175    0.000702   11.013791 v _700_/C (sky130_fd_sc_hd__or3_4)
     1    0.009585    0.074187    0.342540   11.356331 v _700_/X (sky130_fd_sc_hd__or3_4)
                                                         net21 (net)
                      0.074187    0.000820   11.357151 v output21/A (sky130_fd_sc_hd__buf_8)
     1    0.034765    0.040608    0.146308   11.503459 v output21/X (sky130_fd_sc_hd__buf_8)
                                                         op_out[0] (net)
                      0.040710    0.001775   11.505234 v op_out[0] (out)
                                             11.505234   data arrival time

                      0.000000   10.000000   10.000000   clock __VIRTUAL_CLK__ (rise edge)
                                  0.000000   10.000000   clock network delay (ideal)
                                 -0.250000    9.750000   clock uncertainty
                                  0.000000    9.750000   clock reconvergence pessimism
                                 -2.000000    7.750000   output external delay
                                              7.750000   data required time
---------------------------------------------------------------------------------------------
                                              7.750000   data required time
                                            -11.505234   data arrival time
---------------------------------------------------------------------------------------------
                                             -3.755234   slack (VIOLATED)


Startpoint: op_b[7] (input port clocked by __VIRTUAL_CLK__)
Endpoint: op_out[1] (output port clocked by __VIRTUAL_CLK__)
Path Group: __VIRTUAL_CLK__
Path Type: max

Fanout         Cap        Slew       Delay        Time   Description
---------------------------------------------------------------------------------------------
                      0.000000    0.000000    0.000000   clock __VIRTUAL_CLK__ (rise edge)
                                  0.000000    0.000000   clock network delay (ideal)
                                  2.000000    2.000000 v input external delay
     1    0.002682    0.008342    0.004273    2.004273 v op_b[7] (in)
                                                         op_b[7] (net)
                      0.008348    0.000000    2.004273 v input20/A (sky130_fd_sc_hd__clkbuf_1)
     3    0.024406    0.144713    0.164180    2.168453 v input20/X (sky130_fd_sc_hd__clkbuf_1)
                                                         net20 (net)
                      0.144782    0.001822    2.170276 v fanout48/A (sky130_fd_sc_hd__buf_6)
     5    0.033400    0.044005    0.179779    2.350055 v fanout48/X (sky130_fd_sc_hd__buf_6)
                                                         net48 (net)
                      0.044594    0.003775    2.353830 v _469_/C (sky130_fd_sc_hd__or4_4)
     6    0.026160    0.120798    0.537410    2.891240 v _469_/X (sky130_fd_sc_hd__or4_4)
                                                         _306_ (net)
                      0.120798    0.001156    2.892396 v _474_/B1 (sky130_fd_sc_hd__a211o_1)
     3    0.007906    0.072595    0.319592    3.211988 v _474_/X (sky130_fd_sc_hd__a211o_1)
                                                         _360_ (net)
                      0.072596    0.000423    3.212411 v _481_/B1 (sky130_fd_sc_hd__a211o_1)
     4    0.012485    0.090389    0.324365    3.536777 v _481_/X (sky130_fd_sc_hd__a211o_1)
                                                         _410_ (net)
                      0.090391    0.000649    3.537426 v _484_/A1 (sky130_fd_sc_hd__a21o_1)
     4    0.014269    0.079739    0.216500    3.753926 v _484_/X (sky130_fd_sc_hd__a21o_1)
                                                         _413_ (net)
                      0.079740    0.000413    3.754340 v _494_/A2 (sky130_fd_sc_hd__a211o_1)
     3    0.012246    0.089445    0.349526    4.103865 v _494_/X (sky130_fd_sc_hd__a211o_1)
                                                         _423_ (net)
                      0.089447    0.000570    4.104435 v _496_/B1 (sky130_fd_sc_hd__a22o_1)
     3    0.012371    0.081887    0.237137    4.341573 v _496_/X (sky130_fd_sc_hd__a22o_1)
                                                         _425_ (net)
                      0.081899    0.000988    4.342561 v _499_/A (sky130_fd_sc_hd__and3_1)
     3    0.012608    0.077790    0.198169    4.540730 v _499_/X (sky130_fd_sc_hd__and3_1)
                                                         _428_ (net)
                      0.077792    0.000572    4.541303 v _509_/C1 (sky130_fd_sc_hd__a211o_4)
     3    0.015922    0.067753    0.298703    4.840006 v _509_/X (sky130_fd_sc_hd__a211o_4)
                                                         _438_ (net)
                      0.067823    0.001054    4.841060 v _515_/A2 (sky130_fd_sc_hd__a21oi_4)
     8    0.046516    0.348308    0.335314    5.176374 ^ _515_/Y (sky130_fd_sc_hd__a21oi_4)
                                                         _444_ (net)
                      0.348357    0.003340    5.179715 ^ _524_/S (sky130_fd_sc_hd__mux2_4)
     2    0.007679    0.056469    0.345727    5.525442 v _524_/X (sky130_fd_sc_hd__mux2_4)
                                                         _453_ (net)
                      0.056469    0.000450    5.525892 v _539_/A1 (sky130_fd_sc_hd__a221o_1)
     3    0.010287    0.088190    0.357844    5.883736 v _539_/X (sky130_fd_sc_hd__a221o_1)
                                                         _010_ (net)
                      0.088195    0.000736    5.884471 v _544_/A2 (sky130_fd_sc_hd__a311o_1)
     3    0.009830    0.086672    0.363939    6.248410 v _544_/X (sky130_fd_sc_hd__a311o_1)
                                                         _015_ (net)
                      0.086675    0.000625    6.249036 v _579_/A1 (sky130_fd_sc_hd__a21o_1)
     3    0.008837    0.058643    0.194995    6.444030 v _579_/X (sky130_fd_sc_hd__a21o_1)
                                                         _050_ (net)
                      0.058646    0.000488    6.444519 v _583_/B (sky130_fd_sc_hd__and3_1)
     2    0.005513    0.048393    0.178203    6.622721 v _583_/X (sky130_fd_sc_hd__and3_1)
                                                         _054_ (net)
                      0.048393    0.000283    6.623004 v _585_/A (sky130_fd_sc_hd__or4_4)
     1    0.003956    0.081896    0.523140    7.146145 v _585_/X (sky130_fd_sc_hd__or4_4)
                                                         _056_ (net)
                      0.081896    0.000272    7.146417 v _586_/B (sky130_fd_sc_hd__or4b_4)
     1    0.009269    0.093031    0.537498    7.683915 v _586_/X (sky130_fd_sc_hd__or4b_4)
                                                         _057_ (net)
                      0.093031    0.000703    7.684618 v _590_/A2 (sky130_fd_sc_hd__a311oi_4)
     4    0.017422    0.328226    0.360619    8.045238 ^ _590_/Y (sky130_fd_sc_hd__a311oi_4)
                                                         _061_ (net)
                      0.328227    0.001302    8.046539 ^ max_cap30/A (sky130_fd_sc_hd__buf_6)
     5    0.027814    0.068056    0.181140    8.227679 ^ max_cap30/X (sky130_fd_sc_hd__buf_6)
                                                         net30 (net)
                      0.068086    0.001325    8.229004 ^ _601_/S (sky130_fd_sc_hd__mux2_4)
     4    0.026318    0.081173    0.344707    8.573710 v _601_/X (sky130_fd_sc_hd__mux2_4)
                                                         _072_ (net)
                      0.081189    0.001076    8.574786 v _604_/A (sky130_fd_sc_hd__xnor2_4)
     4    0.016908    0.074226    0.170790    8.745577 v _604_/Y (sky130_fd_sc_hd__xnor2_4)
                                                         _075_ (net)
                      0.074231    0.001073    8.746650 v _608_/A2 (sky130_fd_sc_hd__a211oi_4)
     3    0.010990    0.219773    0.281387    9.028037 ^ _608_/Y (sky130_fd_sc_hd__a211oi_4)
                                                         _079_ (net)
                      0.219774    0.000952    9.028990 ^ _627_/A3 (sky130_fd_sc_hd__o31a_1)
     4    0.021488    0.227749    0.279472    9.308462 ^ _627_/X (sky130_fd_sc_hd__o31a_1)
                                                         _098_ (net)
                      0.227750    0.001030    9.309492 ^ _628_/A1 (sky130_fd_sc_hd__a21oi_4)
     4    0.021649    0.087672    0.115090    9.424582 v _628_/Y (sky130_fd_sc_hd__a21oi_4)
                                                         _099_ (net)
                      0.087746    0.001410    9.425992 v clone9/A (sky130_fd_sc_hd__buf_6)
     5    0.019668    0.032992    0.144876    9.570868 v clone9/X (sky130_fd_sc_hd__buf_6)
                                                         net78 (net)
                      0.033086    0.000992    9.571860 v _717_/A1 (sky130_fd_sc_hd__a22o_1)
     1    0.005114    0.050677    0.209925    9.781785 v _717_/X (sky130_fd_sc_hd__a22o_1)
                                                         _187_ (net)
                      0.050716    0.000340    9.782125 v _718_/A (sky130_fd_sc_hd__or2_4)
     1    0.006940    0.049854    0.250909   10.033034 v _718_/X (sky130_fd_sc_hd__or2_4)
                                                         net22 (net)
                      0.049854    0.000528   10.033562 v output22/A (sky130_fd_sc_hd__buf_8)
     1    0.034966    0.040799    0.135689   10.169250 v output22/X (sky130_fd_sc_hd__buf_8)
                                                         op_out[1] (net)
                      0.040907    0.001826   10.171077 v op_out[1] (out)
                                             10.171077   data arrival time

                      0.000000   10.000000   10.000000   clock __VIRTUAL_CLK__ (rise edge)
                                  0.000000   10.000000   clock network delay (ideal)
                                 -0.250000    9.750000   clock uncertainty
                                  0.000000    9.750000   clock reconvergence pessimism
                                 -2.000000    7.750000   output external delay
                                              7.750000   data required time
---------------------------------------------------------------------------------------------
                                              7.750000   data required time
                                            -10.171077   data arrival time
---------------------------------------------------------------------------------------------
                                             -2.421077   slack (VIOLATED)


Startpoint: op_b[7] (input port clocked by __VIRTUAL_CLK__)
Endpoint: op_out[2] (output port clocked by __VIRTUAL_CLK__)
Path Group: __VIRTUAL_CLK__
Path Type: max

Fanout         Cap        Slew       Delay        Time   Description
---------------------------------------------------------------------------------------------
                      0.000000    0.000000    0.000000   clock __VIRTUAL_CLK__ (rise edge)
                                  0.000000    0.000000   clock network delay (ideal)
                                  2.000000    2.000000 v input external delay
     1    0.002682    0.008342    0.004273    2.004273 v op_b[7] (in)
                                                         op_b[7] (net)
                      0.008348    0.000000    2.004273 v input20/A (sky130_fd_sc_hd__clkbuf_1)
     3    0.024406    0.144713    0.164180    2.168453 v input20/X (sky130_fd_sc_hd__clkbuf_1)
                                                         net20 (net)
                      0.144782    0.001822    2.170276 v fanout48/A (sky130_fd_sc_hd__buf_6)
     5    0.033400    0.044005    0.179779    2.350055 v fanout48/X (sky130_fd_sc_hd__buf_6)
                                                         net48 (net)
                      0.044594    0.003775    2.353830 v _469_/C (sky130_fd_sc_hd__or4_4)
     6    0.026160    0.120798    0.537410    2.891240 v _469_/X (sky130_fd_sc_hd__or4_4)
                                                         _306_ (net)
                      0.120798    0.001156    2.892396 v _474_/B1 (sky130_fd_sc_hd__a211o_1)
     3    0.007906    0.072595    0.319592    3.211988 v _474_/X (sky130_fd_sc_hd__a211o_1)
                                                         _360_ (net)
                      0.072596    0.000423    3.212411 v _481_/B1 (sky130_fd_sc_hd__a211o_1)
     4    0.012485    0.090389    0.324365    3.536777 v _481_/X (sky130_fd_sc_hd__a211o_1)
                                                         _410_ (net)
                      0.090391    0.000649    3.537426 v _484_/A1 (sky130_fd_sc_hd__a21o_1)
     4    0.014269    0.079739    0.216500    3.753926 v _484_/X (sky130_fd_sc_hd__a21o_1)
                                                         _413_ (net)
                      0.079740    0.000413    3.754340 v _494_/A2 (sky130_fd_sc_hd__a211o_1)
     3    0.012246    0.089445    0.349526    4.103865 v _494_/X (sky130_fd_sc_hd__a211o_1)
                                                         _423_ (net)
                      0.089447    0.000570    4.104435 v _496_/B1 (sky130_fd_sc_hd__a22o_1)
     3    0.012371    0.081887    0.237137    4.341573 v _496_/X (sky130_fd_sc_hd__a22o_1)
                                                         _425_ (net)
                      0.081899    0.000988    4.342561 v _499_/A (sky130_fd_sc_hd__and3_1)
     3    0.012608    0.077790    0.198169    4.540730 v _499_/X (sky130_fd_sc_hd__and3_1)
                                                         _428_ (net)
                      0.077792    0.000572    4.541303 v _509_/C1 (sky130_fd_sc_hd__a211o_4)
     3    0.015922    0.067753    0.298703    4.840006 v _509_/X (sky130_fd_sc_hd__a211o_4)
                                                         _438_ (net)
                      0.067823    0.001054    4.841060 v _515_/A2 (sky130_fd_sc_hd__a21oi_4)
     8    0.046516    0.348308    0.335314    5.176374 ^ _515_/Y (sky130_fd_sc_hd__a21oi_4)
                                                         _444_ (net)
                      0.348357    0.003340    5.179715 ^ _524_/S (sky130_fd_sc_hd__mux2_4)
     2    0.007679    0.056469    0.345727    5.525442 v _524_/X (sky130_fd_sc_hd__mux2_4)
                                                         _453_ (net)
                      0.056469    0.000450    5.525892 v _539_/A1 (sky130_fd_sc_hd__a221o_1)
     3    0.010287    0.088190    0.357844    5.883736 v _539_/X (sky130_fd_sc_hd__a221o_1)
                                                         _010_ (net)
                      0.088195    0.000736    5.884471 v _544_/A2 (sky130_fd_sc_hd__a311o_1)
     3    0.009830    0.086672    0.363939    6.248410 v _544_/X (sky130_fd_sc_hd__a311o_1)
                                                         _015_ (net)
                      0.086675    0.000625    6.249036 v _579_/A1 (sky130_fd_sc_hd__a21o_1)
     3    0.008837    0.058643    0.194995    6.444030 v _579_/X (sky130_fd_sc_hd__a21o_1)
                                                         _050_ (net)
                      0.058646    0.000488    6.444519 v _583_/B (sky130_fd_sc_hd__and3_1)
     2    0.005513    0.048393    0.178203    6.622721 v _583_/X (sky130_fd_sc_hd__and3_1)
                                                         _054_ (net)
                      0.048393    0.000283    6.623004 v _585_/A (sky130_fd_sc_hd__or4_4)
     1    0.003956    0.081896    0.523140    7.146145 v _585_/X (sky130_fd_sc_hd__or4_4)
                                                         _056_ (net)
                      0.081896    0.000272    7.146417 v _586_/B (sky130_fd_sc_hd__or4b_4)
     1    0.009269    0.093031    0.537498    7.683915 v _586_/X (sky130_fd_sc_hd__or4b_4)
                                                         _057_ (net)
                      0.093031    0.000703    7.684618 v _590_/A2 (sky130_fd_sc_hd__a311oi_4)
     4    0.017422    0.328226    0.360619    8.045238 ^ _590_/Y (sky130_fd_sc_hd__a311oi_4)
                                                         _061_ (net)
                      0.328227    0.001302    8.046539 ^ max_cap30/A (sky130_fd_sc_hd__buf_6)
     5    0.027814    0.068056    0.181140    8.227679 ^ max_cap30/X (sky130_fd_sc_hd__buf_6)
                                                         net30 (net)
                      0.068081    0.001219    8.228898 ^ rebuffer3/A (sky130_fd_sc_hd__dlygate4sd1_1)
     1    0.005625    0.064935    0.214789    8.443686 ^ rebuffer3/X (sky130_fd_sc_hd__dlygate4sd1_1)
                                                         net72 (net)
                      0.064936    0.000417    8.444103 ^ _740_/A2 (sky130_fd_sc_hd__a211o_1)
     1    0.005451    0.061245    0.133756    8.577860 ^ _740_/X (sky130_fd_sc_hd__a211o_1)
                                                         _212_ (net)
                      0.061247    0.000410    8.578270 ^ _741_/B1 (sky130_fd_sc_hd__a21o_1)
     1    0.005403    0.058032    0.096037    8.674307 ^ _741_/X (sky130_fd_sc_hd__a21o_1)
                                                         net23 (net)
                      0.058034    0.000414    8.674721 ^ output23/A (sky130_fd_sc_hd__buf_6)
     1    0.034392    0.076853    0.129287    8.804008 ^ output23/X (sky130_fd_sc_hd__buf_6)
                                                         op_out[2] (net)
                      0.076940    0.001638    8.805645 ^ op_out[2] (out)
                                              8.805645   data arrival time

                      0.000000   10.000000   10.000000   clock __VIRTUAL_CLK__ (rise edge)
                                  0.000000   10.000000   clock network delay (ideal)
                                 -0.250000    9.750000   clock uncertainty
                                  0.000000    9.750000   clock reconvergence pessimism
                                 -2.000000    7.750000   output external delay
                                              7.750000   data required time
---------------------------------------------------------------------------------------------
                                              7.750000   data required time
                                             -8.805645   data arrival time
---------------------------------------------------------------------------------------------
                                             -1.055645   slack (VIOLATED)


Startpoint: op_b[7] (input port clocked by __VIRTUAL_CLK__)
Endpoint: op_out[3] (output port clocked by __VIRTUAL_CLK__)
Path Group: __VIRTUAL_CLK__
Path Type: max

Fanout         Cap        Slew       Delay        Time   Description
---------------------------------------------------------------------------------------------
                      0.000000    0.000000    0.000000   clock __VIRTUAL_CLK__ (rise edge)
                                  0.000000    0.000000   clock network delay (ideal)
                                  2.000000    2.000000 v input external delay
     1    0.002682    0.008342    0.004273    2.004273 v op_b[7] (in)
                                                         op_b[7] (net)
                      0.008348    0.000000    2.004273 v input20/A (sky130_fd_sc_hd__clkbuf_1)
     3    0.024406    0.144713    0.164180    2.168453 v input20/X (sky130_fd_sc_hd__clkbuf_1)
                                                         net20 (net)
                      0.144782    0.001822    2.170276 v fanout48/A (sky130_fd_sc_hd__buf_6)
     5    0.033400    0.044005    0.179779    2.350055 v fanout48/X (sky130_fd_sc_hd__buf_6)
                                                         net48 (net)
                      0.044594    0.003775    2.353830 v _469_/C (sky130_fd_sc_hd__or4_4)
     6    0.026160    0.120798    0.537410    2.891240 v _469_/X (sky130_fd_sc_hd__or4_4)
                                                         _306_ (net)
                      0.120798    0.001156    2.892396 v _474_/B1 (sky130_fd_sc_hd__a211o_1)
     3    0.007906    0.072595    0.319592    3.211988 v _474_/X (sky130_fd_sc_hd__a211o_1)
                                                         _360_ (net)
                      0.072596    0.000423    3.212411 v _481_/B1 (sky130_fd_sc_hd__a211o_1)
     4    0.012485    0.090389    0.324365    3.536777 v _481_/X (sky130_fd_sc_hd__a211o_1)
                                                         _410_ (net)
                      0.090391    0.000649    3.537426 v _484_/A1 (sky130_fd_sc_hd__a21o_1)
     4    0.014269    0.079739    0.216500    3.753926 v _484_/X (sky130_fd_sc_hd__a21o_1)
                                                         _413_ (net)
                      0.079740    0.000413    3.754340 v _494_/A2 (sky130_fd_sc_hd__a211o_1)
     3    0.012246    0.089445    0.349526    4.103865 v _494_/X (sky130_fd_sc_hd__a211o_1)
                                                         _423_ (net)
                      0.089447    0.000570    4.104435 v _496_/B1 (sky130_fd_sc_hd__a22o_1)
     3    0.012371    0.081887    0.237137    4.341573 v _496_/X (sky130_fd_sc_hd__a22o_1)
                                                         _425_ (net)
                      0.081899    0.000988    4.342561 v _499_/A (sky130_fd_sc_hd__and3_1)
     3    0.012608    0.077790    0.198169    4.540730 v _499_/X (sky130_fd_sc_hd__and3_1)
                                                         _428_ (net)
                      0.077792    0.000572    4.541303 v _509_/C1 (sky130_fd_sc_hd__a211o_4)
     3    0.015922    0.067753    0.298703    4.840006 v _509_/X (sky130_fd_sc_hd__a211o_4)
                                                         _438_ (net)
                      0.067823    0.001054    4.841060 v _515_/A2 (sky130_fd_sc_hd__a21oi_4)
     8    0.046516    0.348308    0.335314    5.176374 ^ _515_/Y (sky130_fd_sc_hd__a21oi_4)
                                                         _444_ (net)
                      0.348357    0.003340    5.179715 ^ _524_/S (sky130_fd_sc_hd__mux2_4)
     2    0.007679    0.056469    0.345727    5.525442 v _524_/X (sky130_fd_sc_hd__mux2_4)
                                                         _453_ (net)
                      0.056469    0.000450    5.525892 v _539_/A1 (sky130_fd_sc_hd__a221o_1)
     3    0.010287    0.088190    0.357844    5.883736 v _539_/X (sky130_fd_sc_hd__a221o_1)
                                                         _010_ (net)
                      0.088192    0.000572    5.884307 v _543_/A3 (sky130_fd_sc_hd__a311oi_2)
     4    0.017343    0.401653    0.439748    6.324056 ^ _543_/Y (sky130_fd_sc_hd__a311oi_2)
                                                         _014_ (net)
                      0.401653    0.001347    6.325403 ^ _548_/A (sky130_fd_sc_hd__nor2_2)
     2    0.019620    0.116058    0.143499    6.468902 v _548_/Y (sky130_fd_sc_hd__nor2_2)
                                                         _019_ (net)
                      0.116082    0.001374    6.470276 v _769_/A2 (sky130_fd_sc_hd__a211o_1)
     1    0.002539    0.045724    0.307318    6.777594 v _769_/X (sky130_fd_sc_hd__a211o_1)
                                                         _243_ (net)
                      0.045724    0.000147    6.777742 v _770_/A_N (sky130_fd_sc_hd__nand2b_1)
     1    0.002050    0.037087    0.130213    6.907955 v _770_/Y (sky130_fd_sc_hd__nand2b_1)
                                                         net24 (net)
                      0.037087    0.000144    6.908099 v output24/A (sky130_fd_sc_hd__buf_2)
     1    0.034522    0.090528    0.176372    7.084471 v output24/X (sky130_fd_sc_hd__buf_2)
                                                         op_out[3] (net)
                      0.090564    0.001666    7.086138 v op_out[3] (out)
                                              7.086138   data arrival time

                      0.000000   10.000000   10.000000   clock __VIRTUAL_CLK__ (rise edge)
                                  0.000000   10.000000   clock network delay (ideal)
                                 -0.250000    9.750000   clock uncertainty
                                  0.000000    9.750000   clock reconvergence pessimism
                                 -2.000000    7.750000   output external delay
                                              7.750000   data required time
---------------------------------------------------------------------------------------------
                                              7.750000   data required time
                                             -7.086138   data arrival time
---------------------------------------------------------------------------------------------
                                              0.663862   slack (MET)


Startpoint: op_b[7] (input port clocked by __VIRTUAL_CLK__)
Endpoint: op_out[4] (output port clocked by __VIRTUAL_CLK__)
Path Group: __VIRTUAL_CLK__
Path Type: max

Fanout         Cap        Slew       Delay        Time   Description
---------------------------------------------------------------------------------------------
                      0.000000    0.000000    0.000000   clock __VIRTUAL_CLK__ (rise edge)
                                  0.000000    0.000000   clock network delay (ideal)
                                  2.000000    2.000000 v input external delay
     1    0.002682    0.008342    0.004273    2.004273 v op_b[7] (in)
                                                         op_b[7] (net)
                      0.008348    0.000000    2.004273 v input20/A (sky130_fd_sc_hd__clkbuf_1)
     3    0.024406    0.144713    0.164180    2.168453 v input20/X (sky130_fd_sc_hd__clkbuf_1)
                                                         net20 (net)
                      0.144782    0.001822    2.170276 v fanout48/A (sky130_fd_sc_hd__buf_6)
     5    0.033400    0.044005    0.179779    2.350055 v fanout48/X (sky130_fd_sc_hd__buf_6)
                                                         net48 (net)
                      0.044594    0.003775    2.353830 v _469_/C (sky130_fd_sc_hd__or4_4)
     6    0.026160    0.120798    0.537410    2.891240 v _469_/X (sky130_fd_sc_hd__or4_4)
                                                         _306_ (net)
                      0.120798    0.001156    2.892396 v _474_/B1 (sky130_fd_sc_hd__a211o_1)
     3    0.007906    0.072595    0.319592    3.211988 v _474_/X (sky130_fd_sc_hd__a211o_1)
                                                         _360_ (net)
                      0.072596    0.000423    3.212411 v _481_/B1 (sky130_fd_sc_hd__a211o_1)
     4    0.012485    0.090389    0.324365    3.536777 v _481_/X (sky130_fd_sc_hd__a211o_1)
                                                         _410_ (net)
                      0.090391    0.000649    3.537426 v _484_/A1 (sky130_fd_sc_hd__a21o_1)
     4    0.014269    0.079739    0.216500    3.753926 v _484_/X (sky130_fd_sc_hd__a21o_1)
                                                         _413_ (net)
                      0.079740    0.000413    3.754340 v _494_/A2 (sky130_fd_sc_hd__a211o_1)
     3    0.012246    0.089445    0.349526    4.103865 v _494_/X (sky130_fd_sc_hd__a211o_1)
                                                         _423_ (net)
                      0.089447    0.000570    4.104435 v _496_/B1 (sky130_fd_sc_hd__a22o_1)
     3    0.012371    0.081887    0.237137    4.341573 v _496_/X (sky130_fd_sc_hd__a22o_1)
                                                         _425_ (net)
                      0.081899    0.000988    4.342561 v _499_/A (sky130_fd_sc_hd__and3_1)
     3    0.012608    0.077790    0.198169    4.540730 v _499_/X (sky130_fd_sc_hd__and3_1)
                                                         _428_ (net)
                      0.077792    0.000572    4.541303 v _509_/C1 (sky130_fd_sc_hd__a211o_4)
     3    0.015922    0.067753    0.298703    4.840006 v _509_/X (sky130_fd_sc_hd__a211o_4)
                                                         _438_ (net)
                      0.067823    0.001054    4.841060 v _515_/A2 (sky130_fd_sc_hd__a21oi_4)
     8    0.046516    0.348308    0.335314    5.176374 ^ _515_/Y (sky130_fd_sc_hd__a21oi_4)
                                                         _444_ (net)
                      0.348362    0.003518    5.179892 ^ _797_/A2 (sky130_fd_sc_hd__a211oi_1)
     1    0.003662    0.089985    0.136120    5.316012 v _797_/Y (sky130_fd_sc_hd__a211oi_1)
                                                         _272_ (net)
                      0.089985    0.000256    5.316267 v _798_/B1 (sky130_fd_sc_hd__o31ai_1)
     1    0.005962    0.273203    0.101927    5.418195 ^ _798_/Y (sky130_fd_sc_hd__o31ai_1)
                                                         net25 (net)
                      0.273204    0.000464    5.418659 ^ output25/A (sky130_fd_sc_hd__buf_4)
     1    0.034590    0.104846    0.225207    5.643866 ^ output25/X (sky130_fd_sc_hd__buf_4)
                                                         op_out[4] (net)
                      0.104875    0.001696    5.645562 ^ op_out[4] (out)
                                              5.645562   data arrival time

                      0.000000   10.000000   10.000000   clock __VIRTUAL_CLK__ (rise edge)
                                  0.000000   10.000000   clock network delay (ideal)
                                 -0.250000    9.750000   clock uncertainty
                                  0.000000    9.750000   clock reconvergence pessimism
                                 -2.000000    7.750000   output external delay
                                              7.750000   data required time
---------------------------------------------------------------------------------------------
                                              7.750000   data required time
                                             -5.645562   data arrival time
---------------------------------------------------------------------------------------------
                                              2.104438   slack (MET)


Startpoint: op_b[0] (input port clocked by __VIRTUAL_CLK__)
Endpoint: op_out[5] (output port clocked by __VIRTUAL_CLK__)
Path Group: __VIRTUAL_CLK__
Path Type: max

Fanout         Cap        Slew       Delay        Time   Description
---------------------------------------------------------------------------------------------
                      0.000000    0.000000    0.000000   clock __VIRTUAL_CLK__ (rise edge)
                                  0.000000    0.000000   clock network delay (ideal)
                                  2.000000    2.000000 ^ input external delay
     1    0.005585    0.031817    0.019828    2.019828 ^ op_b[0] (in)
                                                         op_b[0] (net)
                      0.031821    0.000000    2.019828 ^ input13/A (sky130_fd_sc_hd__buf_6)
     5    0.039856    0.087419    0.125968    2.145796 ^ input13/X (sky130_fd_sc_hd__buf_6)
                                                         net13 (net)
                      0.087587    0.003114    2.148910 ^ fanout66/A (sky130_fd_sc_hd__buf_8)
     5    0.042782    0.078896    0.138175    2.287085 ^ fanout66/X (sky130_fd_sc_hd__buf_8)
                                                         net66 (net)
                      0.078968    0.001955    2.289040 ^ fanout65/A (sky130_fd_sc_hd__buf_8)
    10    0.044307    0.081084    0.137911    2.426951 ^ fanout65/X (sky130_fd_sc_hd__buf_8)
                                                         net65 (net)
                      0.081291    0.003303    2.430255 ^ _458_/A (sky130_fd_sc_hd__inv_2)
     4    0.015336    0.043447    0.060682    2.490937 v _458_/Y (sky130_fd_sc_hd__inv_2)
                                                         _188_ (net)
                      0.043456    0.000515    2.491452 v fanout35/A (sky130_fd_sc_hd__clkbuf_4)
    10    0.049834    0.107722    0.204391    2.695843 v fanout35/X (sky130_fd_sc_hd__clkbuf_4)
                                                         net35 (net)
                      0.107789    0.002460    2.698303 v _536_/A (sky130_fd_sc_hd__nor2_4)
     4    0.018610    0.138806    0.178570    2.876873 ^ _536_/Y (sky130_fd_sc_hd__nor2_4)
                                                         _007_ (net)
                      0.138868    0.001023    2.877897 ^ _780_/A (sky130_fd_sc_hd__and3_1)
     2    0.013205    0.141161    0.237579    3.115475 ^ _780_/X (sky130_fd_sc_hd__and3_1)
                                                         _254_ (net)
                      0.141171    0.001321    3.116796 ^ _781_/B1 (sky130_fd_sc_hd__a21oi_4)
     2    0.014130    0.063357    0.057164    3.173961 v _781_/Y (sky130_fd_sc_hd__a21oi_4)
                                                         _255_ (net)
                      0.063359    0.000735    3.174696 v _805_/A3 (sky130_fd_sc_hd__a31oi_2)
     2    0.009212    0.187765    0.228638    3.403334 ^ _805_/Y (sky130_fd_sc_hd__a31oi_2)
                                                         _280_ (net)
                      0.187766    0.000615    3.403948 ^ _813_/A (sky130_fd_sc_hd__xnor2_1)
     2    0.006178    0.180374    0.164350    3.568298 ^ _813_/Y (sky130_fd_sc_hd__xnor2_1)
                                                         _289_ (net)
                      0.180374    0.000383    3.568681 ^ _814_/B (sky130_fd_sc_hd__or2_1)
     1    0.002502    0.038991    0.122720    3.691401 ^ _814_/X (sky130_fd_sc_hd__or2_1)
                                                         _290_ (net)
                      0.038991    0.000116    3.691517 ^ _816_/A (sky130_fd_sc_hd__nand2_1)
     2    0.007720    0.064951    0.067391    3.758909 v _816_/Y (sky130_fd_sc_hd__nand2_1)
                                                         _292_ (net)
                      0.064955    0.000567    3.759475 v _818_/B1 (sky130_fd_sc_hd__a21oi_1)
     2    0.013526    0.305775    0.269534    4.029009 ^ _818_/Y (sky130_fd_sc_hd__a21oi_1)
                                                         _294_ (net)
                      0.305780    0.000951    4.029960 ^ _819_/B (sky130_fd_sc_hd__nor2_4)
     2    0.011744    0.065837    0.066988    4.096948 v _819_/Y (sky130_fd_sc_hd__nor2_4)
                                                         _296_ (net)
                      0.065838    0.000484    4.097431 v _820_/B (sky130_fd_sc_hd__xnor2_2)
     2    0.007035    0.145221    0.151521    4.248953 ^ _820_/Y (sky130_fd_sc_hd__xnor2_2)
                                                         _297_ (net)
                      0.145222    0.000465    4.249418 ^ _821_/A (sky130_fd_sc_hd__or2_4)
     3    0.015173    0.060235    0.164590    4.414008 ^ _821_/X (sky130_fd_sc_hd__or2_4)
                                                         _298_ (net)
                      0.060240    0.000627    4.414635 ^ _824_/A (sky130_fd_sc_hd__nand2_1)
     3    0.008488    0.067700    0.078688    4.493323 v _824_/Y (sky130_fd_sc_hd__nand2_1)
                                                         _301_ (net)
                      0.067723    0.000314    4.493636 v _827_/A2 (sky130_fd_sc_hd__o21a_1)
     1    0.002740    0.034579    0.170479    4.664115 v _827_/X (sky130_fd_sc_hd__o21a_1)
                                                         _304_ (net)
                      0.034579    0.000191    4.664306 v _840_/B2 (sky130_fd_sc_hd__a221o_1)
     1    0.006795    0.072774    0.335528    4.999834 v _840_/X (sky130_fd_sc_hd__a221o_1)
                                                         _319_ (net)
                      0.072774    0.000359    5.000193 v _842_/B (sky130_fd_sc_hd__or3_1)
     1    0.006255    0.084243    0.375164    5.375357 v _842_/X (sky130_fd_sc_hd__or3_1)
                                                         net26 (net)
                      0.084245    0.000497    5.375854 v output26/A (sky130_fd_sc_hd__buf_4)
     1    0.034606    0.059528    0.185198    5.561051 v output26/X (sky130_fd_sc_hd__buf_4)
                                                         op_out[5] (net)
                      0.059587    0.001696    5.562747 v op_out[5] (out)
                                              5.562747   data arrival time

                      0.000000   10.000000   10.000000   clock __VIRTUAL_CLK__ (rise edge)
                                  0.000000   10.000000   clock network delay (ideal)
                                 -0.250000    9.750000   clock uncertainty
                                  0.000000    9.750000   clock reconvergence pessimism
                                 -2.000000    7.750000   output external delay
                                              7.750000   data required time
---------------------------------------------------------------------------------------------
                                              7.750000   data required time
                                             -5.562747   data arrival time
---------------------------------------------------------------------------------------------
                                              2.187253   slack (MET)


Startpoint: op_b[0] (input port clocked by __VIRTUAL_CLK__)
Endpoint: op_out[7] (output port clocked by __VIRTUAL_CLK__)
Path Group: __VIRTUAL_CLK__
Path Type: max

Fanout         Cap        Slew       Delay        Time   Description
---------------------------------------------------------------------------------------------
                      0.000000    0.000000    0.000000   clock __VIRTUAL_CLK__ (rise edge)
                                  0.000000    0.000000   clock network delay (ideal)
                                  2.000000    2.000000 ^ input external delay
     1    0.005585    0.031817    0.019828    2.019828 ^ op_b[0] (in)
                                                         op_b[0] (net)
                      0.031821    0.000000    2.019828 ^ input13/A (sky130_fd_sc_hd__buf_6)
     5    0.039856    0.087419    0.125968    2.145796 ^ input13/X (sky130_fd_sc_hd__buf_6)
                                                         net13 (net)
                      0.087587    0.003114    2.148910 ^ fanout66/A (sky130_fd_sc_hd__buf_8)
     5    0.042782    0.078896    0.138175    2.287085 ^ fanout66/X (sky130_fd_sc_hd__buf_8)
                                                         net66 (net)
                      0.078968    0.001955    2.289040 ^ fanout65/A (sky130_fd_sc_hd__buf_8)
    10    0.044307    0.081084    0.137911    2.426951 ^ fanout65/X (sky130_fd_sc_hd__buf_8)
                                                         net65 (net)
                      0.081291    0.003303    2.430255 ^ _458_/A (sky130_fd_sc_hd__inv_2)
     4    0.015336    0.043447    0.060682    2.490937 v _458_/Y (sky130_fd_sc_hd__inv_2)
                                                         _188_ (net)
                      0.043456    0.000515    2.491452 v fanout35/A (sky130_fd_sc_hd__clkbuf_4)
    10    0.049834    0.107722    0.204391    2.695843 v fanout35/X (sky130_fd_sc_hd__clkbuf_4)
                                                         net35 (net)
                      0.107789    0.002460    2.698303 v _536_/A (sky130_fd_sc_hd__nor2_4)
     4    0.018610    0.138806    0.178570    2.876873 ^ _536_/Y (sky130_fd_sc_hd__nor2_4)
                                                         _007_ (net)
                      0.138868    0.001023    2.877897 ^ _780_/A (sky130_fd_sc_hd__and3_1)
     2    0.013205    0.141161    0.237579    3.115475 ^ _780_/X (sky130_fd_sc_hd__and3_1)
                                                         _254_ (net)
                      0.141171    0.001321    3.116796 ^ _781_/B1 (sky130_fd_sc_hd__a21oi_4)
     2    0.014130    0.063357    0.057164    3.173961 v _781_/Y (sky130_fd_sc_hd__a21oi_4)
                                                         _255_ (net)
                      0.063359    0.000735    3.174696 v _805_/A3 (sky130_fd_sc_hd__a31oi_2)
     2    0.009212    0.187765    0.228638    3.403334 ^ _805_/Y (sky130_fd_sc_hd__a31oi_2)
                                                         _280_ (net)
                      0.187766    0.000615    3.403948 ^ _813_/A (sky130_fd_sc_hd__xnor2_1)
     2    0.006178    0.180374    0.164350    3.568298 ^ _813_/Y (sky130_fd_sc_hd__xnor2_1)
                                                         _289_ (net)
                      0.180374    0.000383    3.568681 ^ _814_/B (sky130_fd_sc_hd__or2_1)
     1    0.002502    0.038991    0.122720    3.691401 ^ _814_/X (sky130_fd_sc_hd__or2_1)
                                                         _290_ (net)
                      0.038991    0.000116    3.691517 ^ _816_/A (sky130_fd_sc_hd__nand2_1)
     2    0.007720    0.064951    0.067391    3.758909 v _816_/Y (sky130_fd_sc_hd__nand2_1)
                                                         _292_ (net)
                      0.064955    0.000567    3.759475 v _818_/B1 (sky130_fd_sc_hd__a21oi_1)
     2    0.013526    0.305775    0.269534    4.029009 ^ _818_/Y (sky130_fd_sc_hd__a21oi_1)
                                                         _294_ (net)
                      0.305780    0.000951    4.029960 ^ _819_/B (sky130_fd_sc_hd__nor2_4)
     2    0.011744    0.065837    0.066988    4.096948 v _819_/Y (sky130_fd_sc_hd__nor2_4)
                                                         _296_ (net)
                      0.065838    0.000484    4.097431 v _820_/B (sky130_fd_sc_hd__xnor2_2)
     2    0.007035    0.145221    0.151521    4.248953 ^ _820_/Y (sky130_fd_sc_hd__xnor2_2)
                                                         _297_ (net)
                      0.145222    0.000465    4.249418 ^ _821_/A (sky130_fd_sc_hd__or2_4)
     3    0.015173    0.060235    0.164590    4.414008 ^ _821_/X (sky130_fd_sc_hd__or2_4)
                                                         _298_ (net)
                      0.060240    0.000627    4.414635 ^ _824_/A (sky130_fd_sc_hd__nand2_1)
     3    0.008488    0.067700    0.078688    4.493323 v _824_/Y (sky130_fd_sc_hd__nand2_1)
                                                         _301_ (net)
                      0.067722    0.000256    4.493578 v _826_/B (sky130_fd_sc_hd__nor2_1)
     3    0.010765    0.206799    0.187723    4.681301 ^ _826_/Y (sky130_fd_sc_hd__nor2_1)
                                                         _303_ (net)
                      0.206801    0.000567    4.681869 ^ _892_/A2 (sky130_fd_sc_hd__o21ai_1)
     2    0.005469    0.077690    0.103281    4.785150 v _892_/Y (sky130_fd_sc_hd__o21ai_1)
                                                         _374_ (net)
                      0.077690    0.000365    4.785515 v _917_/A (sky130_fd_sc_hd__or2_1)
     1    0.003506    0.052004    0.237436    5.022951 v _917_/X (sky130_fd_sc_hd__or2_1)
                                                         _401_ (net)
                      0.052004    0.000259    5.023210 v _923_/A2 (sky130_fd_sc_hd__a311o_1)
     1    0.005325    0.065503    0.322600    5.345809 v _923_/X (sky130_fd_sc_hd__a311o_1)
                                                         net28 (net)
                      0.065552    0.000385    5.346195 v output28/A (sky130_fd_sc_hd__buf_6)
     1    0.033994    0.043735    0.145065    5.491260 v output28/X (sky130_fd_sc_hd__buf_6)
                                                         op_out[7] (net)
                      0.043811    0.001599    5.492859 v op_out[7] (out)
                                              5.492859   data arrival time

                      0.000000   10.000000   10.000000   clock __VIRTUAL_CLK__ (rise edge)
                                  0.000000   10.000000   clock network delay (ideal)
                                 -0.250000    9.750000   clock uncertainty
                                  0.000000    9.750000   clock reconvergence pessimism
                                 -2.000000    7.750000   output external delay
                                              7.750000   data required time
---------------------------------------------------------------------------------------------
                                              7.750000   data required time
                                             -5.492859   data arrival time
---------------------------------------------------------------------------------------------
                                              2.257141   slack (MET)


Startpoint: op_b[0] (input port clocked by __VIRTUAL_CLK__)
Endpoint: op_out[6] (output port clocked by __VIRTUAL_CLK__)
Path Group: __VIRTUAL_CLK__
Path Type: max

Fanout         Cap        Slew       Delay        Time   Description
---------------------------------------------------------------------------------------------
                      0.000000    0.000000    0.000000   clock __VIRTUAL_CLK__ (rise edge)
                                  0.000000    0.000000   clock network delay (ideal)
                                  2.000000    2.000000 ^ input external delay
     1    0.005585    0.031817    0.019828    2.019828 ^ op_b[0] (in)
                                                         op_b[0] (net)
                      0.031821    0.000000    2.019828 ^ input13/A (sky130_fd_sc_hd__buf_6)
     5    0.039856    0.087419    0.125968    2.145796 ^ input13/X (sky130_fd_sc_hd__buf_6)
                                                         net13 (net)
                      0.087587    0.003114    2.148910 ^ fanout66/A (sky130_fd_sc_hd__buf_8)
     5    0.042782    0.078896    0.138175    2.287085 ^ fanout66/X (sky130_fd_sc_hd__buf_8)
                                                         net66 (net)
                      0.078968    0.001955    2.289040 ^ fanout65/A (sky130_fd_sc_hd__buf_8)
    10    0.044307    0.081084    0.137911    2.426951 ^ fanout65/X (sky130_fd_sc_hd__buf_8)
                                                         net65 (net)
                      0.081291    0.003303    2.430255 ^ _458_/A (sky130_fd_sc_hd__inv_2)
     4    0.015336    0.043447    0.060682    2.490937 v _458_/Y (sky130_fd_sc_hd__inv_2)
                                                         _188_ (net)
                      0.043456    0.000515    2.491452 v fanout35/A (sky130_fd_sc_hd__clkbuf_4)
    10    0.049834    0.107722    0.204391    2.695843 v fanout35/X (sky130_fd_sc_hd__clkbuf_4)
                                                         net35 (net)
                      0.107789    0.002460    2.698303 v _536_/A (sky130_fd_sc_hd__nor2_4)
     4    0.018610    0.138806    0.178570    2.876873 ^ _536_/Y (sky130_fd_sc_hd__nor2_4)
                                                         _007_ (net)
                      0.138868    0.001023    2.877897 ^ _780_/A (sky130_fd_sc_hd__and3_1)
     2    0.013205    0.141161    0.237579    3.115475 ^ _780_/X (sky130_fd_sc_hd__and3_1)
                                                         _254_ (net)
                      0.141171    0.001321    3.116796 ^ _781_/B1 (sky130_fd_sc_hd__a21oi_4)
     2    0.014130    0.063357    0.057164    3.173961 v _781_/Y (sky130_fd_sc_hd__a21oi_4)
                                                         _255_ (net)
                      0.063359    0.000735    3.174696 v _805_/A3 (sky130_fd_sc_hd__a31oi_2)
     2    0.009212    0.187765    0.228638    3.403334 ^ _805_/Y (sky130_fd_sc_hd__a31oi_2)
                                                         _280_ (net)
                      0.187766    0.000615    3.403948 ^ _813_/A (sky130_fd_sc_hd__xnor2_1)
     2    0.006178    0.180374    0.164350    3.568298 ^ _813_/Y (sky130_fd_sc_hd__xnor2_1)
                                                         _289_ (net)
                      0.180374    0.000383    3.568681 ^ _814_/B (sky130_fd_sc_hd__or2_1)
     1    0.002502    0.038991    0.122720    3.691401 ^ _814_/X (sky130_fd_sc_hd__or2_1)
                                                         _290_ (net)
                      0.038991    0.000116    3.691517 ^ _816_/A (sky130_fd_sc_hd__nand2_1)
     2    0.007720    0.064951    0.067391    3.758909 v _816_/Y (sky130_fd_sc_hd__nand2_1)
                                                         _292_ (net)
                      0.064955    0.000567    3.759475 v _818_/B1 (sky130_fd_sc_hd__a21oi_1)
     2    0.013526    0.305775    0.269534    4.029009 ^ _818_/Y (sky130_fd_sc_hd__a21oi_1)
                                                         _294_ (net)
                      0.305780    0.000951    4.029960 ^ _819_/B (sky130_fd_sc_hd__nor2_4)
     2    0.011744    0.065837    0.066988    4.096948 v _819_/Y (sky130_fd_sc_hd__nor2_4)
                                                         _296_ (net)
                      0.065838    0.000484    4.097431 v _820_/B (sky130_fd_sc_hd__xnor2_2)
     2    0.006557    0.060736    0.141476    4.238907 v _820_/Y (sky130_fd_sc_hd__xnor2_2)
                                                         _297_ (net)
                      0.060737    0.000427    4.239334 v _821_/A (sky130_fd_sc_hd__or2_4)
     3    0.014504    0.060551    0.272790    4.512124 v _821_/X (sky130_fd_sc_hd__or2_4)
                                                         _298_ (net)
                      0.060556    0.000599    4.512723 v _824_/A (sky130_fd_sc_hd__nand2_1)
     3    0.009291    0.097740    0.101209    4.613932 ^ _824_/Y (sky130_fd_sc_hd__nand2_1)
                                                         _301_ (net)
                      0.097742    0.000282    4.614214 ^ _826_/B (sky130_fd_sc_hd__nor2_1)
     3    0.010184    0.064890    0.078655    4.692869 v _826_/Y (sky130_fd_sc_hd__nor2_1)
                                                         _303_ (net)
                      0.064893    0.000542    4.693411 v _878_/A (sky130_fd_sc_hd__or2_1)
     1    0.003313    0.050865    0.231265    4.924675 v _878_/X (sky130_fd_sc_hd__or2_1)
                                                         _359_ (net)
                      0.050865    0.000237    4.924912 v _885_/A3 (sky130_fd_sc_hd__a31o_1)
     1    0.005383    0.048186    0.225387    5.150300 v _885_/X (sky130_fd_sc_hd__a31o_1)
                                                         net27 (net)
                      0.048188    0.000390    5.150689 v output27/A (sky130_fd_sc_hd__buf_6)
     1    0.035146    0.044693    0.137850    5.288539 v output27/X (sky130_fd_sc_hd__buf_6)
                                                         op_out[6] (net)
                      0.044805    0.001938    5.290478 v op_out[6] (out)
                                              5.290478   data arrival time

                      0.000000   10.000000   10.000000   clock __VIRTUAL_CLK__ (rise edge)
                                  0.000000   10.000000   clock network delay (ideal)
                                 -0.250000    9.750000   clock uncertainty
                                  0.000000    9.750000   clock reconvergence pessimism
                                 -2.000000    7.750000   output external delay
                                              7.750000   data required time
---------------------------------------------------------------------------------------------
                                              7.750000   data required time
                                             -5.290478   data arrival time
---------------------------------------------------------------------------------------------
                                              2.459522   slack (MET)



%OL_END_REPORT
%OL_CREATE_REPORT checks.rpt

===========================================================================
report_checks -unconstrained
===========================================================================
======================= max_tt_025C_1v80 Corner ===================================

Startpoint: op_b[7] (input port clocked by __VIRTUAL_CLK__)
Endpoint: op_out[0] (output port clocked by __VIRTUAL_CLK__)
Path Group: __VIRTUAL_CLK__
Path Type: max

Fanout         Cap        Slew       Delay        Time   Description
---------------------------------------------------------------------------------------------
                      0.000000    0.000000    0.000000   clock __VIRTUAL_CLK__ (rise edge)
                                  0.000000    0.000000   clock network delay (ideal)
                                  2.000000    2.000000 v input external delay
     1    0.002682    0.008342    0.004273    2.004273 v op_b[7] (in)
                                                         op_b[7] (net)
                      0.008348    0.000000    2.004273 v input20/A (sky130_fd_sc_hd__clkbuf_1)
     3    0.024406    0.144713    0.164180    2.168453 v input20/X (sky130_fd_sc_hd__clkbuf_1)
                                                         net20 (net)
                      0.144782    0.001822    2.170276 v fanout48/A (sky130_fd_sc_hd__buf_6)
     5    0.033400    0.044005    0.179779    2.350055 v fanout48/X (sky130_fd_sc_hd__buf_6)
                                                         net48 (net)
                      0.044594    0.003775    2.353830 v _469_/C (sky130_fd_sc_hd__or4_4)
     6    0.026160    0.120798    0.537410    2.891240 v _469_/X (sky130_fd_sc_hd__or4_4)
                                                         _306_ (net)
                      0.120798    0.001156    2.892396 v _474_/B1 (sky130_fd_sc_hd__a211o_1)
     3    0.007906    0.072595    0.319592    3.211988 v _474_/X (sky130_fd_sc_hd__a211o_1)
                                                         _360_ (net)
                      0.072596    0.000423    3.212411 v _481_/B1 (sky130_fd_sc_hd__a211o_1)
     4    0.012485    0.090389    0.324365    3.536777 v _481_/X (sky130_fd_sc_hd__a211o_1)
                                                         _410_ (net)
                      0.090391    0.000649    3.537426 v _484_/A1 (sky130_fd_sc_hd__a21o_1)
     4    0.014269    0.079739    0.216500    3.753926 v _484_/X (sky130_fd_sc_hd__a21o_1)
                                                         _413_ (net)
                      0.079740    0.000413    3.754340 v _494_/A2 (sky130_fd_sc_hd__a211o_1)
     3    0.012246    0.089445    0.349526    4.103865 v _494_/X (sky130_fd_sc_hd__a211o_1)
                                                         _423_ (net)
                      0.089447    0.000570    4.104435 v _496_/B1 (sky130_fd_sc_hd__a22o_1)
     3    0.012371    0.081887    0.237137    4.341573 v _496_/X (sky130_fd_sc_hd__a22o_1)
                                                         _425_ (net)
                      0.081899    0.000988    4.342561 v _499_/A (sky130_fd_sc_hd__and3_1)
     3    0.012608    0.077790    0.198169    4.540730 v _499_/X (sky130_fd_sc_hd__and3_1)
                                                         _428_ (net)
                      0.077792    0.000572    4.541303 v _509_/C1 (sky130_fd_sc_hd__a211o_4)
     3    0.015922    0.067753    0.298703    4.840006 v _509_/X (sky130_fd_sc_hd__a211o_4)
                                                         _438_ (net)
                      0.067823    0.001054    4.841060 v _515_/A2 (sky130_fd_sc_hd__a21oi_4)
     8    0.046516    0.348308    0.335314    5.176374 ^ _515_/Y (sky130_fd_sc_hd__a21oi_4)
                                                         _444_ (net)
                      0.348357    0.003340    5.179715 ^ _524_/S (sky130_fd_sc_hd__mux2_4)
     2    0.007679    0.056469    0.345727    5.525442 v _524_/X (sky130_fd_sc_hd__mux2_4)
                                                         _453_ (net)
                      0.056469    0.000450    5.525892 v _539_/A1 (sky130_fd_sc_hd__a221o_1)
     3    0.010287    0.088190    0.357844    5.883736 v _539_/X (sky130_fd_sc_hd__a221o_1)
                                                         _010_ (net)
                      0.088195    0.000736    5.884471 v _544_/A2 (sky130_fd_sc_hd__a311o_1)
     3    0.009830    0.086672    0.363939    6.248410 v _544_/X (sky130_fd_sc_hd__a311o_1)
                                                         _015_ (net)
                      0.086675    0.000625    6.249036 v _579_/A1 (sky130_fd_sc_hd__a21o_1)
     3    0.008837    0.058643    0.194995    6.444030 v _579_/X (sky130_fd_sc_hd__a21o_1)
                                                         _050_ (net)
                      0.058646    0.000488    6.444519 v _583_/B (sky130_fd_sc_hd__and3_1)
     2    0.005513    0.048393    0.178203    6.622721 v _583_/X (sky130_fd_sc_hd__and3_1)
                                                         _054_ (net)
                      0.048393    0.000283    6.623004 v _585_/A (sky130_fd_sc_hd__or4_4)
     1    0.003956    0.081896    0.523140    7.146145 v _585_/X (sky130_fd_sc_hd__or4_4)
                                                         _056_ (net)
                      0.081896    0.000272    7.146417 v _586_/B (sky130_fd_sc_hd__or4b_4)
     1    0.009269    0.093031    0.537498    7.683915 v _586_/X (sky130_fd_sc_hd__or4b_4)
                                                         _057_ (net)
                      0.093031    0.000703    7.684618 v _590_/A2 (sky130_fd_sc_hd__a311oi_4)
     4    0.017422    0.328226    0.360619    8.045238 ^ _590_/Y (sky130_fd_sc_hd__a311oi_4)
                                                         _061_ (net)
                      0.328227    0.001302    8.046539 ^ max_cap30/A (sky130_fd_sc_hd__buf_6)
     5    0.027814    0.068056    0.181140    8.227679 ^ max_cap30/X (sky130_fd_sc_hd__buf_6)
                                                         net30 (net)
                      0.068075    0.001107    8.228786 ^ _619_/S (sky130_fd_sc_hd__mux2_4)
     5    0.021963    0.075984    0.337700    8.566485 v _619_/X (sky130_fd_sc_hd__mux2_4)
                                                         _090_ (net)
                      0.076056    0.001180    8.567665 v _623_/B2 (sky130_fd_sc_hd__o22a_1)
     2    0.006053    0.059939    0.184482    8.752147 v _623_/X (sky130_fd_sc_hd__o22a_1)
                                                         _094_ (net)
                      0.059939    0.000337    8.752483 v _624_/A (sky130_fd_sc_hd__or4bb_4)
     4    0.020997    0.115200    0.587376    9.339860 v _624_/X (sky130_fd_sc_hd__or4bb_4)
                                                         _095_ (net)
                      0.115200    0.000986    9.340846 v _628_/A2 (sky130_fd_sc_hd__a21oi_4)
     4    0.023222    0.203306    0.248368    9.589213 ^ _628_/Y (sky130_fd_sc_hd__a21oi_4)
                                                         _099_ (net)
                      0.203311    0.001360    9.590573 ^ fanout29/A (sky130_fd_sc_hd__buf_6)
     5    0.030021    0.070385    0.161874    9.752447 ^ fanout29/X (sky130_fd_sc_hd__buf_6)
                                                         net29 (net)
                      0.070610    0.002818    9.755265 ^ _665_/S (sky130_fd_sc_hd__mux2_4)
     3    0.008608    0.057565    0.309983   10.065248 v _665_/X (sky130_fd_sc_hd__mux2_4)
                                                         _136_ (net)
                      0.057565    0.000257   10.065505 v _669_/A2 (sky130_fd_sc_hd__a21o_1)
     1    0.003580    0.036708    0.180439   10.245944 v _669_/X (sky130_fd_sc_hd__a21o_1)
                                                         _140_ (net)
                      0.036708    0.000227   10.246171 v _671_/A1 (sky130_fd_sc_hd__o211a_1)
     1    0.002989    0.039355    0.213498   10.459669 v _671_/X (sky130_fd_sc_hd__o211a_1)
                                                         _142_ (net)
                      0.039355    0.000197   10.459867 v _672_/B2 (sky130_fd_sc_hd__o221a_1)
     1    0.003803    0.050836    0.205346   10.665212 v _672_/X (sky130_fd_sc_hd__o221a_1)
                                                         _143_ (net)
                      0.050855    0.000255   10.665467 v _675_/A2 (sky130_fd_sc_hd__o21a_1)
     1    0.002470    0.033203    0.161960   10.827427 v _675_/X (sky130_fd_sc_hd__o21a_1)
                                                         _146_ (net)
                      0.033203    0.000112   10.827539 v _679_/A2 (sky130_fd_sc_hd__o21a_1)
     1    0.008207    0.060167    0.185550   11.013089 v _679_/X (sky130_fd_sc_hd__o21a_1)
                                                         _150_ (net)
                      0.060175    0.000702   11.013791 v _700_/C (sky130_fd_sc_hd__or3_4)
     1    0.009585    0.074187    0.342540   11.356331 v _700_/X (sky130_fd_sc_hd__or3_4)
                                                         net21 (net)
                      0.074187    0.000820   11.357151 v output21/A (sky130_fd_sc_hd__buf_8)
     1    0.034765    0.040608    0.146308   11.503459 v output21/X (sky130_fd_sc_hd__buf_8)
                                                         op_out[0] (net)
                      0.040710    0.001775   11.505234 v op_out[0] (out)
                                             11.505234   data arrival time

                      0.000000   10.000000   10.000000   clock __VIRTUAL_CLK__ (rise edge)
                                  0.000000   10.000000   clock network delay (ideal)
                                 -0.250000    9.750000   clock uncertainty
                                  0.000000    9.750000   clock reconvergence pessimism
                                 -2.000000    7.750000   output external delay
                                              7.750000   data required time
---------------------------------------------------------------------------------------------
                                              7.750000   data required time
                                            -11.505234   data arrival time
---------------------------------------------------------------------------------------------
                                             -3.755234   slack (VIOLATED)




===========================================================================
report_checks --slack_max -0.01
============================================================================
======================= max_tt_025C_1v80 Corner ===================================

Startpoint: op_b[7] (input port clocked by __VIRTUAL_CLK__)
Endpoint: op_out[0] (output port clocked by __VIRTUAL_CLK__)
Path Group: __VIRTUAL_CLK__
Path Type: max

Fanout         Cap        Slew       Delay        Time   Description
---------------------------------------------------------------------------------------------
                      0.000000    0.000000    0.000000   clock __VIRTUAL_CLK__ (rise edge)
                                  0.000000    0.000000   clock network delay (ideal)
                                  2.000000    2.000000 v input external delay
     1    0.002682    0.008342    0.004273    2.004273 v op_b[7] (in)
                                                         op_b[7] (net)
                      0.008348    0.000000    2.004273 v input20/A (sky130_fd_sc_hd__clkbuf_1)
     3    0.024406    0.144713    0.164180    2.168453 v input20/X (sky130_fd_sc_hd__clkbuf_1)
                                                         net20 (net)
                      0.144782    0.001822    2.170276 v fanout48/A (sky130_fd_sc_hd__buf_6)
     5    0.033400    0.044005    0.179779    2.350055 v fanout48/X (sky130_fd_sc_hd__buf_6)
                                                         net48 (net)
                      0.044594    0.003775    2.353830 v _469_/C (sky130_fd_sc_hd__or4_4)
     6    0.026160    0.120798    0.537410    2.891240 v _469_/X (sky130_fd_sc_hd__or4_4)
                                                         _306_ (net)
                      0.120798    0.001156    2.892396 v _474_/B1 (sky130_fd_sc_hd__a211o_1)
     3    0.007906    0.072595    0.319592    3.211988 v _474_/X (sky130_fd_sc_hd__a211o_1)
                                                         _360_ (net)
                      0.072596    0.000423    3.212411 v _481_/B1 (sky130_fd_sc_hd__a211o_1)
     4    0.012485    0.090389    0.324365    3.536777 v _481_/X (sky130_fd_sc_hd__a211o_1)
                                                         _410_ (net)
                      0.090391    0.000649    3.537426 v _484_/A1 (sky130_fd_sc_hd__a21o_1)
     4    0.014269    0.079739    0.216500    3.753926 v _484_/X (sky130_fd_sc_hd__a21o_1)
                                                         _413_ (net)
                      0.079740    0.000413    3.754340 v _494_/A2 (sky130_fd_sc_hd__a211o_1)
     3    0.012246    0.089445    0.349526    4.103865 v _494_/X (sky130_fd_sc_hd__a211o_1)
                                                         _423_ (net)
                      0.089447    0.000570    4.104435 v _496_/B1 (sky130_fd_sc_hd__a22o_1)
     3    0.012371    0.081887    0.237137    4.341573 v _496_/X (sky130_fd_sc_hd__a22o_1)
                                                         _425_ (net)
                      0.081899    0.000988    4.342561 v _499_/A (sky130_fd_sc_hd__and3_1)
     3    0.012608    0.077790    0.198169    4.540730 v _499_/X (sky130_fd_sc_hd__and3_1)
                                                         _428_ (net)
                      0.077792    0.000572    4.541303 v _509_/C1 (sky130_fd_sc_hd__a211o_4)
     3    0.015922    0.067753    0.298703    4.840006 v _509_/X (sky130_fd_sc_hd__a211o_4)
                                                         _438_ (net)
                      0.067823    0.001054    4.841060 v _515_/A2 (sky130_fd_sc_hd__a21oi_4)
     8    0.046516    0.348308    0.335314    5.176374 ^ _515_/Y (sky130_fd_sc_hd__a21oi_4)
                                                         _444_ (net)
                      0.348357    0.003340    5.179715 ^ _524_/S (sky130_fd_sc_hd__mux2_4)
     2    0.007679    0.056469    0.345727    5.525442 v _524_/X (sky130_fd_sc_hd__mux2_4)
                                                         _453_ (net)
                      0.056469    0.000450    5.525892 v _539_/A1 (sky130_fd_sc_hd__a221o_1)
     3    0.010287    0.088190    0.357844    5.883736 v _539_/X (sky130_fd_sc_hd__a221o_1)
                                                         _010_ (net)
                      0.088195    0.000736    5.884471 v _544_/A2 (sky130_fd_sc_hd__a311o_1)
     3    0.009830    0.086672    0.363939    6.248410 v _544_/X (sky130_fd_sc_hd__a311o_1)
                                                         _015_ (net)
                      0.086675    0.000625    6.249036 v _579_/A1 (sky130_fd_sc_hd__a21o_1)
     3    0.008837    0.058643    0.194995    6.444030 v _579_/X (sky130_fd_sc_hd__a21o_1)
                                                         _050_ (net)
                      0.058646    0.000488    6.444519 v _583_/B (sky130_fd_sc_hd__and3_1)
     2    0.005513    0.048393    0.178203    6.622721 v _583_/X (sky130_fd_sc_hd__and3_1)
                                                         _054_ (net)
                      0.048393    0.000283    6.623004 v _585_/A (sky130_fd_sc_hd__or4_4)
     1    0.003956    0.081896    0.523140    7.146145 v _585_/X (sky130_fd_sc_hd__or4_4)
                                                         _056_ (net)
                      0.081896    0.000272    7.146417 v _586_/B (sky130_fd_sc_hd__or4b_4)
     1    0.009269    0.093031    0.537498    7.683915 v _586_/X (sky130_fd_sc_hd__or4b_4)
                                                         _057_ (net)
                      0.093031    0.000703    7.684618 v _590_/A2 (sky130_fd_sc_hd__a311oi_4)
     4    0.017422    0.328226    0.360619    8.045238 ^ _590_/Y (sky130_fd_sc_hd__a311oi_4)
                                                         _061_ (net)
                      0.328227    0.001302    8.046539 ^ max_cap30/A (sky130_fd_sc_hd__buf_6)
     5    0.027814    0.068056    0.181140    8.227679 ^ max_cap30/X (sky130_fd_sc_hd__buf_6)
                                                         net30 (net)
                      0.068075    0.001107    8.228786 ^ _619_/S (sky130_fd_sc_hd__mux2_4)
     5    0.021963    0.075984    0.337700    8.566485 v _619_/X (sky130_fd_sc_hd__mux2_4)
                                                         _090_ (net)
                      0.076056    0.001180    8.567665 v _623_/B2 (sky130_fd_sc_hd__o22a_1)
     2    0.006053    0.059939    0.184482    8.752147 v _623_/X (sky130_fd_sc_hd__o22a_1)
                                                         _094_ (net)
                      0.059939    0.000337    8.752483 v _624_/A (sky130_fd_sc_hd__or4bb_4)
     4    0.020997    0.115200    0.587376    9.339860 v _624_/X (sky130_fd_sc_hd__or4bb_4)
                                                         _095_ (net)
                      0.115200    0.000986    9.340846 v _628_/A2 (sky130_fd_sc_hd__a21oi_4)
     4    0.023222    0.203306    0.248368    9.589213 ^ _628_/Y (sky130_fd_sc_hd__a21oi_4)
                                                         _099_ (net)
                      0.203311    0.001360    9.590573 ^ fanout29/A (sky130_fd_sc_hd__buf_6)
     5    0.030021    0.070385    0.161874    9.752447 ^ fanout29/X (sky130_fd_sc_hd__buf_6)
                                                         net29 (net)
                      0.070610    0.002818    9.755265 ^ _665_/S (sky130_fd_sc_hd__mux2_4)
     3    0.008608    0.057565    0.309983   10.065248 v _665_/X (sky130_fd_sc_hd__mux2_4)
                                                         _136_ (net)
                      0.057565    0.000257   10.065505 v _669_/A2 (sky130_fd_sc_hd__a21o_1)
     1    0.003580    0.036708    0.180439   10.245944 v _669_/X (sky130_fd_sc_hd__a21o_1)
                                                         _140_ (net)
                      0.036708    0.000227   10.246171 v _671_/A1 (sky130_fd_sc_hd__o211a_1)
     1    0.002989    0.039355    0.213498   10.459669 v _671_/X (sky130_fd_sc_hd__o211a_1)
                                                         _142_ (net)
                      0.039355    0.000197   10.459867 v _672_/B2 (sky130_fd_sc_hd__o221a_1)
     1    0.003803    0.050836    0.205346   10.665212 v _672_/X (sky130_fd_sc_hd__o221a_1)
                                                         _143_ (net)
                      0.050855    0.000255   10.665467 v _675_/A2 (sky130_fd_sc_hd__o21a_1)
     1    0.002470    0.033203    0.161960   10.827427 v _675_/X (sky130_fd_sc_hd__o21a_1)
                                                         _146_ (net)
                      0.033203    0.000112   10.827539 v _679_/A2 (sky130_fd_sc_hd__o21a_1)
     1    0.008207    0.060167    0.185550   11.013089 v _679_/X (sky130_fd_sc_hd__o21a_1)
                                                         _150_ (net)
                      0.060175    0.000702   11.013791 v _700_/C (sky130_fd_sc_hd__or3_4)
     1    0.009585    0.074187    0.342540   11.356331 v _700_/X (sky130_fd_sc_hd__or3_4)
                                                         net21 (net)
                      0.074187    0.000820   11.357151 v output21/A (sky130_fd_sc_hd__buf_8)
     1    0.034765    0.040608    0.146308   11.503459 v output21/X (sky130_fd_sc_hd__buf_8)
                                                         op_out[0] (net)
                      0.040710    0.001775   11.505234 v op_out[0] (out)
                                             11.505234   data arrival time

                      0.000000   10.000000   10.000000   clock __VIRTUAL_CLK__ (rise edge)
                                  0.000000   10.000000   clock network delay (ideal)
                                 -0.250000    9.750000   clock uncertainty
                                  0.000000    9.750000   clock reconvergence pessimism
                                 -2.000000    7.750000   output external delay
                                              7.750000   data required time
---------------------------------------------------------------------------------------------
                                              7.750000   data required time
                                            -11.505234   data arrival time
---------------------------------------------------------------------------------------------
                                             -3.755234   slack (VIOLATED)




===========================================================================
 report_check_types -max_slew -max_cap -max_fanout -violators
============================================================================
======================= max_tt_025C_1v80 Corner ===================================



===========================================================================
report_parasitic_annotation -report_unannotated
============================================================================
Found 0 unannotated drivers.
Found 0 partially unannotated drivers.

===========================================================================
max slew violation count 0
%OL_METRIC_I design__max_slew_violation__count__corner:max_tt_025C_1v80 0
max fanout violation count 0
%OL_METRIC_I design__max_fanout_violation__count__corner:max_tt_025C_1v80 0
max cap violation count 0
%OL_METRIC_I design__max_cap_violation__count__corner:max_tt_025C_1v80 0
============================================================================

===========================================================================
check_setup -verbose -unconstrained_endpoints -multiple_clock -no_clock -no_input_delay -loops -generated_clocks
===========================================================================
%OL_END_REPORT
%OL_CREATE_REPORT power.rpt

===========================================================================
 report_power
============================================================================
======================= max_tt_025C_1v80 Corner ===================================

Group                    Internal    Switching      Leakage        Total
                            Power        Power        Power        Power (Watts)
------------------------------------------------------------------------
Sequential           0.000000e+00 0.000000e+00 0.000000e+00 0.000000e+00   0.0%
Combinational        1.430661e-04 1.676360e-04 1.943458e-09 3.107041e-04 100.0%
Clock                -2.499859e-11 0.000000e+00 1.389992e-09 1.364993e-09   0.0%
Macro                0.000000e+00 0.000000e+00 0.000000e+00 0.000000e+00   0.0%
Pad                  0.000000e+00 0.000000e+00 0.000000e+00 0.000000e+00   0.0%
------------------------------------------------------------------------
Total                1.430660e-04 1.676360e-04 3.333451e-09 3.107054e-04 100.0%
                            46.0%        54.0%         0.0%
%OL_METRIC_F power__internal__total 0.00014306604862213135
%OL_METRIC_F power__switching__total 0.0001676360407145694
%OL_METRIC_F power__leakage__total 3.3334508486859704e-9
%OL_METRIC_F power__total 0.00031070542172528803

%OL_END_REPORT
%OL_CREATE_REPORT skew.min.rpt

===========================================================================
Clock Skew (Hold)
============================================================================
%OL_METRIC_F clock__skew__worst_hold__corner:max_tt_025C_1v80 0.0
======================= max_tt_025C_1v80 Corner ===================================

Clock __VIRTUAL_CLK__
No launch/capture paths found.

%OL_END_REPORT
%OL_CREATE_REPORT skew.max.rpt

===========================================================================
Clock Skew (Setup)
============================================================================
%OL_METRIC_F clock__skew__worst_setup__corner:max_tt_025C_1v80 0.0
======================= max_tt_025C_1v80 Corner ===================================

Clock __VIRTUAL_CLK__
No launch/capture paths found.

%OL_END_REPORT
%OL_CREATE_REPORT ws.min.rpt

===========================================================================
Worst Slack (Hold)
============================================================================
%OL_METRIC_F timing__hold__ws__corner:max_tt_025C_1v80 4.402752065320196
max_tt_025C_1v80: 4.402752065320196
%OL_END_REPORT
%OL_CREATE_REPORT ws.max.rpt

===========================================================================
Worst Slack (Setup)
============================================================================
%OL_METRIC_F timing__setup__ws__corner:max_tt_025C_1v80 -3.7552335637305228
max_tt_025C_1v80: -3.7552335637305228
%OL_END_REPORT
%OL_CREATE_REPORT tns.min.rpt

===========================================================================
Total Negative Slack (Hold)
============================================================================
%OL_METRIC_F timing__hold__tns__corner:max_tt_025C_1v80 0.0
max_tt_025C_1v80: 0.0
%OL_END_REPORT
%OL_CREATE_REPORT tns.max.rpt

===========================================================================
Total Negative Slack (Setup)
============================================================================
%OL_METRIC_F timing__setup__tns__corner:max_tt_025C_1v80 -7.231955683448318
max_tt_025C_1v80: -7.231955683448318
%OL_END_REPORT
%OL_CREATE_REPORT wns.min.rpt

===========================================================================
Worst Negative Slack (Hold)
============================================================================
%OL_METRIC_F timing__hold__wns__corner:max_tt_025C_1v80 0
max_tt_025C_1v80: 0
%OL_END_REPORT
%OL_CREATE_REPORT wns.max.rpt

===========================================================================
Worst Negative Slack (Setup)
============================================================================
%OL_METRIC_F timing__setup__wns__corner:max_tt_025C_1v80 -3.7552335637305228
max_tt_025C_1v80: -3.7552335637305228
%OL_END_REPORT
%OL_CREATE_REPORT violator_list.rpt

===========================================================================
Violator List
============================================================================
[setup in-out] op_b[7] -> op_out[0] : -3.755234
[setup in-out] op_b[7] -> op_out[1] : -2.421077
[setup in-out] op_b[7] -> op_out[2] : -1.055645
%OL_METRIC_I timing__hold_vio__count__corner:max_tt_025C_1v80 0
%OL_METRIC_F timing__hold_r2r__ws__corner:max_tt_025C_1v80 inf
%OL_METRIC_I timing__hold_r2r_vio__count__corner:max_tt_025C_1v80 0
%OL_METRIC_I timing__setup_vio__count__corner:max_tt_025C_1v80 3
%OL_METRIC_F timing__setup_r2r__ws__corner:max_tt_025C_1v80 inf
%OL_METRIC_I timing__setup_r2r_vio__count__corner:max_tt_025C_1v80 0
%OL_END_REPORT
%OL_CREATE_REPORT unpropagated.rpt
__VIRTUAL_CLK__
%OL_END_REPORT
%OL_CREATE_REPORT clock.rpt
Clock: __VIRTUAL_CLK__
Sources: 
Generated: no
Virtual: yes
Propagated: no
Period: 10.000000

===========================================================================
report_clock_properties
============================================================================
Clock                   Period          Waveform
----------------------------------------------------
__VIRTUAL_CLK__      10.000000    0.000000  5.000000

===========================================================================
report_clock_latency
============================================================================
Clock __VIRTUAL_CLK__


===========================================================================
report_clock_min_period
============================================================================
__VIRTUAL_CLK__ period_min = 0.00 fmax = inf
%OL_END_REPORT
Writing SDF files for all corners…
Removing Clock latencies before writing libs…
Writing timing models for all corners…
Writing timing models for the max_tt_025C_1v80 corner to /home/letienthanh/8bitalu/runs/RUN_2026-08-05_09-54-51/54-openroad-stapostpnr/max_tt_025C_1v80/alu8bit__max_tt_025C_1v80.lib…
