Reading timing models for corner nom_ff_n40C_1v95…
Reading cell library for the 'nom_ff_n40C_1v95' corner at '/home/letienthanh/.volare/volare/sky130/versions/0fe599b2afb6708d281543108caf8310912f54af/sky130A/libs.ref/sky130_fd_sc_hd/lib/sky130_fd_sc_hd__ff_n40C_1v95.lib'…
Reading top-level netlist at '/home/letienthanh/8bitalu/runs/RUN_2026-08-05_11-42-16/51-openroad-fillinsertion/alu8bit.nl.v'…
Linking design 'alu8bit' from netlist…
Warning: /home/letienthanh/8bitalu/runs/RUN_2026-08-05_11-42-16/51-openroad-fillinsertion/alu8bit.nl.v line 2421, module sky130_fd_sc_hd__tapvpwrvgnd_1 not found. Creating black box for TAP_TAPCELL_ROW_0_88.
Warning: /home/letienthanh/8bitalu/runs/RUN_2026-08-05_11-42-16/51-openroad-fillinsertion/alu8bit.nl.v line 2822, module sky130_ef_sc_hd__decap_12 not found. Creating black box for FILLER_0_3.
Warning: /home/letienthanh/8bitalu/runs/RUN_2026-08-05_11-42-16/51-openroad-fillinsertion/alu8bit.nl.v line 2824, module sky130_fd_sc_hd__fill_1 not found. Creating black box for FILLER_0_27.
Warning: /home/letienthanh/8bitalu/runs/RUN_2026-08-05_11-42-16/51-openroad-fillinsertion/alu8bit.nl.v line 2877, module sky130_fd_sc_hd__fill_2 not found. Creating black box for FILLER_1_257.
Reading design constraints file at '/nix/store/ss2cw3sxbrwwx9jl0rrppbw4kgcmgi2n-python3-3.11.9-env/lib/python3.11/site-packages/openlane/scripts/base.sdc'…
Warning: base.sdc line 15, port '__VIRTUAL_CLK__' not found.
[INFO] Using clock __VIRTUAL_CLK__…
[INFO] Setting output delay to: 4
[INFO] Setting input delay to: 4
Warning: base.sdc line 32, port '__VIRTUAL_CLK__' not found.
[INFO] Setting load to: 0.033442
[INFO] Setting clock uncertainty to: 0.25
[INFO] Setting clock transition to: 0.1499999999999999944488848768742172978818416595458984375
Warning: base.sdc line 69, transition time can not be specified for virtual clocks.
[INFO] Setting timing derate to: 5%
Warning: base.sdc line 79, virtual clock __VIRTUAL_CLK__ can not be propagated.
Reading top-level design parasitics for the 'nom_ff_n40C_1v95' corner at '/home/letienthanh/8bitalu/runs/RUN_2026-08-05_11-42-16/53-openroad-rcx/nom/alu8bit.nom.spef'…
%OL_CREATE_REPORT min.rpt

===========================================================================
report_checks -path_delay min (Hold)
============================================================================
======================= nom_ff_n40C_1v95 Corner ===================================

Startpoint: inst[2] (input port clocked by __VIRTUAL_CLK__)
Endpoint: op_out[0] (output port clocked by __VIRTUAL_CLK__)
Path Group: __VIRTUAL_CLK__
Path Type: min

Fanout         Cap        Slew       Delay        Time   Description
---------------------------------------------------------------------------------------------
                      0.000000    0.000000    0.000000   clock __VIRTUAL_CLK__ (rise edge)
                                  0.000000    0.000000   clock network delay (ideal)
                                  4.000000    4.000000 v input external delay
     1    0.003275    0.005413    0.002704    4.002704 v inst[2] (in)
                                                         inst[2] (net)
                      0.005414    0.000000    4.002704 v input3/A (sky130_fd_sc_hd__clkbuf_2)
     8    0.026751    0.073200    0.102792    4.105495 v input3/X (sky130_fd_sc_hd__clkbuf_2)
                                                         net3 (net)
                      0.073220    0.001153    4.106649 v _459_/A (sky130_fd_sc_hd__inv_2)
     4    0.011769    0.049394    0.065789    4.172438 ^ _459_/Y (sky130_fd_sc_hd__inv_2)
                                                         _199_ (net)
                      0.049395    0.000250    4.172687 ^ _685_/B1 (sky130_fd_sc_hd__o2111a_1)
     1    0.003234    0.034373    0.087980    4.260667 ^ _685_/X (sky130_fd_sc_hd__o2111a_1)
                                                         _156_ (net)
                      0.034373    0.000069    4.260737 ^ _700_/B (sky130_fd_sc_hd__or3_4)
     1    0.010096    0.031885    0.081527    4.342264 ^ _700_/X (sky130_fd_sc_hd__or3_4)
                                                         net21 (net)
                      0.031891    0.000418    4.342682 ^ output21/A (sky130_fd_sc_hd__buf_8)
     1    0.034659    0.049710    0.079075    4.421757 ^ output21/X (sky130_fd_sc_hd__buf_8)
                                                         op_out[0] (net)
                      0.049754    0.000868    4.422625 ^ op_out[0] (out)
                                              4.422625   data arrival time

                      0.000000    0.000000    0.000000   clock __VIRTUAL_CLK__ (rise edge)
                                  0.000000    0.000000   clock network delay (ideal)
                                  0.250000    0.250000   clock uncertainty
                                  0.000000    0.250000   clock reconvergence pessimism
                                 -4.000000   -3.750000   output external delay
                                             -3.750000   data required time
---------------------------------------------------------------------------------------------
                                             -3.750000   data required time
                                             -4.422625   data arrival time
---------------------------------------------------------------------------------------------
                                              8.172626   slack (MET)


Startpoint: op_a[5] (input port clocked by __VIRTUAL_CLK__)
Endpoint: op_out[5] (output port clocked by __VIRTUAL_CLK__)
Path Group: __VIRTUAL_CLK__
Path Type: min

Fanout         Cap        Slew       Delay        Time   Description
---------------------------------------------------------------------------------------------
                      0.000000    0.000000    0.000000   clock __VIRTUAL_CLK__ (rise edge)
                                  0.000000    0.000000   clock network delay (ideal)
                                  4.000000    4.000000 ^ input external delay
     1    0.002832    0.014030    0.007321    4.007321 ^ op_a[5] (in)
                                                         op_a[5] (net)
                      0.014030    0.000000    4.007321 ^ input10/A (sky130_fd_sc_hd__clkbuf_2)
     5    0.028395    0.121499    0.124071    4.131392 ^ input10/X (sky130_fd_sc_hd__clkbuf_2)
                                                         net10 (net)
                      0.121570    0.002393    4.133785 ^ _839_/A1 (sky130_fd_sc_hd__a32o_1)
     1    0.002245    0.028620    0.092105    4.225890 ^ _839_/X (sky130_fd_sc_hd__a32o_1)
                                                         _318_ (net)
                      0.028621    0.000063    4.225953 ^ _842_/A (sky130_fd_sc_hd__or3_1)
     1    0.005646    0.045636    0.075029    4.300982 ^ _842_/X (sky130_fd_sc_hd__or3_1)
                                                         net26 (net)
                      0.045636    0.000240    4.301222 ^ output26/A (sky130_fd_sc_hd__buf_2)
     1    0.034394    0.128631    0.141882    4.443104 ^ output26/X (sky130_fd_sc_hd__buf_2)
                                                         op_out[5] (net)
                      0.128638    0.000789    4.443892 ^ op_out[5] (out)
                                              4.443892   data arrival time

                      0.000000    0.000000    0.000000   clock __VIRTUAL_CLK__ (rise edge)
                                  0.000000    0.000000   clock network delay (ideal)
                                  0.250000    0.250000   clock uncertainty
                                  0.000000    0.250000   clock reconvergence pessimism
                                 -4.000000   -3.750000   output external delay
                                             -3.750000   data required time
---------------------------------------------------------------------------------------------
                                             -3.750000   data required time
                                             -4.443892   data arrival time
---------------------------------------------------------------------------------------------
                                              8.193892   slack (MET)


Startpoint: inst[2] (input port clocked by __VIRTUAL_CLK__)
Endpoint: op_out[4] (output port clocked by __VIRTUAL_CLK__)
Path Group: __VIRTUAL_CLK__
Path Type: min

Fanout         Cap        Slew       Delay        Time   Description
---------------------------------------------------------------------------------------------
                      0.000000    0.000000    0.000000   clock __VIRTUAL_CLK__ (rise edge)
                                  0.000000    0.000000   clock network delay (ideal)
                                  4.000000    4.000000 ^ input external delay
     1    0.003504    0.016443    0.009093    4.009093 ^ inst[2] (in)
                                                         inst[2] (net)
                      0.016444    0.000000    4.009093 ^ input3/A (sky130_fd_sc_hd__clkbuf_2)
     8    0.028534    0.122075    0.125769    4.134862 ^ input3/X (sky130_fd_sc_hd__clkbuf_2)
                                                         net3 (net)
                      0.122090    0.001087    4.135949 ^ _690_/A (sky130_fd_sc_hd__or4b_4)
     8    0.036472    0.085791    0.147892    4.283842 ^ _690_/X (sky130_fd_sc_hd__or4b_4)
                                                         _161_ (net)
                      0.085898    0.002720    4.286561 ^ _798_/A1 (sky130_fd_sc_hd__o31ai_1)
     1    0.004828    0.034796    0.058350    4.344912 v _798_/Y (sky130_fd_sc_hd__o31ai_1)
                                                         net25 (net)
                      0.034796    0.000188    4.345100 v output25/A (sky130_fd_sc_hd__buf_2)
     1    0.034398    0.063021    0.119205    4.464304 v output25/X (sky130_fd_sc_hd__buf_2)
                                                         op_out[4] (net)
                      0.063031    0.000788    4.465093 v op_out[4] (out)
                                              4.465093   data arrival time

                      0.000000    0.000000    0.000000   clock __VIRTUAL_CLK__ (rise edge)
                                  0.000000    0.000000   clock network delay (ideal)
                                  0.250000    0.250000   clock uncertainty
                                  0.000000    0.250000   clock reconvergence pessimism
                                 -4.000000   -3.750000   output external delay
                                             -3.750000   data required time
---------------------------------------------------------------------------------------------
                                             -3.750000   data required time
                                             -4.465093   data arrival time
---------------------------------------------------------------------------------------------
                                              8.215093   slack (MET)


Startpoint: inst[2] (input port clocked by __VIRTUAL_CLK__)
Endpoint: op_out[3] (output port clocked by __VIRTUAL_CLK__)
Path Group: __VIRTUAL_CLK__
Path Type: min

Fanout         Cap        Slew       Delay        Time   Description
---------------------------------------------------------------------------------------------
                      0.000000    0.000000    0.000000   clock __VIRTUAL_CLK__ (rise edge)
                                  0.000000    0.000000   clock network delay (ideal)
                                  4.000000    4.000000 ^ input external delay
     1    0.003504    0.016443    0.009093    4.009093 ^ inst[2] (in)
                                                         inst[2] (net)
                      0.016444    0.000000    4.009093 ^ input3/A (sky130_fd_sc_hd__clkbuf_2)
     8    0.028534    0.122075    0.125769    4.134862 ^ input3/X (sky130_fd_sc_hd__clkbuf_2)
                                                         net3 (net)
                      0.122090    0.001087    4.135949 ^ _690_/A (sky130_fd_sc_hd__or4b_4)
     8    0.036472    0.085791    0.147892    4.283842 ^ _690_/X (sky130_fd_sc_hd__or4b_4)
                                                         _161_ (net)
                      0.085850    0.002105    4.285946 ^ _749_/A (sky130_fd_sc_hd__or3b_1)
     1    0.002918    0.028170    0.076742    4.362688 ^ _749_/X (sky130_fd_sc_hd__or3b_1)
                                                         _221_ (net)
                      0.028170    0.000085    4.362772 ^ _770_/B (sky130_fd_sc_hd__nand2b_1)
     1    0.002068    0.017880    0.026096    4.388868 v _770_/Y (sky130_fd_sc_hd__nand2b_1)
                                                         net24 (net)
                      0.017880    0.000059    4.388927 v output24/A (sky130_fd_sc_hd__buf_2)
     1    0.034463    0.063083    0.112746    4.501673 v output24/X (sky130_fd_sc_hd__buf_2)
                                                         op_out[3] (net)
                      0.063093    0.000793    4.502467 v op_out[3] (out)
                                              4.502467   data arrival time

                      0.000000    0.000000    0.000000   clock __VIRTUAL_CLK__ (rise edge)
                                  0.000000    0.000000   clock network delay (ideal)
                                  0.250000    0.250000   clock uncertainty
                                  0.000000    0.250000   clock reconvergence pessimism
                                 -4.000000   -3.750000   output external delay
                                             -3.750000   data required time
---------------------------------------------------------------------------------------------
                                             -3.750000   data required time
                                             -4.502467   data arrival time
---------------------------------------------------------------------------------------------
                                              8.252466   slack (MET)


Startpoint: op_a[1] (input port clocked by __VIRTUAL_CLK__)
Endpoint: op_out[1] (output port clocked by __VIRTUAL_CLK__)
Path Group: __VIRTUAL_CLK__
Path Type: min

Fanout         Cap        Slew       Delay        Time   Description
---------------------------------------------------------------------------------------------
                      0.000000    0.000000    0.000000   clock __VIRTUAL_CLK__ (rise edge)
                                  0.000000    0.000000   clock network delay (ideal)
                                  4.000000    4.000000 ^ input external delay
     1    0.002765    0.013790    0.007145    4.007144 ^ op_a[1] (in)
                                                         op_a[1] (net)
                      0.013790    0.000000    4.007144 ^ input6/A (sky130_fd_sc_hd__buf_1)
     3    0.020372    0.180999    0.149579    4.156724 ^ input6/X (sky130_fd_sc_hd__buf_1)
                                                         net6 (net)
                      0.181018    0.001537    4.158261 ^ _703_/A1 (sky130_fd_sc_hd__o22a_1)
     1    0.002817    0.028099    0.093398    4.251659 ^ _703_/X (sky130_fd_sc_hd__o22a_1)
                                                         _173_ (net)
                      0.028099    0.000083    4.251743 ^ _710_/A (sky130_fd_sc_hd__or3_1)
     1    0.009924    0.073919    0.094832    4.346575 ^ _710_/X (sky130_fd_sc_hd__or3_1)
                                                         _180_ (net)
                      0.073947    0.000380    4.346955 ^ _718_/A (sky130_fd_sc_hd__or2_4)
     1    0.007687    0.028154    0.085594    4.432549 ^ _718_/X (sky130_fd_sc_hd__or2_4)
                                                         net22 (net)
                      0.028155    0.000228    4.432777 ^ output22/A (sky130_fd_sc_hd__buf_8)
     1    0.034649    0.049670    0.078249    4.511026 ^ output22/X (sky130_fd_sc_hd__buf_8)
                                                         op_out[1] (net)
                      0.049714    0.000854    4.511880 ^ op_out[1] (out)
                                              4.511880   data arrival time

                      0.000000    0.000000    0.000000   clock __VIRTUAL_CLK__ (rise edge)
                                  0.000000    0.000000   clock network delay (ideal)
                                  0.250000    0.250000   clock uncertainty
                                  0.000000    0.250000   clock reconvergence pessimism
                                 -4.000000   -3.750000   output external delay
                                             -3.750000   data required time
---------------------------------------------------------------------------------------------
                                             -3.750000   data required time
                                             -4.511880   data arrival time
---------------------------------------------------------------------------------------------
                                              8.261880   slack (MET)


Startpoint: op_a[7] (input port clocked by __VIRTUAL_CLK__)
Endpoint: op_out[6] (output port clocked by __VIRTUAL_CLK__)
Path Group: __VIRTUAL_CLK__
Path Type: min

Fanout         Cap        Slew       Delay        Time   Description
---------------------------------------------------------------------------------------------
                      0.000000    0.000000    0.000000   clock __VIRTUAL_CLK__ (rise edge)
                                  0.000000    0.000000   clock network delay (ideal)
                                  4.000000    4.000000 ^ input external delay
     1    0.003575    0.016700    0.009281    4.009281 ^ op_a[7] (in)
                                                         op_a[7] (net)
                      0.016701    0.000000    4.009281 ^ input12/A (sky130_fd_sc_hd__clkbuf_4)
     9    0.046308    0.110275    0.138757    4.148037 ^ input12/X (sky130_fd_sc_hd__clkbuf_4)
                                                         net12 (net)
                      0.110331    0.002036    4.150074 ^ _883_/A1 (sky130_fd_sc_hd__a211o_1)
     1    0.004294    0.034898    0.088688    4.238761 ^ _883_/X (sky130_fd_sc_hd__a211o_1)
                                                         _365_ (net)
                      0.034898    0.000143    4.238905 ^ _884_/C1 (sky130_fd_sc_hd__a211o_1)
     1    0.008556    0.061750    0.079521    4.318426 ^ _884_/X (sky130_fd_sc_hd__a211o_1)
                                                         _366_ (net)
                      0.061775    0.000369    4.318795 ^ _885_/B1 (sky130_fd_sc_hd__a31o_1)
     1    0.002910    0.028255    0.056506    4.375301 ^ _885_/X (sky130_fd_sc_hd__a31o_1)
                                                         net27 (net)
                      0.028255    0.000088    4.375390 ^ output27/A (sky130_fd_sc_hd__buf_2)
     1    0.034326    0.128477    0.136493    4.511883 ^ output27/X (sky130_fd_sc_hd__buf_2)
                                                         op_out[6] (net)
                      0.128483    0.000717    4.512599 ^ op_out[6] (out)
                                              4.512599   data arrival time

                      0.000000    0.000000    0.000000   clock __VIRTUAL_CLK__ (rise edge)
                                  0.000000    0.000000   clock network delay (ideal)
                                  0.250000    0.250000   clock uncertainty
                                  0.000000    0.250000   clock reconvergence pessimism
                                 -4.000000   -3.750000   output external delay
                                             -3.750000   data required time
---------------------------------------------------------------------------------------------
                                             -3.750000   data required time
                                             -4.512599   data arrival time
---------------------------------------------------------------------------------------------
                                              8.262600   slack (MET)


Startpoint: inst[2] (input port clocked by __VIRTUAL_CLK__)
Endpoint: op_out[2] (output port clocked by __VIRTUAL_CLK__)
Path Group: __VIRTUAL_CLK__
Path Type: min

Fanout         Cap        Slew       Delay        Time   Description
---------------------------------------------------------------------------------------------
                      0.000000    0.000000    0.000000   clock __VIRTUAL_CLK__ (rise edge)
                                  0.000000    0.000000   clock network delay (ideal)
                                  4.000000    4.000000 ^ input external delay
     1    0.003504    0.016443    0.009093    4.009093 ^ inst[2] (in)
                                                         inst[2] (net)
                      0.016444    0.000000    4.009093 ^ input3/A (sky130_fd_sc_hd__clkbuf_2)
     8    0.028534    0.122075    0.125769    4.134862 ^ input3/X (sky130_fd_sc_hd__clkbuf_2)
                                                         net3 (net)
                      0.122090    0.001087    4.135949 ^ _690_/A (sky130_fd_sc_hd__or4b_4)
     8    0.036472    0.085791    0.147892    4.283842 ^ _690_/X (sky130_fd_sc_hd__or4b_4)
                                                         _161_ (net)
                      0.085860    0.002248    4.286089 ^ _725_/B1 (sky130_fd_sc_hd__a31oi_1)
     1    0.002542    0.026305    0.024549    4.310638 v _725_/Y (sky130_fd_sc_hd__a31oi_1)
                                                         _195_ (net)
                      0.026305    0.000072    4.310710 v _741_/A2 (sky130_fd_sc_hd__a21o_1)
     1    0.004871    0.024929    0.115286    4.425997 v _741_/X (sky130_fd_sc_hd__a21o_1)
                                                         net23 (net)
                      0.024929    0.000146    4.426143 v output23/A (sky130_fd_sc_hd__buf_6)
     1    0.034343    0.032174    0.087970    4.514112 v output23/X (sky130_fd_sc_hd__buf_6)
                                                         op_out[2] (net)
                      0.032197    0.000770    4.514882 v op_out[2] (out)
                                              4.514882   data arrival time

                      0.000000    0.000000    0.000000   clock __VIRTUAL_CLK__ (rise edge)
                                  0.000000    0.000000   clock network delay (ideal)
                                  0.250000    0.250000   clock uncertainty
                                  0.000000    0.250000   clock reconvergence pessimism
                                 -4.000000   -3.750000   output external delay
                                             -3.750000   data required time
---------------------------------------------------------------------------------------------
                                             -3.750000   data required time
                                             -4.514882   data arrival time
---------------------------------------------------------------------------------------------
                                              8.264882   slack (MET)


Startpoint: op_a[7] (input port clocked by __VIRTUAL_CLK__)
Endpoint: op_out[7] (output port clocked by __VIRTUAL_CLK__)
Path Group: __VIRTUAL_CLK__
Path Type: min

Fanout         Cap        Slew       Delay        Time   Description
---------------------------------------------------------------------------------------------
                      0.000000    0.000000    0.000000   clock __VIRTUAL_CLK__ (rise edge)
                                  0.000000    0.000000   clock network delay (ideal)
                                  4.000000    4.000000 ^ input external delay
     1    0.003575    0.016700    0.009281    4.009281 ^ op_a[7] (in)
                                                         op_a[7] (net)
                      0.016701    0.000000    4.009281 ^ input12/A (sky130_fd_sc_hd__clkbuf_4)
     9    0.046308    0.110275    0.138757    4.148037 ^ input12/X (sky130_fd_sc_hd__clkbuf_4)
                                                         net12 (net)
                      0.110329    0.002002    4.150039 ^ _920_/A1 (sky130_fd_sc_hd__o22a_1)
     1    0.003708    0.033679    0.092111    4.242150 ^ _920_/X (sky130_fd_sc_hd__o22a_1)
                                                         _405_ (net)
                      0.033679    0.000115    4.242264 ^ _922_/B1 (sky130_fd_sc_hd__a211o_1)
     1    0.008514    0.061469    0.082095    4.324359 ^ _922_/X (sky130_fd_sc_hd__a211o_1)
                                                         _407_ (net)
                      0.061493    0.000279    4.324638 ^ _923_/B1 (sky130_fd_sc_hd__a311o_1)
     1    0.003114    0.033510    0.069126    4.393764 ^ _923_/X (sky130_fd_sc_hd__a311o_1)
                                                         net28 (net)
                      0.033510    0.000096    4.393861 ^ output28/A (sky130_fd_sc_hd__buf_2)
     1    0.033940    0.127077    0.137204    4.531065 ^ output28/X (sky130_fd_sc_hd__buf_2)
                                                         op_out[7] (net)
                      0.127081    0.000614    4.531679 ^ op_out[7] (out)
                                              4.531679   data arrival time

                      0.000000    0.000000    0.000000   clock __VIRTUAL_CLK__ (rise edge)
                                  0.000000    0.000000   clock network delay (ideal)
                                  0.250000    0.250000   clock uncertainty
                                  0.000000    0.250000   clock reconvergence pessimism
                                 -4.000000   -3.750000   output external delay
                                             -3.750000   data required time
---------------------------------------------------------------------------------------------
                                             -3.750000   data required time
                                             -4.531679   data arrival time
---------------------------------------------------------------------------------------------
                                              8.281679   slack (MET)



%OL_END_REPORT
%OL_CREATE_REPORT max.rpt

===========================================================================
report_checks -path_delay max (Setup)
============================================================================
======================= nom_ff_n40C_1v95 Corner ===================================

Startpoint: op_b[0] (input port clocked by __VIRTUAL_CLK__)
Endpoint: op_out[0] (output port clocked by __VIRTUAL_CLK__)
Path Group: __VIRTUAL_CLK__
Path Type: max

Fanout         Cap        Slew       Delay        Time   Description
---------------------------------------------------------------------------------------------
                      0.000000    0.000000    0.000000   clock __VIRTUAL_CLK__ (rise edge)
                                  0.000000    0.000000   clock network delay (ideal)
                                  4.000000    4.000000 ^ input external delay
     1    0.003011    0.014669    0.007792    4.007792 ^ op_b[0] (in)
                                                         op_b[0] (net)
                      0.014674    0.000000    4.007792 ^ input13/A (sky130_fd_sc_hd__clkbuf_2)
     4    0.026059    0.112022    0.118718    4.126511 ^ input13/X (sky130_fd_sc_hd__clkbuf_2)
                                                         net13 (net)
                      0.112032    0.000856    4.127367 ^ fanout66/A (sky130_fd_sc_hd__buf_4)
    10    0.050000    0.108081    0.145469    4.272836 ^ fanout66/X (sky130_fd_sc_hd__buf_4)
                                                         net66 (net)
                      0.108085    0.000535    4.273371 ^ fanout65/A (sky130_fd_sc_hd__buf_4)
    10    0.041057    0.090051    0.133133    4.406503 ^ fanout65/X (sky130_fd_sc_hd__buf_4)
                                                         net65 (net)
                      0.090111    0.001903    4.408406 ^ _458_/A (sky130_fd_sc_hd__inv_2)
     4    0.013867    0.038600    0.038736    4.447142 v _458_/Y (sky130_fd_sc_hd__inv_2)
                                                         _188_ (net)
                      0.038601    0.000210    4.447351 v fanout35/A (sky130_fd_sc_hd__clkbuf_4)
    10    0.041645    0.065656    0.133807    4.581158 v fanout35/X (sky130_fd_sc_hd__clkbuf_4)
                                                         net35 (net)
                      0.065675    0.001071    4.582230 v _472_/A1 (sky130_fd_sc_hd__o41ai_4)
     5    0.017193    0.277404    0.320671    4.902900 ^ _472_/Y (sky130_fd_sc_hd__o41ai_4)
                                                         _338_ (net)
                      0.277404    0.000469    4.903369 ^ _481_/A2 (sky130_fd_sc_hd__a211o_1)
     4    0.014798    0.102693    0.149911    5.053280 ^ _481_/X (sky130_fd_sc_hd__a211o_1)
                                                         _410_ (net)
                      0.102693    0.000345    5.053624 ^ _484_/A1 (sky130_fd_sc_hd__a21o_1)
     4    0.014299    0.098326    0.124963    5.178587 ^ _484_/X (sky130_fd_sc_hd__a21o_1)
                                                         _413_ (net)
                      0.098326    0.000258    5.178845 ^ _493_/A1 (sky130_fd_sc_hd__a211oi_2)
     3    0.009385    0.054171    0.058739    5.237584 v _493_/Y (sky130_fd_sc_hd__a211oi_2)
                                                         _422_ (net)
                      0.054172    0.000241    5.237825 v _503_/D (sky130_fd_sc_hd__or4_4)
     3    0.008179    0.062925    0.254718    5.492543 v _503_/X (sky130_fd_sc_hd__or4_4)
                                                         _432_ (net)
                      0.062925    0.000179    5.492723 v _507_/A3 (sky130_fd_sc_hd__a31o_1)
     2    0.009133    0.047126    0.169007    5.661729 v _507_/X (sky130_fd_sc_hd__a31o_1)
                                                         _436_ (net)
                      0.047126    0.000234    5.661963 v _509_/A2 (sky130_fd_sc_hd__a211o_4)
     3    0.017173    0.049855    0.228506    5.890469 v _509_/X (sky130_fd_sc_hd__a211o_4)
                                                         _438_ (net)
                      0.049859    0.000507    5.890976 v _515_/A2 (sky130_fd_sc_hd__a21oi_4)
     5    0.020175    0.138462    0.152608    6.043584 ^ _515_/Y (sky130_fd_sc_hd__a21oi_4)
                                                         _444_ (net)
                      0.138463    0.000656    6.044240 ^ rebuffer5/A (sky130_fd_sc_hd__buf_6)
     3    0.013867    0.031400    0.080445    6.124685 ^ rebuffer5/X (sky130_fd_sc_hd__buf_6)
                                                         net74 (net)
                      0.031406    0.000414    6.125100 ^ _524_/S (sky130_fd_sc_hd__mux2_4)
     2    0.007583    0.041813    0.185838    6.310938 v _524_/X (sky130_fd_sc_hd__mux2_4)
                                                         _453_ (net)
                      0.041813    0.000205    6.311142 v _539_/A1 (sky130_fd_sc_hd__a221o_1)
     3    0.009649    0.056158    0.190815    6.501957 v _539_/X (sky130_fd_sc_hd__a221o_1)
                                                         _010_ (net)
                      0.056158    0.000130    6.502087 v _544_/A2 (sky130_fd_sc_hd__a311o_1)
     3    0.009167    0.061720    0.224860    6.726947 v _544_/X (sky130_fd_sc_hd__a311o_1)
                                                         _015_ (net)
                      0.061720    0.000295    6.727242 v _579_/A2 (sky130_fd_sc_hd__a21o_1)
     3    0.008802    0.041870    0.140707    6.867949 v _579_/X (sky130_fd_sc_hd__a21o_1)
                                                         _050_ (net)
                      0.041871    0.000248    6.868197 v _583_/C (sky130_fd_sc_hd__and3_1)
     2    0.005381    0.034868    0.124042    6.992239 v _583_/X (sky130_fd_sc_hd__and3_1)
                                                         _054_ (net)
                      0.034868    0.000122    6.992361 v _585_/A (sky130_fd_sc_hd__or4_4)
     1    0.003786    0.056822    0.313880    7.306241 v _585_/X (sky130_fd_sc_hd__or4_4)
                                                         _056_ (net)
                      0.056822    0.000120    7.306361 v _586_/B (sky130_fd_sc_hd__or4b_4)
     1    0.009147    0.064195    0.321345    7.627706 v _586_/X (sky130_fd_sc_hd__or4b_4)
                                                         _057_ (net)
                      0.064195    0.000291    7.627997 v _590_/A2 (sky130_fd_sc_hd__a311oi_4)
     4    0.019976    0.265757    0.264642    7.892639 ^ _590_/Y (sky130_fd_sc_hd__a311oi_4)
                                                         _061_ (net)
                      0.265757    0.000703    7.893342 ^ max_cap30/A (sky130_fd_sc_hd__buf_6)
     5    0.033582    0.059111    0.106268    7.999610 ^ max_cap30/X (sky130_fd_sc_hd__buf_6)
                                                         net30 (net)
                      0.059113    0.000475    8.000085 ^ _619_/S (sky130_fd_sc_hd__mux2_4)
     5    0.021816    0.058112    0.212722    8.212808 v _619_/X (sky130_fd_sc_hd__mux2_4)
                                                         _090_ (net)
                      0.058118    0.001098    8.213905 v _620_/B (sky130_fd_sc_hd__xnor2_1)
     2    0.009777    0.178693    0.168234    8.382139 ^ _620_/Y (sky130_fd_sc_hd__xnor2_1)
                                                         _091_ (net)
                      0.178693    0.000234    8.382373 ^ _622_/D (sky130_fd_sc_hd__nand4_1)
     1    0.005285    0.075667    0.073034    8.455407 v _622_/Y (sky130_fd_sc_hd__nand4_1)
                                                         _093_ (net)
                      0.075671    0.000181    8.455588 v _627_/A2 (sky130_fd_sc_hd__o31a_1)
     4    0.018921    0.080919    0.234602    8.690190 v _627_/X (sky130_fd_sc_hd__o31a_1)
                                                         _098_ (net)
                      0.080919    0.000370    8.690560 v _628_/A1 (sky130_fd_sc_hd__a21oi_4)
     4    0.022424    0.148779    0.156626    8.847186 ^ _628_/Y (sky130_fd_sc_hd__a21oi_4)
                                                         _099_ (net)
                      0.148779    0.000518    8.847704 ^ fanout29/A (sky130_fd_sc_hd__buf_6)
     5    0.029651    0.052083    0.097651    8.945354 ^ fanout29/X (sky130_fd_sc_hd__buf_6)
                                                         net29 (net)
                      0.052169    0.001378    8.946733 ^ _665_/S (sky130_fd_sc_hd__mux2_4)
     3    0.008529    0.042808    0.191712    9.138446 v _665_/X (sky130_fd_sc_hd__mux2_4)
                                                         _136_ (net)
                      0.042808    0.000107    9.138553 v _669_/A2 (sky130_fd_sc_hd__a21o_1)
     1    0.003507    0.026150    0.116655    9.255207 v _669_/X (sky130_fd_sc_hd__a21o_1)
                                                         _140_ (net)
                      0.026163    0.000105    9.255312 v _671_/A1 (sky130_fd_sc_hd__o211a_1)
     1    0.002821    0.028075    0.134430    9.389743 v _671_/X (sky130_fd_sc_hd__o211a_1)
                                                         _142_ (net)
                      0.028089    0.000080    9.389823 v _672_/B2 (sky130_fd_sc_hd__o221a_1)
     1    0.003445    0.035116    0.122117    9.511939 v _672_/X (sky130_fd_sc_hd__o221a_1)
                                                         _143_ (net)
                      0.035116    0.000111    9.512050 v _675_/A1 (sky130_fd_sc_hd__o21a_1)
     1    0.002451    0.023825    0.112554    9.624604 v _675_/X (sky130_fd_sc_hd__o21a_1)
                                                         _146_ (net)
                      0.023825    0.000046    9.624651 v _679_/A2 (sky130_fd_sc_hd__o21a_1)
     1    0.008024    0.041296    0.117240    9.741890 v _679_/X (sky130_fd_sc_hd__o21a_1)
                                                         _150_ (net)
                      0.041299    0.000360    9.742249 v _700_/C (sky130_fd_sc_hd__or3_4)
     1    0.009429    0.051328    0.204286    9.946536 v _700_/X (sky130_fd_sc_hd__or3_4)
                                                         net21 (net)
                      0.051328    0.000389    9.946925 v output21/A (sky130_fd_sc_hd__buf_8)
     1    0.034659    0.029978    0.097417   10.044343 v output21/X (sky130_fd_sc_hd__buf_8)
                                                         op_out[0] (net)
                      0.030009    0.000867   10.045209 v op_out[0] (out)
                                             10.045209   data arrival time

                      0.000000   20.000000   20.000000   clock __VIRTUAL_CLK__ (rise edge)
                                  0.000000   20.000000   clock network delay (ideal)
                                 -0.250000   19.750002   clock uncertainty
                                  0.000000   19.750002   clock reconvergence pessimism
                                 -4.000000   15.750001   output external delay
                                             15.750001   data required time
---------------------------------------------------------------------------------------------
                                             15.750001   data required time
                                            -10.045209   data arrival time
---------------------------------------------------------------------------------------------
                                              5.704792   slack (MET)


Startpoint: op_b[0] (input port clocked by __VIRTUAL_CLK__)
Endpoint: op_out[1] (output port clocked by __VIRTUAL_CLK__)
Path Group: __VIRTUAL_CLK__
Path Type: max

Fanout         Cap        Slew       Delay        Time   Description
---------------------------------------------------------------------------------------------
                      0.000000    0.000000    0.000000   clock __VIRTUAL_CLK__ (rise edge)
                                  0.000000    0.000000   clock network delay (ideal)
                                  4.000000    4.000000 ^ input external delay
     1    0.003011    0.014669    0.007792    4.007792 ^ op_b[0] (in)
                                                         op_b[0] (net)
                      0.014674    0.000000    4.007792 ^ input13/A (sky130_fd_sc_hd__clkbuf_2)
     4    0.026059    0.112022    0.118718    4.126511 ^ input13/X (sky130_fd_sc_hd__clkbuf_2)
                                                         net13 (net)
                      0.112032    0.000856    4.127367 ^ fanout66/A (sky130_fd_sc_hd__buf_4)
    10    0.050000    0.108081    0.145469    4.272836 ^ fanout66/X (sky130_fd_sc_hd__buf_4)
                                                         net66 (net)
                      0.108085    0.000535    4.273371 ^ fanout65/A (sky130_fd_sc_hd__buf_4)
    10    0.041057    0.090051    0.133133    4.406503 ^ fanout65/X (sky130_fd_sc_hd__buf_4)
                                                         net65 (net)
                      0.090111    0.001903    4.408406 ^ _458_/A (sky130_fd_sc_hd__inv_2)
     4    0.013867    0.038600    0.038736    4.447142 v _458_/Y (sky130_fd_sc_hd__inv_2)
                                                         _188_ (net)
                      0.038601    0.000210    4.447351 v fanout35/A (sky130_fd_sc_hd__clkbuf_4)
    10    0.041645    0.065656    0.133807    4.581158 v fanout35/X (sky130_fd_sc_hd__clkbuf_4)
                                                         net35 (net)
                      0.065675    0.001071    4.582230 v _472_/A1 (sky130_fd_sc_hd__o41ai_4)
     5    0.017193    0.277404    0.320671    4.902900 ^ _472_/Y (sky130_fd_sc_hd__o41ai_4)
                                                         _338_ (net)
                      0.277404    0.000469    4.903369 ^ _481_/A2 (sky130_fd_sc_hd__a211o_1)
     4    0.014798    0.102693    0.149911    5.053280 ^ _481_/X (sky130_fd_sc_hd__a211o_1)
                                                         _410_ (net)
                      0.102693    0.000345    5.053624 ^ _484_/A1 (sky130_fd_sc_hd__a21o_1)
     4    0.014299    0.098326    0.124963    5.178587 ^ _484_/X (sky130_fd_sc_hd__a21o_1)
                                                         _413_ (net)
                      0.098326    0.000258    5.178845 ^ _493_/A1 (sky130_fd_sc_hd__a211oi_2)
     3    0.009385    0.054171    0.058739    5.237584 v _493_/Y (sky130_fd_sc_hd__a211oi_2)
                                                         _422_ (net)
                      0.054172    0.000241    5.237825 v _503_/D (sky130_fd_sc_hd__or4_4)
     3    0.008179    0.062925    0.254718    5.492543 v _503_/X (sky130_fd_sc_hd__or4_4)
                                                         _432_ (net)
                      0.062925    0.000179    5.492723 v _507_/A3 (sky130_fd_sc_hd__a31o_1)
     2    0.009133    0.047126    0.169007    5.661729 v _507_/X (sky130_fd_sc_hd__a31o_1)
                                                         _436_ (net)
                      0.047126    0.000234    5.661963 v _509_/A2 (sky130_fd_sc_hd__a211o_4)
     3    0.017173    0.049855    0.228506    5.890469 v _509_/X (sky130_fd_sc_hd__a211o_4)
                                                         _438_ (net)
                      0.049859    0.000507    5.890976 v _515_/A2 (sky130_fd_sc_hd__a21oi_4)
     5    0.020175    0.138462    0.152608    6.043584 ^ _515_/Y (sky130_fd_sc_hd__a21oi_4)
                                                         _444_ (net)
                      0.138463    0.000656    6.044240 ^ rebuffer5/A (sky130_fd_sc_hd__buf_6)
     3    0.013867    0.031400    0.080445    6.124685 ^ rebuffer5/X (sky130_fd_sc_hd__buf_6)
                                                         net74 (net)
                      0.031406    0.000414    6.125100 ^ _524_/S (sky130_fd_sc_hd__mux2_4)
     2    0.007583    0.041813    0.185838    6.310938 v _524_/X (sky130_fd_sc_hd__mux2_4)
                                                         _453_ (net)
                      0.041813    0.000205    6.311142 v _539_/A1 (sky130_fd_sc_hd__a221o_1)
     3    0.009649    0.056158    0.190815    6.501957 v _539_/X (sky130_fd_sc_hd__a221o_1)
                                                         _010_ (net)
                      0.056158    0.000130    6.502087 v _544_/A2 (sky130_fd_sc_hd__a311o_1)
     3    0.009167    0.061720    0.224860    6.726947 v _544_/X (sky130_fd_sc_hd__a311o_1)
                                                         _015_ (net)
                      0.061720    0.000295    6.727242 v _579_/A2 (sky130_fd_sc_hd__a21o_1)
     3    0.008802    0.041870    0.140707    6.867949 v _579_/X (sky130_fd_sc_hd__a21o_1)
                                                         _050_ (net)
                      0.041871    0.000248    6.868197 v _583_/C (sky130_fd_sc_hd__and3_1)
     2    0.005381    0.034868    0.124042    6.992239 v _583_/X (sky130_fd_sc_hd__and3_1)
                                                         _054_ (net)
                      0.034868    0.000122    6.992361 v _585_/A (sky130_fd_sc_hd__or4_4)
     1    0.003786    0.056822    0.313880    7.306241 v _585_/X (sky130_fd_sc_hd__or4_4)
                                                         _056_ (net)
                      0.056822    0.000120    7.306361 v _586_/B (sky130_fd_sc_hd__or4b_4)
     1    0.009147    0.064195    0.321345    7.627706 v _586_/X (sky130_fd_sc_hd__or4b_4)
                                                         _057_ (net)
                      0.064195    0.000291    7.627997 v _590_/A2 (sky130_fd_sc_hd__a311oi_4)
     4    0.019976    0.265757    0.264642    7.892639 ^ _590_/Y (sky130_fd_sc_hd__a311oi_4)
                                                         _061_ (net)
                      0.265757    0.000703    7.893342 ^ max_cap30/A (sky130_fd_sc_hd__buf_6)
     5    0.033582    0.059111    0.106268    7.999610 ^ max_cap30/X (sky130_fd_sc_hd__buf_6)
                                                         net30 (net)
                      0.059129    0.001013    8.000623 ^ _601_/S (sky130_fd_sc_hd__mux2_4)
     4    0.026092    0.061840    0.217576    8.218199 v _601_/X (sky130_fd_sc_hd__mux2_4)
                                                         _072_ (net)
                      0.061844    0.000489    8.218688 v _604_/A (sky130_fd_sc_hd__xnor2_4)
     4    0.017000    0.052613    0.117757    8.336446 v _604_/Y (sky130_fd_sc_hd__xnor2_4)
                                                         _075_ (net)
                      0.052614    0.000417    8.336863 v _608_/A2 (sky130_fd_sc_hd__a211oi_4)
     4    0.014858    0.187094    0.212702    8.549564 ^ _608_/Y (sky130_fd_sc_hd__a211oi_4)
                                                         _079_ (net)
                      0.187094    0.000411    8.549975 ^ _627_/A3 (sky130_fd_sc_hd__o31a_1)
     4    0.020432    0.161516    0.175075    8.725050 ^ _627_/X (sky130_fd_sc_hd__o31a_1)
                                                         _098_ (net)
                      0.161518    0.000401    8.725451 ^ _628_/A1 (sky130_fd_sc_hd__a21oi_4)
     4    0.020832    0.061213    0.057922    8.783373 v _628_/Y (sky130_fd_sc_hd__a21oi_4)
                                                         _099_ (net)
                      0.061242    0.000631    8.784003 v clone21/A (sky130_fd_sc_hd__buf_6)
     5    0.019466    0.024741    0.094871    8.878874 v clone21/X (sky130_fd_sc_hd__buf_6)
                                                         net90 (net)
                      0.024750    0.000461    8.879334 v _717_/A1 (sky130_fd_sc_hd__a22o_1)
     1    0.004025    0.030515    0.106524    8.985859 v _717_/X (sky130_fd_sc_hd__a22o_1)
                                                         _187_ (net)
                      0.030515    0.000131    8.985990 v _718_/B (sky130_fd_sc_hd__or2_4)
     1    0.007020    0.035622    0.140779    9.126768 v _718_/X (sky130_fd_sc_hd__or2_4)
                                                         net22 (net)
                      0.035622    0.000208    9.126976 v output22/A (sky130_fd_sc_hd__buf_8)
     1    0.034649    0.029970    0.090695    9.217670 v output22/X (sky130_fd_sc_hd__buf_8)
                                                         op_out[1] (net)
                      0.030000    0.000853    9.218523 v op_out[1] (out)
                                              9.218523   data arrival time

                      0.000000   20.000000   20.000000   clock __VIRTUAL_CLK__ (rise edge)
                                  0.000000   20.000000   clock network delay (ideal)
                                 -0.250000   19.750002   clock uncertainty
                                  0.000000   19.750002   clock reconvergence pessimism
                                 -4.000000   15.750001   output external delay
                                             15.750001   data required time
---------------------------------------------------------------------------------------------
                                             15.750001   data required time
                                             -9.218523   data arrival time
---------------------------------------------------------------------------------------------
                                              6.531478   slack (MET)


Startpoint: op_b[0] (input port clocked by __VIRTUAL_CLK__)
Endpoint: op_out[2] (output port clocked by __VIRTUAL_CLK__)
Path Group: __VIRTUAL_CLK__
Path Type: max

Fanout         Cap        Slew       Delay        Time   Description
---------------------------------------------------------------------------------------------
                      0.000000    0.000000    0.000000   clock __VIRTUAL_CLK__ (rise edge)
                                  0.000000    0.000000   clock network delay (ideal)
                                  4.000000    4.000000 ^ input external delay
     1    0.003011    0.014669    0.007792    4.007792 ^ op_b[0] (in)
                                                         op_b[0] (net)
                      0.014674    0.000000    4.007792 ^ input13/A (sky130_fd_sc_hd__clkbuf_2)
     4    0.026059    0.112022    0.118718    4.126511 ^ input13/X (sky130_fd_sc_hd__clkbuf_2)
                                                         net13 (net)
                      0.112032    0.000856    4.127367 ^ fanout66/A (sky130_fd_sc_hd__buf_4)
    10    0.050000    0.108081    0.145469    4.272836 ^ fanout66/X (sky130_fd_sc_hd__buf_4)
                                                         net66 (net)
                      0.108085    0.000535    4.273371 ^ fanout65/A (sky130_fd_sc_hd__buf_4)
    10    0.041057    0.090051    0.133133    4.406503 ^ fanout65/X (sky130_fd_sc_hd__buf_4)
                                                         net65 (net)
                      0.090111    0.001903    4.408406 ^ _458_/A (sky130_fd_sc_hd__inv_2)
     4    0.013867    0.038600    0.038736    4.447142 v _458_/Y (sky130_fd_sc_hd__inv_2)
                                                         _188_ (net)
                      0.038601    0.000210    4.447351 v fanout35/A (sky130_fd_sc_hd__clkbuf_4)
    10    0.041645    0.065656    0.133807    4.581158 v fanout35/X (sky130_fd_sc_hd__clkbuf_4)
                                                         net35 (net)
                      0.065675    0.001071    4.582230 v _472_/A1 (sky130_fd_sc_hd__o41ai_4)
     5    0.017193    0.277404    0.320671    4.902900 ^ _472_/Y (sky130_fd_sc_hd__o41ai_4)
                                                         _338_ (net)
                      0.277404    0.000469    4.903369 ^ _481_/A2 (sky130_fd_sc_hd__a211o_1)
     4    0.014798    0.102693    0.149911    5.053280 ^ _481_/X (sky130_fd_sc_hd__a211o_1)
                                                         _410_ (net)
                      0.102693    0.000345    5.053624 ^ _484_/A1 (sky130_fd_sc_hd__a21o_1)
     4    0.014299    0.098326    0.124963    5.178587 ^ _484_/X (sky130_fd_sc_hd__a21o_1)
                                                         _413_ (net)
                      0.098326    0.000258    5.178845 ^ _493_/A1 (sky130_fd_sc_hd__a211oi_2)
     3    0.009385    0.054171    0.058739    5.237584 v _493_/Y (sky130_fd_sc_hd__a211oi_2)
                                                         _422_ (net)
                      0.054172    0.000241    5.237825 v _503_/D (sky130_fd_sc_hd__or4_4)
     3    0.008179    0.062925    0.254718    5.492543 v _503_/X (sky130_fd_sc_hd__or4_4)
                                                         _432_ (net)
                      0.062925    0.000179    5.492723 v _507_/A3 (sky130_fd_sc_hd__a31o_1)
     2    0.009133    0.047126    0.169007    5.661729 v _507_/X (sky130_fd_sc_hd__a31o_1)
                                                         _436_ (net)
                      0.047126    0.000234    5.661963 v _509_/A2 (sky130_fd_sc_hd__a211o_4)
     3    0.017173    0.049855    0.228506    5.890469 v _509_/X (sky130_fd_sc_hd__a211o_4)
                                                         _438_ (net)
                      0.049859    0.000507    5.890976 v _515_/A2 (sky130_fd_sc_hd__a21oi_4)
     5    0.020175    0.138462    0.152608    6.043584 ^ _515_/Y (sky130_fd_sc_hd__a21oi_4)
                                                         _444_ (net)
                      0.138463    0.000656    6.044240 ^ rebuffer5/A (sky130_fd_sc_hd__buf_6)
     3    0.013867    0.031400    0.080445    6.124685 ^ rebuffer5/X (sky130_fd_sc_hd__buf_6)
                                                         net74 (net)
                      0.031406    0.000414    6.125100 ^ _524_/S (sky130_fd_sc_hd__mux2_4)
     2    0.007583    0.041813    0.185838    6.310938 v _524_/X (sky130_fd_sc_hd__mux2_4)
                                                         _453_ (net)
                      0.041813    0.000205    6.311142 v _539_/A1 (sky130_fd_sc_hd__a221o_1)
     3    0.009649    0.056158    0.190815    6.501957 v _539_/X (sky130_fd_sc_hd__a221o_1)
                                                         _010_ (net)
                      0.056158    0.000130    6.502087 v _544_/A2 (sky130_fd_sc_hd__a311o_1)
     3    0.009167    0.061720    0.224860    6.726947 v _544_/X (sky130_fd_sc_hd__a311o_1)
                                                         _015_ (net)
                      0.061720    0.000295    6.727242 v _579_/A2 (sky130_fd_sc_hd__a21o_1)
     3    0.008802    0.041870    0.140707    6.867949 v _579_/X (sky130_fd_sc_hd__a21o_1)
                                                         _050_ (net)
                      0.041871    0.000248    6.868197 v _583_/C (sky130_fd_sc_hd__and3_1)
     2    0.005381    0.034868    0.124042    6.992239 v _583_/X (sky130_fd_sc_hd__and3_1)
                                                         _054_ (net)
                      0.034868    0.000122    6.992361 v _585_/A (sky130_fd_sc_hd__or4_4)
     1    0.003786    0.056822    0.313880    7.306241 v _585_/X (sky130_fd_sc_hd__or4_4)
                                                         _056_ (net)
                      0.056822    0.000120    7.306361 v _586_/B (sky130_fd_sc_hd__or4b_4)
     1    0.009147    0.064195    0.321345    7.627706 v _586_/X (sky130_fd_sc_hd__or4b_4)
                                                         _057_ (net)
                      0.064195    0.000291    7.627997 v _590_/A2 (sky130_fd_sc_hd__a311oi_4)
     4    0.019976    0.265757    0.264642    7.892639 ^ _590_/Y (sky130_fd_sc_hd__a311oi_4)
                                                         _061_ (net)
                      0.265757    0.000703    7.893342 ^ max_cap30/A (sky130_fd_sc_hd__buf_6)
     5    0.033582    0.059111    0.106268    7.999610 ^ max_cap30/X (sky130_fd_sc_hd__buf_6)
                                                         net30 (net)
                      0.059140    0.001211    8.000821 ^ _740_/A2 (sky130_fd_sc_hd__a211o_1)
     1    0.004825    0.041106    0.084800    8.085620 ^ _740_/X (sky130_fd_sc_hd__a211o_1)
                                                         _212_ (net)
                      0.041106    0.000169    8.085789 ^ _741_/B1 (sky130_fd_sc_hd__a21o_1)
     1    0.005359    0.042581    0.059400    8.145188 ^ _741_/X (sky130_fd_sc_hd__a21o_1)
                                                         net23 (net)
                      0.042581    0.000161    8.145350 ^ output23/A (sky130_fd_sc_hd__buf_6)
     1    0.034343    0.057429    0.088149    8.233499 ^ output23/X (sky130_fd_sc_hd__buf_6)
                                                         op_out[2] (net)
                      0.057439    0.000770    8.234268 ^ op_out[2] (out)
                                              8.234268   data arrival time

                      0.000000   20.000000   20.000000   clock __VIRTUAL_CLK__ (rise edge)
                                  0.000000   20.000000   clock network delay (ideal)
                                 -0.250000   19.750002   clock uncertainty
                                  0.000000   19.750002   clock reconvergence pessimism
                                 -4.000000   15.750001   output external delay
                                             15.750001   data required time
---------------------------------------------------------------------------------------------
                                             15.750001   data required time
                                             -8.234268   data arrival time
---------------------------------------------------------------------------------------------
                                              7.515732   slack (MET)


Startpoint: op_b[0] (input port clocked by __VIRTUAL_CLK__)
Endpoint: op_out[3] (output port clocked by __VIRTUAL_CLK__)
Path Group: __VIRTUAL_CLK__
Path Type: max

Fanout         Cap        Slew       Delay        Time   Description
---------------------------------------------------------------------------------------------
                      0.000000    0.000000    0.000000   clock __VIRTUAL_CLK__ (rise edge)
                                  0.000000    0.000000   clock network delay (ideal)
                                  4.000000    4.000000 ^ input external delay
     1    0.003011    0.014669    0.007792    4.007792 ^ op_b[0] (in)
                                                         op_b[0] (net)
                      0.014674    0.000000    4.007792 ^ input13/A (sky130_fd_sc_hd__clkbuf_2)
     4    0.026059    0.112022    0.118718    4.126511 ^ input13/X (sky130_fd_sc_hd__clkbuf_2)
                                                         net13 (net)
                      0.112032    0.000856    4.127367 ^ fanout66/A (sky130_fd_sc_hd__buf_4)
    10    0.050000    0.108081    0.145469    4.272836 ^ fanout66/X (sky130_fd_sc_hd__buf_4)
                                                         net66 (net)
                      0.108085    0.000535    4.273371 ^ fanout65/A (sky130_fd_sc_hd__buf_4)
    10    0.041057    0.090051    0.133133    4.406503 ^ fanout65/X (sky130_fd_sc_hd__buf_4)
                                                         net65 (net)
                      0.090111    0.001903    4.408406 ^ _458_/A (sky130_fd_sc_hd__inv_2)
     4    0.013867    0.038600    0.038736    4.447142 v _458_/Y (sky130_fd_sc_hd__inv_2)
                                                         _188_ (net)
                      0.038601    0.000210    4.447351 v fanout35/A (sky130_fd_sc_hd__clkbuf_4)
    10    0.041645    0.065656    0.133807    4.581158 v fanout35/X (sky130_fd_sc_hd__clkbuf_4)
                                                         net35 (net)
                      0.065675    0.001071    4.582230 v _472_/A1 (sky130_fd_sc_hd__o41ai_4)
     5    0.017193    0.277404    0.320671    4.902900 ^ _472_/Y (sky130_fd_sc_hd__o41ai_4)
                                                         _338_ (net)
                      0.277404    0.000469    4.903369 ^ _481_/A2 (sky130_fd_sc_hd__a211o_1)
     4    0.014798    0.102693    0.149911    5.053280 ^ _481_/X (sky130_fd_sc_hd__a211o_1)
                                                         _410_ (net)
                      0.102693    0.000345    5.053624 ^ _484_/A1 (sky130_fd_sc_hd__a21o_1)
     4    0.014299    0.098326    0.124963    5.178587 ^ _484_/X (sky130_fd_sc_hd__a21o_1)
                                                         _413_ (net)
                      0.098326    0.000258    5.178845 ^ _493_/A1 (sky130_fd_sc_hd__a211oi_2)
     3    0.009385    0.054171    0.058739    5.237584 v _493_/Y (sky130_fd_sc_hd__a211oi_2)
                                                         _422_ (net)
                      0.054172    0.000241    5.237825 v _503_/D (sky130_fd_sc_hd__or4_4)
     3    0.008179    0.062925    0.254718    5.492543 v _503_/X (sky130_fd_sc_hd__or4_4)
                                                         _432_ (net)
                      0.062925    0.000179    5.492723 v _507_/A3 (sky130_fd_sc_hd__a31o_1)
     2    0.009133    0.047126    0.169007    5.661729 v _507_/X (sky130_fd_sc_hd__a31o_1)
                                                         _436_ (net)
                      0.047126    0.000234    5.661963 v _509_/A2 (sky130_fd_sc_hd__a211o_4)
     3    0.017173    0.049855    0.228506    5.890469 v _509_/X (sky130_fd_sc_hd__a211o_4)
                                                         _438_ (net)
                      0.049859    0.000507    5.890976 v _515_/A2 (sky130_fd_sc_hd__a21oi_4)
     5    0.020175    0.138462    0.152608    6.043584 ^ _515_/Y (sky130_fd_sc_hd__a21oi_4)
                                                         _444_ (net)
                      0.138463    0.000656    6.044240 ^ rebuffer5/A (sky130_fd_sc_hd__buf_6)
     3    0.013867    0.031400    0.080445    6.124685 ^ rebuffer5/X (sky130_fd_sc_hd__buf_6)
                                                         net74 (net)
                      0.031406    0.000414    6.125100 ^ _524_/S (sky130_fd_sc_hd__mux2_4)
     2    0.007583    0.041813    0.185838    6.310938 v _524_/X (sky130_fd_sc_hd__mux2_4)
                                                         _453_ (net)
                      0.041813    0.000205    6.311142 v _539_/A1 (sky130_fd_sc_hd__a221o_1)
     3    0.009649    0.056158    0.190815    6.501957 v _539_/X (sky130_fd_sc_hd__a221o_1)
                                                         _010_ (net)
                      0.056158    0.000181    6.502138 v _543_/A3 (sky130_fd_sc_hd__a311oi_2)
     4    0.015318    0.269176    0.284019    6.786157 ^ _543_/Y (sky130_fd_sc_hd__a311oi_2)
                                                         _014_ (net)
                      0.269176    0.000494    6.786651 ^ _548_/A (sky130_fd_sc_hd__nor2_1)
     2    0.017207    0.106667    0.100212    6.886862 v _548_/Y (sky130_fd_sc_hd__nor2_1)
                                                         _019_ (net)
                      0.106673    0.000676    6.887539 v _769_/A2 (sky130_fd_sc_hd__a211o_1)
     1    0.002425    0.031935    0.198898    7.086437 v _769_/X (sky130_fd_sc_hd__a211o_1)
                                                         _243_ (net)
                      0.031935    0.000071    7.086508 v _770_/A_N (sky130_fd_sc_hd__nand2b_1)
     1    0.002068    0.024293    0.080470    7.166978 v _770_/Y (sky130_fd_sc_hd__nand2b_1)
                                                         net24 (net)
                      0.024293    0.000059    7.167037 v output24/A (sky130_fd_sc_hd__buf_2)
     1    0.034463    0.063117    0.115076    7.282113 v output24/X (sky130_fd_sc_hd__buf_2)
                                                         op_out[3] (net)
                      0.063128    0.000793    7.282906 v op_out[3] (out)
                                              7.282906   data arrival time

                      0.000000   20.000000   20.000000   clock __VIRTUAL_CLK__ (rise edge)
                                  0.000000   20.000000   clock network delay (ideal)
                                 -0.250000   19.750002   clock uncertainty
                                  0.000000   19.750002   clock reconvergence pessimism
                                 -4.000000   15.750001   output external delay
                                             15.750001   data required time
---------------------------------------------------------------------------------------------
                                             15.750001   data required time
                                             -7.282906   data arrival time
---------------------------------------------------------------------------------------------
                                              8.467094   slack (MET)


Startpoint: op_b[0] (input port clocked by __VIRTUAL_CLK__)
Endpoint: op_out[7] (output port clocked by __VIRTUAL_CLK__)
Path Group: __VIRTUAL_CLK__
Path Type: max

Fanout         Cap        Slew       Delay        Time   Description
---------------------------------------------------------------------------------------------
                      0.000000    0.000000    0.000000   clock __VIRTUAL_CLK__ (rise edge)
                                  0.000000    0.000000   clock network delay (ideal)
                                  4.000000    4.000000 ^ input external delay
     1    0.003011    0.014669    0.007792    4.007792 ^ op_b[0] (in)
                                                         op_b[0] (net)
                      0.014674    0.000000    4.007792 ^ input13/A (sky130_fd_sc_hd__clkbuf_2)
     4    0.026059    0.112022    0.118718    4.126511 ^ input13/X (sky130_fd_sc_hd__clkbuf_2)
                                                         net13 (net)
                      0.112032    0.000856    4.127367 ^ fanout66/A (sky130_fd_sc_hd__buf_4)
    10    0.050000    0.108081    0.145469    4.272836 ^ fanout66/X (sky130_fd_sc_hd__buf_4)
                                                         net66 (net)
                      0.108085    0.000535    4.273371 ^ fanout65/A (sky130_fd_sc_hd__buf_4)
    10    0.041057    0.090051    0.133133    4.406503 ^ fanout65/X (sky130_fd_sc_hd__buf_4)
                                                         net65 (net)
                      0.090111    0.001903    4.408406 ^ _458_/A (sky130_fd_sc_hd__inv_2)
     4    0.013867    0.038600    0.038736    4.447142 v _458_/Y (sky130_fd_sc_hd__inv_2)
                                                         _188_ (net)
                      0.038601    0.000210    4.447351 v fanout35/A (sky130_fd_sc_hd__clkbuf_4)
    10    0.041645    0.065656    0.133807    4.581158 v fanout35/X (sky130_fd_sc_hd__clkbuf_4)
                                                         net35 (net)
                      0.065662    0.000680    4.581838 v _536_/A (sky130_fd_sc_hd__nor2_1)
     4    0.017314    0.225400    0.201597    4.783435 ^ _536_/Y (sky130_fd_sc_hd__nor2_1)
                                                         _007_ (net)
                      0.225405    0.000851    4.784287 ^ _780_/C (sky130_fd_sc_hd__and3_1)
     2    0.011152    0.091582    0.155355    4.939642 ^ _780_/X (sky130_fd_sc_hd__and3_1)
                                                         _254_ (net)
                      0.091582    0.000298    4.939940 ^ _781_/B1 (sky130_fd_sc_hd__a21oi_2)
     2    0.012958    0.048525    0.037721    4.977661 v _781_/Y (sky130_fd_sc_hd__a21oi_2)
                                                         _255_ (net)
                      0.048525    0.000171    4.977832 v _805_/A3 (sky130_fd_sc_hd__a31oi_2)
     2    0.008658    0.137095    0.159948    5.137781 ^ _805_/Y (sky130_fd_sc_hd__a31oi_2)
                                                         _280_ (net)
                      0.137095    0.000269    5.138050 ^ _813_/A (sky130_fd_sc_hd__xnor2_1)
     2    0.006143    0.127733    0.098616    5.236666 ^ _813_/Y (sky130_fd_sc_hd__xnor2_1)
                                                         _289_ (net)
                      0.127733    0.000178    5.236844 ^ _814_/B (sky130_fd_sc_hd__or2_1)
     1    0.002514    0.028815    0.072856    5.309700 ^ _814_/X (sky130_fd_sc_hd__or2_1)
                                                         _290_ (net)
                      0.028815    0.000048    5.309748 ^ _816_/A (sky130_fd_sc_hd__nand2_1)
     2    0.007294    0.039373    0.038734    5.348481 v _816_/Y (sky130_fd_sc_hd__nand2_1)
                                                         _292_ (net)
                      0.039388    0.000234    5.348715 v _817_/C (sky130_fd_sc_hd__and3_1)
     1    0.003966    0.031184    0.118355    5.467071 v _817_/X (sky130_fd_sc_hd__and3_1)
                                                         _293_ (net)
                      0.031184    0.000127    5.467198 v _819_/A (sky130_fd_sc_hd__nor2_1)
     2    0.008065    0.114839    0.110953    5.578151 ^ _819_/Y (sky130_fd_sc_hd__nor2_1)
                                                         _296_ (net)
                      0.114839    0.000139    5.578290 ^ _820_/B (sky130_fd_sc_hd__xnor2_1)
     2    0.005605    0.120195    0.092409    5.670698 ^ _820_/Y (sky130_fd_sc_hd__xnor2_1)
                                                         _297_ (net)
                      0.120195    0.000159    5.670857 ^ _821_/B (sky130_fd_sc_hd__or2_1)
     3    0.015769    0.115955    0.136496    5.807353 ^ _821_/X (sky130_fd_sc_hd__or2_1)
                                                         _298_ (net)
                      0.115955    0.000210    5.807563 ^ _824_/A (sky130_fd_sc_hd__nand2_1)
     3    0.008423    0.056963    0.059395    5.866958 v _824_/Y (sky130_fd_sc_hd__nand2_1)
                                                         _301_ (net)
                      0.056964    0.000107    5.867065 v _826_/B (sky130_fd_sc_hd__nor2_1)
     3    0.010467    0.143398    0.130448    5.997513 ^ _826_/Y (sky130_fd_sc_hd__nor2_1)
                                                         _303_ (net)
                      0.143399    0.000334    5.997847 ^ _892_/A2 (sky130_fd_sc_hd__o21ai_1)
     2    0.005430    0.053459    0.053333    6.051181 v _892_/Y (sky130_fd_sc_hd__o21ai_1)
                                                         _374_ (net)
                      0.053459    0.000147    6.051328 v _917_/A (sky130_fd_sc_hd__or2_1)
     1    0.003471    0.034967    0.140961    6.192288 v _917_/X (sky130_fd_sc_hd__or2_1)
                                                         _401_ (net)
                      0.034967    0.000111    6.192399 v _923_/A2 (sky130_fd_sc_hd__a311o_1)
     1    0.002955    0.039758    0.188723    6.381123 v _923_/X (sky130_fd_sc_hd__a311o_1)
                                                         net28 (net)
                      0.039758    0.000091    6.381213 v output28/A (sky130_fd_sc_hd__buf_2)
     1    0.033940    0.062278    0.120737    6.501950 v output28/X (sky130_fd_sc_hd__buf_2)
                                                         op_out[7] (net)
                      0.062284    0.000613    6.502563 v op_out[7] (out)
                                              6.502563   data arrival time

                      0.000000   20.000000   20.000000   clock __VIRTUAL_CLK__ (rise edge)
                                  0.000000   20.000000   clock network delay (ideal)
                                 -0.250000   19.750002   clock uncertainty
                                  0.000000   19.750002   clock reconvergence pessimism
                                 -4.000000   15.750001   output external delay
                                             15.750001   data required time
---------------------------------------------------------------------------------------------
                                             15.750001   data required time
                                             -6.502563   data arrival time
---------------------------------------------------------------------------------------------
                                              9.247437   slack (MET)


Startpoint: op_b[0] (input port clocked by __VIRTUAL_CLK__)
Endpoint: op_out[4] (output port clocked by __VIRTUAL_CLK__)
Path Group: __VIRTUAL_CLK__
Path Type: max

Fanout         Cap        Slew       Delay        Time   Description
---------------------------------------------------------------------------------------------
                      0.000000    0.000000    0.000000   clock __VIRTUAL_CLK__ (rise edge)
                                  0.000000    0.000000   clock network delay (ideal)
                                  4.000000    4.000000 ^ input external delay
     1    0.003011    0.014669    0.007792    4.007792 ^ op_b[0] (in)
                                                         op_b[0] (net)
                      0.014674    0.000000    4.007792 ^ input13/A (sky130_fd_sc_hd__clkbuf_2)
     4    0.026059    0.112022    0.118718    4.126511 ^ input13/X (sky130_fd_sc_hd__clkbuf_2)
                                                         net13 (net)
                      0.112032    0.000856    4.127367 ^ fanout66/A (sky130_fd_sc_hd__buf_4)
    10    0.050000    0.108081    0.145469    4.272836 ^ fanout66/X (sky130_fd_sc_hd__buf_4)
                                                         net66 (net)
                      0.108085    0.000535    4.273371 ^ fanout65/A (sky130_fd_sc_hd__buf_4)
    10    0.041057    0.090051    0.133133    4.406503 ^ fanout65/X (sky130_fd_sc_hd__buf_4)
                                                         net65 (net)
                      0.090111    0.001903    4.408406 ^ _458_/A (sky130_fd_sc_hd__inv_2)
     4    0.013867    0.038600    0.038736    4.447142 v _458_/Y (sky130_fd_sc_hd__inv_2)
                                                         _188_ (net)
                      0.038601    0.000210    4.447351 v fanout35/A (sky130_fd_sc_hd__clkbuf_4)
    10    0.041645    0.065656    0.133807    4.581158 v fanout35/X (sky130_fd_sc_hd__clkbuf_4)
                                                         net35 (net)
                      0.065675    0.001071    4.582230 v _472_/A1 (sky130_fd_sc_hd__o41ai_4)
     5    0.017193    0.277404    0.320671    4.902900 ^ _472_/Y (sky130_fd_sc_hd__o41ai_4)
                                                         _338_ (net)
                      0.277404    0.000469    4.903369 ^ _481_/A2 (sky130_fd_sc_hd__a211o_1)
     4    0.014798    0.102693    0.149911    5.053280 ^ _481_/X (sky130_fd_sc_hd__a211o_1)
                                                         _410_ (net)
                      0.102693    0.000345    5.053624 ^ _484_/A1 (sky130_fd_sc_hd__a21o_1)
     4    0.014299    0.098326    0.124963    5.178587 ^ _484_/X (sky130_fd_sc_hd__a21o_1)
                                                         _413_ (net)
                      0.098326    0.000258    5.178845 ^ _493_/A1 (sky130_fd_sc_hd__a211oi_2)
     3    0.009385    0.054171    0.058739    5.237584 v _493_/Y (sky130_fd_sc_hd__a211oi_2)
                                                         _422_ (net)
                      0.054172    0.000241    5.237825 v _503_/D (sky130_fd_sc_hd__or4_4)
     3    0.008179    0.062925    0.254718    5.492543 v _503_/X (sky130_fd_sc_hd__or4_4)
                                                         _432_ (net)
                      0.062925    0.000179    5.492723 v _507_/A3 (sky130_fd_sc_hd__a31o_1)
     2    0.009133    0.047126    0.169007    5.661729 v _507_/X (sky130_fd_sc_hd__a31o_1)
                                                         _436_ (net)
                      0.047126    0.000234    5.661963 v _509_/A2 (sky130_fd_sc_hd__a211o_4)
     3    0.017173    0.049855    0.228506    5.890469 v _509_/X (sky130_fd_sc_hd__a211o_4)
                                                         _438_ (net)
                      0.049859    0.000507    5.890976 v _515_/A2 (sky130_fd_sc_hd__a21oi_4)
     5    0.020175    0.138462    0.152608    6.043584 ^ _515_/Y (sky130_fd_sc_hd__a21oi_4)
                                                         _444_ (net)
                      0.138462    0.000471    6.044055 ^ rebuffer13/A (sky130_fd_sc_hd__dlygate4sd1_1)
     1    0.008890    0.071652    0.166156    6.210212 ^ rebuffer13/X (sky130_fd_sc_hd__dlygate4sd1_1)
                                                         net82 (net)
                      0.071653    0.000453    6.210666 ^ _797_/A2 (sky130_fd_sc_hd__a211oi_1)
     1    0.004286    0.056738    0.051700    6.262366 v _797_/Y (sky130_fd_sc_hd__a211oi_1)
                                                         _272_ (net)
                      0.056738    0.000148    6.262514 v _798_/B1 (sky130_fd_sc_hd__o31ai_1)
     1    0.004987    0.170338    0.062888    6.325403 ^ _798_/Y (sky130_fd_sc_hd__o31ai_1)
                                                         net25 (net)
                      0.170338    0.000196    6.325598 ^ output25/A (sky130_fd_sc_hd__buf_2)
     1    0.034398    0.128849    0.165016    6.490615 ^ output25/X (sky130_fd_sc_hd__buf_2)
                                                         op_out[4] (net)
                      0.128851    0.000789    6.491404 ^ op_out[4] (out)
                                              6.491404   data arrival time

                      0.000000   20.000000   20.000000   clock __VIRTUAL_CLK__ (rise edge)
                                  0.000000   20.000000   clock network delay (ideal)
                                 -0.250000   19.750002   clock uncertainty
                                  0.000000   19.750002   clock reconvergence pessimism
                                 -4.000000   15.750001   output external delay
                                             15.750001   data required time
---------------------------------------------------------------------------------------------
                                             15.750001   data required time
                                             -6.491404   data arrival time
---------------------------------------------------------------------------------------------
                                              9.258597   slack (MET)


Startpoint: op_b[0] (input port clocked by __VIRTUAL_CLK__)
Endpoint: op_out[5] (output port clocked by __VIRTUAL_CLK__)
Path Group: __VIRTUAL_CLK__
Path Type: max

Fanout         Cap        Slew       Delay        Time   Description
---------------------------------------------------------------------------------------------
                      0.000000    0.000000    0.000000   clock __VIRTUAL_CLK__ (rise edge)
                                  0.000000    0.000000   clock network delay (ideal)
                                  4.000000    4.000000 ^ input external delay
     1    0.003011    0.014669    0.007792    4.007792 ^ op_b[0] (in)
                                                         op_b[0] (net)
                      0.014674    0.000000    4.007792 ^ input13/A (sky130_fd_sc_hd__clkbuf_2)
     4    0.026059    0.112022    0.118718    4.126511 ^ input13/X (sky130_fd_sc_hd__clkbuf_2)
                                                         net13 (net)
                      0.112032    0.000856    4.127367 ^ fanout66/A (sky130_fd_sc_hd__buf_4)
    10    0.050000    0.108081    0.145469    4.272836 ^ fanout66/X (sky130_fd_sc_hd__buf_4)
                                                         net66 (net)
                      0.108085    0.000535    4.273371 ^ fanout65/A (sky130_fd_sc_hd__buf_4)
    10    0.041057    0.090051    0.133133    4.406503 ^ fanout65/X (sky130_fd_sc_hd__buf_4)
                                                         net65 (net)
                      0.090111    0.001903    4.408406 ^ _458_/A (sky130_fd_sc_hd__inv_2)
     4    0.013867    0.038600    0.038736    4.447142 v _458_/Y (sky130_fd_sc_hd__inv_2)
                                                         _188_ (net)
                      0.038601    0.000210    4.447351 v fanout35/A (sky130_fd_sc_hd__clkbuf_4)
    10    0.041645    0.065656    0.133807    4.581158 v fanout35/X (sky130_fd_sc_hd__clkbuf_4)
                                                         net35 (net)
                      0.065662    0.000680    4.581838 v _536_/A (sky130_fd_sc_hd__nor2_1)
     4    0.017314    0.225400    0.201597    4.783435 ^ _536_/Y (sky130_fd_sc_hd__nor2_1)
                                                         _007_ (net)
                      0.225405    0.000851    4.784287 ^ _780_/C (sky130_fd_sc_hd__and3_1)
     2    0.011152    0.091582    0.155355    4.939642 ^ _780_/X (sky130_fd_sc_hd__and3_1)
                                                         _254_ (net)
                      0.091582    0.000298    4.939940 ^ _781_/B1 (sky130_fd_sc_hd__a21oi_2)
     2    0.012958    0.048525    0.037721    4.977661 v _781_/Y (sky130_fd_sc_hd__a21oi_2)
                                                         _255_ (net)
                      0.048525    0.000171    4.977832 v _805_/A3 (sky130_fd_sc_hd__a31oi_2)
     2    0.008658    0.137095    0.159948    5.137781 ^ _805_/Y (sky130_fd_sc_hd__a31oi_2)
                                                         _280_ (net)
                      0.137095    0.000269    5.138050 ^ _813_/A (sky130_fd_sc_hd__xnor2_1)
     2    0.006143    0.127733    0.098616    5.236666 ^ _813_/Y (sky130_fd_sc_hd__xnor2_1)
                                                         _289_ (net)
                      0.127733    0.000178    5.236844 ^ _814_/B (sky130_fd_sc_hd__or2_1)
     1    0.002514    0.028815    0.072856    5.309700 ^ _814_/X (sky130_fd_sc_hd__or2_1)
                                                         _290_ (net)
                      0.028815    0.000048    5.309748 ^ _816_/A (sky130_fd_sc_hd__nand2_1)
     2    0.007294    0.039373    0.038734    5.348481 v _816_/Y (sky130_fd_sc_hd__nand2_1)
                                                         _292_ (net)
                      0.039388    0.000234    5.348715 v _817_/C (sky130_fd_sc_hd__and3_1)
     1    0.003966    0.031184    0.118355    5.467071 v _817_/X (sky130_fd_sc_hd__and3_1)
                                                         _293_ (net)
                      0.031184    0.000127    5.467198 v _819_/A (sky130_fd_sc_hd__nor2_1)
     2    0.008065    0.114839    0.110953    5.578151 ^ _819_/Y (sky130_fd_sc_hd__nor2_1)
                                                         _296_ (net)
                      0.114839    0.000139    5.578290 ^ _820_/B (sky130_fd_sc_hd__xnor2_1)
     2    0.005605    0.120195    0.092409    5.670698 ^ _820_/Y (sky130_fd_sc_hd__xnor2_1)
                                                         _297_ (net)
                      0.120195    0.000159    5.670857 ^ _821_/B (sky130_fd_sc_hd__or2_1)
     3    0.015769    0.115955    0.136496    5.807353 ^ _821_/X (sky130_fd_sc_hd__or2_1)
                                                         _298_ (net)
                      0.115955    0.000210    5.807563 ^ _824_/A (sky130_fd_sc_hd__nand2_1)
     3    0.008423    0.056963    0.059395    5.866958 v _824_/Y (sky130_fd_sc_hd__nand2_1)
                                                         _301_ (net)
                      0.056964    0.000149    5.867107 v _827_/A2 (sky130_fd_sc_hd__o21a_1)
     1    0.002613    0.024313    0.110242    5.977349 v _827_/X (sky130_fd_sc_hd__o21a_1)
                                                         _304_ (net)
                      0.024313    0.000075    5.977424 v _840_/B2 (sky130_fd_sc_hd__a221o_1)
     1    0.006486    0.045598    0.164380    6.141804 v _840_/X (sky130_fd_sc_hd__a221o_1)
                                                         _319_ (net)
                      0.045598    0.000229    6.142033 v _842_/B (sky130_fd_sc_hd__or3_1)
     1    0.005487    0.052995    0.211899    6.353932 v _842_/X (sky130_fd_sc_hd__or3_1)
                                                         net26 (net)
                      0.052995    0.000232    6.354165 v output26/A (sky130_fd_sc_hd__buf_2)
     1    0.034394    0.063017    0.126490    6.480654 v output26/X (sky130_fd_sc_hd__buf_2)
                                                         op_out[5] (net)
                      0.063027    0.000788    6.481442 v op_out[5] (out)
                                              6.481442   data arrival time

                      0.000000   20.000000   20.000000   clock __VIRTUAL_CLK__ (rise edge)
                                  0.000000   20.000000   clock network delay (ideal)
                                 -0.250000   19.750002   clock uncertainty
                                  0.000000   19.750002   clock reconvergence pessimism
                                 -4.000000   15.750001   output external delay
                                             15.750001   data required time
---------------------------------------------------------------------------------------------
                                             15.750001   data required time
                                             -6.481442   data arrival time
---------------------------------------------------------------------------------------------
                                              9.268559   slack (MET)


Startpoint: op_b[0] (input port clocked by __VIRTUAL_CLK__)
Endpoint: op_out[6] (output port clocked by __VIRTUAL_CLK__)
Path Group: __VIRTUAL_CLK__
Path Type: max

Fanout         Cap        Slew       Delay        Time   Description
---------------------------------------------------------------------------------------------
                      0.000000    0.000000    0.000000   clock __VIRTUAL_CLK__ (rise edge)
                                  0.000000    0.000000   clock network delay (ideal)
                                  4.000000    4.000000 ^ input external delay
     1    0.003011    0.014669    0.007792    4.007792 ^ op_b[0] (in)
                                                         op_b[0] (net)
                      0.014674    0.000000    4.007792 ^ input13/A (sky130_fd_sc_hd__clkbuf_2)
     4    0.026059    0.112022    0.118718    4.126511 ^ input13/X (sky130_fd_sc_hd__clkbuf_2)
                                                         net13 (net)
                      0.112032    0.000856    4.127367 ^ fanout66/A (sky130_fd_sc_hd__buf_4)
    10    0.050000    0.108081    0.145469    4.272836 ^ fanout66/X (sky130_fd_sc_hd__buf_4)
                                                         net66 (net)
                      0.108085    0.000535    4.273371 ^ fanout65/A (sky130_fd_sc_hd__buf_4)
    10    0.041057    0.090051    0.133133    4.406503 ^ fanout65/X (sky130_fd_sc_hd__buf_4)
                                                         net65 (net)
                      0.090111    0.001903    4.408406 ^ _458_/A (sky130_fd_sc_hd__inv_2)
     4    0.013867    0.038600    0.038736    4.447142 v _458_/Y (sky130_fd_sc_hd__inv_2)
                                                         _188_ (net)
                      0.038601    0.000210    4.447351 v fanout35/A (sky130_fd_sc_hd__clkbuf_4)
    10    0.041645    0.065656    0.133807    4.581158 v fanout35/X (sky130_fd_sc_hd__clkbuf_4)
                                                         net35 (net)
                      0.065662    0.000680    4.581838 v _536_/A (sky130_fd_sc_hd__nor2_1)
     4    0.017314    0.225400    0.201597    4.783435 ^ _536_/Y (sky130_fd_sc_hd__nor2_1)
                                                         _007_ (net)
                      0.225405    0.000851    4.784287 ^ _780_/C (sky130_fd_sc_hd__and3_1)
     2    0.011152    0.091582    0.155355    4.939642 ^ _780_/X (sky130_fd_sc_hd__and3_1)
                                                         _254_ (net)
                      0.091582    0.000298    4.939940 ^ _781_/B1 (sky130_fd_sc_hd__a21oi_2)
     2    0.012958    0.048525    0.037721    4.977661 v _781_/Y (sky130_fd_sc_hd__a21oi_2)
                                                         _255_ (net)
                      0.048525    0.000171    4.977832 v _805_/A3 (sky130_fd_sc_hd__a31oi_2)
     2    0.008658    0.137095    0.159948    5.137781 ^ _805_/Y (sky130_fd_sc_hd__a31oi_2)
                                                         _280_ (net)
                      0.137095    0.000269    5.138050 ^ _813_/A (sky130_fd_sc_hd__xnor2_1)
     2    0.006143    0.127733    0.098616    5.236666 ^ _813_/Y (sky130_fd_sc_hd__xnor2_1)
                                                         _289_ (net)
                      0.127733    0.000178    5.236844 ^ _814_/B (sky130_fd_sc_hd__or2_1)
     1    0.002514    0.028815    0.072856    5.309700 ^ _814_/X (sky130_fd_sc_hd__or2_1)
                                                         _290_ (net)
                      0.028815    0.000048    5.309748 ^ _816_/A (sky130_fd_sc_hd__nand2_1)
     2    0.007294    0.039373    0.038734    5.348481 v _816_/Y (sky130_fd_sc_hd__nand2_1)
                                                         _292_ (net)
                      0.039388    0.000234    5.348715 v _817_/C (sky130_fd_sc_hd__and3_1)
     1    0.003966    0.031184    0.118355    5.467071 v _817_/X (sky130_fd_sc_hd__and3_1)
                                                         _293_ (net)
                      0.031184    0.000127    5.467198 v _819_/A (sky130_fd_sc_hd__nor2_1)
     2    0.008065    0.114839    0.110953    5.578151 ^ _819_/Y (sky130_fd_sc_hd__nor2_1)
                                                         _296_ (net)
                      0.114839    0.000139    5.578290 ^ _820_/B (sky130_fd_sc_hd__xnor2_1)
     2    0.005217    0.042749    0.054744    5.633034 v _820_/Y (sky130_fd_sc_hd__xnor2_1)
                                                         _297_ (net)
                      0.042749    0.000146    5.633180 v _821_/B (sky130_fd_sc_hd__or2_1)
     3    0.014948    0.069389    0.165292    5.798471 v _821_/X (sky130_fd_sc_hd__or2_1)
                                                         _298_ (net)
                      0.069389    0.000199    5.798671 v _824_/A (sky130_fd_sc_hd__nand2_1)
     3    0.009227    0.073064    0.082930    5.881601 ^ _824_/Y (sky130_fd_sc_hd__nand2_1)
                                                         _301_ (net)
                      0.073064    0.000119    5.881719 ^ _826_/B (sky130_fd_sc_hd__nor2_1)
     3    0.009870    0.048877    0.047489    5.929208 v _826_/Y (sky130_fd_sc_hd__nor2_1)
                                                         _303_ (net)
                      0.048896    0.000250    5.929459 v _878_/A (sky130_fd_sc_hd__or2_1)
     1    0.003037    0.033139    0.137272    6.066730 v _878_/X (sky130_fd_sc_hd__or2_1)
                                                         _359_ (net)
                      0.033139    0.000091    6.066822 v _885_/A2 (sky130_fd_sc_hd__a31o_1)
     1    0.002751    0.027309    0.127102    6.193924 v _885_/X (sky130_fd_sc_hd__a31o_1)
                                                         net27 (net)
                      0.027309    0.000083    6.194007 v output27/A (sky130_fd_sc_hd__buf_2)
     1    0.034326    0.062887    0.116164    6.310171 v output27/X (sky130_fd_sc_hd__buf_2)
                                                         op_out[6] (net)
                      0.062895    0.000716    6.310887 v op_out[6] (out)
                                              6.310887   data arrival time

                      0.000000   20.000000   20.000000   clock __VIRTUAL_CLK__ (rise edge)
                                  0.000000   20.000000   clock network delay (ideal)
                                 -0.250000   19.750002   clock uncertainty
                                  0.000000   19.750002   clock reconvergence pessimism
                                 -4.000000   15.750001   output external delay
                                             15.750001   data required time
---------------------------------------------------------------------------------------------
                                             15.750001   data required time
                                             -6.310887   data arrival time
---------------------------------------------------------------------------------------------
                                              9.439113   slack (MET)



%OL_END_REPORT
%OL_CREATE_REPORT checks.rpt

===========================================================================
report_checks -unconstrained
===========================================================================
======================= nom_ff_n40C_1v95 Corner ===================================

Startpoint: op_b[0] (input port clocked by __VIRTUAL_CLK__)
Endpoint: op_out[0] (output port clocked by __VIRTUAL_CLK__)
Path Group: __VIRTUAL_CLK__
Path Type: max

Fanout         Cap        Slew       Delay        Time   Description
---------------------------------------------------------------------------------------------
                      0.000000    0.000000    0.000000   clock __VIRTUAL_CLK__ (rise edge)
                                  0.000000    0.000000   clock network delay (ideal)
                                  4.000000    4.000000 ^ input external delay
     1    0.003011    0.014669    0.007792    4.007792 ^ op_b[0] (in)
                                                         op_b[0] (net)
                      0.014674    0.000000    4.007792 ^ input13/A (sky130_fd_sc_hd__clkbuf_2)
     4    0.026059    0.112022    0.118718    4.126511 ^ input13/X (sky130_fd_sc_hd__clkbuf_2)
                                                         net13 (net)
                      0.112032    0.000856    4.127367 ^ fanout66/A (sky130_fd_sc_hd__buf_4)
    10    0.050000    0.108081    0.145469    4.272836 ^ fanout66/X (sky130_fd_sc_hd__buf_4)
                                                         net66 (net)
                      0.108085    0.000535    4.273371 ^ fanout65/A (sky130_fd_sc_hd__buf_4)
    10    0.041057    0.090051    0.133133    4.406503 ^ fanout65/X (sky130_fd_sc_hd__buf_4)
                                                         net65 (net)
                      0.090111    0.001903    4.408406 ^ _458_/A (sky130_fd_sc_hd__inv_2)
     4    0.013867    0.038600    0.038736    4.447142 v _458_/Y (sky130_fd_sc_hd__inv_2)
                                                         _188_ (net)
                      0.038601    0.000210    4.447351 v fanout35/A (sky130_fd_sc_hd__clkbuf_4)
    10    0.041645    0.065656    0.133807    4.581158 v fanout35/X (sky130_fd_sc_hd__clkbuf_4)
                                                         net35 (net)
                      0.065675    0.001071    4.582230 v _472_/A1 (sky130_fd_sc_hd__o41ai_4)
     5    0.017193    0.277404    0.320671    4.902900 ^ _472_/Y (sky130_fd_sc_hd__o41ai_4)
                                                         _338_ (net)
                      0.277404    0.000469    4.903369 ^ _481_/A2 (sky130_fd_sc_hd__a211o_1)
     4    0.014798    0.102693    0.149911    5.053280 ^ _481_/X (sky130_fd_sc_hd__a211o_1)
                                                         _410_ (net)
                      0.102693    0.000345    5.053624 ^ _484_/A1 (sky130_fd_sc_hd__a21o_1)
     4    0.014299    0.098326    0.124963    5.178587 ^ _484_/X (sky130_fd_sc_hd__a21o_1)
                                                         _413_ (net)
                      0.098326    0.000258    5.178845 ^ _493_/A1 (sky130_fd_sc_hd__a211oi_2)
     3    0.009385    0.054171    0.058739    5.237584 v _493_/Y (sky130_fd_sc_hd__a211oi_2)
                                                         _422_ (net)
                      0.054172    0.000241    5.237825 v _503_/D (sky130_fd_sc_hd__or4_4)
     3    0.008179    0.062925    0.254718    5.492543 v _503_/X (sky130_fd_sc_hd__or4_4)
                                                         _432_ (net)
                      0.062925    0.000179    5.492723 v _507_/A3 (sky130_fd_sc_hd__a31o_1)
     2    0.009133    0.047126    0.169007    5.661729 v _507_/X (sky130_fd_sc_hd__a31o_1)
                                                         _436_ (net)
                      0.047126    0.000234    5.661963 v _509_/A2 (sky130_fd_sc_hd__a211o_4)
     3    0.017173    0.049855    0.228506    5.890469 v _509_/X (sky130_fd_sc_hd__a211o_4)
                                                         _438_ (net)
                      0.049859    0.000507    5.890976 v _515_/A2 (sky130_fd_sc_hd__a21oi_4)
     5    0.020175    0.138462    0.152608    6.043584 ^ _515_/Y (sky130_fd_sc_hd__a21oi_4)
                                                         _444_ (net)
                      0.138463    0.000656    6.044240 ^ rebuffer5/A (sky130_fd_sc_hd__buf_6)
     3    0.013867    0.031400    0.080445    6.124685 ^ rebuffer5/X (sky130_fd_sc_hd__buf_6)
                                                         net74 (net)
                      0.031406    0.000414    6.125100 ^ _524_/S (sky130_fd_sc_hd__mux2_4)
     2    0.007583    0.041813    0.185838    6.310938 v _524_/X (sky130_fd_sc_hd__mux2_4)
                                                         _453_ (net)
                      0.041813    0.000205    6.311142 v _539_/A1 (sky130_fd_sc_hd__a221o_1)
     3    0.009649    0.056158    0.190815    6.501957 v _539_/X (sky130_fd_sc_hd__a221o_1)
                                                         _010_ (net)
                      0.056158    0.000130    6.502087 v _544_/A2 (sky130_fd_sc_hd__a311o_1)
     3    0.009167    0.061720    0.224860    6.726947 v _544_/X (sky130_fd_sc_hd__a311o_1)
                                                         _015_ (net)
                      0.061720    0.000295    6.727242 v _579_/A2 (sky130_fd_sc_hd__a21o_1)
     3    0.008802    0.041870    0.140707    6.867949 v _579_/X (sky130_fd_sc_hd__a21o_1)
                                                         _050_ (net)
                      0.041871    0.000248    6.868197 v _583_/C (sky130_fd_sc_hd__and3_1)
     2    0.005381    0.034868    0.124042    6.992239 v _583_/X (sky130_fd_sc_hd__and3_1)
                                                         _054_ (net)
                      0.034868    0.000122    6.992361 v _585_/A (sky130_fd_sc_hd__or4_4)
     1    0.003786    0.056822    0.313880    7.306241 v _585_/X (sky130_fd_sc_hd__or4_4)
                                                         _056_ (net)
                      0.056822    0.000120    7.306361 v _586_/B (sky130_fd_sc_hd__or4b_4)
     1    0.009147    0.064195    0.321345    7.627706 v _586_/X (sky130_fd_sc_hd__or4b_4)
                                                         _057_ (net)
                      0.064195    0.000291    7.627997 v _590_/A2 (sky130_fd_sc_hd__a311oi_4)
     4    0.019976    0.265757    0.264642    7.892639 ^ _590_/Y (sky130_fd_sc_hd__a311oi_4)
                                                         _061_ (net)
                      0.265757    0.000703    7.893342 ^ max_cap30/A (sky130_fd_sc_hd__buf_6)
     5    0.033582    0.059111    0.106268    7.999610 ^ max_cap30/X (sky130_fd_sc_hd__buf_6)
                                                         net30 (net)
                      0.059113    0.000475    8.000085 ^ _619_/S (sky130_fd_sc_hd__mux2_4)
     5    0.021816    0.058112    0.212722    8.212808 v _619_/X (sky130_fd_sc_hd__mux2_4)
                                                         _090_ (net)
                      0.058118    0.001098    8.213905 v _620_/B (sky130_fd_sc_hd__xnor2_1)
     2    0.009777    0.178693    0.168234    8.382139 ^ _620_/Y (sky130_fd_sc_hd__xnor2_1)
                                                         _091_ (net)
                      0.178693    0.000234    8.382373 ^ _622_/D (sky130_fd_sc_hd__nand4_1)
     1    0.005285    0.075667    0.073034    8.455407 v _622_/Y (sky130_fd_sc_hd__nand4_1)
                                                         _093_ (net)
                      0.075671    0.000181    8.455588 v _627_/A2 (sky130_fd_sc_hd__o31a_1)
     4    0.018921    0.080919    0.234602    8.690190 v _627_/X (sky130_fd_sc_hd__o31a_1)
                                                         _098_ (net)
                      0.080919    0.000370    8.690560 v _628_/A1 (sky130_fd_sc_hd__a21oi_4)
     4    0.022424    0.148779    0.156626    8.847186 ^ _628_/Y (sky130_fd_sc_hd__a21oi_4)
                                                         _099_ (net)
                      0.148779    0.000518    8.847704 ^ fanout29/A (sky130_fd_sc_hd__buf_6)
     5    0.029651    0.052083    0.097651    8.945354 ^ fanout29/X (sky130_fd_sc_hd__buf_6)
                                                         net29 (net)
                      0.052169    0.001378    8.946733 ^ _665_/S (sky130_fd_sc_hd__mux2_4)
     3    0.008529    0.042808    0.191712    9.138446 v _665_/X (sky130_fd_sc_hd__mux2_4)
                                                         _136_ (net)
                      0.042808    0.000107    9.138553 v _669_/A2 (sky130_fd_sc_hd__a21o_1)
     1    0.003507    0.026150    0.116655    9.255207 v _669_/X (sky130_fd_sc_hd__a21o_1)
                                                         _140_ (net)
                      0.026163    0.000105    9.255312 v _671_/A1 (sky130_fd_sc_hd__o211a_1)
     1    0.002821    0.028075    0.134430    9.389743 v _671_/X (sky130_fd_sc_hd__o211a_1)
                                                         _142_ (net)
                      0.028089    0.000080    9.389823 v _672_/B2 (sky130_fd_sc_hd__o221a_1)
     1    0.003445    0.035116    0.122117    9.511939 v _672_/X (sky130_fd_sc_hd__o221a_1)
                                                         _143_ (net)
                      0.035116    0.000111    9.512050 v _675_/A1 (sky130_fd_sc_hd__o21a_1)
     1    0.002451    0.023825    0.112554    9.624604 v _675_/X (sky130_fd_sc_hd__o21a_1)
                                                         _146_ (net)
                      0.023825    0.000046    9.624651 v _679_/A2 (sky130_fd_sc_hd__o21a_1)
     1    0.008024    0.041296    0.117240    9.741890 v _679_/X (sky130_fd_sc_hd__o21a_1)
                                                         _150_ (net)
                      0.041299    0.000360    9.742249 v _700_/C (sky130_fd_sc_hd__or3_4)
     1    0.009429    0.051328    0.204286    9.946536 v _700_/X (sky130_fd_sc_hd__or3_4)
                                                         net21 (net)
                      0.051328    0.000389    9.946925 v output21/A (sky130_fd_sc_hd__buf_8)
     1    0.034659    0.029978    0.097417   10.044343 v output21/X (sky130_fd_sc_hd__buf_8)
                                                         op_out[0] (net)
                      0.030009    0.000867   10.045209 v op_out[0] (out)
                                             10.045209   data arrival time

                      0.000000   20.000000   20.000000   clock __VIRTUAL_CLK__ (rise edge)
                                  0.000000   20.000000   clock network delay (ideal)
                                 -0.250000   19.750002   clock uncertainty
                                  0.000000   19.750002   clock reconvergence pessimism
                                 -4.000000   15.750001   output external delay
                                             15.750001   data required time
---------------------------------------------------------------------------------------------
                                             15.750001   data required time
                                            -10.045209   data arrival time
---------------------------------------------------------------------------------------------
                                              5.704792   slack (MET)




===========================================================================
report_checks --slack_max -0.01
============================================================================
======================= nom_ff_n40C_1v95 Corner ===================================

No paths found.


===========================================================================
 report_check_types -max_slew -max_cap -max_fanout -violators
============================================================================
======================= nom_ff_n40C_1v95 Corner ===================================



===========================================================================
report_parasitic_annotation -report_unannotated
============================================================================
Found 0 unannotated drivers.
Found 0 partially unannotated drivers.

===========================================================================
max slew violation count 0
%OL_METRIC_I design__max_slew_violation__count__corner:nom_ff_n40C_1v95 0
max fanout violation count 0
%OL_METRIC_I design__max_fanout_violation__count__corner:nom_ff_n40C_1v95 0
max cap violation count 0
%OL_METRIC_I design__max_cap_violation__count__corner:nom_ff_n40C_1v95 0
============================================================================

===========================================================================
check_setup -verbose -unconstrained_endpoints -multiple_clock -no_clock -no_input_delay -loops -generated_clocks
===========================================================================
%OL_END_REPORT
%OL_CREATE_REPORT power.rpt

===========================================================================
 report_power
============================================================================
======================= nom_ff_n40C_1v95 Corner ===================================

Group                    Internal    Switching      Leakage        Total
                            Power        Power        Power        Power (Watts)
------------------------------------------------------------------------
Sequential           0.000000e+00 0.000000e+00 0.000000e+00 0.000000e+00   0.0%
Combinational        7.347129e-05 9.347025e-05 3.680042e-09 1.669452e-04 100.0%
Clock                0.000000e+00 0.000000e+00 1.612265e-09 1.612265e-09   0.0%
Macro                0.000000e+00 0.000000e+00 0.000000e+00 0.000000e+00   0.0%
Pad                  0.000000e+00 0.000000e+00 0.000000e+00 0.000000e+00   0.0%
------------------------------------------------------------------------
Total                7.347129e-05 9.347025e-05 5.292311e-09 1.669468e-04 100.0%
                            44.0%        56.0%         0.0%
%OL_METRIC_F power__internal__total 7.347128848778084e-5
%OL_METRIC_F power__switching__total 9.347024752059951e-5
%OL_METRIC_F power__leakage__total 5.292310589766203e-9
%OL_METRIC_F power__total 0.00016694683290552348

%OL_END_REPORT
%OL_CREATE_REPORT skew.min.rpt

===========================================================================
Clock Skew (Hold)
============================================================================
%OL_METRIC_F clock__skew__worst_hold__corner:nom_ff_n40C_1v95 0.0
======================= nom_ff_n40C_1v95 Corner ===================================

Clock __VIRTUAL_CLK__
No launch/capture paths found.

%OL_END_REPORT
%OL_CREATE_REPORT skew.max.rpt

===========================================================================
Clock Skew (Setup)
============================================================================
%OL_METRIC_F clock__skew__worst_setup__corner:nom_ff_n40C_1v95 0.0
======================= nom_ff_n40C_1v95 Corner ===================================

Clock __VIRTUAL_CLK__
No launch/capture paths found.

%OL_END_REPORT
%OL_CREATE_REPORT ws.min.rpt

===========================================================================
Worst Slack (Hold)
============================================================================
%OL_METRIC_F timing__hold__ws__corner:nom_ff_n40C_1v95 8.172625474356678
nom_ff_n40C_1v95: 8.172625474356678
%OL_END_REPORT
%OL_CREATE_REPORT ws.max.rpt

===========================================================================
Worst Slack (Setup)
============================================================================
%OL_METRIC_F timing__setup__ws__corner:nom_ff_n40C_1v95 5.704791467358499
nom_ff_n40C_1v95: 5.704791467358499
%OL_END_REPORT
%OL_CREATE_REPORT tns.min.rpt

===========================================================================
Total Negative Slack (Hold)
============================================================================
%OL_METRIC_F timing__hold__tns__corner:nom_ff_n40C_1v95 0.0
nom_ff_n40C_1v95: 0.0
%OL_END_REPORT
%OL_CREATE_REPORT tns.max.rpt

===========================================================================
Total Negative Slack (Setup)
============================================================================
%OL_METRIC_F timing__setup__tns__corner:nom_ff_n40C_1v95 0.0
nom_ff_n40C_1v95: 0.0
%OL_END_REPORT
%OL_CREATE_REPORT wns.min.rpt

===========================================================================
Worst Negative Slack (Hold)
============================================================================
%OL_METRIC_F timing__hold__wns__corner:nom_ff_n40C_1v95 0
nom_ff_n40C_1v95: 0
%OL_END_REPORT
%OL_CREATE_REPORT wns.max.rpt

===========================================================================
Worst Negative Slack (Setup)
============================================================================
%OL_METRIC_F timing__setup__wns__corner:nom_ff_n40C_1v95 0.0
nom_ff_n40C_1v95: 0.0
%OL_END_REPORT
%OL_CREATE_REPORT violator_list.rpt

===========================================================================
Violator List
============================================================================
%OL_METRIC_I timing__hold_vio__count__corner:nom_ff_n40C_1v95 0
%OL_METRIC_F timing__hold_r2r__ws__corner:nom_ff_n40C_1v95 inf
%OL_METRIC_I timing__hold_r2r_vio__count__corner:nom_ff_n40C_1v95 0
%OL_METRIC_I timing__setup_vio__count__corner:nom_ff_n40C_1v95 0
%OL_METRIC_F timing__setup_r2r__ws__corner:nom_ff_n40C_1v95 inf
%OL_METRIC_I timing__setup_r2r_vio__count__corner:nom_ff_n40C_1v95 0
%OL_END_REPORT
%OL_CREATE_REPORT unpropagated.rpt
__VIRTUAL_CLK__
%OL_END_REPORT
%OL_CREATE_REPORT clock.rpt
Clock: __VIRTUAL_CLK__
Sources: 
Generated: no
Virtual: yes
Propagated: no
Period: 20.000000

===========================================================================
report_clock_properties
============================================================================
Clock                   Period          Waveform
----------------------------------------------------
__VIRTUAL_CLK__      20.000000    0.000000 10.000000

===========================================================================
report_clock_latency
============================================================================
Clock __VIRTUAL_CLK__


===========================================================================
report_clock_min_period
============================================================================
__VIRTUAL_CLK__ period_min = 0.00 fmax = inf
%OL_END_REPORT
Writing SDF files for all corners…
Removing Clock latencies before writing libs…
Writing timing models for all corners…
Writing timing models for the nom_ff_n40C_1v95 corner to /home/letienthanh/8bitalu/runs/RUN_2026-08-05_11-42-16/54-openroad-stapostpnr/nom_ff_n40C_1v95/alu8bit__nom_ff_n40C_1v95.lib…
