Reading OpenROAD database at '/home/letienthanh/8bitalu/runs/RUN_2026-08-05_11-53-42/41-openroad-repairantennas/1-diodeinsertion/alu8bit.odb'…
Reading library file at '/home/letienthanh/.volare/volare/sky130/versions/0fe599b2afb6708d281543108caf8310912f54af/sky130A/libs.ref/sky130_fd_sc_hd/lib/sky130_fd_sc_hd__tt_025C_1v80.lib'…
Reading design constraints file at '/nix/store/ss2cw3sxbrwwx9jl0rrppbw4kgcmgi2n-python3-3.11.9-env/lib/python3.11/site-packages/openlane/scripts/base.sdc'…
[WARNING STA-0366] port '__VIRTUAL_CLK__' not found.
[INFO] Using clock __VIRTUAL_CLK__…
[INFO] Setting output delay to: 0
[INFO] Setting input delay to: 0
[WARNING STA-0366] port '__VIRTUAL_CLK__' not found.
[INFO] Setting load to: 0.033442
[INFO] Setting clock uncertainty to: 0.25
[INFO] Setting clock transition to: 0.1499999999999999944488848768742172978818416595458984375
[WARNING STA-0419] transition time can not be specified for virtual clocks.
[INFO] Setting timing derate to: 5%
[WARNING STA-0450] virtual clock __VIRTUAL_CLK__ can not be propagated.
[INFO] Setting RC values…
%OL_CREATE_REPORT min.rpt

===========================================================================
report_checks -path_delay min (Hold)
============================================================================
======================= nom_tt_025C_1v80 Corner ===================================

Startpoint: op_a[5] (input port clocked by __VIRTUAL_CLK__)
Endpoint: op_out[5] (output port clocked by __VIRTUAL_CLK__)
Path Group: __VIRTUAL_CLK__
Path Type: min

Fanout         Cap        Slew       Delay        Time   Description
---------------------------------------------------------------------------------------------
                      0.000000    0.000000    0.000000   clock __VIRTUAL_CLK__ (rise edge)
                                  0.000000    0.000000   clock network delay (ideal)
                                  0.000000    0.000000 ^ input external delay
     1    0.003258    0.021710    0.011922    0.011922 ^ op_a[5] (in)
                                                         op_a[5] (net)
                      0.021710    0.000000    0.011922 ^ input10/A (sky130_fd_sc_hd__clkbuf_2)
     5    0.021938    0.124388    0.153242    0.165165 ^ input10/X (sky130_fd_sc_hd__clkbuf_2)
                                                         net10 (net)
                      0.124431    0.001897    0.167062 ^ _839_/A1 (sky130_fd_sc_hd__a32o_1)
     1    0.002486    0.047460    0.163880    0.330942 ^ _839_/X (sky130_fd_sc_hd__a32o_1)
                                                         _318_ (net)
                      0.047460    0.000057    0.331000 ^ _842_/A (sky130_fd_sc_hd__or3_1)
     1    0.004117    0.048413    0.103895    0.434894 ^ _842_/X (sky130_fd_sc_hd__or3_1)
                                                         net26 (net)
                      0.048413    0.000156    0.435051 ^ output26/A (sky130_fd_sc_hd__buf_2)
     1    0.034658    0.172007    0.200374    0.635425 ^ output26/X (sky130_fd_sc_hd__buf_2)
                                                         op_out[5] (net)
                      0.172062    0.000943    0.636369 ^ op_out[5] (out)
                                              0.636369   data arrival time

                      0.000000    0.000000    0.000000   clock __VIRTUAL_CLK__ (rise edge)
                                  0.000000    0.000000   clock network delay (ideal)
                                  0.250000    0.250000   clock uncertainty
                                  0.000000    0.250000   clock reconvergence pessimism
                                  0.000000    0.250000   output external delay
                                              0.250000   data required time
---------------------------------------------------------------------------------------------
                                              0.250000   data required time
                                             -0.636369   data arrival time
---------------------------------------------------------------------------------------------
                                              0.386369   slack (MET)


Startpoint: inst[2] (input port clocked by __VIRTUAL_CLK__)
Endpoint: op_out[4] (output port clocked by __VIRTUAL_CLK__)
Path Group: __VIRTUAL_CLK__
Path Type: min

Fanout         Cap        Slew       Delay        Time   Description
---------------------------------------------------------------------------------------------
                      0.000000    0.000000    0.000000   clock __VIRTUAL_CLK__ (rise edge)
                                  0.000000    0.000000   clock network delay (ideal)
                                  0.000000    0.000000 ^ input external delay
     1    0.003505    0.022789    0.012799    0.012799 ^ inst[2] (in)
                                                         inst[2] (net)
                      0.022797    0.000000    0.012799 ^ input3/A (sky130_fd_sc_hd__clkbuf_2)
     8    0.025533    0.143305    0.167062    0.179861 ^ input3/X (sky130_fd_sc_hd__clkbuf_2)
                                                         net3 (net)
                      0.143313    0.000873    0.180735 ^ _690_/A (sky130_fd_sc_hd__or4b_4)
     8    0.028707    0.093707    0.201857    0.382592 ^ _690_/X (sky130_fd_sc_hd__or4b_4)
                                                         _161_ (net)
                      0.093719    0.001099    0.383691 ^ _798_/A1 (sky130_fd_sc_hd__o31ai_1)
     1    0.003711    0.047786    0.087627    0.471318 v _798_/Y (sky130_fd_sc_hd__o31ai_1)
                                                         net25 (net)
                      0.047786    0.000138    0.471456 v output25/A (sky130_fd_sc_hd__buf_2)
     1    0.034584    0.090286    0.181684    0.653139 v output25/X (sky130_fd_sc_hd__buf_2)
                                                         op_out[4] (net)
                      0.090295    0.000914    0.654053 v op_out[4] (out)
                                              0.654053   data arrival time

                      0.000000    0.000000    0.000000   clock __VIRTUAL_CLK__ (rise edge)
                                  0.000000    0.000000   clock network delay (ideal)
                                  0.250000    0.250000   clock uncertainty
                                  0.000000    0.250000   clock reconvergence pessimism
                                  0.000000    0.250000   output external delay
                                              0.250000   data required time
---------------------------------------------------------------------------------------------
                                              0.250000   data required time
                                             -0.654053   data arrival time
---------------------------------------------------------------------------------------------
                                              0.404053   slack (MET)


Startpoint: inst[2] (input port clocked by __VIRTUAL_CLK__)
Endpoint: op_out[0] (output port clocked by __VIRTUAL_CLK__)
Path Group: __VIRTUAL_CLK__
Path Type: min

Fanout         Cap        Slew       Delay        Time   Description
---------------------------------------------------------------------------------------------
                      0.000000    0.000000    0.000000   clock __VIRTUAL_CLK__ (rise edge)
                                  0.000000    0.000000   clock network delay (ideal)
                                  0.000000    0.000000 v input external delay
     1    0.003275    0.009737    0.005246    0.005246 v inst[2] (in)
                                                         inst[2] (net)
                      0.009737    0.000000    0.005246 v input3/A (sky130_fd_sc_hd__clkbuf_2)
     8    0.023839    0.095539    0.144502    0.149748 v input3/X (sky130_fd_sc_hd__clkbuf_2)
                                                         net3 (net)
                      0.095547    0.000886    0.150634 v _459_/A (sky130_fd_sc_hd__inv_2)
     4    0.011089    0.061864    0.088835    0.239469 ^ _459_/Y (sky130_fd_sc_hd__inv_2)
                                                         _199_ (net)
                      0.061864    0.000183    0.239652 ^ _685_/B1 (sky130_fd_sc_hd__o2111a_1)
     1    0.001998    0.042156    0.172392    0.412044 ^ _685_/X (sky130_fd_sc_hd__o2111a_1)
                                                         _156_ (net)
                      0.042156    0.000040    0.412084 ^ _700_/B (sky130_fd_sc_hd__or3_1)
     1    0.003350    0.041986    0.095571    0.507656 ^ _700_/X (sky130_fd_sc_hd__or3_1)
                                                         net21 (net)
                      0.041986    0.000118    0.507773 ^ output21/A (sky130_fd_sc_hd__buf_2)
     1    0.034706    0.172241    0.198059    0.705832 ^ output21/X (sky130_fd_sc_hd__buf_2)
                                                         op_out[0] (net)
                      0.172297    0.000957    0.706789 ^ op_out[0] (out)
                                              0.706789   data arrival time

                      0.000000    0.000000    0.000000   clock __VIRTUAL_CLK__ (rise edge)
                                  0.000000    0.000000   clock network delay (ideal)
                                  0.250000    0.250000   clock uncertainty
                                  0.000000    0.250000   clock reconvergence pessimism
                                  0.000000    0.250000   output external delay
                                              0.250000   data required time
---------------------------------------------------------------------------------------------
                                              0.250000   data required time
                                             -0.706789   data arrival time
---------------------------------------------------------------------------------------------
                                              0.456789   slack (MET)


Startpoint: inst[2] (input port clocked by __VIRTUAL_CLK__)
Endpoint: op_out[3] (output port clocked by __VIRTUAL_CLK__)
Path Group: __VIRTUAL_CLK__
Path Type: min

Fanout         Cap        Slew       Delay        Time   Description
---------------------------------------------------------------------------------------------
                      0.000000    0.000000    0.000000   clock __VIRTUAL_CLK__ (rise edge)
                                  0.000000    0.000000   clock network delay (ideal)
                                  0.000000    0.000000 ^ input external delay
     1    0.003505    0.022789    0.012799    0.012799 ^ inst[2] (in)
                                                         inst[2] (net)
                      0.022797    0.000000    0.012799 ^ input3/A (sky130_fd_sc_hd__clkbuf_2)
     8    0.025533    0.143305    0.167062    0.179861 ^ input3/X (sky130_fd_sc_hd__clkbuf_2)
                                                         net3 (net)
                      0.143313    0.000873    0.180735 ^ _690_/A (sky130_fd_sc_hd__or4b_4)
     8    0.028707    0.093707    0.201857    0.382592 ^ _690_/X (sky130_fd_sc_hd__or4b_4)
                                                         _161_ (net)
                      0.093713    0.000883    0.383475 ^ _749_/A (sky130_fd_sc_hd__or3b_1)
     1    0.003780    0.045635    0.119377    0.502852 ^ _749_/X (sky130_fd_sc_hd__or3b_1)
                                                         _221_ (net)
                      0.045635    0.000130    0.502982 ^ _770_/B (sky130_fd_sc_hd__nand2b_1)
     1    0.002302    0.030492    0.047474    0.550456 v _770_/Y (sky130_fd_sc_hd__nand2b_1)
                                                         net24 (net)
                      0.030492    0.000051    0.550506 v output24/A (sky130_fd_sc_hd__buf_2)
     1    0.035491    0.092501    0.175665    0.726171 v output24/X (sky130_fd_sc_hd__buf_2)
                                                         op_out[3] (net)
                      0.092520    0.001257    0.727428 v op_out[3] (out)
                                              0.727428   data arrival time

                      0.000000    0.000000    0.000000   clock __VIRTUAL_CLK__ (rise edge)
                                  0.000000    0.000000   clock network delay (ideal)
                                  0.250000    0.250000   clock uncertainty
                                  0.000000    0.250000   clock reconvergence pessimism
                                  0.000000    0.250000   output external delay
                                              0.250000   data required time
---------------------------------------------------------------------------------------------
                                              0.250000   data required time
                                             -0.727428   data arrival time
---------------------------------------------------------------------------------------------
                                              0.477428   slack (MET)


Startpoint: op_a[7] (input port clocked by __VIRTUAL_CLK__)
Endpoint: op_out[6] (output port clocked by __VIRTUAL_CLK__)
Path Group: __VIRTUAL_CLK__
Path Type: min

Fanout         Cap        Slew       Delay        Time   Description
---------------------------------------------------------------------------------------------
                      0.000000    0.000000    0.000000   clock __VIRTUAL_CLK__ (rise edge)
                                  0.000000    0.000000   clock network delay (ideal)
                                  0.000000    0.000000 ^ input external delay
     1    0.004100    0.025382    0.014896    0.014896 ^ op_a[7] (in)
                                                         op_a[7] (net)
                      0.025383    0.000000    0.014896 ^ input12/A (sky130_fd_sc_hd__clkbuf_4)
     9    0.041439    0.132114    0.191548    0.206444 ^ input12/X (sky130_fd_sc_hd__clkbuf_4)
                                                         net12 (net)
                      0.132130    0.001509    0.207952 ^ _883_/A1 (sky130_fd_sc_hd__a211o_1)
     1    0.003980    0.045309    0.143761    0.351713 ^ _883_/X (sky130_fd_sc_hd__a211o_1)
                                                         _365_ (net)
                      0.045309    0.000143    0.351856 ^ _884_/C1 (sky130_fd_sc_hd__a211o_1)
     1    0.005883    0.060547    0.103856    0.455711 ^ _884_/X (sky130_fd_sc_hd__a211o_1)
                                                         _366_ (net)
                      0.060547    0.000227    0.455938 ^ _885_/B1 (sky130_fd_sc_hd__a31o_1)
     1    0.002678    0.039365    0.090951    0.546890 ^ _885_/X (sky130_fd_sc_hd__a31o_1)
                                                         net27 (net)
                      0.039365    0.000086    0.546975 ^ output27/A (sky130_fd_sc_hd__buf_2)
     1    0.035172    0.174455    0.198449    0.745425 ^ output27/X (sky130_fd_sc_hd__buf_2)
                                                         op_out[6] (net)
                      0.174517    0.001181    0.746606 ^ op_out[6] (out)
                                              0.746606   data arrival time

                      0.000000    0.000000    0.000000   clock __VIRTUAL_CLK__ (rise edge)
                                  0.000000    0.000000   clock network delay (ideal)
                                  0.250000    0.250000   clock uncertainty
                                  0.000000    0.250000   clock reconvergence pessimism
                                  0.000000    0.250000   output external delay
                                              0.250000   data required time
---------------------------------------------------------------------------------------------
                                              0.250000   data required time
                                             -0.746606   data arrival time
---------------------------------------------------------------------------------------------
                                              0.496606   slack (MET)


Startpoint: op_a[1] (input port clocked by __VIRTUAL_CLK__)
Endpoint: op_out[1] (output port clocked by __VIRTUAL_CLK__)
Path Group: __VIRTUAL_CLK__
Path Type: min

Fanout         Cap        Slew       Delay        Time   Description
---------------------------------------------------------------------------------------------
                      0.000000    0.000000    0.000000   clock __VIRTUAL_CLK__ (rise edge)
                                  0.000000    0.000000   clock network delay (ideal)
                                  0.000000    0.000000 ^ input external delay
     1    0.003531    0.022903    0.012895    0.012895 ^ op_a[1] (in)
                                                         op_a[1] (net)
                      0.022911    0.000000    0.012895 ^ input6/A (sky130_fd_sc_hd__buf_1)
     3    0.014548    0.176376    0.165309    0.178204 ^ input6/X (sky130_fd_sc_hd__buf_1)
                                                         net6 (net)
                      0.176385    0.001067    0.179271 ^ _703_/A1 (sky130_fd_sc_hd__o22a_1)
     1    0.003461    0.047000    0.172329    0.351600 ^ _703_/X (sky130_fd_sc_hd__o22a_1)
                                                         _173_ (net)
                      0.047000    0.000119    0.351719 ^ _710_/A (sky130_fd_sc_hd__or3_1)
     1    0.005824    0.063033    0.114584    0.466303 ^ _710_/X (sky130_fd_sc_hd__or3_1)
                                                         _180_ (net)
                      0.063033    0.000234    0.466538 ^ _718_/A (sky130_fd_sc_hd__or2_1)
     1    0.003293    0.043490    0.099525    0.566063 ^ _718_/X (sky130_fd_sc_hd__or2_1)
                                                         net22 (net)
                      0.043490    0.000087    0.566150 ^ output22/A (sky130_fd_sc_hd__buf_2)
     1    0.035488    0.175929    0.201026    0.767176 ^ output22/X (sky130_fd_sc_hd__buf_2)
                                                         op_out[1] (net)
                      0.175992    0.001258    0.768434 ^ op_out[1] (out)
                                              0.768434   data arrival time

                      0.000000    0.000000    0.000000   clock __VIRTUAL_CLK__ (rise edge)
                                  0.000000    0.000000   clock network delay (ideal)
                                  0.250000    0.250000   clock uncertainty
                                  0.000000    0.250000   clock reconvergence pessimism
                                  0.000000    0.250000   output external delay
                                              0.250000   data required time
---------------------------------------------------------------------------------------------
                                              0.250000   data required time
                                             -0.768434   data arrival time
---------------------------------------------------------------------------------------------
                                              0.518434   slack (MET)


Startpoint: inst[2] (input port clocked by __VIRTUAL_CLK__)
Endpoint: op_out[2] (output port clocked by __VIRTUAL_CLK__)
Path Group: __VIRTUAL_CLK__
Path Type: min

Fanout         Cap        Slew       Delay        Time   Description
---------------------------------------------------------------------------------------------
                      0.000000    0.000000    0.000000   clock __VIRTUAL_CLK__ (rise edge)
                                  0.000000    0.000000   clock network delay (ideal)
                                  0.000000    0.000000 ^ input external delay
     1    0.003505    0.022789    0.012799    0.012799 ^ inst[2] (in)
                                                         inst[2] (net)
                      0.022797    0.000000    0.012799 ^ input3/A (sky130_fd_sc_hd__clkbuf_2)
     8    0.025533    0.143305    0.167062    0.179861 ^ input3/X (sky130_fd_sc_hd__clkbuf_2)
                                                         net3 (net)
                      0.143313    0.000873    0.180735 ^ _690_/A (sky130_fd_sc_hd__or4b_4)
     8    0.028707    0.093707    0.201857    0.382592 ^ _690_/X (sky130_fd_sc_hd__or4b_4)
                                                         _161_ (net)
                      0.093714    0.000918    0.383510 ^ _725_/B1 (sky130_fd_sc_hd__a31oi_1)
     1    0.003592    0.039541    0.052275    0.435785 v _725_/Y (sky130_fd_sc_hd__a31oi_1)
                                                         _195_ (net)
                      0.039541    0.000121    0.435906 v _741_/A2 (sky130_fd_sc_hd__a21o_1)
     1    0.002098    0.028140    0.163990    0.599896 v _741_/X (sky130_fd_sc_hd__a21o_1)
                                                         net23 (net)
                      0.028140    0.000044    0.599940 v output23/A (sky130_fd_sc_hd__buf_2)
     1    0.034529    0.090301    0.173137    0.773077 v output23/X (sky130_fd_sc_hd__buf_2)
                                                         op_out[2] (net)
                      0.090310    0.000891    0.773967 v op_out[2] (out)
                                              0.773967   data arrival time

                      0.000000    0.000000    0.000000   clock __VIRTUAL_CLK__ (rise edge)
                                  0.000000    0.000000   clock network delay (ideal)
                                  0.250000    0.250000   clock uncertainty
                                  0.000000    0.250000   clock reconvergence pessimism
                                  0.000000    0.250000   output external delay
                                              0.250000   data required time
---------------------------------------------------------------------------------------------
                                              0.250000   data required time
                                             -0.773967   data arrival time
---------------------------------------------------------------------------------------------
                                              0.523967   slack (MET)


Startpoint: op_a[6] (input port clocked by __VIRTUAL_CLK__)
Endpoint: op_out[7] (output port clocked by __VIRTUAL_CLK__)
Path Group: __VIRTUAL_CLK__
Path Type: min

Fanout         Cap        Slew       Delay        Time   Description
---------------------------------------------------------------------------------------------
                      0.000000    0.000000    0.000000   clock __VIRTUAL_CLK__ (rise edge)
                                  0.000000    0.000000   clock network delay (ideal)
                                  0.000000    0.000000 ^ input external delay
     1    0.003479    0.022674    0.012707    0.012707 ^ op_a[6] (in)
                                                         op_a[6] (net)
                      0.022681    0.000000    0.012707 ^ input11/A (sky130_fd_sc_hd__buf_1)
     2    0.009152    0.115061    0.123190    0.135897 ^ input11/X (sky130_fd_sc_hd__buf_1)
                                                         net11 (net)
                      0.115064    0.000446    0.136343 ^ fanout68/A (sky130_fd_sc_hd__clkbuf_2)
     6    0.021121    0.120596    0.184772    0.321115 ^ fanout68/X (sky130_fd_sc_hd__clkbuf_2)
                                                         net68 (net)
                      0.120596    0.000414    0.321529 ^ _922_/A1 (sky130_fd_sc_hd__a211o_1)
     1    0.006912    0.068903    0.159023    0.480552 ^ _922_/X (sky130_fd_sc_hd__a211o_1)
                                                         _407_ (net)
                      0.068903    0.000281    0.480833 ^ _923_/B1 (sky130_fd_sc_hd__a311o_1)
     1    0.002989    0.047505    0.111117    0.591950 ^ _923_/X (sky130_fd_sc_hd__a311o_1)
                                                         net28 (net)
                      0.047505    0.000098    0.592048 ^ output28/A (sky130_fd_sc_hd__buf_2)
     1    0.034543    0.171446    0.199760    0.791808 ^ output28/X (sky130_fd_sc_hd__buf_2)
                                                         op_out[7] (net)
                      0.171448    0.000775    0.792583 ^ op_out[7] (out)
                                              0.792583   data arrival time

                      0.000000    0.000000    0.000000   clock __VIRTUAL_CLK__ (rise edge)
                                  0.000000    0.000000   clock network delay (ideal)
                                  0.250000    0.250000   clock uncertainty
                                  0.000000    0.250000   clock reconvergence pessimism
                                  0.000000    0.250000   output external delay
                                              0.250000   data required time
---------------------------------------------------------------------------------------------
                                              0.250000   data required time
                                             -0.792583   data arrival time
---------------------------------------------------------------------------------------------
                                              0.542583   slack (MET)



%OL_END_REPORT
%OL_CREATE_REPORT max.rpt

===========================================================================
report_checks -path_delay max (Setup)
============================================================================
======================= nom_tt_025C_1v80 Corner ===================================

Startpoint: op_b[0] (input port clocked by __VIRTUAL_CLK__)
Endpoint: op_out[0] (output port clocked by __VIRTUAL_CLK__)
Path Group: __VIRTUAL_CLK__
Path Type: max

Fanout         Cap        Slew       Delay        Time   Description
---------------------------------------------------------------------------------------------
                      0.000000    0.000000    0.000000   clock __VIRTUAL_CLK__ (rise edge)
                                  0.000000    0.000000   clock network delay (ideal)
                                  0.000000    0.000000 ^ input external delay
     1    0.003329    0.022021    0.012173    0.012173 ^ op_b[0] (in)
                                                         op_b[0] (net)
                      0.022021    0.000000    0.012173 ^ input13/A (sky130_fd_sc_hd__clkbuf_2)
     4    0.018400    0.106255    0.141227    0.153400 ^ input13/X (sky130_fd_sc_hd__clkbuf_2)
                                                         net13 (net)
                      0.106256    0.000498    0.153898 ^ fanout66/A (sky130_fd_sc_hd__buf_2)
    10    0.037169    0.183790    0.229301    0.383199 ^ fanout66/X (sky130_fd_sc_hd__buf_2)
                                                         net66 (net)
                      0.183852    0.000456    0.383655 ^ fanout65/A (sky130_fd_sc_hd__buf_2)
    10    0.036300    0.180003    0.249711    0.633366 ^ fanout65/X (sky130_fd_sc_hd__buf_2)
                                                         net65 (net)
                      0.180011    0.001439    0.634805 ^ _458_/A (sky130_fd_sc_hd__inv_2)
     4    0.012160    0.058017    0.075847    0.710653 v _458_/Y (sky130_fd_sc_hd__inv_2)
                                                         _188_ (net)
                      0.058017    0.000269    0.710922 v fanout35/A (sky130_fd_sc_hd__clkbuf_4)
    10    0.037693    0.085752    0.193447    0.904370 v fanout35/X (sky130_fd_sc_hd__clkbuf_4)
                                                         net35 (net)
                      0.085767    0.001103    0.905472 v _472_/A1 (sky130_fd_sc_hd__o41ai_4)
     5    0.016839    0.372411    0.463843    1.369315 ^ _472_/Y (sky130_fd_sc_hd__o41ai_4)
                                                         _338_ (net)
                      0.372411    0.000558    1.369873 ^ _481_/A2 (sky130_fd_sc_hd__a211o_1)
     4    0.012494    0.118313    0.242514    1.612388 ^ _481_/X (sky130_fd_sc_hd__a211o_1)
                                                         _410_ (net)
                      0.118313    0.000454    1.612842 ^ _484_/A2 (sky130_fd_sc_hd__a21o_1)
     4    0.012662    0.116935    0.184975    1.797817 ^ _484_/X (sky130_fd_sc_hd__a21o_1)
                                                         _413_ (net)
                      0.116935    0.000298    1.798115 ^ _493_/A1 (sky130_fd_sc_hd__a211oi_1)
     3    0.007656    0.083917    0.109746    1.907861 v _493_/Y (sky130_fd_sc_hd__a211oi_1)
                                                         _422_ (net)
                      0.083917    0.000190    1.908051 v _503_/D (sky130_fd_sc_hd__or4_1)
     3    0.009311    0.124967    0.464487    2.372538 v _503_/X (sky130_fd_sc_hd__or4_1)
                                                         _432_ (net)
                      0.124967    0.000189    2.372727 v _507_/A3 (sky130_fd_sc_hd__a31o_1)
     2    0.006056    0.051485    0.259927    2.632654 v _507_/X (sky130_fd_sc_hd__a31o_1)
                                                         _436_ (net)
                      0.051485    0.000162    2.632816 v _509_/A2 (sky130_fd_sc_hd__a211o_1)
     3    0.014543    0.099300    0.349219    2.982035 v _509_/X (sky130_fd_sc_hd__a211o_1)
                                                         _438_ (net)
                      0.099300    0.000283    2.982318 v _515_/A2 (sky130_fd_sc_hd__a21oi_4)
     8    0.035104    0.276817    0.296958    3.279277 ^ _515_/Y (sky130_fd_sc_hd__a21oi_4)
                                                         _444_ (net)
                      0.276823    0.001027    3.280304 ^ _524_/S (sky130_fd_sc_hd__mux2_1)
     2    0.007389    0.078015    0.384515    3.664819 v _524_/X (sky130_fd_sc_hd__mux2_1)
                                                         _453_ (net)
                      0.078015    0.000187    3.665005 v _539_/A2 (sky130_fd_sc_hd__a221o_1)
     3    0.010330    0.088268    0.398060    4.063066 v _539_/X (sky130_fd_sc_hd__a221o_1)
                                                         _010_ (net)
                      0.088268    0.000158    4.063223 v _544_/A3 (sky130_fd_sc_hd__a311o_1)
     5    0.015399    0.112156    0.428741    4.491964 v _544_/X (sky130_fd_sc_hd__a311o_1)
                                                         _015_ (net)
                      0.112156    0.000382    4.492346 v _571_/A1 (sky130_fd_sc_hd__a21o_1)
     4    0.011216    0.067309    0.214726    4.707073 v _571_/X (sky130_fd_sc_hd__a21o_1)
                                                         _042_ (net)
                      0.067309    0.000195    4.707268 v _574_/B (sky130_fd_sc_hd__and3_1)
     3    0.007500    0.057469    0.191829    4.899096 v _574_/X (sky130_fd_sc_hd__and3_1)
                                                         _045_ (net)
                      0.057469    0.000155    4.899252 v _585_/A (sky130_fd_sc_hd__or4_1)
     1    0.003128    0.084871    0.518591    5.417842 v _585_/X (sky130_fd_sc_hd__or4_1)
                                                         _056_ (net)
                      0.084871    0.000110    5.417953 v _586_/C (sky130_fd_sc_hd__or4b_1)
     1    0.009498    0.123607    0.533071    5.951024 v _586_/X (sky130_fd_sc_hd__or4b_1)
                                                         _057_ (net)
                      0.123607    0.000375    5.951398 v _590_/A2 (sky130_fd_sc_hd__a311oi_4)
     4    0.018636    0.339347    0.381811    6.333209 ^ _590_/Y (sky130_fd_sc_hd__a311oi_4)
                                                         _061_ (net)
                      0.339348    0.000795    6.334004 ^ max_cap30/A (sky130_fd_sc_hd__buf_6)
     5    0.022939    0.059687    0.175928    6.509933 ^ max_cap30/X (sky130_fd_sc_hd__buf_6)
                                                         net30 (net)
                      0.059689    0.000417    6.510350 ^ _619_/S (sky130_fd_sc_hd__mux2_2)
     5    0.019924    0.090712    0.385898    6.896249 v _619_/X (sky130_fd_sc_hd__mux2_2)
                                                         _090_ (net)
                      0.090716    0.000749    6.896998 v _623_/B1 (sky130_fd_sc_hd__o22a_1)
     2    0.005346    0.055854    0.204940    7.101938 v _623_/X (sky130_fd_sc_hd__o22a_1)
                                                         _094_ (net)
                      0.055854    0.000085    7.102023 v _624_/B (sky130_fd_sc_hd__or4bb_4)
     4    0.019028    0.112690    0.560965    7.662988 v _624_/X (sky130_fd_sc_hd__or4bb_4)
                                                         _095_ (net)
                      0.112690    0.000470    7.663458 v _628_/A1 (sky130_fd_sc_hd__a21oi_4)
     3    0.010923    0.129409    0.167545    7.831003 ^ _628_/Y (sky130_fd_sc_hd__a21oi_4)
                                                         _099_ (net)
                      0.129410    0.000326    7.831329 ^ fanout29/A (sky130_fd_sc_hd__clkbuf_4)
    10    0.038010    0.123148    0.223407    8.054736 ^ fanout29/X (sky130_fd_sc_hd__clkbuf_4)
                                                         net29 (net)
                      0.123176    0.001816    8.056552 ^ _665_/S (sky130_fd_sc_hd__mux2_1)
     3    0.007899    0.080938    0.365787    8.422338 v _665_/X (sky130_fd_sc_hd__mux2_1)
                                                         _136_ (net)
                      0.080938    0.000134    8.422473 v _669_/A2 (sky130_fd_sc_hd__a21o_1)
     1    0.003369    0.035649    0.188444    8.610917 v _669_/X (sky130_fd_sc_hd__a21o_1)
                                                         _140_ (net)
                      0.035649    0.000085    8.611002 v _671_/A2 (sky130_fd_sc_hd__o211a_1)
     1    0.002895    0.038867    0.195743    8.806745 v _671_/X (sky130_fd_sc_hd__o211a_1)
                                                         _142_ (net)
                      0.038867    0.000068    8.806812 v _672_/B2 (sky130_fd_sc_hd__o221a_1)
     1    0.004057    0.052045    0.206787    9.013600 v _672_/X (sky130_fd_sc_hd__o221a_1)
                                                         _143_ (net)
                      0.052045    0.000151    9.013751 v _675_/A2 (sky130_fd_sc_hd__o21a_1)
     1    0.002777    0.034774    0.164434    9.178185 v _675_/X (sky130_fd_sc_hd__o21a_1)
                                                         _146_ (net)
                      0.034774    0.000060    9.178246 v _679_/A1 (sky130_fd_sc_hd__o21a_1)
     1    0.004780    0.044006    0.185077    9.363322 v _679_/X (sky130_fd_sc_hd__o21a_1)
                                                         _150_ (net)
                      0.044006    0.000166    9.363488 v _700_/A (sky130_fd_sc_hd__or3_1)
     1    0.003190    0.067378    0.365148    9.728636 v _700_/X (sky130_fd_sc_hd__or3_1)
                                                         net21 (net)
                      0.067378    0.000110    9.728746 v output21/A (sky130_fd_sc_hd__buf_2)
     1    0.034706    0.090542    0.190663    9.919409 v output21/X (sky130_fd_sc_hd__buf_2)
                                                         op_out[0] (net)
                      0.090552    0.000957    9.920365 v op_out[0] (out)
                                              9.920365   data arrival time

                      0.000000   20.000000   20.000000   clock __VIRTUAL_CLK__ (rise edge)
                                  0.000000   20.000000   clock network delay (ideal)
                                 -0.250000   19.750002   clock uncertainty
                                  0.000000   19.750002   clock reconvergence pessimism
                                  0.000000   19.750002   output external delay
                                             19.750002   data required time
---------------------------------------------------------------------------------------------
                                             19.750002   data required time
                                             -9.920365   data arrival time
---------------------------------------------------------------------------------------------
                                              9.829636   slack (MET)


Startpoint: op_b[0] (input port clocked by __VIRTUAL_CLK__)
Endpoint: op_out[1] (output port clocked by __VIRTUAL_CLK__)
Path Group: __VIRTUAL_CLK__
Path Type: max

Fanout         Cap        Slew       Delay        Time   Description
---------------------------------------------------------------------------------------------
                      0.000000    0.000000    0.000000   clock __VIRTUAL_CLK__ (rise edge)
                                  0.000000    0.000000   clock network delay (ideal)
                                  0.000000    0.000000 ^ input external delay
     1    0.003329    0.022021    0.012173    0.012173 ^ op_b[0] (in)
                                                         op_b[0] (net)
                      0.022021    0.000000    0.012173 ^ input13/A (sky130_fd_sc_hd__clkbuf_2)
     4    0.018400    0.106255    0.141227    0.153400 ^ input13/X (sky130_fd_sc_hd__clkbuf_2)
                                                         net13 (net)
                      0.106256    0.000498    0.153898 ^ fanout66/A (sky130_fd_sc_hd__buf_2)
    10    0.037169    0.183790    0.229301    0.383199 ^ fanout66/X (sky130_fd_sc_hd__buf_2)
                                                         net66 (net)
                      0.183852    0.000456    0.383655 ^ fanout65/A (sky130_fd_sc_hd__buf_2)
    10    0.036300    0.180003    0.249711    0.633366 ^ fanout65/X (sky130_fd_sc_hd__buf_2)
                                                         net65 (net)
                      0.180011    0.001439    0.634805 ^ _458_/A (sky130_fd_sc_hd__inv_2)
     4    0.012160    0.058017    0.075847    0.710653 v _458_/Y (sky130_fd_sc_hd__inv_2)
                                                         _188_ (net)
                      0.058017    0.000269    0.710922 v fanout35/A (sky130_fd_sc_hd__clkbuf_4)
    10    0.037693    0.085752    0.193447    0.904370 v fanout35/X (sky130_fd_sc_hd__clkbuf_4)
                                                         net35 (net)
                      0.085767    0.001103    0.905472 v _472_/A1 (sky130_fd_sc_hd__o41ai_4)
     5    0.016839    0.372411    0.463843    1.369315 ^ _472_/Y (sky130_fd_sc_hd__o41ai_4)
                                                         _338_ (net)
                      0.372411    0.000558    1.369873 ^ _481_/A2 (sky130_fd_sc_hd__a211o_1)
     4    0.012494    0.118313    0.242514    1.612388 ^ _481_/X (sky130_fd_sc_hd__a211o_1)
                                                         _410_ (net)
                      0.118313    0.000454    1.612842 ^ _484_/A2 (sky130_fd_sc_hd__a21o_1)
     4    0.012662    0.116935    0.184975    1.797817 ^ _484_/X (sky130_fd_sc_hd__a21o_1)
                                                         _413_ (net)
                      0.116935    0.000298    1.798115 ^ _493_/A1 (sky130_fd_sc_hd__a211oi_1)
     3    0.007656    0.083917    0.109746    1.907861 v _493_/Y (sky130_fd_sc_hd__a211oi_1)
                                                         _422_ (net)
                      0.083917    0.000190    1.908051 v _503_/D (sky130_fd_sc_hd__or4_1)
     3    0.009311    0.124967    0.464487    2.372538 v _503_/X (sky130_fd_sc_hd__or4_1)
                                                         _432_ (net)
                      0.124967    0.000189    2.372727 v _507_/A3 (sky130_fd_sc_hd__a31o_1)
     2    0.006056    0.051485    0.259927    2.632654 v _507_/X (sky130_fd_sc_hd__a31o_1)
                                                         _436_ (net)
                      0.051485    0.000162    2.632816 v _509_/A2 (sky130_fd_sc_hd__a211o_1)
     3    0.014543    0.099300    0.349219    2.982035 v _509_/X (sky130_fd_sc_hd__a211o_1)
                                                         _438_ (net)
                      0.099300    0.000283    2.982318 v _515_/A2 (sky130_fd_sc_hd__a21oi_4)
     8    0.035104    0.276817    0.296958    3.279277 ^ _515_/Y (sky130_fd_sc_hd__a21oi_4)
                                                         _444_ (net)
                      0.276823    0.001027    3.280304 ^ _524_/S (sky130_fd_sc_hd__mux2_1)
     2    0.007389    0.078015    0.384515    3.664819 v _524_/X (sky130_fd_sc_hd__mux2_1)
                                                         _453_ (net)
                      0.078015    0.000187    3.665005 v _539_/A2 (sky130_fd_sc_hd__a221o_1)
     3    0.010330    0.088268    0.398060    4.063066 v _539_/X (sky130_fd_sc_hd__a221o_1)
                                                         _010_ (net)
                      0.088268    0.000158    4.063223 v _544_/A3 (sky130_fd_sc_hd__a311o_1)
     5    0.015399    0.112156    0.428741    4.491964 v _544_/X (sky130_fd_sc_hd__a311o_1)
                                                         _015_ (net)
                      0.112156    0.000382    4.492346 v _571_/A1 (sky130_fd_sc_hd__a21o_1)
     4    0.011216    0.067309    0.214726    4.707073 v _571_/X (sky130_fd_sc_hd__a21o_1)
                                                         _042_ (net)
                      0.067309    0.000195    4.707268 v _574_/B (sky130_fd_sc_hd__and3_1)
     3    0.007500    0.057469    0.191829    4.899096 v _574_/X (sky130_fd_sc_hd__and3_1)
                                                         _045_ (net)
                      0.057469    0.000155    4.899252 v _585_/A (sky130_fd_sc_hd__or4_1)
     1    0.003128    0.084871    0.518591    5.417842 v _585_/X (sky130_fd_sc_hd__or4_1)
                                                         _056_ (net)
                      0.084871    0.000110    5.417953 v _586_/C (sky130_fd_sc_hd__or4b_1)
     1    0.009498    0.123607    0.533071    5.951024 v _586_/X (sky130_fd_sc_hd__or4b_1)
                                                         _057_ (net)
                      0.123607    0.000375    5.951398 v _590_/A2 (sky130_fd_sc_hd__a311oi_4)
     4    0.018636    0.339347    0.381811    6.333209 ^ _590_/Y (sky130_fd_sc_hd__a311oi_4)
                                                         _061_ (net)
                      0.339348    0.000795    6.334004 ^ max_cap30/A (sky130_fd_sc_hd__buf_6)
     5    0.022939    0.059687    0.175928    6.509933 ^ max_cap30/X (sky130_fd_sc_hd__buf_6)
                                                         net30 (net)
                      0.059696    0.000712    6.510644 ^ _601_/S (sky130_fd_sc_hd__mux2_2)
     4    0.018237    0.086697    0.381692    6.892337 v _601_/X (sky130_fd_sc_hd__mux2_2)
                                                         _072_ (net)
                      0.086697    0.000395    6.892732 v _604_/B (sky130_fd_sc_hd__xnor2_2)
     4    0.012703    0.081258    0.170218    7.062951 v _604_/Y (sky130_fd_sc_hd__xnor2_2)
                                                         _075_ (net)
                      0.081258    0.000290    7.063241 v _608_/A1 (sky130_fd_sc_hd__a211oi_2)
     4    0.013612    0.300618    0.304721    7.367962 ^ _608_/Y (sky130_fd_sc_hd__a211oi_2)
                                                         _079_ (net)
                      0.300618    0.000292    7.368254 ^ _627_/A2 (sky130_fd_sc_hd__o31a_1)
     4    0.021268    0.225610    0.309139    7.677393 ^ _627_/X (sky130_fd_sc_hd__o31a_1)
                                                         _098_ (net)
                      0.225610    0.000468    7.677861 ^ _628_/A2 (sky130_fd_sc_hd__a21oi_4)
     3    0.010064    0.059606    0.093867    7.771729 v _628_/Y (sky130_fd_sc_hd__a21oi_4)
                                                         _099_ (net)
                      0.059606    0.000299    7.772027 v fanout29/A (sky130_fd_sc_hd__clkbuf_4)
    10    0.035538    0.082001    0.190634    7.962662 v fanout29/X (sky130_fd_sc_hd__clkbuf_4)
                                                         net29 (net)
                      0.082041    0.001684    7.964346 v _717_/A2 (sky130_fd_sc_hd__a22o_1)
     1    0.003606    0.044245    0.242594    8.206940 v _717_/X (sky130_fd_sc_hd__a22o_1)
                                                         _187_ (net)
                      0.044245    0.000133    8.207072 v _718_/B (sky130_fd_sc_hd__or2_1)
     1    0.003133    0.049813    0.203709    8.410782 v _718_/X (sky130_fd_sc_hd__or2_1)
                                                         net22 (net)
                      0.049813    0.000082    8.410863 v output22/A (sky130_fd_sc_hd__buf_2)
     1    0.035488    0.092352    0.183979    8.594842 v output22/X (sky130_fd_sc_hd__buf_2)
                                                         op_out[1] (net)
                      0.092371    0.001257    8.596099 v op_out[1] (out)
                                              8.596099   data arrival time

                      0.000000   20.000000   20.000000   clock __VIRTUAL_CLK__ (rise edge)
                                  0.000000   20.000000   clock network delay (ideal)
                                 -0.250000   19.750002   clock uncertainty
                                  0.000000   19.750002   clock reconvergence pessimism
                                  0.000000   19.750002   output external delay
                                             19.750002   data required time
---------------------------------------------------------------------------------------------
                                             19.750002   data required time
                                             -8.596099   data arrival time
---------------------------------------------------------------------------------------------
                                             11.153902   slack (MET)


Startpoint: op_b[0] (input port clocked by __VIRTUAL_CLK__)
Endpoint: op_out[2] (output port clocked by __VIRTUAL_CLK__)
Path Group: __VIRTUAL_CLK__
Path Type: max

Fanout         Cap        Slew       Delay        Time   Description
---------------------------------------------------------------------------------------------
                      0.000000    0.000000    0.000000   clock __VIRTUAL_CLK__ (rise edge)
                                  0.000000    0.000000   clock network delay (ideal)
                                  0.000000    0.000000 ^ input external delay
     1    0.003329    0.022021    0.012173    0.012173 ^ op_b[0] (in)
                                                         op_b[0] (net)
                      0.022021    0.000000    0.012173 ^ input13/A (sky130_fd_sc_hd__clkbuf_2)
     4    0.018400    0.106255    0.141227    0.153400 ^ input13/X (sky130_fd_sc_hd__clkbuf_2)
                                                         net13 (net)
                      0.106256    0.000498    0.153898 ^ fanout66/A (sky130_fd_sc_hd__buf_2)
    10    0.037169    0.183790    0.229301    0.383199 ^ fanout66/X (sky130_fd_sc_hd__buf_2)
                                                         net66 (net)
                      0.183852    0.000456    0.383655 ^ fanout65/A (sky130_fd_sc_hd__buf_2)
    10    0.036300    0.180003    0.249711    0.633366 ^ fanout65/X (sky130_fd_sc_hd__buf_2)
                                                         net65 (net)
                      0.180011    0.001439    0.634805 ^ _458_/A (sky130_fd_sc_hd__inv_2)
     4    0.012160    0.058017    0.075847    0.710653 v _458_/Y (sky130_fd_sc_hd__inv_2)
                                                         _188_ (net)
                      0.058017    0.000269    0.710922 v fanout35/A (sky130_fd_sc_hd__clkbuf_4)
    10    0.037693    0.085752    0.193447    0.904370 v fanout35/X (sky130_fd_sc_hd__clkbuf_4)
                                                         net35 (net)
                      0.085767    0.001103    0.905472 v _472_/A1 (sky130_fd_sc_hd__o41ai_4)
     5    0.016839    0.372411    0.463843    1.369315 ^ _472_/Y (sky130_fd_sc_hd__o41ai_4)
                                                         _338_ (net)
                      0.372411    0.000558    1.369873 ^ _481_/A2 (sky130_fd_sc_hd__a211o_1)
     4    0.012494    0.118313    0.242514    1.612388 ^ _481_/X (sky130_fd_sc_hd__a211o_1)
                                                         _410_ (net)
                      0.118313    0.000454    1.612842 ^ _484_/A2 (sky130_fd_sc_hd__a21o_1)
     4    0.012662    0.116935    0.184975    1.797817 ^ _484_/X (sky130_fd_sc_hd__a21o_1)
                                                         _413_ (net)
                      0.116935    0.000298    1.798115 ^ _493_/A1 (sky130_fd_sc_hd__a211oi_1)
     3    0.007656    0.083917    0.109746    1.907861 v _493_/Y (sky130_fd_sc_hd__a211oi_1)
                                                         _422_ (net)
                      0.083917    0.000190    1.908051 v _503_/D (sky130_fd_sc_hd__or4_1)
     3    0.009311    0.124967    0.464487    2.372538 v _503_/X (sky130_fd_sc_hd__or4_1)
                                                         _432_ (net)
                      0.124967    0.000189    2.372727 v _507_/A3 (sky130_fd_sc_hd__a31o_1)
     2    0.006056    0.051485    0.259927    2.632654 v _507_/X (sky130_fd_sc_hd__a31o_1)
                                                         _436_ (net)
                      0.051485    0.000162    2.632816 v _509_/A2 (sky130_fd_sc_hd__a211o_1)
     3    0.014543    0.099300    0.349219    2.982035 v _509_/X (sky130_fd_sc_hd__a211o_1)
                                                         _438_ (net)
                      0.099300    0.000283    2.982318 v _515_/A2 (sky130_fd_sc_hd__a21oi_4)
     8    0.035104    0.276817    0.296958    3.279277 ^ _515_/Y (sky130_fd_sc_hd__a21oi_4)
                                                         _444_ (net)
                      0.276823    0.001027    3.280304 ^ _524_/S (sky130_fd_sc_hd__mux2_1)
     2    0.007389    0.078015    0.384515    3.664819 v _524_/X (sky130_fd_sc_hd__mux2_1)
                                                         _453_ (net)
                      0.078015    0.000187    3.665005 v _539_/A2 (sky130_fd_sc_hd__a221o_1)
     3    0.010330    0.088268    0.398060    4.063066 v _539_/X (sky130_fd_sc_hd__a221o_1)
                                                         _010_ (net)
                      0.088268    0.000158    4.063223 v _544_/A3 (sky130_fd_sc_hd__a311o_1)
     5    0.015399    0.112156    0.428741    4.491964 v _544_/X (sky130_fd_sc_hd__a311o_1)
                                                         _015_ (net)
                      0.112156    0.000382    4.492346 v _571_/A1 (sky130_fd_sc_hd__a21o_1)
     4    0.011216    0.067309    0.214726    4.707073 v _571_/X (sky130_fd_sc_hd__a21o_1)
                                                         _042_ (net)
                      0.067309    0.000195    4.707268 v _574_/B (sky130_fd_sc_hd__and3_1)
     3    0.007500    0.057469    0.191829    4.899096 v _574_/X (sky130_fd_sc_hd__and3_1)
                                                         _045_ (net)
                      0.057469    0.000155    4.899252 v _585_/A (sky130_fd_sc_hd__or4_1)
     1    0.003128    0.084871    0.518591    5.417842 v _585_/X (sky130_fd_sc_hd__or4_1)
                                                         _056_ (net)
                      0.084871    0.000110    5.417953 v _586_/C (sky130_fd_sc_hd__or4b_1)
     1    0.009498    0.123607    0.533071    5.951024 v _586_/X (sky130_fd_sc_hd__or4b_1)
                                                         _057_ (net)
                      0.123607    0.000375    5.951398 v _590_/A2 (sky130_fd_sc_hd__a311oi_4)
     4    0.018636    0.339347    0.381811    6.333209 ^ _590_/Y (sky130_fd_sc_hd__a311oi_4)
                                                         _061_ (net)
                      0.339348    0.000795    6.334004 ^ max_cap30/A (sky130_fd_sc_hd__buf_6)
     5    0.022939    0.059687    0.175928    6.509933 ^ max_cap30/X (sky130_fd_sc_hd__buf_6)
                                                         net30 (net)
                      0.059699    0.000800    6.510733 ^ _740_/A2 (sky130_fd_sc_hd__a211o_1)
     1    0.004399    0.052679    0.125730    6.636463 ^ _740_/X (sky130_fd_sc_hd__a211o_1)
                                                         _212_ (net)
                      0.052679    0.000163    6.636626 ^ _741_/B1 (sky130_fd_sc_hd__a21o_1)
     1    0.002258    0.034126    0.074791    6.711417 ^ _741_/X (sky130_fd_sc_hd__a21o_1)
                                                         net23 (net)
                      0.034126    0.000048    6.711464 ^ output23/A (sky130_fd_sc_hd__buf_2)
     1    0.034529    0.171432    0.194505    6.905969 ^ output23/X (sky130_fd_sc_hd__buf_2)
                                                         op_out[2] (net)
                      0.171487    0.000891    6.906861 ^ op_out[2] (out)
                                              6.906861   data arrival time

                      0.000000   20.000000   20.000000   clock __VIRTUAL_CLK__ (rise edge)
                                  0.000000   20.000000   clock network delay (ideal)
                                 -0.250000   19.750002   clock uncertainty
                                  0.000000   19.750002   clock reconvergence pessimism
                                  0.000000   19.750002   output external delay
                                             19.750002   data required time
---------------------------------------------------------------------------------------------
                                             19.750002   data required time
                                             -6.906861   data arrival time
---------------------------------------------------------------------------------------------
                                             12.843141   slack (MET)


Startpoint: op_b[0] (input port clocked by __VIRTUAL_CLK__)
Endpoint: op_out[3] (output port clocked by __VIRTUAL_CLK__)
Path Group: __VIRTUAL_CLK__
Path Type: max

Fanout         Cap        Slew       Delay        Time   Description
---------------------------------------------------------------------------------------------
                      0.000000    0.000000    0.000000   clock __VIRTUAL_CLK__ (rise edge)
                                  0.000000    0.000000   clock network delay (ideal)
                                  0.000000    0.000000 ^ input external delay
     1    0.003329    0.022021    0.012173    0.012173 ^ op_b[0] (in)
                                                         op_b[0] (net)
                      0.022021    0.000000    0.012173 ^ input13/A (sky130_fd_sc_hd__clkbuf_2)
     4    0.018400    0.106255    0.141227    0.153400 ^ input13/X (sky130_fd_sc_hd__clkbuf_2)
                                                         net13 (net)
                      0.106256    0.000498    0.153898 ^ fanout66/A (sky130_fd_sc_hd__buf_2)
    10    0.037169    0.183790    0.229301    0.383199 ^ fanout66/X (sky130_fd_sc_hd__buf_2)
                                                         net66 (net)
                      0.183852    0.000456    0.383655 ^ fanout65/A (sky130_fd_sc_hd__buf_2)
    10    0.036300    0.180003    0.249711    0.633366 ^ fanout65/X (sky130_fd_sc_hd__buf_2)
                                                         net65 (net)
                      0.180011    0.001439    0.634805 ^ _458_/A (sky130_fd_sc_hd__inv_2)
     4    0.012160    0.058017    0.075847    0.710653 v _458_/Y (sky130_fd_sc_hd__inv_2)
                                                         _188_ (net)
                      0.058017    0.000269    0.710922 v fanout35/A (sky130_fd_sc_hd__clkbuf_4)
    10    0.037693    0.085752    0.193447    0.904370 v fanout35/X (sky130_fd_sc_hd__clkbuf_4)
                                                         net35 (net)
                      0.085767    0.001103    0.905472 v _472_/A1 (sky130_fd_sc_hd__o41ai_4)
     5    0.016839    0.372411    0.463843    1.369315 ^ _472_/Y (sky130_fd_sc_hd__o41ai_4)
                                                         _338_ (net)
                      0.372411    0.000558    1.369873 ^ _481_/A2 (sky130_fd_sc_hd__a211o_1)
     4    0.012494    0.118313    0.242514    1.612388 ^ _481_/X (sky130_fd_sc_hd__a211o_1)
                                                         _410_ (net)
                      0.118313    0.000454    1.612842 ^ _484_/A2 (sky130_fd_sc_hd__a21o_1)
     4    0.012662    0.116935    0.184975    1.797817 ^ _484_/X (sky130_fd_sc_hd__a21o_1)
                                                         _413_ (net)
                      0.116935    0.000298    1.798115 ^ _493_/A1 (sky130_fd_sc_hd__a211oi_1)
     3    0.007656    0.083917    0.109746    1.907861 v _493_/Y (sky130_fd_sc_hd__a211oi_1)
                                                         _422_ (net)
                      0.083917    0.000190    1.908051 v _503_/D (sky130_fd_sc_hd__or4_1)
     3    0.009311    0.124967    0.464487    2.372538 v _503_/X (sky130_fd_sc_hd__or4_1)
                                                         _432_ (net)
                      0.124967    0.000189    2.372727 v _507_/A3 (sky130_fd_sc_hd__a31o_1)
     2    0.006056    0.051485    0.259927    2.632654 v _507_/X (sky130_fd_sc_hd__a31o_1)
                                                         _436_ (net)
                      0.051485    0.000162    2.632816 v _509_/A2 (sky130_fd_sc_hd__a211o_1)
     3    0.014543    0.099300    0.349219    2.982035 v _509_/X (sky130_fd_sc_hd__a211o_1)
                                                         _438_ (net)
                      0.099300    0.000283    2.982318 v _515_/A2 (sky130_fd_sc_hd__a21oi_4)
     8    0.035104    0.276817    0.296958    3.279277 ^ _515_/Y (sky130_fd_sc_hd__a21oi_4)
                                                         _444_ (net)
                      0.276823    0.001027    3.280304 ^ _524_/S (sky130_fd_sc_hd__mux2_1)
     2    0.007389    0.078015    0.384515    3.664819 v _524_/X (sky130_fd_sc_hd__mux2_1)
                                                         _453_ (net)
                      0.078015    0.000187    3.665005 v _539_/A2 (sky130_fd_sc_hd__a221o_1)
     3    0.010330    0.088268    0.398060    4.063066 v _539_/X (sky130_fd_sc_hd__a221o_1)
                                                         _010_ (net)
                      0.088268    0.000258    4.063323 v _543_/A3 (sky130_fd_sc_hd__a311oi_2)
     4    0.010992    0.305144    0.363938    4.427261 ^ _543_/Y (sky130_fd_sc_hd__a311oi_2)
                                                         _014_ (net)
                      0.305144    0.000277    4.427538 ^ _548_/A (sky130_fd_sc_hd__nor2_1)
     2    0.013946    0.115218    0.157524    4.585062 v _548_/Y (sky130_fd_sc_hd__nor2_1)
                                                         _019_ (net)
                      0.115219    0.000620    4.585682 v _769_/A2 (sky130_fd_sc_hd__a211o_1)
     1    0.002754    0.046977    0.308793    4.894475 v _769_/X (sky130_fd_sc_hd__a211o_1)
                                                         _243_ (net)
                      0.046977    0.000087    4.894562 v _770_/A_N (sky130_fd_sc_hd__nand2b_1)
     1    0.002302    0.038564    0.132572    5.027134 v _770_/Y (sky130_fd_sc_hd__nand2b_1)
                                                         net24 (net)
                      0.038573    0.000051    5.027184 v output24/A (sky130_fd_sc_hd__buf_2)
     1    0.035491    0.092442    0.179145    5.206330 v output24/X (sky130_fd_sc_hd__buf_2)
                                                         op_out[3] (net)
                      0.092460    0.001257    5.207586 v op_out[3] (out)
                                              5.207586   data arrival time

                      0.000000   20.000000   20.000000   clock __VIRTUAL_CLK__ (rise edge)
                                  0.000000   20.000000   clock network delay (ideal)
                                 -0.250000   19.750002   clock uncertainty
                                  0.000000   19.750002   clock reconvergence pessimism
                                  0.000000   19.750002   output external delay
                                             19.750002   data required time
---------------------------------------------------------------------------------------------
                                             19.750002   data required time
                                             -5.207586   data arrival time
---------------------------------------------------------------------------------------------
                                             14.542415   slack (MET)


Startpoint: op_b[0] (input port clocked by __VIRTUAL_CLK__)
Endpoint: op_out[5] (output port clocked by __VIRTUAL_CLK__)
Path Group: __VIRTUAL_CLK__
Path Type: max

Fanout         Cap        Slew       Delay        Time   Description
---------------------------------------------------------------------------------------------
                      0.000000    0.000000    0.000000   clock __VIRTUAL_CLK__ (rise edge)
                                  0.000000    0.000000   clock network delay (ideal)
                                  0.000000    0.000000 ^ input external delay
     1    0.003329    0.022021    0.012173    0.012173 ^ op_b[0] (in)
                                                         op_b[0] (net)
                      0.022021    0.000000    0.012173 ^ input13/A (sky130_fd_sc_hd__clkbuf_2)
     4    0.018400    0.106255    0.141227    0.153400 ^ input13/X (sky130_fd_sc_hd__clkbuf_2)
                                                         net13 (net)
                      0.106256    0.000498    0.153898 ^ fanout66/A (sky130_fd_sc_hd__buf_2)
    10    0.037169    0.183790    0.229301    0.383199 ^ fanout66/X (sky130_fd_sc_hd__buf_2)
                                                         net66 (net)
                      0.183852    0.000456    0.383655 ^ fanout65/A (sky130_fd_sc_hd__buf_2)
    10    0.036300    0.180003    0.249711    0.633366 ^ fanout65/X (sky130_fd_sc_hd__buf_2)
                                                         net65 (net)
                      0.180011    0.001439    0.634805 ^ _458_/A (sky130_fd_sc_hd__inv_2)
     4    0.012160    0.058017    0.075847    0.710653 v _458_/Y (sky130_fd_sc_hd__inv_2)
                                                         _188_ (net)
                      0.058017    0.000269    0.710922 v fanout35/A (sky130_fd_sc_hd__clkbuf_4)
    10    0.037693    0.085752    0.193447    0.904370 v fanout35/X (sky130_fd_sc_hd__clkbuf_4)
                                                         net35 (net)
                      0.085758    0.000782    0.905151 v _536_/A (sky130_fd_sc_hd__nor2_1)
     4    0.013114    0.246399    0.238282    1.143434 ^ _536_/Y (sky130_fd_sc_hd__nor2_1)
                                                         _007_ (net)
                      0.246400    0.000461    1.143895 ^ _780_/C (sky130_fd_sc_hd__and3_1)
     2    0.011370    0.124808    0.251311    1.395206 ^ _780_/X (sky130_fd_sc_hd__and3_1)
                                                         _254_ (net)
                      0.124808    0.000359    1.395565 ^ _781_/B1 (sky130_fd_sc_hd__a21oi_2)
     2    0.011439    0.062740    0.066093    1.461657 v _781_/Y (sky130_fd_sc_hd__a21oi_2)
                                                         _255_ (net)
                      0.062740    0.000167    1.461825 v _805_/A3 (sky130_fd_sc_hd__a31oi_2)
     2    0.008106    0.175681    0.218833    1.680658 ^ _805_/Y (sky130_fd_sc_hd__a31oi_2)
                                                         _280_ (net)
                      0.175681    0.000312    1.680969 ^ _813_/A (sky130_fd_sc_hd__xnor2_1)
     2    0.006574    0.188097    0.165316    1.846286 ^ _813_/Y (sky130_fd_sc_hd__xnor2_1)
                                                         _289_ (net)
                      0.188097    0.000223    1.846508 ^ _814_/B (sky130_fd_sc_hd__or2_1)
     1    0.003177    0.044368    0.129030    1.975539 ^ _814_/X (sky130_fd_sc_hd__or2_1)
                                                         _290_ (net)
                      0.044369    0.000075    1.975614 ^ _816_/A (sky130_fd_sc_hd__nand2_1)
     2    0.006033    0.054032    0.060696    2.036310 v _816_/Y (sky130_fd_sc_hd__nand2_1)
                                                         _292_ (net)
                      0.054032    0.000212    2.036522 v _817_/C (sky130_fd_sc_hd__and3_1)
     1    0.003233    0.038887    0.180031    2.216553 v _817_/X (sky130_fd_sc_hd__and3_1)
                                                         _293_ (net)
                      0.038887    0.000080    2.216633 v _819_/A (sky130_fd_sc_hd__nor2_1)
     2    0.007789    0.157334    0.155578    2.372210 ^ _819_/Y (sky130_fd_sc_hd__nor2_1)
                                                         _296_ (net)
                      0.157334    0.000142    2.372352 ^ _820_/B (sky130_fd_sc_hd__xnor2_1)
     2    0.005489    0.166979    0.154587    2.526939 ^ _820_/Y (sky130_fd_sc_hd__xnor2_1)
                                                         _297_ (net)
                      0.166979    0.000179    2.527119 ^ _821_/B (sky130_fd_sc_hd__or2_1)
     3    0.013732    0.136013    0.192710    2.719829 ^ _821_/X (sky130_fd_sc_hd__or2_1)
                                                         _298_ (net)
                      0.136013    0.000213    2.720042 ^ _824_/A (sky130_fd_sc_hd__nand2_1)
     3    0.008306    0.077066    0.102173    2.822215 v _824_/Y (sky130_fd_sc_hd__nand2_1)
                                                         _301_ (net)
                      0.077066    0.000165    2.822380 v _827_/A2 (sky130_fd_sc_hd__o21a_1)
     1    0.003689    0.039222    0.180170    3.002550 v _827_/X (sky130_fd_sc_hd__o21a_1)
                                                         _304_ (net)
                      0.039222    0.000130    3.002680 v _840_/B2 (sky130_fd_sc_hd__a221o_1)
     1    0.004100    0.058655    0.319470    3.322150 v _840_/X (sky130_fd_sc_hd__a221o_1)
                                                         _319_ (net)
                      0.058655    0.000129    3.322279 v _842_/B (sky130_fd_sc_hd__or3_1)
     1    0.003957    0.072112    0.353019    3.675297 v _842_/X (sky130_fd_sc_hd__or3_1)
                                                         net26 (net)
                      0.072112    0.000148    3.675445 v output26/A (sky130_fd_sc_hd__buf_2)
     1    0.034658    0.090441    0.192737    3.868183 v output26/X (sky130_fd_sc_hd__buf_2)
                                                         op_out[5] (net)
                      0.090451    0.000943    3.869126 v op_out[5] (out)
                                              3.869126   data arrival time

                      0.000000   20.000000   20.000000   clock __VIRTUAL_CLK__ (rise edge)
                                  0.000000   20.000000   clock network delay (ideal)
                                 -0.250000   19.750002   clock uncertainty
                                  0.000000   19.750002   clock reconvergence pessimism
                                  0.000000   19.750002   output external delay
                                             19.750002   data required time
---------------------------------------------------------------------------------------------
                                             19.750002   data required time
                                             -3.869126   data arrival time
---------------------------------------------------------------------------------------------
                                             15.880876   slack (MET)


Startpoint: op_b[0] (input port clocked by __VIRTUAL_CLK__)
Endpoint: op_out[7] (output port clocked by __VIRTUAL_CLK__)
Path Group: __VIRTUAL_CLK__
Path Type: max

Fanout         Cap        Slew       Delay        Time   Description
---------------------------------------------------------------------------------------------
                      0.000000    0.000000    0.000000   clock __VIRTUAL_CLK__ (rise edge)
                                  0.000000    0.000000   clock network delay (ideal)
                                  0.000000    0.000000 ^ input external delay
     1    0.003329    0.022021    0.012173    0.012173 ^ op_b[0] (in)
                                                         op_b[0] (net)
                      0.022021    0.000000    0.012173 ^ input13/A (sky130_fd_sc_hd__clkbuf_2)
     4    0.018400    0.106255    0.141227    0.153400 ^ input13/X (sky130_fd_sc_hd__clkbuf_2)
                                                         net13 (net)
                      0.106256    0.000498    0.153898 ^ fanout66/A (sky130_fd_sc_hd__buf_2)
    10    0.037169    0.183790    0.229301    0.383199 ^ fanout66/X (sky130_fd_sc_hd__buf_2)
                                                         net66 (net)
                      0.183852    0.000456    0.383655 ^ fanout65/A (sky130_fd_sc_hd__buf_2)
    10    0.036300    0.180003    0.249711    0.633366 ^ fanout65/X (sky130_fd_sc_hd__buf_2)
                                                         net65 (net)
                      0.180011    0.001439    0.634805 ^ _458_/A (sky130_fd_sc_hd__inv_2)
     4    0.012160    0.058017    0.075847    0.710653 v _458_/Y (sky130_fd_sc_hd__inv_2)
                                                         _188_ (net)
                      0.058017    0.000269    0.710922 v fanout35/A (sky130_fd_sc_hd__clkbuf_4)
    10    0.037693    0.085752    0.193447    0.904370 v fanout35/X (sky130_fd_sc_hd__clkbuf_4)
                                                         net35 (net)
                      0.085758    0.000782    0.905151 v _536_/A (sky130_fd_sc_hd__nor2_1)
     4    0.013114    0.246399    0.238282    1.143434 ^ _536_/Y (sky130_fd_sc_hd__nor2_1)
                                                         _007_ (net)
                      0.246400    0.000461    1.143895 ^ _780_/C (sky130_fd_sc_hd__and3_1)
     2    0.011370    0.124808    0.251311    1.395206 ^ _780_/X (sky130_fd_sc_hd__and3_1)
                                                         _254_ (net)
                      0.124808    0.000359    1.395565 ^ _781_/B1 (sky130_fd_sc_hd__a21oi_2)
     2    0.011439    0.062740    0.066093    1.461657 v _781_/Y (sky130_fd_sc_hd__a21oi_2)
                                                         _255_ (net)
                      0.062740    0.000167    1.461825 v _805_/A3 (sky130_fd_sc_hd__a31oi_2)
     2    0.008106    0.175681    0.218833    1.680658 ^ _805_/Y (sky130_fd_sc_hd__a31oi_2)
                                                         _280_ (net)
                      0.175681    0.000312    1.680969 ^ _813_/A (sky130_fd_sc_hd__xnor2_1)
     2    0.006574    0.188097    0.165316    1.846286 ^ _813_/Y (sky130_fd_sc_hd__xnor2_1)
                                                         _289_ (net)
                      0.188097    0.000223    1.846508 ^ _814_/B (sky130_fd_sc_hd__or2_1)
     1    0.003177    0.044368    0.129030    1.975539 ^ _814_/X (sky130_fd_sc_hd__or2_1)
                                                         _290_ (net)
                      0.044369    0.000075    1.975614 ^ _816_/A (sky130_fd_sc_hd__nand2_1)
     2    0.006033    0.054032    0.060696    2.036310 v _816_/Y (sky130_fd_sc_hd__nand2_1)
                                                         _292_ (net)
                      0.054032    0.000212    2.036522 v _817_/C (sky130_fd_sc_hd__and3_1)
     1    0.003233    0.038887    0.180031    2.216553 v _817_/X (sky130_fd_sc_hd__and3_1)
                                                         _293_ (net)
                      0.038887    0.000080    2.216633 v _819_/A (sky130_fd_sc_hd__nor2_1)
     2    0.007789    0.157334    0.155578    2.372210 ^ _819_/Y (sky130_fd_sc_hd__nor2_1)
                                                         _296_ (net)
                      0.157334    0.000142    2.372352 ^ _820_/B (sky130_fd_sc_hd__xnor2_1)
     2    0.005489    0.166979    0.154587    2.526939 ^ _820_/Y (sky130_fd_sc_hd__xnor2_1)
                                                         _297_ (net)
                      0.166979    0.000179    2.527119 ^ _821_/B (sky130_fd_sc_hd__or2_1)
     3    0.013732    0.136013    0.192710    2.719829 ^ _821_/X (sky130_fd_sc_hd__or2_1)
                                                         _298_ (net)
                      0.136013    0.000213    2.720042 ^ _824_/A (sky130_fd_sc_hd__nand2_1)
     3    0.008306    0.077066    0.102173    2.822215 v _824_/Y (sky130_fd_sc_hd__nand2_1)
                                                         _301_ (net)
                      0.077066    0.000129    2.822343 v _826_/B (sky130_fd_sc_hd__nor2_1)
     3    0.009447    0.184870    0.175270    2.997613 ^ _826_/Y (sky130_fd_sc_hd__nor2_1)
                                                         _303_ (net)
                      0.184871    0.000323    2.997936 ^ _892_/A2 (sky130_fd_sc_hd__o21ai_1)
     2    0.005748    0.092015    0.101372    3.099308 v _892_/Y (sky130_fd_sc_hd__o21ai_1)
                                                         _374_ (net)
                      0.092015    0.000184    3.099492 v _917_/A (sky130_fd_sc_hd__or2_1)
     1    0.003465    0.051872    0.242542    3.342033 v _917_/X (sky130_fd_sc_hd__or2_1)
                                                         _401_ (net)
                      0.051872    0.000119    3.342152 v _923_/A2 (sky130_fd_sc_hd__a311o_1)
     1    0.002829    0.053186    0.305179    3.647331 v _923_/X (sky130_fd_sc_hd__a311o_1)
                                                         net28 (net)
                      0.053186    0.000091    3.647422 v output28/A (sky130_fd_sc_hd__buf_2)
     1    0.034543    0.090100    0.184045    3.831467 v output28/X (sky130_fd_sc_hd__buf_2)
                                                         op_out[7] (net)
                      0.090106    0.000774    3.832242 v op_out[7] (out)
                                              3.832242   data arrival time

                      0.000000   20.000000   20.000000   clock __VIRTUAL_CLK__ (rise edge)
                                  0.000000   20.000000   clock network delay (ideal)
                                 -0.250000   19.750002   clock uncertainty
                                  0.000000   19.750002   clock reconvergence pessimism
                                  0.000000   19.750002   output external delay
                                             19.750002   data required time
---------------------------------------------------------------------------------------------
                                             19.750002   data required time
                                             -3.832242   data arrival time
---------------------------------------------------------------------------------------------
                                             15.917760   slack (MET)


Startpoint: op_b[0] (input port clocked by __VIRTUAL_CLK__)
Endpoint: op_out[4] (output port clocked by __VIRTUAL_CLK__)
Path Group: __VIRTUAL_CLK__
Path Type: max

Fanout         Cap        Slew       Delay        Time   Description
---------------------------------------------------------------------------------------------
                      0.000000    0.000000    0.000000   clock __VIRTUAL_CLK__ (rise edge)
                                  0.000000    0.000000   clock network delay (ideal)
                                  0.000000    0.000000 ^ input external delay
     1    0.003329    0.022021    0.012173    0.012173 ^ op_b[0] (in)
                                                         op_b[0] (net)
                      0.022021    0.000000    0.012173 ^ input13/A (sky130_fd_sc_hd__clkbuf_2)
     4    0.018400    0.106255    0.141227    0.153400 ^ input13/X (sky130_fd_sc_hd__clkbuf_2)
                                                         net13 (net)
                      0.106256    0.000498    0.153898 ^ fanout66/A (sky130_fd_sc_hd__buf_2)
    10    0.037169    0.183790    0.229301    0.383199 ^ fanout66/X (sky130_fd_sc_hd__buf_2)
                                                         net66 (net)
                      0.183852    0.000456    0.383655 ^ fanout65/A (sky130_fd_sc_hd__buf_2)
    10    0.036300    0.180003    0.249711    0.633366 ^ fanout65/X (sky130_fd_sc_hd__buf_2)
                                                         net65 (net)
                      0.180011    0.001439    0.634805 ^ _458_/A (sky130_fd_sc_hd__inv_2)
     4    0.012160    0.058017    0.075847    0.710653 v _458_/Y (sky130_fd_sc_hd__inv_2)
                                                         _188_ (net)
                      0.058017    0.000269    0.710922 v fanout35/A (sky130_fd_sc_hd__clkbuf_4)
    10    0.037693    0.085752    0.193447    0.904370 v fanout35/X (sky130_fd_sc_hd__clkbuf_4)
                                                         net35 (net)
                      0.085767    0.001103    0.905472 v _472_/A1 (sky130_fd_sc_hd__o41ai_4)
     5    0.016839    0.372411    0.463843    1.369315 ^ _472_/Y (sky130_fd_sc_hd__o41ai_4)
                                                         _338_ (net)
                      0.372411    0.000558    1.369873 ^ _481_/A2 (sky130_fd_sc_hd__a211o_1)
     4    0.012494    0.118313    0.242514    1.612388 ^ _481_/X (sky130_fd_sc_hd__a211o_1)
                                                         _410_ (net)
                      0.118313    0.000454    1.612842 ^ _484_/A2 (sky130_fd_sc_hd__a21o_1)
     4    0.012662    0.116935    0.184975    1.797817 ^ _484_/X (sky130_fd_sc_hd__a21o_1)
                                                         _413_ (net)
                      0.116935    0.000298    1.798115 ^ _493_/A1 (sky130_fd_sc_hd__a211oi_1)
     3    0.007656    0.083917    0.109746    1.907861 v _493_/Y (sky130_fd_sc_hd__a211oi_1)
                                                         _422_ (net)
                      0.083917    0.000190    1.908051 v _503_/D (sky130_fd_sc_hd__or4_1)
     3    0.009311    0.124967    0.464487    2.372538 v _503_/X (sky130_fd_sc_hd__or4_1)
                                                         _432_ (net)
                      0.124967    0.000189    2.372727 v _507_/A3 (sky130_fd_sc_hd__a31o_1)
     2    0.006056    0.051485    0.259927    2.632654 v _507_/X (sky130_fd_sc_hd__a31o_1)
                                                         _436_ (net)
                      0.051485    0.000162    2.632816 v _509_/A2 (sky130_fd_sc_hd__a211o_1)
     3    0.014543    0.099300    0.349219    2.982035 v _509_/X (sky130_fd_sc_hd__a211o_1)
                                                         _438_ (net)
                      0.099300    0.000283    2.982318 v _515_/A2 (sky130_fd_sc_hd__a21oi_4)
     8    0.035104    0.276817    0.296958    3.279277 ^ _515_/Y (sky130_fd_sc_hd__a21oi_4)
                                                         _444_ (net)
                      0.276831    0.001574    3.280850 ^ _797_/A2 (sky130_fd_sc_hd__a211oi_1)
     1    0.003928    0.082722    0.128731    3.409581 v _797_/Y (sky130_fd_sc_hd__a211oi_1)
                                                         _272_ (net)
                      0.082722    0.000144    3.409725 v _798_/B1 (sky130_fd_sc_hd__o31ai_1)
     1    0.003871    0.216945    0.084464    3.494189 ^ _798_/Y (sky130_fd_sc_hd__o31ai_1)
                                                         net25 (net)
                      0.216945    0.000146    3.494335 ^ output25/A (sky130_fd_sc_hd__buf_2)
     1    0.034584    0.172228    0.253051    3.747386 ^ output25/X (sky130_fd_sc_hd__buf_2)
                                                         op_out[4] (net)
                      0.172230    0.000914    3.748300 ^ op_out[4] (out)
                                              3.748300   data arrival time

                      0.000000   20.000000   20.000000   clock __VIRTUAL_CLK__ (rise edge)
                                  0.000000   20.000000   clock network delay (ideal)
                                 -0.250000   19.750002   clock uncertainty
                                  0.000000   19.750002   clock reconvergence pessimism
                                  0.000000   19.750002   output external delay
                                             19.750002   data required time
---------------------------------------------------------------------------------------------
                                             19.750002   data required time
                                             -3.748300   data arrival time
---------------------------------------------------------------------------------------------
                                             16.001701   slack (MET)


Startpoint: op_b[0] (input port clocked by __VIRTUAL_CLK__)
Endpoint: op_out[6] (output port clocked by __VIRTUAL_CLK__)
Path Group: __VIRTUAL_CLK__
Path Type: max

Fanout         Cap        Slew       Delay        Time   Description
---------------------------------------------------------------------------------------------
                      0.000000    0.000000    0.000000   clock __VIRTUAL_CLK__ (rise edge)
                                  0.000000    0.000000   clock network delay (ideal)
                                  0.000000    0.000000 ^ input external delay
     1    0.003329    0.022021    0.012173    0.012173 ^ op_b[0] (in)
                                                         op_b[0] (net)
                      0.022021    0.000000    0.012173 ^ input13/A (sky130_fd_sc_hd__clkbuf_2)
     4    0.018400    0.106255    0.141227    0.153400 ^ input13/X (sky130_fd_sc_hd__clkbuf_2)
                                                         net13 (net)
                      0.106256    0.000498    0.153898 ^ fanout66/A (sky130_fd_sc_hd__buf_2)
    10    0.037169    0.183790    0.229301    0.383199 ^ fanout66/X (sky130_fd_sc_hd__buf_2)
                                                         net66 (net)
                      0.183852    0.000456    0.383655 ^ fanout65/A (sky130_fd_sc_hd__buf_2)
    10    0.036300    0.180003    0.249711    0.633366 ^ fanout65/X (sky130_fd_sc_hd__buf_2)
                                                         net65 (net)
                      0.180011    0.001439    0.634805 ^ _458_/A (sky130_fd_sc_hd__inv_2)
     4    0.012160    0.058017    0.075847    0.710653 v _458_/Y (sky130_fd_sc_hd__inv_2)
                                                         _188_ (net)
                      0.058017    0.000269    0.710922 v fanout35/A (sky130_fd_sc_hd__clkbuf_4)
    10    0.037693    0.085752    0.193447    0.904370 v fanout35/X (sky130_fd_sc_hd__clkbuf_4)
                                                         net35 (net)
                      0.085758    0.000782    0.905151 v _536_/A (sky130_fd_sc_hd__nor2_1)
     4    0.013114    0.246399    0.238282    1.143434 ^ _536_/Y (sky130_fd_sc_hd__nor2_1)
                                                         _007_ (net)
                      0.246400    0.000461    1.143895 ^ _780_/C (sky130_fd_sc_hd__and3_1)
     2    0.011370    0.124808    0.251311    1.395206 ^ _780_/X (sky130_fd_sc_hd__and3_1)
                                                         _254_ (net)
                      0.124808    0.000359    1.395565 ^ _781_/B1 (sky130_fd_sc_hd__a21oi_2)
     2    0.011439    0.062740    0.066093    1.461657 v _781_/Y (sky130_fd_sc_hd__a21oi_2)
                                                         _255_ (net)
                      0.062740    0.000167    1.461825 v _805_/A3 (sky130_fd_sc_hd__a31oi_2)
     2    0.008106    0.175681    0.218833    1.680658 ^ _805_/Y (sky130_fd_sc_hd__a31oi_2)
                                                         _280_ (net)
                      0.175681    0.000312    1.680969 ^ _813_/A (sky130_fd_sc_hd__xnor2_1)
     2    0.006574    0.188097    0.165316    1.846286 ^ _813_/Y (sky130_fd_sc_hd__xnor2_1)
                                                         _289_ (net)
                      0.188097    0.000223    1.846508 ^ _814_/B (sky130_fd_sc_hd__or2_1)
     1    0.003177    0.044368    0.129030    1.975539 ^ _814_/X (sky130_fd_sc_hd__or2_1)
                                                         _290_ (net)
                      0.044369    0.000075    1.975614 ^ _816_/A (sky130_fd_sc_hd__nand2_1)
     2    0.006033    0.054032    0.060696    2.036310 v _816_/Y (sky130_fd_sc_hd__nand2_1)
                                                         _292_ (net)
                      0.054032    0.000212    2.036522 v _817_/C (sky130_fd_sc_hd__and3_1)
     1    0.003233    0.038887    0.180031    2.216553 v _817_/X (sky130_fd_sc_hd__and3_1)
                                                         _293_ (net)
                      0.038887    0.000080    2.216633 v _819_/A (sky130_fd_sc_hd__nor2_1)
     2    0.007789    0.157334    0.155578    2.372210 ^ _819_/Y (sky130_fd_sc_hd__nor2_1)
                                                         _296_ (net)
                      0.157334    0.000142    2.372352 ^ _820_/B (sky130_fd_sc_hd__xnor2_1)
     2    0.005106    0.061043    0.097431    2.469782 v _820_/Y (sky130_fd_sc_hd__xnor2_1)
                                                         _297_ (net)
                      0.061043    0.000165    2.469948 v _821_/B (sky130_fd_sc_hd__or2_1)
     3    0.012907    0.092057    0.261593    2.731541 v _821_/X (sky130_fd_sc_hd__or2_1)
                                                         _298_ (net)
                      0.092057    0.000201    2.731741 v _824_/A (sky130_fd_sc_hd__nand2_1)
     3    0.009109    0.096025    0.114206    2.845947 ^ _824_/Y (sky130_fd_sc_hd__nand2_1)
                                                         _301_ (net)
                      0.096025    0.000142    2.846089 ^ _826_/B (sky130_fd_sc_hd__nor2_1)
     3    0.008866    0.058985    0.073624    2.919713 v _826_/Y (sky130_fd_sc_hd__nor2_1)
                                                         _303_ (net)
                      0.058985    0.000171    2.919884 v _878_/A (sky130_fd_sc_hd__or2_1)
     1    0.003170    0.049977    0.228003    3.147887 v _878_/X (sky130_fd_sc_hd__or2_1)
                                                         _359_ (net)
                      0.049977    0.000101    3.147988 v _885_/A2 (sky130_fd_sc_hd__a31o_1)
     1    0.002518    0.035375    0.198120    3.346109 v _885_/X (sky130_fd_sc_hd__a31o_1)
                                                         net27 (net)
                      0.035375    0.000080    3.346188 v output27/A (sky130_fd_sc_hd__buf_2)
     1    0.035172    0.091748    0.177232    3.523420 v output27/X (sky130_fd_sc_hd__buf_2)
                                                         op_out[6] (net)
                      0.091765    0.001180    3.524600 v op_out[6] (out)
                                              3.524600   data arrival time

                      0.000000   20.000000   20.000000   clock __VIRTUAL_CLK__ (rise edge)
                                  0.000000   20.000000   clock network delay (ideal)
                                 -0.250000   19.750002   clock uncertainty
                                  0.000000   19.750002   clock reconvergence pessimism
                                  0.000000   19.750002   output external delay
                                             19.750002   data required time
---------------------------------------------------------------------------------------------
                                             19.750002   data required time
                                             -3.524600   data arrival time
---------------------------------------------------------------------------------------------
                                             16.225401   slack (MET)



%OL_END_REPORT
%OL_CREATE_REPORT checks.rpt

===========================================================================
report_checks -unconstrained
===========================================================================
======================= nom_tt_025C_1v80 Corner ===================================

Startpoint: op_b[0] (input port clocked by __VIRTUAL_CLK__)
Endpoint: op_out[0] (output port clocked by __VIRTUAL_CLK__)
Path Group: __VIRTUAL_CLK__
Path Type: max

Fanout         Cap        Slew       Delay        Time   Description
---------------------------------------------------------------------------------------------
                      0.000000    0.000000    0.000000   clock __VIRTUAL_CLK__ (rise edge)
                                  0.000000    0.000000   clock network delay (ideal)
                                  0.000000    0.000000 ^ input external delay
     1    0.003329    0.022021    0.012173    0.012173 ^ op_b[0] (in)
                                                         op_b[0] (net)
                      0.022021    0.000000    0.012173 ^ input13/A (sky130_fd_sc_hd__clkbuf_2)
     4    0.018400    0.106255    0.141227    0.153400 ^ input13/X (sky130_fd_sc_hd__clkbuf_2)
                                                         net13 (net)
                      0.106256    0.000498    0.153898 ^ fanout66/A (sky130_fd_sc_hd__buf_2)
    10    0.037169    0.183790    0.229301    0.383199 ^ fanout66/X (sky130_fd_sc_hd__buf_2)
                                                         net66 (net)
                      0.183852    0.000456    0.383655 ^ fanout65/A (sky130_fd_sc_hd__buf_2)
    10    0.036300    0.180003    0.249711    0.633366 ^ fanout65/X (sky130_fd_sc_hd__buf_2)
                                                         net65 (net)
                      0.180011    0.001439    0.634805 ^ _458_/A (sky130_fd_sc_hd__inv_2)
     4    0.012160    0.058017    0.075847    0.710653 v _458_/Y (sky130_fd_sc_hd__inv_2)
                                                         _188_ (net)
                      0.058017    0.000269    0.710922 v fanout35/A (sky130_fd_sc_hd__clkbuf_4)
    10    0.037693    0.085752    0.193447    0.904370 v fanout35/X (sky130_fd_sc_hd__clkbuf_4)
                                                         net35 (net)
                      0.085767    0.001103    0.905472 v _472_/A1 (sky130_fd_sc_hd__o41ai_4)
     5    0.016839    0.372411    0.463843    1.369315 ^ _472_/Y (sky130_fd_sc_hd__o41ai_4)
                                                         _338_ (net)
                      0.372411    0.000558    1.369873 ^ _481_/A2 (sky130_fd_sc_hd__a211o_1)
     4    0.012494    0.118313    0.242514    1.612388 ^ _481_/X (sky130_fd_sc_hd__a211o_1)
                                                         _410_ (net)
                      0.118313    0.000454    1.612842 ^ _484_/A2 (sky130_fd_sc_hd__a21o_1)
     4    0.012662    0.116935    0.184975    1.797817 ^ _484_/X (sky130_fd_sc_hd__a21o_1)
                                                         _413_ (net)
                      0.116935    0.000298    1.798115 ^ _493_/A1 (sky130_fd_sc_hd__a211oi_1)
     3    0.007656    0.083917    0.109746    1.907861 v _493_/Y (sky130_fd_sc_hd__a211oi_1)
                                                         _422_ (net)
                      0.083917    0.000190    1.908051 v _503_/D (sky130_fd_sc_hd__or4_1)
     3    0.009311    0.124967    0.464487    2.372538 v _503_/X (sky130_fd_sc_hd__or4_1)
                                                         _432_ (net)
                      0.124967    0.000189    2.372727 v _507_/A3 (sky130_fd_sc_hd__a31o_1)
     2    0.006056    0.051485    0.259927    2.632654 v _507_/X (sky130_fd_sc_hd__a31o_1)
                                                         _436_ (net)
                      0.051485    0.000162    2.632816 v _509_/A2 (sky130_fd_sc_hd__a211o_1)
     3    0.014543    0.099300    0.349219    2.982035 v _509_/X (sky130_fd_sc_hd__a211o_1)
                                                         _438_ (net)
                      0.099300    0.000283    2.982318 v _515_/A2 (sky130_fd_sc_hd__a21oi_4)
     8    0.035104    0.276817    0.296958    3.279277 ^ _515_/Y (sky130_fd_sc_hd__a21oi_4)
                                                         _444_ (net)
                      0.276823    0.001027    3.280304 ^ _524_/S (sky130_fd_sc_hd__mux2_1)
     2    0.007389    0.078015    0.384515    3.664819 v _524_/X (sky130_fd_sc_hd__mux2_1)
                                                         _453_ (net)
                      0.078015    0.000187    3.665005 v _539_/A2 (sky130_fd_sc_hd__a221o_1)
     3    0.010330    0.088268    0.398060    4.063066 v _539_/X (sky130_fd_sc_hd__a221o_1)
                                                         _010_ (net)
                      0.088268    0.000158    4.063223 v _544_/A3 (sky130_fd_sc_hd__a311o_1)
     5    0.015399    0.112156    0.428741    4.491964 v _544_/X (sky130_fd_sc_hd__a311o_1)
                                                         _015_ (net)
                      0.112156    0.000382    4.492346 v _571_/A1 (sky130_fd_sc_hd__a21o_1)
     4    0.011216    0.067309    0.214726    4.707073 v _571_/X (sky130_fd_sc_hd__a21o_1)
                                                         _042_ (net)
                      0.067309    0.000195    4.707268 v _574_/B (sky130_fd_sc_hd__and3_1)
     3    0.007500    0.057469    0.191829    4.899096 v _574_/X (sky130_fd_sc_hd__and3_1)
                                                         _045_ (net)
                      0.057469    0.000155    4.899252 v _585_/A (sky130_fd_sc_hd__or4_1)
     1    0.003128    0.084871    0.518591    5.417842 v _585_/X (sky130_fd_sc_hd__or4_1)
                                                         _056_ (net)
                      0.084871    0.000110    5.417953 v _586_/C (sky130_fd_sc_hd__or4b_1)
     1    0.009498    0.123607    0.533071    5.951024 v _586_/X (sky130_fd_sc_hd__or4b_1)
                                                         _057_ (net)
                      0.123607    0.000375    5.951398 v _590_/A2 (sky130_fd_sc_hd__a311oi_4)
     4    0.018636    0.339347    0.381811    6.333209 ^ _590_/Y (sky130_fd_sc_hd__a311oi_4)
                                                         _061_ (net)
                      0.339348    0.000795    6.334004 ^ max_cap30/A (sky130_fd_sc_hd__buf_6)
     5    0.022939    0.059687    0.175928    6.509933 ^ max_cap30/X (sky130_fd_sc_hd__buf_6)
                                                         net30 (net)
                      0.059689    0.000417    6.510350 ^ _619_/S (sky130_fd_sc_hd__mux2_2)
     5    0.019924    0.090712    0.385898    6.896249 v _619_/X (sky130_fd_sc_hd__mux2_2)
                                                         _090_ (net)
                      0.090716    0.000749    6.896998 v _623_/B1 (sky130_fd_sc_hd__o22a_1)
     2    0.005346    0.055854    0.204940    7.101938 v _623_/X (sky130_fd_sc_hd__o22a_1)
                                                         _094_ (net)
                      0.055854    0.000085    7.102023 v _624_/B (sky130_fd_sc_hd__or4bb_4)
     4    0.019028    0.112690    0.560965    7.662988 v _624_/X (sky130_fd_sc_hd__or4bb_4)
                                                         _095_ (net)
                      0.112690    0.000470    7.663458 v _628_/A1 (sky130_fd_sc_hd__a21oi_4)
     3    0.010923    0.129409    0.167545    7.831003 ^ _628_/Y (sky130_fd_sc_hd__a21oi_4)
                                                         _099_ (net)
                      0.129410    0.000326    7.831329 ^ fanout29/A (sky130_fd_sc_hd__clkbuf_4)
    10    0.038010    0.123148    0.223407    8.054736 ^ fanout29/X (sky130_fd_sc_hd__clkbuf_4)
                                                         net29 (net)
                      0.123176    0.001816    8.056552 ^ _665_/S (sky130_fd_sc_hd__mux2_1)
     3    0.007899    0.080938    0.365787    8.422338 v _665_/X (sky130_fd_sc_hd__mux2_1)
                                                         _136_ (net)
                      0.080938    0.000134    8.422473 v _669_/A2 (sky130_fd_sc_hd__a21o_1)
     1    0.003369    0.035649    0.188444    8.610917 v _669_/X (sky130_fd_sc_hd__a21o_1)
                                                         _140_ (net)
                      0.035649    0.000085    8.611002 v _671_/A2 (sky130_fd_sc_hd__o211a_1)
     1    0.002895    0.038867    0.195743    8.806745 v _671_/X (sky130_fd_sc_hd__o211a_1)
                                                         _142_ (net)
                      0.038867    0.000068    8.806812 v _672_/B2 (sky130_fd_sc_hd__o221a_1)
     1    0.004057    0.052045    0.206787    9.013600 v _672_/X (sky130_fd_sc_hd__o221a_1)
                                                         _143_ (net)
                      0.052045    0.000151    9.013751 v _675_/A2 (sky130_fd_sc_hd__o21a_1)
     1    0.002777    0.034774    0.164434    9.178185 v _675_/X (sky130_fd_sc_hd__o21a_1)
                                                         _146_ (net)
                      0.034774    0.000060    9.178246 v _679_/A1 (sky130_fd_sc_hd__o21a_1)
     1    0.004780    0.044006    0.185077    9.363322 v _679_/X (sky130_fd_sc_hd__o21a_1)
                                                         _150_ (net)
                      0.044006    0.000166    9.363488 v _700_/A (sky130_fd_sc_hd__or3_1)
     1    0.003190    0.067378    0.365148    9.728636 v _700_/X (sky130_fd_sc_hd__or3_1)
                                                         net21 (net)
                      0.067378    0.000110    9.728746 v output21/A (sky130_fd_sc_hd__buf_2)
     1    0.034706    0.090542    0.190663    9.919409 v output21/X (sky130_fd_sc_hd__buf_2)
                                                         op_out[0] (net)
                      0.090552    0.000957    9.920365 v op_out[0] (out)
                                              9.920365   data arrival time

                      0.000000   20.000000   20.000000   clock __VIRTUAL_CLK__ (rise edge)
                                  0.000000   20.000000   clock network delay (ideal)
                                 -0.250000   19.750002   clock uncertainty
                                  0.000000   19.750002   clock reconvergence pessimism
                                  0.000000   19.750002   output external delay
                                             19.750002   data required time
---------------------------------------------------------------------------------------------
                                             19.750002   data required time
                                             -9.920365   data arrival time
---------------------------------------------------------------------------------------------
                                              9.829636   slack (MET)




===========================================================================
report_checks --slack_max -0.01
============================================================================
======================= nom_tt_025C_1v80 Corner ===================================

No paths found.


===========================================================================
 report_check_types -max_slew -max_cap -max_fanout -violators
============================================================================
======================= nom_tt_025C_1v80 Corner ===================================



===========================================================================
report_parasitic_annotation -report_unannotated
============================================================================
Found 0 unannotated drivers.
Found 0 partially unannotated drivers.

===========================================================================
max slew violation count 0
Writing metric design__max_slew_violation__count__corner:nom_tt_025C_1v80: 0
max fanout violation count 0
Writing metric design__max_fanout_violation__count__corner:nom_tt_025C_1v80: 0
max cap violation count 0
Writing metric design__max_cap_violation__count__corner:nom_tt_025C_1v80: 0
============================================================================

===========================================================================
check_setup -verbose -unconstrained_endpoints -multiple_clock -no_clock -no_input_delay -loops -generated_clocks
===========================================================================
%OL_END_REPORT
%OL_CREATE_REPORT power.rpt

===========================================================================
 report_power
============================================================================
======================= nom_tt_025C_1v80 Corner ===================================

Group                    Internal    Switching      Leakage        Total
                            Power        Power        Power        Power (Watts)
------------------------------------------------------------------------
Sequential           0.000000e+00 0.000000e+00 0.000000e+00 0.000000e+00   0.0%
Combinational        5.853692e-05 7.166102e-05 1.778464e-09 1.301997e-04 100.0%
Clock                0.000000e+00 0.000000e+00 2.851233e-10 2.851233e-10   0.0%
Macro                0.000000e+00 0.000000e+00 0.000000e+00 0.000000e+00   0.0%
Pad                  0.000000e+00 0.000000e+00 0.000000e+00 0.000000e+00   0.0%
------------------------------------------------------------------------
Total                5.853692e-05 7.166102e-05 2.063591e-09 1.302000e-04 100.0%
                            45.0%        55.0%         0.0%
Writing metric power__internal__total: 5.853691618540324e-5
Writing metric power__switching__total: 7.166102295741439e-5
Writing metric power__leakage__total: 2.063590631706802e-9
Writing metric power__total: 0.00013020000187680125

%OL_END_REPORT
%OL_CREATE_REPORT skew.min.rpt

===========================================================================
Clock Skew (Hold)
============================================================================
Writing metric clock__skew__worst_hold__corner:nom_tt_025C_1v80: 0.0
======================= nom_tt_025C_1v80 Corner ===================================

Clock __VIRTUAL_CLK__
No launch/capture paths found.

%OL_END_REPORT
%OL_CREATE_REPORT skew.max.rpt

===========================================================================
Clock Skew (Setup)
============================================================================
Writing metric clock__skew__worst_setup__corner:nom_tt_025C_1v80: 0.0
======================= nom_tt_025C_1v80 Corner ===================================

Clock __VIRTUAL_CLK__
No launch/capture paths found.

%OL_END_REPORT
%OL_CREATE_REPORT ws.min.rpt

===========================================================================
Worst Slack (Hold)
============================================================================
Writing metric timing__hold__ws__corner:nom_tt_025C_1v80: 0.38636869797147816
nom_tt_025C_1v80: 0.38636869797147816
%OL_END_REPORT
%OL_CREATE_REPORT ws.max.rpt

===========================================================================
Worst Slack (Setup)
============================================================================
Writing metric timing__setup__ws__corner:nom_tt_025C_1v80: 9.829636050008443
nom_tt_025C_1v80: 9.829636050008443
%OL_END_REPORT
%OL_CREATE_REPORT tns.min.rpt

===========================================================================
Total Negative Slack (Hold)
============================================================================
Writing metric timing__hold__tns__corner:nom_tt_025C_1v80: 0.0
nom_tt_025C_1v80: 0.0
%OL_END_REPORT
%OL_CREATE_REPORT tns.max.rpt

===========================================================================
Total Negative Slack (Setup)
============================================================================
Writing metric timing__setup__tns__corner:nom_tt_025C_1v80: 0.0
nom_tt_025C_1v80: 0.0
%OL_END_REPORT
%OL_CREATE_REPORT wns.min.rpt

===========================================================================
Worst Negative Slack (Hold)
============================================================================
Writing metric timing__hold__wns__corner:nom_tt_025C_1v80: 0
nom_tt_025C_1v80: 0
%OL_END_REPORT
%OL_CREATE_REPORT wns.max.rpt

===========================================================================
Worst Negative Slack (Setup)
============================================================================
Writing metric timing__setup__wns__corner:nom_tt_025C_1v80: 0.0
nom_tt_025C_1v80: 0.0
%OL_END_REPORT
%OL_CREATE_REPORT violator_list.rpt

===========================================================================
Violator List
============================================================================
Writing metric timing__hold_vio__count__corner:nom_tt_025C_1v80: 0
Writing metric timing__hold_r2r__ws__corner:nom_tt_025C_1v80: 1e30
Writing metric timing__hold_r2r_vio__count__corner:nom_tt_025C_1v80: 0
Writing metric timing__setup_vio__count__corner:nom_tt_025C_1v80: 0
Writing metric timing__setup_r2r__ws__corner:nom_tt_025C_1v80: 1e30
Writing metric timing__setup_r2r_vio__count__corner:nom_tt_025C_1v80: 0
%OL_END_REPORT
%OL_CREATE_REPORT unpropagated.rpt
__VIRTUAL_CLK__
%OL_END_REPORT
%OL_CREATE_REPORT clock.rpt
Clock: __VIRTUAL_CLK__
Sources: 
Generated: no
Virtual: yes
Propagated: no
Period: 20.000000

===========================================================================
report_clock_properties
============================================================================
Clock                   Period          Waveform
----------------------------------------------------
__VIRTUAL_CLK__      20.000000    0.000000 10.000000

===========================================================================
report_clock_latency
============================================================================
Clock __VIRTUAL_CLK__


===========================================================================
report_clock_min_period
============================================================================
__VIRTUAL_CLK__ period_min = 0.00 fmax = inf
%OL_END_REPORT
