Reading timing models for corner max_tt_025C_1v80…
Reading cell library for the 'max_tt_025C_1v80' corner at '/home/letienthanh/.volare/volare/sky130/versions/0fe599b2afb6708d281543108caf8310912f54af/sky130A/libs.ref/sky130_fd_sc_hd/lib/sky130_fd_sc_hd__tt_025C_1v80.lib'…
Reading top-level netlist at '/home/letienthanh/8bitalu/runs/RUN_2026-08-05_13-41-28/50-openroad-fillinsertion/alu8bit.nl.v'…
Linking design 'alu8bit' from netlist…
Warning: /home/letienthanh/8bitalu/runs/RUN_2026-08-05_13-41-28/50-openroad-fillinsertion/alu8bit.nl.v line 2386, module sky130_fd_sc_hd__tapvpwrvgnd_1 not found. Creating black box for TAP_TAPCELL_ROW_0_76.
Warning: /home/letienthanh/8bitalu/runs/RUN_2026-08-05_13-41-28/50-openroad-fillinsertion/alu8bit.nl.v line 2676, module sky130_ef_sc_hd__decap_12 not found. Creating black box for FILLER_0_3.
Warning: /home/letienthanh/8bitalu/runs/RUN_2026-08-05_13-41-28/50-openroad-fillinsertion/alu8bit.nl.v line 2678, module sky130_fd_sc_hd__fill_1 not found. Creating black box for FILLER_0_27.
Warning: /home/letienthanh/8bitalu/runs/RUN_2026-08-05_13-41-28/50-openroad-fillinsertion/alu8bit.nl.v line 2688, module sky130_fd_sc_hd__fill_2 not found. Creating black box for FILLER_0_110.
Reading design constraints file at '/home/letienthanh/8bitalu/constraints/alu.sdc'…
[INFO] No information on clock propagation in input SDC file-- propagating all clocks.
Warning: corner.tcl line 44, virtual clock virtual_clk can not be propagated.
Reading top-level design parasitics for the 'max_tt_025C_1v80' corner at '/home/letienthanh/8bitalu/runs/RUN_2026-08-05_13-41-28/52-openroad-rcx/max/alu8bit.max.spef'…
%OL_CREATE_REPORT min.rpt

===========================================================================
report_checks -path_delay min (Hold)
============================================================================
======================= max_tt_025C_1v80 Corner ===================================

Startpoint: inst[2] (input port clocked by virtual_clk)
Endpoint: op_out[6] (output port clocked by virtual_clk)
Path Group: virtual_clk
Path Type: min

Fanout         Cap        Slew       Delay        Time   Description
---------------------------------------------------------------------------------------------
                      0.000000    0.000000    0.000000   clock virtual_clk (rise edge)
                                  0.000000    0.000000   clock network delay (ideal)
                                  2.000000    2.000000 ^ input external delay
     1    0.003510    0.000000    0.000000    2.000000 ^ inst[2] (in)
                                                         inst[2] (net)
                      0.000178    0.000089    2.000089 ^ input3/A (sky130_fd_sc_hd__buf_2)
     8    0.033817    0.168006    0.178317    2.178406 ^ input3/X (sky130_fd_sc_hd__buf_2)
                                                         net3 (net)
                      0.168033    0.001771    2.180177 ^ _694_/A (sky130_fd_sc_hd__nor3_4)
     8    0.033481    0.060236    0.101528    2.281704 v _694_/Y (sky130_fd_sc_hd__nor3_4)
                                                         _165_ (net)
                      0.060847    0.004752    2.286456 v _885_/A1 (sky130_fd_sc_hd__a31o_1)
     1    0.002486    0.032319    0.172663    2.459119 v _885_/X (sky130_fd_sc_hd__a31o_1)
                                                         net27 (net)
                      0.032319    0.000173    2.459292 v output27/A (sky130_fd_sc_hd__buf_1)
     1    0.000628    0.015533    0.069173    2.528465 v output27/X (sky130_fd_sc_hd__buf_1)
                                                         op_out[6] (net)
                      0.015533    0.000018    2.528483 v op_out[6] (out)
                                              2.528483   data arrival time

                      0.000000    0.000000    0.000000   clock virtual_clk (rise edge)
                                  0.000000    0.000000   clock network delay (ideal)
                                  0.000000    0.000000   clock reconvergence pessimism
                                 -2.000000   -2.000000   output external delay
                                             -2.000000   data required time
---------------------------------------------------------------------------------------------
                                             -2.000000   data required time
                                             -2.528483   data arrival time
---------------------------------------------------------------------------------------------
                                              4.528483   slack (MET)


Startpoint: op_a[4] (input port clocked by virtual_clk)
Endpoint: op_out[5] (output port clocked by virtual_clk)
Path Group: virtual_clk
Path Type: min

Fanout         Cap        Slew       Delay        Time   Description
---------------------------------------------------------------------------------------------
                      0.000000    0.000000    0.000000   clock virtual_clk (rise edge)
                                  0.000000    0.000000   clock network delay (ideal)
                                  2.000000    2.000000 ^ input external delay
     1    0.003546    0.000000    0.000000    2.000000 ^ op_a[4] (in)
                                                         op_a[4] (net)
                      0.000207    0.000104    2.000104 ^ input9/A (sky130_fd_sc_hd__clkbuf_2)
     4    0.033085    0.183386    0.184253    2.184357 ^ input9/X (sky130_fd_sc_hd__clkbuf_2)
                                                         net9 (net)
                      0.183605    0.005178    2.189534 ^ _840_/A1 (sky130_fd_sc_hd__a221o_1)
     1    0.003085    0.043545    0.177548    2.367083 ^ _840_/X (sky130_fd_sc_hd__a221o_1)
                                                         _319_ (net)
                      0.043545    0.000118    2.367201 ^ _842_/B (sky130_fd_sc_hd__or3_1)
     1    0.006386    0.067970    0.115413    2.482614 ^ _842_/X (sky130_fd_sc_hd__or3_1)
                                                         net26 (net)
                      0.067973    0.000499    2.483113 ^ output26/A (sky130_fd_sc_hd__buf_1)
     1    0.001311    0.028636    0.075109    2.558223 ^ output26/X (sky130_fd_sc_hd__buf_1)
                                                         op_out[5] (net)
                      0.028636    0.000036    2.558259 ^ op_out[5] (out)
                                              2.558259   data arrival time

                      0.000000    0.000000    0.000000   clock virtual_clk (rise edge)
                                  0.000000    0.000000   clock network delay (ideal)
                                  0.000000    0.000000   clock reconvergence pessimism
                                 -2.000000   -2.000000   output external delay
                                             -2.000000   data required time
---------------------------------------------------------------------------------------------
                                             -2.000000   data required time
                                             -2.558259   data arrival time
---------------------------------------------------------------------------------------------
                                              4.558259   slack (MET)


Startpoint: op_a[3] (input port clocked by virtual_clk)
Endpoint: op_out[4] (output port clocked by virtual_clk)
Path Group: virtual_clk
Path Type: min

Fanout         Cap        Slew       Delay        Time   Description
---------------------------------------------------------------------------------------------
                      0.000000    0.000000    0.000000   clock virtual_clk (rise edge)
                                  0.000000    0.000000   clock network delay (ideal)
                                  2.000000    2.000000 ^ input external delay
     1    0.003200    0.000000    0.000000    2.000000 ^ op_a[3] (in)
                                                         op_a[3] (net)
                      0.000199    0.000099    2.000099 ^ input8/A (sky130_fd_sc_hd__buf_4)
    15    0.071239    0.200014    0.203855    2.203954 ^ input8/X (sky130_fd_sc_hd__buf_4)
                                                         net8 (net)
                      0.200918    0.010934    2.214888 ^ _795_/B2 (sky130_fd_sc_hd__a32o_1)
     1    0.003402    0.055880    0.158646    2.373534 ^ _795_/X (sky130_fd_sc_hd__a32o_1)
                                                         _270_ (net)
                      0.055881    0.000233    2.373767 ^ _797_/B1 (sky130_fd_sc_hd__a211oi_1)
     1    0.004944    0.040695    0.054007    2.427774 v _797_/Y (sky130_fd_sc_hd__a211oi_1)
                                                         _272_ (net)
                      0.040696    0.000378    2.428152 v _798_/B1 (sky130_fd_sc_hd__o31ai_1)
     1    0.005300    0.077814    0.075417    2.503569 ^ _798_/Y (sky130_fd_sc_hd__o31ai_1)
                                                         net25 (net)
                      0.077815    0.000411    2.503980 ^ output25/A (sky130_fd_sc_hd__buf_1)
     1    0.000960    0.025226    0.074584    2.578564 ^ output25/X (sky130_fd_sc_hd__buf_1)
                                                         op_out[4] (net)
                      0.025226    0.000023    2.578588 ^ op_out[4] (out)
                                              2.578588   data arrival time

                      0.000000    0.000000    0.000000   clock virtual_clk (rise edge)
                                  0.000000    0.000000   clock network delay (ideal)
                                  0.000000    0.000000   clock reconvergence pessimism
                                 -2.000000   -2.000000   output external delay
                                             -2.000000   data required time
---------------------------------------------------------------------------------------------
                                             -2.000000   data required time
                                             -2.578588   data arrival time
---------------------------------------------------------------------------------------------
                                              4.578588   slack (MET)


Startpoint: op_a[6] (input port clocked by virtual_clk)
Endpoint: op_out[7] (output port clocked by virtual_clk)
Path Group: virtual_clk
Path Type: min

Fanout         Cap        Slew       Delay        Time   Description
---------------------------------------------------------------------------------------------
                      0.000000    0.000000    0.000000   clock virtual_clk (rise edge)
                                  0.000000    0.000000   clock network delay (ideal)
                                  2.000000    2.000000 ^ input external delay
     1    0.004103    0.000000    0.000000    2.000000 ^ op_a[6] (in)
                                                         op_a[6] (net)
                      0.000222    0.000111    2.000111 ^ input11/A (sky130_fd_sc_hd__buf_4)
    16    0.077113    0.215624    0.215636    2.215747 ^ input11/X (sky130_fd_sc_hd__buf_4)
                                                         net11 (net)
                      0.215918    0.006589    2.222336 ^ _922_/A1 (sky130_fd_sc_hd__a211o_1)
     1    0.007570    0.074260    0.185955    2.408291 ^ _922_/X (sky130_fd_sc_hd__a211o_1)
                                                         _407_ (net)
                      0.074263    0.000571    2.408863 ^ _923_/B1 (sky130_fd_sc_hd__a311o_1)
     1    0.002542    0.043511    0.109095    2.517957 ^ _923_/X (sky130_fd_sc_hd__a311o_1)
                                                         net28 (net)
                      0.043511    0.000185    2.518142 ^ output28/A (sky130_fd_sc_hd__buf_1)
     1    0.000460    0.019573    0.060460    2.578602 ^ output28/X (sky130_fd_sc_hd__buf_1)
                                                         op_out[7] (net)
                      0.019573    0.000012    2.578615 ^ op_out[7] (out)
                                              2.578615   data arrival time

                      0.000000    0.000000    0.000000   clock virtual_clk (rise edge)
                                  0.000000    0.000000   clock network delay (ideal)
                                  0.000000    0.000000   clock reconvergence pessimism
                                 -2.000000   -2.000000   output external delay
                                             -2.000000   data required time
---------------------------------------------------------------------------------------------
                                             -2.000000   data required time
                                             -2.578615   data arrival time
---------------------------------------------------------------------------------------------
                                              4.578615   slack (MET)


Startpoint: inst[3] (input port clocked by virtual_clk)
Endpoint: op_out[0] (output port clocked by virtual_clk)
Path Group: virtual_clk
Path Type: min

Fanout         Cap        Slew       Delay        Time   Description
---------------------------------------------------------------------------------------------
                      0.000000    0.000000    0.000000   clock virtual_clk (rise edge)
                                  0.000000    0.000000   clock network delay (ideal)
                                  2.000000    2.000000 ^ input external delay
     1    0.003217    0.000000    0.000000    2.000000 ^ inst[3] (in)
                                                         inst[3] (net)
                      0.000161    0.000081    2.000081 ^ input4/A (sky130_fd_sc_hd__buf_2)
    11    0.038463    0.189389    0.193598    2.193678 ^ input4/X (sky130_fd_sc_hd__buf_2)
                                                         net4 (net)
                      0.189446    0.002720    2.196399 ^ _685_/C1 (sky130_fd_sc_hd__o2111a_1)
     1    0.003086    0.051125    0.207870    2.404269 ^ _685_/X (sky130_fd_sc_hd__o2111a_1)
                                                         _156_ (net)
                      0.051125    0.000145    2.404414 ^ _700_/A (sky130_fd_sc_hd__or3_4)
     1    0.004701    0.030777    0.111249    2.515663 ^ _700_/X (sky130_fd_sc_hd__or3_4)
                                                         net21 (net)
                      0.030777    0.000340    2.516003 ^ output21/A (sky130_fd_sc_hd__clkbuf_1)
     1    0.002160    0.037168    0.070341    2.586344 ^ output21/X (sky130_fd_sc_hd__clkbuf_1)
                                                         op_out[0] (net)
                      0.037168    0.000091    2.586435 ^ op_out[0] (out)
                                              2.586435   data arrival time

                      0.000000    0.000000    0.000000   clock virtual_clk (rise edge)
                                  0.000000    0.000000   clock network delay (ideal)
                                  0.000000    0.000000   clock reconvergence pessimism
                                 -2.000000   -2.000000   output external delay
                                             -2.000000   data required time
---------------------------------------------------------------------------------------------
                                             -2.000000   data required time
                                             -2.586435   data arrival time
---------------------------------------------------------------------------------------------
                                              4.586435   slack (MET)


Startpoint: op_a[1] (input port clocked by virtual_clk)
Endpoint: op_out[2] (output port clocked by virtual_clk)
Path Group: virtual_clk
Path Type: min

Fanout         Cap        Slew       Delay        Time   Description
---------------------------------------------------------------------------------------------
                      0.000000    0.000000    0.000000   clock virtual_clk (rise edge)
                                  0.000000    0.000000   clock network delay (ideal)
                                  2.000000    2.000000 v input external delay
     1    0.002048    0.000000    0.000000    2.000000 v op_a[1] (in)
                                                         op_a[1] (net)
                      0.000123    0.000061    2.000061 v input6/A (sky130_fd_sc_hd__buf_2)
     6    0.040726    0.101247    0.168505    2.168566 v input6/X (sky130_fd_sc_hd__buf_2)
                                                         net6 (net)
                      0.102319    0.008380    2.176946 v _713_/A (sky130_fd_sc_hd__nand2_1)
     2    0.006217    0.070931    0.100161    2.277107 ^ _713_/Y (sky130_fd_sc_hd__nand2_1)
                                                         _183_ (net)
                      0.070931    0.000320    2.277426 ^ _725_/A1 (sky130_fd_sc_hd__a31oi_1)
     1    0.003112    0.043794    0.075524    2.352951 v _725_/Y (sky130_fd_sc_hd__a31oi_1)
                                                         _195_ (net)
                      0.043795    0.000215    2.353166 v _741_/A2 (sky130_fd_sc_hd__a21o_1)
     1    0.003034    0.032373    0.171491    2.524658 v _741_/X (sky130_fd_sc_hd__a21o_1)
                                                         net23 (net)
                      0.032373    0.000202    2.524860 v output23/A (sky130_fd_sc_hd__buf_1)
     1    0.001457    0.019822    0.074453    2.599313 v output23/X (sky130_fd_sc_hd__buf_1)
                                                         op_out[2] (net)
                      0.019822    0.000064    2.599377 v op_out[2] (out)
                                              2.599377   data arrival time

                      0.000000    0.000000    0.000000   clock virtual_clk (rise edge)
                                  0.000000    0.000000   clock network delay (ideal)
                                  0.000000    0.000000   clock reconvergence pessimism
                                 -2.000000   -2.000000   output external delay
                                             -2.000000   data required time
---------------------------------------------------------------------------------------------
                                             -2.000000   data required time
                                             -2.599377   data arrival time
---------------------------------------------------------------------------------------------
                                              4.599377   slack (MET)


Startpoint: op_a[0] (input port clocked by virtual_clk)
Endpoint: op_out[1] (output port clocked by virtual_clk)
Path Group: virtual_clk
Path Type: min

Fanout         Cap        Slew       Delay        Time   Description
---------------------------------------------------------------------------------------------
                      0.000000    0.000000    0.000000   clock virtual_clk (rise edge)
                                  0.000000    0.000000   clock network delay (ideal)
                                  2.000000    2.000000 ^ input external delay
     1    0.003103    0.000000    0.000000    2.000000 ^ op_a[0] (in)
                                                         op_a[0] (net)
                      0.000190    0.000095    2.000095 ^ input5/A (sky130_fd_sc_hd__clkbuf_2)
     6    0.034465    0.190699    0.188359    2.188454 ^ input5/X (sky130_fd_sc_hd__clkbuf_2)
                                                         net5 (net)
                      0.190851    0.004448    2.192902 ^ _709_/B2 (sky130_fd_sc_hd__a32o_1)
     1    0.002476    0.048083    0.148136    2.341038 ^ _709_/X (sky130_fd_sc_hd__a32o_1)
                                                         _179_ (net)
                      0.048083    0.000155    2.341193 ^ _710_/C (sky130_fd_sc_hd__or3_1)
     1    0.007235    0.075262    0.119635    2.460828 ^ _710_/X (sky130_fd_sc_hd__or3_1)
                                                         _180_ (net)
                      0.075264    0.000536    2.461364 ^ _718_/A (sky130_fd_sc_hd__or2_1)
     1    0.003719    0.047206    0.106445    2.567808 ^ _718_/X (sky130_fd_sc_hd__or2_1)
                                                         net22 (net)
                      0.047207    0.000234    2.568043 ^ output22/A (sky130_fd_sc_hd__buf_1)
     1    0.000919    0.024319    0.065781    2.633824 ^ output22/X (sky130_fd_sc_hd__buf_1)
                                                         op_out[1] (net)
                      0.024319    0.000022    2.633846 ^ op_out[1] (out)
                                              2.633846   data arrival time

                      0.000000    0.000000    0.000000   clock virtual_clk (rise edge)
                                  0.000000    0.000000   clock network delay (ideal)
                                  0.000000    0.000000   clock reconvergence pessimism
                                 -2.000000   -2.000000   output external delay
                                             -2.000000   data required time
---------------------------------------------------------------------------------------------
                                             -2.000000   data required time
                                             -2.633846   data arrival time
---------------------------------------------------------------------------------------------
                                              4.633845   slack (MET)


Startpoint: inst[2] (input port clocked by virtual_clk)
Endpoint: op_out[3] (output port clocked by virtual_clk)
Path Group: virtual_clk
Path Type: min

Fanout         Cap        Slew       Delay        Time   Description
---------------------------------------------------------------------------------------------
                      0.000000    0.000000    0.000000   clock virtual_clk (rise edge)
                                  0.000000    0.000000   clock network delay (ideal)
                                  2.000000    2.000000 ^ input external delay
     1    0.003510    0.000000    0.000000    2.000000 ^ inst[2] (in)
                                                         inst[2] (net)
                      0.000178    0.000089    2.000089 ^ input3/A (sky130_fd_sc_hd__buf_2)
     8    0.033817    0.168006    0.178317    2.178406 ^ input3/X (sky130_fd_sc_hd__buf_2)
                                                         net3 (net)
                      0.168062    0.002543    2.180948 ^ _690_/A (sky130_fd_sc_hd__or4b_4)
     8    0.037706    0.118068    0.226979    2.407928 ^ _690_/X (sky130_fd_sc_hd__or4b_4)
                                                         _161_ (net)
                      0.118136    0.002622    2.410549 ^ _749_/A (sky130_fd_sc_hd__or3b_1)
     1    0.003129    0.040285    0.124039    2.534588 ^ _749_/X (sky130_fd_sc_hd__or3b_1)
                                                         _221_ (net)
                      0.040285    0.000219    2.534807 ^ _770_/B (sky130_fd_sc_hd__nand2b_1)
     1    0.004606    0.045507    0.058624    2.593431 v _770_/Y (sky130_fd_sc_hd__nand2b_1)
                                                         net24 (net)
                      0.045509    0.000330    2.593761 v output24/A (sky130_fd_sc_hd__buf_1)
     1    0.001119    0.018125    0.078247    2.672008 v output24/X (sky130_fd_sc_hd__buf_1)
                                                         op_out[3] (net)
                      0.018125    0.000029    2.672037 v op_out[3] (out)
                                              2.672037   data arrival time

                      0.000000    0.000000    0.000000   clock virtual_clk (rise edge)
                                  0.000000    0.000000   clock network delay (ideal)
                                  0.000000    0.000000   clock reconvergence pessimism
                                 -2.000000   -2.000000   output external delay
                                             -2.000000   data required time
---------------------------------------------------------------------------------------------
                                             -2.000000   data required time
                                             -2.672037   data arrival time
---------------------------------------------------------------------------------------------
                                              4.672037   slack (MET)



%OL_END_REPORT
%OL_CREATE_REPORT max.rpt

===========================================================================
report_checks -path_delay max (Setup)
============================================================================
======================= max_tt_025C_1v80 Corner ===================================

Startpoint: op_b[4] (input port clocked by virtual_clk)
Endpoint: op_out[0] (output port clocked by virtual_clk)
Path Group: virtual_clk
Path Type: max

Fanout         Cap        Slew       Delay        Time   Description
---------------------------------------------------------------------------------------------
                      0.000000    0.000000    0.000000   clock virtual_clk (rise edge)
                                  0.000000    0.000000   clock network delay (ideal)
                                  2.000000    2.000000 v input external delay
     1    0.002945    0.000000    0.000000    2.000000 v op_b[4] (in)
                                                         op_b[4] (net)
                      0.000172    0.000086    2.000086 v input17/A (sky130_fd_sc_hd__buf_4)
     8    0.058586    0.083642    0.172113    2.172199 v input17/X (sky130_fd_sc_hd__buf_4)
                                                         net17 (net)
                      0.083708    0.001971    2.174170 v fanout35/A (sky130_fd_sc_hd__buf_12)
    13    0.063648    0.047258    0.162265    2.336435 v fanout35/X (sky130_fd_sc_hd__buf_12)
                                                         net35 (net)
                      0.050597    0.009644    2.346079 v _469_/D (sky130_fd_sc_hd__or4_4)
     5    0.019533    0.112490    0.460992    2.807071 v _469_/X (sky130_fd_sc_hd__or4_4)
                                                         _306_ (net)
                      0.112490    0.002002    2.809072 v _472_/A4 (sky130_fd_sc_hd__o41ai_4)
     3    0.009350    0.288785    0.267417    3.076489 ^ _472_/Y (sky130_fd_sc_hd__o41ai_4)
                                                         _338_ (net)
                      0.288785    0.000475    3.076964 ^ rebuffer29/A (sky130_fd_sc_hd__buf_1)
     2    0.009253    0.117037    0.176715    3.253679 ^ rebuffer29/X (sky130_fd_sc_hd__buf_1)
                                                         net69 (net)
                      0.117037    0.000448    3.254127 ^ rebuffer30/A (sky130_fd_sc_hd__dlygate4sd1_1)
     1    0.004330    0.053316    0.220086    3.474213 ^ rebuffer30/X (sky130_fd_sc_hd__dlygate4sd1_1)
                                                         net70 (net)
                      0.053317    0.000282    3.474495 ^ _477_/B1_N (sky130_fd_sc_hd__o21bai_1)
     3    0.010951    0.248997    0.156432    3.630927 ^ _477_/Y (sky130_fd_sc_hd__o21bai_1)
                                                         _392_ (net)
                      0.249000    0.000703    3.631631 ^ _491_/B (sky130_fd_sc_hd__nor2_1)
     2    0.008304    0.080521    0.106062    3.737693 v _491_/Y (sky130_fd_sc_hd__nor2_1)
                                                         _420_ (net)
                      0.080524    0.000562    3.738255 v _493_/B1 (sky130_fd_sc_hd__a211oi_2)
     3    0.012763    0.287947    0.309614    4.047869 ^ _493_/Y (sky130_fd_sc_hd__a211oi_2)
                                                         _422_ (net)
                      0.287947    0.000894    4.048763 ^ _502_/A2 (sky130_fd_sc_hd__o21ai_1)
     3    0.009889    0.108888    0.149794    4.198557 v _502_/Y (sky130_fd_sc_hd__o21ai_1)
                                                         _431_ (net)
                      0.108889    0.000509    4.199066 v _507_/A2 (sky130_fd_sc_hd__a31o_1)
     2    0.008696    0.062581    0.255584    4.454649 v _507_/X (sky130_fd_sc_hd__a31o_1)
                                                         _436_ (net)
                      0.062585    0.000559    4.455209 v _509_/A2 (sky130_fd_sc_hd__a211o_4)
     3    0.016358    0.068352    0.362247    4.817456 v _509_/X (sky130_fd_sc_hd__a211o_4)
                                                         _438_ (net)
                      0.068373    0.001037    4.818493 v _515_/A2 (sky130_fd_sc_hd__a21oi_4)
     8    0.040269    0.308421    0.307121    5.125614 ^ _515_/Y (sky130_fd_sc_hd__a21oi_4)
                                                         _444_ (net)
                      0.308471    0.003158    5.128772 ^ _524_/S (sky130_fd_sc_hd__mux2_4)
     2    0.007614    0.056398    0.343238    5.472010 v _524_/X (sky130_fd_sc_hd__mux2_4)
                                                         _453_ (net)
                      0.056398    0.000444    5.472454 v _539_/A1 (sky130_fd_sc_hd__a221o_1)
     3    0.010719    0.090020    0.359938    5.832392 v _539_/X (sky130_fd_sc_hd__a221o_1)
                                                         _010_ (net)
                      0.090020    0.000470    5.832862 v _544_/A2 (sky130_fd_sc_hd__a311o_1)
     5    0.015512    0.113157    0.391461    6.224323 v _544_/X (sky130_fd_sc_hd__a311o_1)
                                                         _015_ (net)
                      0.113160    0.000774    6.225097 v _579_/A1 (sky130_fd_sc_hd__a21o_1)
     2    0.005289    0.043552    0.189894    6.414991 v _579_/X (sky130_fd_sc_hd__a21o_1)
                                                         _050_ (net)
                      0.043553    0.000329    6.415320 v _583_/C (sky130_fd_sc_hd__and3_1)
     2    0.006490    0.052741    0.191581    6.606901 v _583_/X (sky130_fd_sc_hd__and3_1)
                                                         _054_ (net)
                      0.052741    0.000223    6.607124 v _585_/A (sky130_fd_sc_hd__or4_4)
     1    0.004501    0.083448    0.527362    7.134486 v _585_/X (sky130_fd_sc_hd__or4_4)
                                                         _056_ (net)
                      0.083448    0.000311    7.134797 v _586_/B (sky130_fd_sc_hd__or4b_4)
     1    0.008739    0.092123    0.536155    7.670952 v _586_/X (sky130_fd_sc_hd__or4b_4)
                                                         _057_ (net)
                      0.092123    0.000676    7.671628 v _590_/A2 (sky130_fd_sc_hd__a311oi_4)
     8    0.045341    0.594117    0.566841    8.238469 ^ _590_/Y (sky130_fd_sc_hd__a311oi_4)
                                                         _061_ (net)
                      0.594140    0.002983    8.241452 ^ _615_/S (sky130_fd_sc_hd__mux2_4)
     4    0.018557    0.072354    0.385415    8.626867 v _615_/X (sky130_fd_sc_hd__mux2_4)
                                                         _086_ (net)
                      0.072354    0.001212    8.628079 v _623_/A2 (sky130_fd_sc_hd__o22a_1)
     2    0.005302    0.055631    0.213646    8.841725 v _623_/X (sky130_fd_sc_hd__o22a_1)
                                                         _094_ (net)
                      0.055631    0.000262    8.841988 v _624_/B (sky130_fd_sc_hd__or4bb_4)
     5    0.028104    0.124827    0.580551    9.422539 v _624_/X (sky130_fd_sc_hd__or4bb_4)
                                                         _095_ (net)
                      0.124923    0.001967    9.424506 v _628_/A2 (sky130_fd_sc_hd__a21oi_4)
     6    0.030157    0.246337    0.284198    9.708703 ^ _628_/Y (sky130_fd_sc_hd__a21oi_4)
                                                         _099_ (net)
                      0.246367    0.002154    9.710857 ^ _665_/S (sky130_fd_sc_hd__mux2_1)
     3    0.008384    0.083465    0.386665   10.097522 v _665_/X (sky130_fd_sc_hd__mux2_1)
                                                         _136_ (net)
                      0.083465    0.000263   10.097785 v _669_/A2 (sky130_fd_sc_hd__a21o_1)
     1    0.002658    0.032337    0.184990   10.282775 v _669_/X (sky130_fd_sc_hd__a21o_1)
                                                         _140_ (net)
                      0.032337    0.000187   10.282963 v _671_/A1 (sky130_fd_sc_hd__o211a_1)
     1    0.004165    0.044848    0.219000   10.501963 v _671_/X (sky130_fd_sc_hd__o211a_1)
                                                         _142_ (net)
                      0.044848    0.000314   10.502276 v _672_/B2 (sky130_fd_sc_hd__o221a_1)
     1    0.002776    0.045013    0.199804   10.702081 v _672_/X (sky130_fd_sc_hd__o221a_1)
                                                         _143_ (net)
                      0.045013    0.000193   10.702273 v _675_/A1 (sky130_fd_sc_hd__o21a_1)
     1    0.003145    0.036708    0.180595   10.882868 v _675_/X (sky130_fd_sc_hd__o21a_1)
                                                         _146_ (net)
                      0.036708    0.000226   10.883095 v _679_/A2 (sky130_fd_sc_hd__o21a_1)
     1    0.007308    0.056037    0.182446   11.065541 v _679_/X (sky130_fd_sc_hd__o21a_1)
                                                         _150_ (net)
                      0.056041    0.000527   11.066068 v _700_/B (sky130_fd_sc_hd__or3_4)
     1    0.004525    0.065287    0.362747   11.428815 v _700_/X (sky130_fd_sc_hd__or3_4)
                                                         net21 (net)
                      0.065287    0.000324   11.429139 v output21/A (sky130_fd_sc_hd__clkbuf_1)
     1    0.002160    0.023413    0.092748   11.521887 v output21/X (sky130_fd_sc_hd__clkbuf_1)
                                                         op_out[0] (net)
                      0.023413    0.000091   11.521978 v op_out[0] (out)
                                             11.521978   data arrival time

                      0.000000   20.000000   20.000000   clock virtual_clk (rise edge)
                                  0.000000   20.000000   clock network delay (ideal)
                                  0.000000   20.000000   clock reconvergence pessimism
                                 -2.000000   18.000000   output external delay
                                             18.000000   data required time
---------------------------------------------------------------------------------------------
                                             18.000000   data required time
                                            -11.521978   data arrival time
---------------------------------------------------------------------------------------------
                                              6.478022   slack (MET)


Startpoint: op_b[4] (input port clocked by virtual_clk)
Endpoint: op_out[1] (output port clocked by virtual_clk)
Path Group: virtual_clk
Path Type: max

Fanout         Cap        Slew       Delay        Time   Description
---------------------------------------------------------------------------------------------
                      0.000000    0.000000    0.000000   clock virtual_clk (rise edge)
                                  0.000000    0.000000   clock network delay (ideal)
                                  2.000000    2.000000 v input external delay
     1    0.002945    0.000000    0.000000    2.000000 v op_b[4] (in)
                                                         op_b[4] (net)
                      0.000172    0.000086    2.000086 v input17/A (sky130_fd_sc_hd__buf_4)
     8    0.058586    0.083642    0.172113    2.172199 v input17/X (sky130_fd_sc_hd__buf_4)
                                                         net17 (net)
                      0.083708    0.001971    2.174170 v fanout35/A (sky130_fd_sc_hd__buf_12)
    13    0.063648    0.047258    0.162265    2.336435 v fanout35/X (sky130_fd_sc_hd__buf_12)
                                                         net35 (net)
                      0.050597    0.009644    2.346079 v _469_/D (sky130_fd_sc_hd__or4_4)
     5    0.019533    0.112490    0.460992    2.807071 v _469_/X (sky130_fd_sc_hd__or4_4)
                                                         _306_ (net)
                      0.112490    0.002002    2.809072 v _472_/A4 (sky130_fd_sc_hd__o41ai_4)
     3    0.009350    0.288785    0.267417    3.076489 ^ _472_/Y (sky130_fd_sc_hd__o41ai_4)
                                                         _338_ (net)
                      0.288785    0.000475    3.076964 ^ rebuffer29/A (sky130_fd_sc_hd__buf_1)
     2    0.009253    0.117037    0.176715    3.253679 ^ rebuffer29/X (sky130_fd_sc_hd__buf_1)
                                                         net69 (net)
                      0.117037    0.000448    3.254127 ^ rebuffer30/A (sky130_fd_sc_hd__dlygate4sd1_1)
     1    0.004330    0.053316    0.220086    3.474213 ^ rebuffer30/X (sky130_fd_sc_hd__dlygate4sd1_1)
                                                         net70 (net)
                      0.053317    0.000282    3.474495 ^ _477_/B1_N (sky130_fd_sc_hd__o21bai_1)
     3    0.010951    0.248997    0.156432    3.630927 ^ _477_/Y (sky130_fd_sc_hd__o21bai_1)
                                                         _392_ (net)
                      0.249000    0.000703    3.631631 ^ _491_/B (sky130_fd_sc_hd__nor2_1)
     2    0.008304    0.080521    0.106062    3.737693 v _491_/Y (sky130_fd_sc_hd__nor2_1)
                                                         _420_ (net)
                      0.080524    0.000562    3.738255 v _493_/B1 (sky130_fd_sc_hd__a211oi_2)
     3    0.012763    0.287947    0.309614    4.047869 ^ _493_/Y (sky130_fd_sc_hd__a211oi_2)
                                                         _422_ (net)
                      0.287947    0.000894    4.048763 ^ _502_/A2 (sky130_fd_sc_hd__o21ai_1)
     3    0.009889    0.108888    0.149794    4.198557 v _502_/Y (sky130_fd_sc_hd__o21ai_1)
                                                         _431_ (net)
                      0.108889    0.000509    4.199066 v _507_/A2 (sky130_fd_sc_hd__a31o_1)
     2    0.008696    0.062581    0.255584    4.454649 v _507_/X (sky130_fd_sc_hd__a31o_1)
                                                         _436_ (net)
                      0.062585    0.000559    4.455209 v _509_/A2 (sky130_fd_sc_hd__a211o_4)
     3    0.016358    0.068352    0.362247    4.817456 v _509_/X (sky130_fd_sc_hd__a211o_4)
                                                         _438_ (net)
                      0.068373    0.001037    4.818493 v _515_/A2 (sky130_fd_sc_hd__a21oi_4)
     8    0.040269    0.308421    0.307121    5.125614 ^ _515_/Y (sky130_fd_sc_hd__a21oi_4)
                                                         _444_ (net)
                      0.308471    0.003158    5.128772 ^ _524_/S (sky130_fd_sc_hd__mux2_4)
     2    0.007614    0.056398    0.343238    5.472010 v _524_/X (sky130_fd_sc_hd__mux2_4)
                                                         _453_ (net)
                      0.056398    0.000444    5.472454 v _539_/A1 (sky130_fd_sc_hd__a221o_1)
     3    0.010719    0.090020    0.359938    5.832392 v _539_/X (sky130_fd_sc_hd__a221o_1)
                                                         _010_ (net)
                      0.090020    0.000470    5.832862 v _544_/A2 (sky130_fd_sc_hd__a311o_1)
     5    0.015512    0.113157    0.391461    6.224323 v _544_/X (sky130_fd_sc_hd__a311o_1)
                                                         _015_ (net)
                      0.113160    0.000774    6.225097 v _579_/A1 (sky130_fd_sc_hd__a21o_1)
     2    0.005289    0.043552    0.189894    6.414991 v _579_/X (sky130_fd_sc_hd__a21o_1)
                                                         _050_ (net)
                      0.043553    0.000329    6.415320 v _583_/C (sky130_fd_sc_hd__and3_1)
     2    0.006490    0.052741    0.191581    6.606901 v _583_/X (sky130_fd_sc_hd__and3_1)
                                                         _054_ (net)
                      0.052741    0.000223    6.607124 v _585_/A (sky130_fd_sc_hd__or4_4)
     1    0.004501    0.083448    0.527362    7.134486 v _585_/X (sky130_fd_sc_hd__or4_4)
                                                         _056_ (net)
                      0.083448    0.000311    7.134797 v _586_/B (sky130_fd_sc_hd__or4b_4)
     1    0.008739    0.092123    0.536155    7.670952 v _586_/X (sky130_fd_sc_hd__or4b_4)
                                                         _057_ (net)
                      0.092123    0.000676    7.671628 v _590_/A2 (sky130_fd_sc_hd__a311oi_4)
     8    0.045341    0.594117    0.566841    8.238469 ^ _590_/Y (sky130_fd_sc_hd__a311oi_4)
                                                         _061_ (net)
                      0.594140    0.002983    8.241452 ^ _615_/S (sky130_fd_sc_hd__mux2_4)
     4    0.018557    0.072354    0.385415    8.626867 v _615_/X (sky130_fd_sc_hd__mux2_4)
                                                         _086_ (net)
                      0.072354    0.001212    8.628079 v _623_/A2 (sky130_fd_sc_hd__o22a_1)
     2    0.005302    0.055631    0.213646    8.841725 v _623_/X (sky130_fd_sc_hd__o22a_1)
                                                         _094_ (net)
                      0.055631    0.000262    8.841988 v _624_/B (sky130_fd_sc_hd__or4bb_4)
     5    0.028104    0.124827    0.580551    9.422539 v _624_/X (sky130_fd_sc_hd__or4bb_4)
                                                         _095_ (net)
                      0.124932    0.002151    9.424689 v clone1/A2 (sky130_fd_sc_hd__a21oi_2)
     6    0.023467    0.299282    0.313879    9.738568 ^ clone1/Y (sky130_fd_sc_hd__a21oi_2)
                                                         net41 (net)
                      0.299285    0.000808    9.739377 ^ _717_/A2 (sky130_fd_sc_hd__a22o_1)
     1    0.005762    0.071522    0.212256    9.951632 ^ _717_/X (sky130_fd_sc_hd__a22o_1)
                                                         _187_ (net)
                      0.071522    0.000257    9.951889 ^ _718_/B (sky130_fd_sc_hd__or2_1)
     1    0.003719    0.047437    0.103016   10.054906 ^ _718_/X (sky130_fd_sc_hd__or2_1)
                                                         net22 (net)
                      0.047438    0.000234   10.055140 ^ output22/A (sky130_fd_sc_hd__buf_1)
     1    0.000919    0.024320    0.065862   10.121002 ^ output22/X (sky130_fd_sc_hd__buf_1)
                                                         op_out[1] (net)
                      0.024320    0.000022   10.121024 ^ op_out[1] (out)
                                             10.121024   data arrival time

                      0.000000   20.000000   20.000000   clock virtual_clk (rise edge)
                                  0.000000   20.000000   clock network delay (ideal)
                                  0.000000   20.000000   clock reconvergence pessimism
                                 -2.000000   18.000000   output external delay
                                             18.000000   data required time
---------------------------------------------------------------------------------------------
                                             18.000000   data required time
                                            -10.121024   data arrival time
---------------------------------------------------------------------------------------------
                                              7.878976   slack (MET)


Startpoint: op_b[4] (input port clocked by virtual_clk)
Endpoint: op_out[2] (output port clocked by virtual_clk)
Path Group: virtual_clk
Path Type: max

Fanout         Cap        Slew       Delay        Time   Description
---------------------------------------------------------------------------------------------
                      0.000000    0.000000    0.000000   clock virtual_clk (rise edge)
                                  0.000000    0.000000   clock network delay (ideal)
                                  2.000000    2.000000 v input external delay
     1    0.002945    0.000000    0.000000    2.000000 v op_b[4] (in)
                                                         op_b[4] (net)
                      0.000172    0.000086    2.000086 v input17/A (sky130_fd_sc_hd__buf_4)
     8    0.058586    0.083642    0.172113    2.172199 v input17/X (sky130_fd_sc_hd__buf_4)
                                                         net17 (net)
                      0.083708    0.001971    2.174170 v fanout35/A (sky130_fd_sc_hd__buf_12)
    13    0.063648    0.047258    0.162265    2.336435 v fanout35/X (sky130_fd_sc_hd__buf_12)
                                                         net35 (net)
                      0.050597    0.009644    2.346079 v _469_/D (sky130_fd_sc_hd__or4_4)
     5    0.019533    0.112490    0.460992    2.807071 v _469_/X (sky130_fd_sc_hd__or4_4)
                                                         _306_ (net)
                      0.112490    0.002002    2.809072 v _472_/A4 (sky130_fd_sc_hd__o41ai_4)
     3    0.009350    0.288785    0.267417    3.076489 ^ _472_/Y (sky130_fd_sc_hd__o41ai_4)
                                                         _338_ (net)
                      0.288785    0.000475    3.076964 ^ rebuffer29/A (sky130_fd_sc_hd__buf_1)
     2    0.009253    0.117037    0.176715    3.253679 ^ rebuffer29/X (sky130_fd_sc_hd__buf_1)
                                                         net69 (net)
                      0.117037    0.000448    3.254127 ^ rebuffer30/A (sky130_fd_sc_hd__dlygate4sd1_1)
     1    0.004330    0.053316    0.220086    3.474213 ^ rebuffer30/X (sky130_fd_sc_hd__dlygate4sd1_1)
                                                         net70 (net)
                      0.053317    0.000282    3.474495 ^ _477_/B1_N (sky130_fd_sc_hd__o21bai_1)
     3    0.010951    0.248997    0.156432    3.630927 ^ _477_/Y (sky130_fd_sc_hd__o21bai_1)
                                                         _392_ (net)
                      0.249000    0.000703    3.631631 ^ _491_/B (sky130_fd_sc_hd__nor2_1)
     2    0.008304    0.080521    0.106062    3.737693 v _491_/Y (sky130_fd_sc_hd__nor2_1)
                                                         _420_ (net)
                      0.080524    0.000562    3.738255 v _493_/B1 (sky130_fd_sc_hd__a211oi_2)
     3    0.012763    0.287947    0.309614    4.047869 ^ _493_/Y (sky130_fd_sc_hd__a211oi_2)
                                                         _422_ (net)
                      0.287947    0.000894    4.048763 ^ _502_/A2 (sky130_fd_sc_hd__o21ai_1)
     3    0.009889    0.108888    0.149794    4.198557 v _502_/Y (sky130_fd_sc_hd__o21ai_1)
                                                         _431_ (net)
                      0.108889    0.000509    4.199066 v _507_/A2 (sky130_fd_sc_hd__a31o_1)
     2    0.008696    0.062581    0.255584    4.454649 v _507_/X (sky130_fd_sc_hd__a31o_1)
                                                         _436_ (net)
                      0.062585    0.000559    4.455209 v _509_/A2 (sky130_fd_sc_hd__a211o_4)
     3    0.016358    0.068352    0.362247    4.817456 v _509_/X (sky130_fd_sc_hd__a211o_4)
                                                         _438_ (net)
                      0.068373    0.001037    4.818493 v _515_/A2 (sky130_fd_sc_hd__a21oi_4)
     8    0.040269    0.308421    0.307121    5.125614 ^ _515_/Y (sky130_fd_sc_hd__a21oi_4)
                                                         _444_ (net)
                      0.308471    0.003158    5.128772 ^ _524_/S (sky130_fd_sc_hd__mux2_4)
     2    0.007614    0.056398    0.343238    5.472010 v _524_/X (sky130_fd_sc_hd__mux2_4)
                                                         _453_ (net)
                      0.056398    0.000444    5.472454 v _539_/A1 (sky130_fd_sc_hd__a221o_1)
     3    0.010719    0.090020    0.359938    5.832392 v _539_/X (sky130_fd_sc_hd__a221o_1)
                                                         _010_ (net)
                      0.090020    0.000470    5.832862 v _544_/A2 (sky130_fd_sc_hd__a311o_1)
     5    0.015512    0.113157    0.391461    6.224323 v _544_/X (sky130_fd_sc_hd__a311o_1)
                                                         _015_ (net)
                      0.113160    0.000774    6.225097 v _579_/A1 (sky130_fd_sc_hd__a21o_1)
     2    0.005289    0.043552    0.189894    6.414991 v _579_/X (sky130_fd_sc_hd__a21o_1)
                                                         _050_ (net)
                      0.043553    0.000329    6.415320 v _583_/C (sky130_fd_sc_hd__and3_1)
     2    0.006490    0.052741    0.191581    6.606901 v _583_/X (sky130_fd_sc_hd__and3_1)
                                                         _054_ (net)
                      0.052741    0.000223    6.607124 v _585_/A (sky130_fd_sc_hd__or4_4)
     1    0.004501    0.083448    0.527362    7.134486 v _585_/X (sky130_fd_sc_hd__or4_4)
                                                         _056_ (net)
                      0.083448    0.000311    7.134797 v _586_/B (sky130_fd_sc_hd__or4b_4)
     1    0.008739    0.092123    0.536155    7.670952 v _586_/X (sky130_fd_sc_hd__or4b_4)
                                                         _057_ (net)
                      0.092123    0.000676    7.671628 v _590_/A2 (sky130_fd_sc_hd__a311oi_4)
     8    0.045341    0.594117    0.566841    8.238469 ^ _590_/Y (sky130_fd_sc_hd__a311oi_4)
                                                         _061_ (net)
                      0.594150    0.003549    8.242018 ^ _740_/A2 (sky130_fd_sc_hd__a211o_1)
     1    0.007905    0.083711    0.243346    8.485364 ^ _740_/X (sky130_fd_sc_hd__a211o_1)
                                                         _212_ (net)
                      0.083714    0.000611    8.485975 ^ _741_/B1 (sky130_fd_sc_hd__a21o_1)
     1    0.003210    0.041044    0.089117    8.575092 ^ _741_/X (sky130_fd_sc_hd__a21o_1)
                                                         net23 (net)
                      0.041045    0.000217    8.575309 ^ output23/A (sky130_fd_sc_hd__buf_1)
     1    0.001457    0.029857    0.068217    8.643526 ^ output23/X (sky130_fd_sc_hd__buf_1)
                                                         op_out[2] (net)
                      0.029857    0.000064    8.643590 ^ op_out[2] (out)
                                              8.643590   data arrival time

                      0.000000   20.000000   20.000000   clock virtual_clk (rise edge)
                                  0.000000   20.000000   clock network delay (ideal)
                                  0.000000   20.000000   clock reconvergence pessimism
                                 -2.000000   18.000000   output external delay
                                             18.000000   data required time
---------------------------------------------------------------------------------------------
                                             18.000000   data required time
                                             -8.643590   data arrival time
---------------------------------------------------------------------------------------------
                                              9.356410   slack (MET)


Startpoint: op_b[4] (input port clocked by virtual_clk)
Endpoint: op_out[3] (output port clocked by virtual_clk)
Path Group: virtual_clk
Path Type: max

Fanout         Cap        Slew       Delay        Time   Description
---------------------------------------------------------------------------------------------
                      0.000000    0.000000    0.000000   clock virtual_clk (rise edge)
                                  0.000000    0.000000   clock network delay (ideal)
                                  2.000000    2.000000 v input external delay
     1    0.002945    0.000000    0.000000    2.000000 v op_b[4] (in)
                                                         op_b[4] (net)
                      0.000172    0.000086    2.000086 v input17/A (sky130_fd_sc_hd__buf_4)
     8    0.058586    0.083642    0.172113    2.172199 v input17/X (sky130_fd_sc_hd__buf_4)
                                                         net17 (net)
                      0.083708    0.001971    2.174170 v fanout35/A (sky130_fd_sc_hd__buf_12)
    13    0.063648    0.047258    0.162265    2.336435 v fanout35/X (sky130_fd_sc_hd__buf_12)
                                                         net35 (net)
                      0.050597    0.009644    2.346079 v _469_/D (sky130_fd_sc_hd__or4_4)
     5    0.019533    0.112490    0.460992    2.807071 v _469_/X (sky130_fd_sc_hd__or4_4)
                                                         _306_ (net)
                      0.112490    0.002002    2.809072 v _472_/A4 (sky130_fd_sc_hd__o41ai_4)
     3    0.009350    0.288785    0.267417    3.076489 ^ _472_/Y (sky130_fd_sc_hd__o41ai_4)
                                                         _338_ (net)
                      0.288785    0.000475    3.076964 ^ rebuffer29/A (sky130_fd_sc_hd__buf_1)
     2    0.009253    0.117037    0.176715    3.253679 ^ rebuffer29/X (sky130_fd_sc_hd__buf_1)
                                                         net69 (net)
                      0.117037    0.000448    3.254127 ^ rebuffer30/A (sky130_fd_sc_hd__dlygate4sd1_1)
     1    0.004330    0.053316    0.220086    3.474213 ^ rebuffer30/X (sky130_fd_sc_hd__dlygate4sd1_1)
                                                         net70 (net)
                      0.053317    0.000282    3.474495 ^ _477_/B1_N (sky130_fd_sc_hd__o21bai_1)
     3    0.010951    0.248997    0.156432    3.630927 ^ _477_/Y (sky130_fd_sc_hd__o21bai_1)
                                                         _392_ (net)
                      0.249000    0.000703    3.631631 ^ _491_/B (sky130_fd_sc_hd__nor2_1)
     2    0.008304    0.080521    0.106062    3.737693 v _491_/Y (sky130_fd_sc_hd__nor2_1)
                                                         _420_ (net)
                      0.080524    0.000562    3.738255 v _493_/B1 (sky130_fd_sc_hd__a211oi_2)
     3    0.012763    0.287947    0.309614    4.047869 ^ _493_/Y (sky130_fd_sc_hd__a211oi_2)
                                                         _422_ (net)
                      0.287947    0.000894    4.048763 ^ _502_/A2 (sky130_fd_sc_hd__o21ai_1)
     3    0.009889    0.108888    0.149794    4.198557 v _502_/Y (sky130_fd_sc_hd__o21ai_1)
                                                         _431_ (net)
                      0.108889    0.000509    4.199066 v _507_/A2 (sky130_fd_sc_hd__a31o_1)
     2    0.008696    0.062581    0.255584    4.454649 v _507_/X (sky130_fd_sc_hd__a31o_1)
                                                         _436_ (net)
                      0.062585    0.000559    4.455209 v _509_/A2 (sky130_fd_sc_hd__a211o_4)
     3    0.016358    0.068352    0.362247    4.817456 v _509_/X (sky130_fd_sc_hd__a211o_4)
                                                         _438_ (net)
                      0.068373    0.001037    4.818493 v _515_/A2 (sky130_fd_sc_hd__a21oi_4)
     8    0.040269    0.308421    0.307121    5.125614 ^ _515_/Y (sky130_fd_sc_hd__a21oi_4)
                                                         _444_ (net)
                      0.308471    0.003158    5.128772 ^ _524_/S (sky130_fd_sc_hd__mux2_4)
     2    0.007614    0.056398    0.343238    5.472010 v _524_/X (sky130_fd_sc_hd__mux2_4)
                                                         _453_ (net)
                      0.056398    0.000444    5.472454 v _539_/A1 (sky130_fd_sc_hd__a221o_1)
     3    0.010719    0.090020    0.359938    5.832392 v _539_/X (sky130_fd_sc_hd__a221o_1)
                                                         _010_ (net)
                      0.090021    0.000578    5.832970 v _543_/A3 (sky130_fd_sc_hd__a311oi_2)
     4    0.015334    0.370974    0.416829    6.249800 ^ _543_/Y (sky130_fd_sc_hd__a311oi_2)
                                                         _014_ (net)
                      0.370974    0.000641    6.250441 ^ _548_/A (sky130_fd_sc_hd__nor2_1)
     2    0.012137    0.118715    0.157467    6.407908 v _548_/Y (sky130_fd_sc_hd__nor2_1)
                                                         _019_ (net)
                      0.118717    0.000710    6.408618 v _769_/A2 (sky130_fd_sc_hd__a211o_1)
     1    0.004649    0.056255    0.323174    6.731792 v _769_/X (sky130_fd_sc_hd__a211o_1)
                                                         _243_ (net)
                      0.056255    0.000335    6.732127 v _770_/A_N (sky130_fd_sc_hd__nand2b_1)
     1    0.004606    0.052695    0.151464    6.883591 v _770_/Y (sky130_fd_sc_hd__nand2b_1)
                                                         net24 (net)
                      0.052696    0.000330    6.883922 v output24/A (sky130_fd_sc_hd__buf_1)
     1    0.001119    0.018127    0.081421    6.965342 v output24/X (sky130_fd_sc_hd__buf_1)
                                                         op_out[3] (net)
                      0.018127    0.000029    6.965371 v op_out[3] (out)
                                              6.965371   data arrival time

                      0.000000   20.000000   20.000000   clock virtual_clk (rise edge)
                                  0.000000   20.000000   clock network delay (ideal)
                                  0.000000   20.000000   clock reconvergence pessimism
                                 -2.000000   18.000000   output external delay
                                             18.000000   data required time
---------------------------------------------------------------------------------------------
                                             18.000000   data required time
                                             -6.965371   data arrival time
---------------------------------------------------------------------------------------------
                                             11.034630   slack (MET)


Startpoint: op_b[0] (input port clocked by virtual_clk)
Endpoint: op_out[5] (output port clocked by virtual_clk)
Path Group: virtual_clk
Path Type: max

Fanout         Cap        Slew       Delay        Time   Description
---------------------------------------------------------------------------------------------
                      0.000000    0.000000    0.000000   clock virtual_clk (rise edge)
                                  0.000000    0.000000   clock network delay (ideal)
                                  2.000000    2.000000 ^ input external delay
     1    0.002709    0.000000    0.000000    2.000000 ^ op_b[0] (in)
                                                         op_b[0] (net)
                      0.000148    0.000074    2.000074 ^ input13/A (sky130_fd_sc_hd__buf_2)
     7    0.040523    0.199428    0.198389    2.198463 ^ input13/X (sky130_fd_sc_hd__buf_2)
                                                         net13 (net)
                      0.199480    0.002699    2.201162 ^ fanout40/A (sky130_fd_sc_hd__buf_4)
    16    0.076273    0.212962    0.280435    2.481596 ^ fanout40/X (sky130_fd_sc_hd__buf_4)
                                                         net40 (net)
                      0.213250    0.006458    2.488054 ^ _458_/A (sky130_fd_sc_hd__clkinv_4)
    13    0.054087    0.129780    0.162432    2.650486 v _458_/Y (sky130_fd_sc_hd__clkinv_4)
                                                         _188_ (net)
                      0.129887    0.002664    2.653150 v _536_/A (sky130_fd_sc_hd__nor2_1)
     4    0.020048    0.361854    0.337391    2.990541 ^ _536_/Y (sky130_fd_sc_hd__nor2_1)
                                                         _007_ (net)
                      0.361871    0.002100    2.992641 ^ _780_/C (sky130_fd_sc_hd__and3_1)
     2    0.006133    0.081031    0.231031    3.223673 ^ _780_/X (sky130_fd_sc_hd__and3_1)
                                                         _254_ (net)
                      0.081031    0.000384    3.224056 ^ _781_/B1 (sky130_fd_sc_hd__a21oi_1)
     2    0.010806    0.093314    0.076247    3.300304 v _781_/Y (sky130_fd_sc_hd__a21oi_1)
                                                         _255_ (net)
                      0.093315    0.000322    3.300626 v _805_/A3 (sky130_fd_sc_hd__a31oi_1)
     2    0.008342    0.233789    0.257122    3.557748 ^ _805_/Y (sky130_fd_sc_hd__a31oi_1)
                                                         _280_ (net)
                      0.233789    0.000586    3.558333 ^ _813_/A (sky130_fd_sc_hd__xnor2_1)
     2    0.006428    0.185268    0.174360    3.732693 ^ _813_/Y (sky130_fd_sc_hd__xnor2_1)
                                                         _289_ (net)
                      0.185268    0.000464    3.733157 ^ _814_/B (sky130_fd_sc_hd__or2_1)
     1    0.002474    0.038872    0.123487    3.856644 ^ _814_/X (sky130_fd_sc_hd__or2_1)
                                                         _290_ (net)
                      0.038872    0.000114    3.856759 ^ _816_/A (sky130_fd_sc_hd__nand2_1)
     2    0.006941    0.060333    0.063389    3.920148 v _816_/Y (sky130_fd_sc_hd__nand2_1)
                                                         _292_ (net)
                      0.060335    0.000441    3.920588 v _817_/C (sky130_fd_sc_hd__and3_1)
     1    0.003383    0.039661    0.183851    4.104439 v _817_/X (sky130_fd_sc_hd__and3_1)
                                                         _293_ (net)
                      0.039661    0.000216    4.104655 v _819_/A (sky130_fd_sc_hd__nor2_1)
     2    0.008279    0.165534    0.161716    4.266371 ^ _819_/Y (sky130_fd_sc_hd__nor2_1)
                                                         _296_ (net)
                      0.165536    0.000483    4.266855 ^ _820_/B (sky130_fd_sc_hd__xnor2_1)
     2    0.005792    0.172896    0.158352    4.425206 ^ _820_/Y (sky130_fd_sc_hd__xnor2_1)
                                                         _297_ (net)
                      0.172896    0.000362    4.425569 ^ _821_/B (sky130_fd_sc_hd__or2_1)
     3    0.013562    0.134588    0.192435    4.618003 ^ _821_/X (sky130_fd_sc_hd__or2_1)
                                                         _298_ (net)
                      0.134590    0.000696    4.618700 ^ _824_/A (sky130_fd_sc_hd__nand2_1)
     3    0.009363    0.081420    0.107981    4.726680 v _824_/Y (sky130_fd_sc_hd__nand2_1)
                                                         _301_ (net)
                      0.081423    0.000579    4.727259 v _827_/A2 (sky130_fd_sc_hd__o21a_1)
     1    0.003490    0.038410    0.180922    4.908181 v _827_/X (sky130_fd_sc_hd__o21a_1)
                                                         _304_ (net)
                      0.038410    0.000223    4.908404 v _840_/B2 (sky130_fd_sc_hd__a221o_1)
     1    0.002910    0.052440    0.310052    5.218456 v _840_/X (sky130_fd_sc_hd__a221o_1)
                                                         _319_ (net)
                      0.052440    0.000108    5.218565 v _842_/B (sky130_fd_sc_hd__or3_1)
     1    0.006210    0.083967    0.367928    5.586493 v _842_/X (sky130_fd_sc_hd__or3_1)
                                                         net26 (net)
                      0.083968    0.000481    5.586974 v output26/A (sky130_fd_sc_hd__buf_1)
     1    0.001311    0.019574    0.096331    5.683305 v output26/X (sky130_fd_sc_hd__buf_1)
                                                         op_out[5] (net)
                      0.019574    0.000036    5.683342 v op_out[5] (out)
                                              5.683342   data arrival time

                      0.000000   20.000000   20.000000   clock virtual_clk (rise edge)
                                  0.000000   20.000000   clock network delay (ideal)
                                  0.000000   20.000000   clock reconvergence pessimism
                                 -2.000000   18.000000   output external delay
                                             18.000000   data required time
---------------------------------------------------------------------------------------------
                                             18.000000   data required time
                                             -5.683342   data arrival time
---------------------------------------------------------------------------------------------
                                             12.316658   slack (MET)


Startpoint: op_b[0] (input port clocked by virtual_clk)
Endpoint: op_out[7] (output port clocked by virtual_clk)
Path Group: virtual_clk
Path Type: max

Fanout         Cap        Slew       Delay        Time   Description
---------------------------------------------------------------------------------------------
                      0.000000    0.000000    0.000000   clock virtual_clk (rise edge)
                                  0.000000    0.000000   clock network delay (ideal)
                                  2.000000    2.000000 ^ input external delay
     1    0.002709    0.000000    0.000000    2.000000 ^ op_b[0] (in)
                                                         op_b[0] (net)
                      0.000148    0.000074    2.000074 ^ input13/A (sky130_fd_sc_hd__buf_2)
     7    0.040523    0.199428    0.198389    2.198463 ^ input13/X (sky130_fd_sc_hd__buf_2)
                                                         net13 (net)
                      0.199480    0.002699    2.201162 ^ fanout40/A (sky130_fd_sc_hd__buf_4)
    16    0.076273    0.212962    0.280435    2.481596 ^ fanout40/X (sky130_fd_sc_hd__buf_4)
                                                         net40 (net)
                      0.213250    0.006458    2.488054 ^ _458_/A (sky130_fd_sc_hd__clkinv_4)
    13    0.054087    0.129780    0.162432    2.650486 v _458_/Y (sky130_fd_sc_hd__clkinv_4)
                                                         _188_ (net)
                      0.129887    0.002664    2.653150 v _536_/A (sky130_fd_sc_hd__nor2_1)
     4    0.020048    0.361854    0.337391    2.990541 ^ _536_/Y (sky130_fd_sc_hd__nor2_1)
                                                         _007_ (net)
                      0.361871    0.002100    2.992641 ^ _780_/C (sky130_fd_sc_hd__and3_1)
     2    0.006133    0.081031    0.231031    3.223673 ^ _780_/X (sky130_fd_sc_hd__and3_1)
                                                         _254_ (net)
                      0.081031    0.000384    3.224056 ^ _781_/B1 (sky130_fd_sc_hd__a21oi_1)
     2    0.010806    0.093314    0.076247    3.300304 v _781_/Y (sky130_fd_sc_hd__a21oi_1)
                                                         _255_ (net)
                      0.093315    0.000322    3.300626 v _805_/A3 (sky130_fd_sc_hd__a31oi_1)
     2    0.008342    0.233789    0.257122    3.557748 ^ _805_/Y (sky130_fd_sc_hd__a31oi_1)
                                                         _280_ (net)
                      0.233789    0.000586    3.558333 ^ _813_/A (sky130_fd_sc_hd__xnor2_1)
     2    0.006428    0.185268    0.174360    3.732693 ^ _813_/Y (sky130_fd_sc_hd__xnor2_1)
                                                         _289_ (net)
                      0.185268    0.000464    3.733157 ^ _814_/B (sky130_fd_sc_hd__or2_1)
     1    0.002474    0.038872    0.123487    3.856644 ^ _814_/X (sky130_fd_sc_hd__or2_1)
                                                         _290_ (net)
                      0.038872    0.000114    3.856759 ^ _816_/A (sky130_fd_sc_hd__nand2_1)
     2    0.006941    0.060333    0.063389    3.920148 v _816_/Y (sky130_fd_sc_hd__nand2_1)
                                                         _292_ (net)
                      0.060335    0.000441    3.920588 v _817_/C (sky130_fd_sc_hd__and3_1)
     1    0.003383    0.039661    0.183851    4.104439 v _817_/X (sky130_fd_sc_hd__and3_1)
                                                         _293_ (net)
                      0.039661    0.000216    4.104655 v _819_/A (sky130_fd_sc_hd__nor2_1)
     2    0.008279    0.165534    0.161716    4.266371 ^ _819_/Y (sky130_fd_sc_hd__nor2_1)
                                                         _296_ (net)
                      0.165536    0.000483    4.266855 ^ _820_/B (sky130_fd_sc_hd__xnor2_1)
     2    0.005792    0.172896    0.158352    4.425206 ^ _820_/Y (sky130_fd_sc_hd__xnor2_1)
                                                         _297_ (net)
                      0.172896    0.000362    4.425569 ^ _821_/B (sky130_fd_sc_hd__or2_1)
     3    0.013562    0.134588    0.192435    4.618003 ^ _821_/X (sky130_fd_sc_hd__or2_1)
                                                         _298_ (net)
                      0.134590    0.000696    4.618700 ^ _824_/A (sky130_fd_sc_hd__nand2_1)
     3    0.009363    0.081420    0.107981    4.726680 v _824_/Y (sky130_fd_sc_hd__nand2_1)
                                                         _301_ (net)
                      0.081422    0.000500    4.727180 v _826_/B (sky130_fd_sc_hd__nor2_1)
     3    0.008369    0.167010    0.163594    4.890774 ^ _826_/Y (sky130_fd_sc_hd__nor2_1)
                                                         _303_ (net)
                      0.167011    0.000277    4.891050 ^ _892_/A2 (sky130_fd_sc_hd__o21ai_1)
     2    0.005716    0.099096    0.097651    4.988701 v _892_/Y (sky130_fd_sc_hd__o21ai_1)
                                                         _374_ (net)
                      0.099096    0.000351    4.989052 v _917_/A (sky130_fd_sc_hd__or2_1)
     1    0.003329    0.051072    0.244058    5.233110 v _917_/X (sky130_fd_sc_hd__or2_1)
                                                         _401_ (net)
                      0.051072    0.000234    5.233344 v _923_/A2 (sky130_fd_sc_hd__a311o_1)
     1    0.002366    0.050155    0.300749    5.534093 v _923_/X (sky130_fd_sc_hd__a311o_1)
                                                         net28 (net)
                      0.050155    0.000171    5.534264 v output28/A (sky130_fd_sc_hd__buf_1)
     1    0.000460    0.014599    0.075929    5.610193 v output28/X (sky130_fd_sc_hd__buf_1)
                                                         op_out[7] (net)
                      0.014599    0.000012    5.610205 v op_out[7] (out)
                                              5.610205   data arrival time

                      0.000000   20.000000   20.000000   clock virtual_clk (rise edge)
                                  0.000000   20.000000   clock network delay (ideal)
                                  0.000000   20.000000   clock reconvergence pessimism
                                 -2.000000   18.000000   output external delay
                                             18.000000   data required time
---------------------------------------------------------------------------------------------
                                             18.000000   data required time
                                             -5.610205   data arrival time
---------------------------------------------------------------------------------------------
                                             12.389794   slack (MET)


Startpoint: op_b[4] (input port clocked by virtual_clk)
Endpoint: op_out[4] (output port clocked by virtual_clk)
Path Group: virtual_clk
Path Type: max

Fanout         Cap        Slew       Delay        Time   Description
---------------------------------------------------------------------------------------------
                      0.000000    0.000000    0.000000   clock virtual_clk (rise edge)
                                  0.000000    0.000000   clock network delay (ideal)
                                  2.000000    2.000000 v input external delay
     1    0.002945    0.000000    0.000000    2.000000 v op_b[4] (in)
                                                         op_b[4] (net)
                      0.000172    0.000086    2.000086 v input17/A (sky130_fd_sc_hd__buf_4)
     8    0.058586    0.083642    0.172113    2.172199 v input17/X (sky130_fd_sc_hd__buf_4)
                                                         net17 (net)
                      0.083708    0.001971    2.174170 v fanout35/A (sky130_fd_sc_hd__buf_12)
    13    0.063648    0.047258    0.162265    2.336435 v fanout35/X (sky130_fd_sc_hd__buf_12)
                                                         net35 (net)
                      0.050597    0.009644    2.346079 v _469_/D (sky130_fd_sc_hd__or4_4)
     5    0.019533    0.112490    0.460992    2.807071 v _469_/X (sky130_fd_sc_hd__or4_4)
                                                         _306_ (net)
                      0.112490    0.002002    2.809072 v _472_/A4 (sky130_fd_sc_hd__o41ai_4)
     3    0.009350    0.288785    0.267417    3.076489 ^ _472_/Y (sky130_fd_sc_hd__o41ai_4)
                                                         _338_ (net)
                      0.288785    0.000475    3.076964 ^ rebuffer29/A (sky130_fd_sc_hd__buf_1)
     2    0.009253    0.117037    0.176715    3.253679 ^ rebuffer29/X (sky130_fd_sc_hd__buf_1)
                                                         net69 (net)
                      0.117037    0.000448    3.254127 ^ rebuffer30/A (sky130_fd_sc_hd__dlygate4sd1_1)
     1    0.004330    0.053316    0.220086    3.474213 ^ rebuffer30/X (sky130_fd_sc_hd__dlygate4sd1_1)
                                                         net70 (net)
                      0.053317    0.000282    3.474495 ^ _477_/B1_N (sky130_fd_sc_hd__o21bai_1)
     3    0.010951    0.248997    0.156432    3.630927 ^ _477_/Y (sky130_fd_sc_hd__o21bai_1)
                                                         _392_ (net)
                      0.249000    0.000703    3.631631 ^ _491_/B (sky130_fd_sc_hd__nor2_1)
     2    0.008304    0.080521    0.106062    3.737693 v _491_/Y (sky130_fd_sc_hd__nor2_1)
                                                         _420_ (net)
                      0.080524    0.000562    3.738255 v _493_/B1 (sky130_fd_sc_hd__a211oi_2)
     3    0.012763    0.287947    0.309614    4.047869 ^ _493_/Y (sky130_fd_sc_hd__a211oi_2)
                                                         _422_ (net)
                      0.287947    0.000894    4.048763 ^ _502_/A2 (sky130_fd_sc_hd__o21ai_1)
     3    0.009889    0.108888    0.149794    4.198557 v _502_/Y (sky130_fd_sc_hd__o21ai_1)
                                                         _431_ (net)
                      0.108889    0.000509    4.199066 v _507_/A2 (sky130_fd_sc_hd__a31o_1)
     2    0.008696    0.062581    0.255584    4.454649 v _507_/X (sky130_fd_sc_hd__a31o_1)
                                                         _436_ (net)
                      0.062585    0.000559    4.455209 v _509_/A2 (sky130_fd_sc_hd__a211o_4)
     3    0.016358    0.068352    0.362247    4.817456 v _509_/X (sky130_fd_sc_hd__a211o_4)
                                                         _438_ (net)
                      0.068373    0.001037    4.818493 v _515_/A2 (sky130_fd_sc_hd__a21oi_4)
     8    0.040269    0.308421    0.307121    5.125614 ^ _515_/Y (sky130_fd_sc_hd__a21oi_4)
                                                         _444_ (net)
                      0.308465    0.002959    5.128573 ^ _797_/A2 (sky130_fd_sc_hd__a211oi_1)
     1    0.004944    0.093006    0.141442    5.270015 v _797_/Y (sky130_fd_sc_hd__a211oi_1)
                                                         _272_ (net)
                      0.093006    0.000378    5.270393 v _798_/B1 (sky130_fd_sc_hd__o31ai_1)
     1    0.005300    0.255607    0.098901    5.369294 ^ _798_/Y (sky130_fd_sc_hd__o31ai_1)
                                                         net25 (net)
                      0.255607    0.000411    5.369704 ^ output25/A (sky130_fd_sc_hd__buf_1)
     1    0.000960    0.028497    0.104881    5.474586 ^ output25/X (sky130_fd_sc_hd__buf_1)
                                                         op_out[4] (net)
                      0.028497    0.000023    5.474609 ^ op_out[4] (out)
                                              5.474609   data arrival time

                      0.000000   20.000000   20.000000   clock virtual_clk (rise edge)
                                  0.000000   20.000000   clock network delay (ideal)
                                  0.000000   20.000000   clock reconvergence pessimism
                                 -2.000000   18.000000   output external delay
                                             18.000000   data required time
---------------------------------------------------------------------------------------------
                                             18.000000   data required time
                                             -5.474609   data arrival time
---------------------------------------------------------------------------------------------
                                             12.525391   slack (MET)


Startpoint: op_b[0] (input port clocked by virtual_clk)
Endpoint: op_out[6] (output port clocked by virtual_clk)
Path Group: virtual_clk
Path Type: max

Fanout         Cap        Slew       Delay        Time   Description
---------------------------------------------------------------------------------------------
                      0.000000    0.000000    0.000000   clock virtual_clk (rise edge)
                                  0.000000    0.000000   clock network delay (ideal)
                                  2.000000    2.000000 ^ input external delay
     1    0.002709    0.000000    0.000000    2.000000 ^ op_b[0] (in)
                                                         op_b[0] (net)
                      0.000148    0.000074    2.000074 ^ input13/A (sky130_fd_sc_hd__buf_2)
     7    0.040523    0.199428    0.198389    2.198463 ^ input13/X (sky130_fd_sc_hd__buf_2)
                                                         net13 (net)
                      0.199480    0.002699    2.201162 ^ fanout40/A (sky130_fd_sc_hd__buf_4)
    16    0.076273    0.212962    0.280435    2.481596 ^ fanout40/X (sky130_fd_sc_hd__buf_4)
                                                         net40 (net)
                      0.213250    0.006458    2.488054 ^ _458_/A (sky130_fd_sc_hd__clkinv_4)
    13    0.054087    0.129780    0.162432    2.650486 v _458_/Y (sky130_fd_sc_hd__clkinv_4)
                                                         _188_ (net)
                      0.129887    0.002664    2.653150 v _536_/A (sky130_fd_sc_hd__nor2_1)
     4    0.020048    0.361854    0.337391    2.990541 ^ _536_/Y (sky130_fd_sc_hd__nor2_1)
                                                         _007_ (net)
                      0.361871    0.002100    2.992641 ^ _780_/C (sky130_fd_sc_hd__and3_1)
     2    0.006133    0.081031    0.231031    3.223673 ^ _780_/X (sky130_fd_sc_hd__and3_1)
                                                         _254_ (net)
                      0.081031    0.000384    3.224056 ^ _781_/B1 (sky130_fd_sc_hd__a21oi_1)
     2    0.010806    0.093314    0.076247    3.300304 v _781_/Y (sky130_fd_sc_hd__a21oi_1)
                                                         _255_ (net)
                      0.093315    0.000322    3.300626 v _805_/A3 (sky130_fd_sc_hd__a31oi_1)
     2    0.008342    0.233789    0.257122    3.557748 ^ _805_/Y (sky130_fd_sc_hd__a31oi_1)
                                                         _280_ (net)
                      0.233789    0.000586    3.558333 ^ _813_/A (sky130_fd_sc_hd__xnor2_1)
     2    0.006428    0.185268    0.174360    3.732693 ^ _813_/Y (sky130_fd_sc_hd__xnor2_1)
                                                         _289_ (net)
                      0.185268    0.000464    3.733157 ^ _814_/B (sky130_fd_sc_hd__or2_1)
     1    0.002474    0.038872    0.123487    3.856644 ^ _814_/X (sky130_fd_sc_hd__or2_1)
                                                         _290_ (net)
                      0.038872    0.000114    3.856759 ^ _816_/A (sky130_fd_sc_hd__nand2_1)
     2    0.006941    0.060333    0.063389    3.920148 v _816_/Y (sky130_fd_sc_hd__nand2_1)
                                                         _292_ (net)
                      0.060335    0.000441    3.920588 v _817_/C (sky130_fd_sc_hd__and3_1)
     1    0.003383    0.039661    0.183851    4.104439 v _817_/X (sky130_fd_sc_hd__and3_1)
                                                         _293_ (net)
                      0.039661    0.000216    4.104655 v _819_/A (sky130_fd_sc_hd__nor2_1)
     2    0.008279    0.165534    0.161716    4.266371 ^ _819_/Y (sky130_fd_sc_hd__nor2_1)
                                                         _296_ (net)
                      0.165536    0.000483    4.266855 ^ _820_/B (sky130_fd_sc_hd__xnor2_1)
     2    0.005409    0.062958    0.101124    4.367979 v _820_/Y (sky130_fd_sc_hd__xnor2_1)
                                                         _297_ (net)
                      0.062959    0.000334    4.368312 v _821_/B (sky130_fd_sc_hd__or2_1)
     3    0.012737    0.091582    0.261289    4.629602 v _821_/X (sky130_fd_sc_hd__or2_1)
                                                         _298_ (net)
                      0.091584    0.000654    4.630255 v _824_/A (sky130_fd_sc_hd__nand2_1)
     3    0.010166    0.105147    0.120281    4.750536 ^ _824_/Y (sky130_fd_sc_hd__nand2_1)
                                                         _301_ (net)
                      0.105151    0.000547    4.751084 ^ _826_/B (sky130_fd_sc_hd__nor2_1)
     3    0.007788    0.053881    0.072814    4.823897 v _826_/Y (sky130_fd_sc_hd__nor2_1)
                                                         _303_ (net)
                      0.053883    0.000411    4.824308 v _878_/A (sky130_fd_sc_hd__or2_1)
     1    0.002767    0.047570    0.222881    5.047189 v _878_/X (sky130_fd_sc_hd__or2_1)
                                                         _359_ (net)
                      0.047570    0.000193    5.047382 v _885_/A2 (sky130_fd_sc_hd__a31o_1)
     1    0.002486    0.035237    0.196871    5.244253 v _885_/X (sky130_fd_sc_hd__a31o_1)
                                                         net27 (net)
                      0.035237    0.000173    5.244426 v output27/A (sky130_fd_sc_hd__buf_1)
     1    0.000628    0.015527    0.070461    5.314888 v output27/X (sky130_fd_sc_hd__buf_1)
                                                         op_out[6] (net)
                      0.015527    0.000018    5.314906 v op_out[6] (out)
                                              5.314906   data arrival time

                      0.000000   20.000000   20.000000   clock virtual_clk (rise edge)
                                  0.000000   20.000000   clock network delay (ideal)
                                  0.000000   20.000000   clock reconvergence pessimism
                                 -2.000000   18.000000   output external delay
                                             18.000000   data required time
---------------------------------------------------------------------------------------------
                                             18.000000   data required time
                                             -5.314906   data arrival time
---------------------------------------------------------------------------------------------
                                             12.685094   slack (MET)



%OL_END_REPORT
%OL_CREATE_REPORT checks.rpt

===========================================================================
report_checks -unconstrained
===========================================================================
======================= max_tt_025C_1v80 Corner ===================================

Startpoint: op_b[4] (input port clocked by virtual_clk)
Endpoint: op_out[0] (output port clocked by virtual_clk)
Path Group: virtual_clk
Path Type: max

Fanout         Cap        Slew       Delay        Time   Description
---------------------------------------------------------------------------------------------
                      0.000000    0.000000    0.000000   clock virtual_clk (rise edge)
                                  0.000000    0.000000   clock network delay (ideal)
                                  2.000000    2.000000 v input external delay
     1    0.002945    0.000000    0.000000    2.000000 v op_b[4] (in)
                                                         op_b[4] (net)
                      0.000172    0.000086    2.000086 v input17/A (sky130_fd_sc_hd__buf_4)
     8    0.058586    0.083642    0.172113    2.172199 v input17/X (sky130_fd_sc_hd__buf_4)
                                                         net17 (net)
                      0.083708    0.001971    2.174170 v fanout35/A (sky130_fd_sc_hd__buf_12)
    13    0.063648    0.047258    0.162265    2.336435 v fanout35/X (sky130_fd_sc_hd__buf_12)
                                                         net35 (net)
                      0.050597    0.009644    2.346079 v _469_/D (sky130_fd_sc_hd__or4_4)
     5    0.019533    0.112490    0.460992    2.807071 v _469_/X (sky130_fd_sc_hd__or4_4)
                                                         _306_ (net)
                      0.112490    0.002002    2.809072 v _472_/A4 (sky130_fd_sc_hd__o41ai_4)
     3    0.009350    0.288785    0.267417    3.076489 ^ _472_/Y (sky130_fd_sc_hd__o41ai_4)
                                                         _338_ (net)
                      0.288785    0.000475    3.076964 ^ rebuffer29/A (sky130_fd_sc_hd__buf_1)
     2    0.009253    0.117037    0.176715    3.253679 ^ rebuffer29/X (sky130_fd_sc_hd__buf_1)
                                                         net69 (net)
                      0.117037    0.000448    3.254127 ^ rebuffer30/A (sky130_fd_sc_hd__dlygate4sd1_1)
     1    0.004330    0.053316    0.220086    3.474213 ^ rebuffer30/X (sky130_fd_sc_hd__dlygate4sd1_1)
                                                         net70 (net)
                      0.053317    0.000282    3.474495 ^ _477_/B1_N (sky130_fd_sc_hd__o21bai_1)
     3    0.010951    0.248997    0.156432    3.630927 ^ _477_/Y (sky130_fd_sc_hd__o21bai_1)
                                                         _392_ (net)
                      0.249000    0.000703    3.631631 ^ _491_/B (sky130_fd_sc_hd__nor2_1)
     2    0.008304    0.080521    0.106062    3.737693 v _491_/Y (sky130_fd_sc_hd__nor2_1)
                                                         _420_ (net)
                      0.080524    0.000562    3.738255 v _493_/B1 (sky130_fd_sc_hd__a211oi_2)
     3    0.012763    0.287947    0.309614    4.047869 ^ _493_/Y (sky130_fd_sc_hd__a211oi_2)
                                                         _422_ (net)
                      0.287947    0.000894    4.048763 ^ _502_/A2 (sky130_fd_sc_hd__o21ai_1)
     3    0.009889    0.108888    0.149794    4.198557 v _502_/Y (sky130_fd_sc_hd__o21ai_1)
                                                         _431_ (net)
                      0.108889    0.000509    4.199066 v _507_/A2 (sky130_fd_sc_hd__a31o_1)
     2    0.008696    0.062581    0.255584    4.454649 v _507_/X (sky130_fd_sc_hd__a31o_1)
                                                         _436_ (net)
                      0.062585    0.000559    4.455209 v _509_/A2 (sky130_fd_sc_hd__a211o_4)
     3    0.016358    0.068352    0.362247    4.817456 v _509_/X (sky130_fd_sc_hd__a211o_4)
                                                         _438_ (net)
                      0.068373    0.001037    4.818493 v _515_/A2 (sky130_fd_sc_hd__a21oi_4)
     8    0.040269    0.308421    0.307121    5.125614 ^ _515_/Y (sky130_fd_sc_hd__a21oi_4)
                                                         _444_ (net)
                      0.308471    0.003158    5.128772 ^ _524_/S (sky130_fd_sc_hd__mux2_4)
     2    0.007614    0.056398    0.343238    5.472010 v _524_/X (sky130_fd_sc_hd__mux2_4)
                                                         _453_ (net)
                      0.056398    0.000444    5.472454 v _539_/A1 (sky130_fd_sc_hd__a221o_1)
     3    0.010719    0.090020    0.359938    5.832392 v _539_/X (sky130_fd_sc_hd__a221o_1)
                                                         _010_ (net)
                      0.090020    0.000470    5.832862 v _544_/A2 (sky130_fd_sc_hd__a311o_1)
     5    0.015512    0.113157    0.391461    6.224323 v _544_/X (sky130_fd_sc_hd__a311o_1)
                                                         _015_ (net)
                      0.113160    0.000774    6.225097 v _579_/A1 (sky130_fd_sc_hd__a21o_1)
     2    0.005289    0.043552    0.189894    6.414991 v _579_/X (sky130_fd_sc_hd__a21o_1)
                                                         _050_ (net)
                      0.043553    0.000329    6.415320 v _583_/C (sky130_fd_sc_hd__and3_1)
     2    0.006490    0.052741    0.191581    6.606901 v _583_/X (sky130_fd_sc_hd__and3_1)
                                                         _054_ (net)
                      0.052741    0.000223    6.607124 v _585_/A (sky130_fd_sc_hd__or4_4)
     1    0.004501    0.083448    0.527362    7.134486 v _585_/X (sky130_fd_sc_hd__or4_4)
                                                         _056_ (net)
                      0.083448    0.000311    7.134797 v _586_/B (sky130_fd_sc_hd__or4b_4)
     1    0.008739    0.092123    0.536155    7.670952 v _586_/X (sky130_fd_sc_hd__or4b_4)
                                                         _057_ (net)
                      0.092123    0.000676    7.671628 v _590_/A2 (sky130_fd_sc_hd__a311oi_4)
     8    0.045341    0.594117    0.566841    8.238469 ^ _590_/Y (sky130_fd_sc_hd__a311oi_4)
                                                         _061_ (net)
                      0.594140    0.002983    8.241452 ^ _615_/S (sky130_fd_sc_hd__mux2_4)
     4    0.018557    0.072354    0.385415    8.626867 v _615_/X (sky130_fd_sc_hd__mux2_4)
                                                         _086_ (net)
                      0.072354    0.001212    8.628079 v _623_/A2 (sky130_fd_sc_hd__o22a_1)
     2    0.005302    0.055631    0.213646    8.841725 v _623_/X (sky130_fd_sc_hd__o22a_1)
                                                         _094_ (net)
                      0.055631    0.000262    8.841988 v _624_/B (sky130_fd_sc_hd__or4bb_4)
     5    0.028104    0.124827    0.580551    9.422539 v _624_/X (sky130_fd_sc_hd__or4bb_4)
                                                         _095_ (net)
                      0.124923    0.001967    9.424506 v _628_/A2 (sky130_fd_sc_hd__a21oi_4)
     6    0.030157    0.246337    0.284198    9.708703 ^ _628_/Y (sky130_fd_sc_hd__a21oi_4)
                                                         _099_ (net)
                      0.246367    0.002154    9.710857 ^ _665_/S (sky130_fd_sc_hd__mux2_1)
     3    0.008384    0.083465    0.386665   10.097522 v _665_/X (sky130_fd_sc_hd__mux2_1)
                                                         _136_ (net)
                      0.083465    0.000263   10.097785 v _669_/A2 (sky130_fd_sc_hd__a21o_1)
     1    0.002658    0.032337    0.184990   10.282775 v _669_/X (sky130_fd_sc_hd__a21o_1)
                                                         _140_ (net)
                      0.032337    0.000187   10.282963 v _671_/A1 (sky130_fd_sc_hd__o211a_1)
     1    0.004165    0.044848    0.219000   10.501963 v _671_/X (sky130_fd_sc_hd__o211a_1)
                                                         _142_ (net)
                      0.044848    0.000314   10.502276 v _672_/B2 (sky130_fd_sc_hd__o221a_1)
     1    0.002776    0.045013    0.199804   10.702081 v _672_/X (sky130_fd_sc_hd__o221a_1)
                                                         _143_ (net)
                      0.045013    0.000193   10.702273 v _675_/A1 (sky130_fd_sc_hd__o21a_1)
     1    0.003145    0.036708    0.180595   10.882868 v _675_/X (sky130_fd_sc_hd__o21a_1)
                                                         _146_ (net)
                      0.036708    0.000226   10.883095 v _679_/A2 (sky130_fd_sc_hd__o21a_1)
     1    0.007308    0.056037    0.182446   11.065541 v _679_/X (sky130_fd_sc_hd__o21a_1)
                                                         _150_ (net)
                      0.056041    0.000527   11.066068 v _700_/B (sky130_fd_sc_hd__or3_4)
     1    0.004525    0.065287    0.362747   11.428815 v _700_/X (sky130_fd_sc_hd__or3_4)
                                                         net21 (net)
                      0.065287    0.000324   11.429139 v output21/A (sky130_fd_sc_hd__clkbuf_1)
     1    0.002160    0.023413    0.092748   11.521887 v output21/X (sky130_fd_sc_hd__clkbuf_1)
                                                         op_out[0] (net)
                      0.023413    0.000091   11.521978 v op_out[0] (out)
                                             11.521978   data arrival time

                      0.000000   20.000000   20.000000   clock virtual_clk (rise edge)
                                  0.000000   20.000000   clock network delay (ideal)
                                  0.000000   20.000000   clock reconvergence pessimism
                                 -2.000000   18.000000   output external delay
                                             18.000000   data required time
---------------------------------------------------------------------------------------------
                                             18.000000   data required time
                                            -11.521978   data arrival time
---------------------------------------------------------------------------------------------
                                              6.478022   slack (MET)




===========================================================================
report_checks --slack_max -0.01
============================================================================
======================= max_tt_025C_1v80 Corner ===================================

No paths found.


===========================================================================
 report_check_types -max_slew -max_cap -max_fanout -violators
============================================================================
======================= max_tt_025C_1v80 Corner ===================================

max fanout

Pin                                   Limit Fanout  Slack
---------------------------------------------------------
input20/X                                16     17        (VIOLATED)



===========================================================================
report_parasitic_annotation -report_unannotated
============================================================================
Found 0 unannotated drivers.
Found 0 partially unannotated drivers.

===========================================================================
max slew violation count 0
%OL_METRIC_I design__max_slew_violation__count__corner:max_tt_025C_1v80 0
max fanout violation count 1
%OL_METRIC_I design__max_fanout_violation__count__corner:max_tt_025C_1v80 1
max cap violation count 0
%OL_METRIC_I design__max_cap_violation__count__corner:max_tt_025C_1v80 0
============================================================================

===========================================================================
check_setup -verbose -unconstrained_endpoints -multiple_clock -no_clock -no_input_delay -loops -generated_clocks
===========================================================================
%OL_END_REPORT
%OL_CREATE_REPORT power.rpt

===========================================================================
 report_power
============================================================================
======================= max_tt_025C_1v80 Corner ===================================

Group                    Internal    Switching      Leakage        Total
                            Power        Power        Power        Power (Watts)
------------------------------------------------------------------------
Sequential           0.000000e+00 0.000000e+00 0.000000e+00 0.000000e+00   0.0%
Combinational        6.303536e-05 7.383771e-05 1.872809e-09 1.368750e-04 100.0%
Clock                0.000000e+00 0.000000e+00 1.189100e-09 1.189100e-09   0.0%
Macro                0.000000e+00 0.000000e+00 0.000000e+00 0.000000e+00   0.0%
Pad                  0.000000e+00 0.000000e+00 0.000000e+00 0.000000e+00   0.0%
------------------------------------------------------------------------
Total                6.303536e-05 7.383771e-05 3.061906e-09 1.368761e-04 100.0%
                            46.1%        53.9%         0.0%
%OL_METRIC_F power__internal__total 6.303536065388471e-5
%OL_METRIC_F power__switching__total 7.383771298918873e-5
%OL_METRIC_F power__leakage__total 3.061906062029607e-9
%OL_METRIC_F power__total 0.0001368761295452714

%OL_END_REPORT
%OL_CREATE_REPORT skew.min.rpt

===========================================================================
Clock Skew (Hold)
============================================================================
%OL_METRIC_F clock__skew__worst_hold__corner:max_tt_025C_1v80 0.0
======================= max_tt_025C_1v80 Corner ===================================

Clock virtual_clk
No launch/capture paths found.

%OL_END_REPORT
%OL_CREATE_REPORT skew.max.rpt

===========================================================================
Clock Skew (Setup)
============================================================================
%OL_METRIC_F clock__skew__worst_setup__corner:max_tt_025C_1v80 0.0
======================= max_tt_025C_1v80 Corner ===================================

Clock virtual_clk
No launch/capture paths found.

%OL_END_REPORT
%OL_CREATE_REPORT ws.min.rpt

===========================================================================
Worst Slack (Hold)
============================================================================
%OL_METRIC_F timing__hold__ws__corner:max_tt_025C_1v80 4.5284834941472925
max_tt_025C_1v80: 4.5284834941472925
%OL_END_REPORT
%OL_CREATE_REPORT ws.max.rpt

===========================================================================
Worst Slack (Setup)
============================================================================
%OL_METRIC_F timing__setup__ws__corner:max_tt_025C_1v80 6.478021857849482
max_tt_025C_1v80: 6.478021857849482
%OL_END_REPORT
%OL_CREATE_REPORT tns.min.rpt

===========================================================================
Total Negative Slack (Hold)
============================================================================
%OL_METRIC_F timing__hold__tns__corner:max_tt_025C_1v80 0.0
max_tt_025C_1v80: 0.0
%OL_END_REPORT
%OL_CREATE_REPORT tns.max.rpt

===========================================================================
Total Negative Slack (Setup)
============================================================================
%OL_METRIC_F timing__setup__tns__corner:max_tt_025C_1v80 0.0
max_tt_025C_1v80: 0.0
%OL_END_REPORT
%OL_CREATE_REPORT wns.min.rpt

===========================================================================
Worst Negative Slack (Hold)
============================================================================
%OL_METRIC_F timing__hold__wns__corner:max_tt_025C_1v80 0
max_tt_025C_1v80: 0
%OL_END_REPORT
%OL_CREATE_REPORT wns.max.rpt

===========================================================================
Worst Negative Slack (Setup)
============================================================================
%OL_METRIC_F timing__setup__wns__corner:max_tt_025C_1v80 0.0
max_tt_025C_1v80: 0.0
%OL_END_REPORT
%OL_CREATE_REPORT violator_list.rpt

===========================================================================
Violator List
============================================================================
%OL_METRIC_I timing__hold_vio__count__corner:max_tt_025C_1v80 0
%OL_METRIC_F timing__hold_r2r__ws__corner:max_tt_025C_1v80 inf
%OL_METRIC_I timing__hold_r2r_vio__count__corner:max_tt_025C_1v80 0
%OL_METRIC_I timing__setup_vio__count__corner:max_tt_025C_1v80 0
%OL_METRIC_F timing__setup_r2r__ws__corner:max_tt_025C_1v80 inf
%OL_METRIC_I timing__setup_r2r_vio__count__corner:max_tt_025C_1v80 0
%OL_END_REPORT
%OL_CREATE_REPORT unpropagated.rpt
virtual_clk
%OL_END_REPORT
%OL_CREATE_REPORT clock.rpt
Clock: virtual_clk
Sources: 
Generated: no
Virtual: yes
Propagated: no
Period: 20.000000

===========================================================================
report_clock_properties
============================================================================
Clock                   Period          Waveform
----------------------------------------------------
virtual_clk          20.000000    0.000000 10.000000

===========================================================================
report_clock_latency
============================================================================
Clock virtual_clk


===========================================================================
report_clock_min_period
============================================================================
virtual_clk period_min = 0.00 fmax = inf
%OL_END_REPORT
Writing SDF files for all corners…
Removing Clock latencies before writing libs…
Writing timing models for all corners…
Writing timing models for the max_tt_025C_1v80 corner to /home/letienthanh/8bitalu/runs/RUN_2026-08-05_13-41-28/53-openroad-stapostpnr/max_tt_025C_1v80/alu8bit__max_tt_025C_1v80.lib…
