Reading timing models for corner max_ss_100C_1v60…
Reading cell library for the 'max_ss_100C_1v60' corner at '/home/letienthanh/.volare/volare/sky130/versions/0fe599b2afb6708d281543108caf8310912f54af/sky130A/libs.ref/sky130_fd_sc_hd/lib/sky130_fd_sc_hd__ss_100C_1v60.lib'…
Reading top-level netlist at '/home/letienthanh/8bitalu/runs/RUN_2026-08-05_13-37-55/50-openroad-fillinsertion/alu8bit.nl.v'…
Linking design 'alu8bit' from netlist…
Warning: /home/letienthanh/8bitalu/runs/RUN_2026-08-05_13-37-55/50-openroad-fillinsertion/alu8bit.nl.v line 2393, module sky130_fd_sc_hd__tapvpwrvgnd_1 not found. Creating black box for TAP_TAPCELL_ROW_0_76.
Warning: /home/letienthanh/8bitalu/runs/RUN_2026-08-05_13-37-55/50-openroad-fillinsertion/alu8bit.nl.v line 2695, module sky130_ef_sc_hd__decap_12 not found. Creating black box for FILLER_0_3.
Warning: /home/letienthanh/8bitalu/runs/RUN_2026-08-05_13-37-55/50-openroad-fillinsertion/alu8bit.nl.v line 2697, module sky130_fd_sc_hd__fill_1 not found. Creating black box for FILLER_0_27.
Warning: /home/letienthanh/8bitalu/runs/RUN_2026-08-05_13-37-55/50-openroad-fillinsertion/alu8bit.nl.v line 2704, module sky130_fd_sc_hd__fill_2 not found. Creating black box for FILLER_0_85.
Reading design constraints file at '/nix/store/ss2cw3sxbrwwx9jl0rrppbw4kgcmgi2n-python3-3.11.9-env/lib/python3.11/site-packages/openlane/scripts/base.sdc'…
Warning: base.sdc line 15, port '__VIRTUAL_CLK__' not found.
[INFO] Using clock __VIRTUAL_CLK__…
[INFO] Setting output delay to: 2
[INFO] Setting input delay to: 2
Warning: base.sdc line 32, port '__VIRTUAL_CLK__' not found.
[INFO] Setting load to: 0.033442
[INFO] Setting clock uncertainty to: 0.25
[INFO] Setting clock transition to: 0.1499999999999999944488848768742172978818416595458984375
Warning: base.sdc line 69, transition time can not be specified for virtual clocks.
[INFO] Setting timing derate to: 5%
Warning: base.sdc line 79, virtual clock __VIRTUAL_CLK__ can not be propagated.
Reading top-level design parasitics for the 'max_ss_100C_1v60' corner at '/home/letienthanh/8bitalu/runs/RUN_2026-08-05_13-37-55/52-openroad-rcx/max/alu8bit.max.spef'…
%OL_CREATE_REPORT min.rpt

===========================================================================
report_checks -path_delay min (Hold)
============================================================================
======================= max_ss_100C_1v60 Corner ===================================

Startpoint: op_b[4] (input port clocked by __VIRTUAL_CLK__)
Endpoint: op_out[4] (output port clocked by __VIRTUAL_CLK__)
Path Group: __VIRTUAL_CLK__
Path Type: min

Fanout         Cap        Slew       Delay        Time   Description
---------------------------------------------------------------------------------------------
                      0.000000    0.000000    0.000000   clock __VIRTUAL_CLK__ (rise edge)
                                  0.000000    0.000000   clock network delay (ideal)
                                  2.000000    2.000000 ^ input external delay
     1    0.005542    0.050843    0.030343    2.030343 ^ op_b[4] (in)
                                                         op_b[4] (net)
                      0.050845    0.000000    2.030343 ^ input17/A (sky130_fd_sc_hd__buf_6)
     6    0.042198    0.146338    0.228882    2.259225 ^ input17/X (sky130_fd_sc_hd__buf_6)
                                                         net17 (net)
                      0.146503    0.003995    2.263221 ^ _795_/A2 (sky130_fd_sc_hd__a32o_1)
     1    0.002834    0.095185    0.355966    2.619187 ^ _795_/X (sky130_fd_sc_hd__a32o_1)
                                                         _270_ (net)
                      0.095185    0.000132    2.619319 ^ _797_/B1 (sky130_fd_sc_hd__a211oi_1)
     1    0.005308    0.076767    0.107200    2.726519 v _797_/Y (sky130_fd_sc_hd__a211oi_1)
                                                         _272_ (net)
                      0.076768    0.000401    2.726920 v _798_/B1 (sky130_fd_sc_hd__o31ai_1)
     1    0.005262    0.123952    0.130902    2.857822 ^ _798_/Y (sky130_fd_sc_hd__o31ai_1)
                                                         net25 (net)
                      0.123953    0.000402    2.858224 ^ output25/A (sky130_fd_sc_hd__buf_4)
     1    0.034607    0.166732    0.305759    3.163983 ^ output25/X (sky130_fd_sc_hd__buf_4)
                                                         op_out[4] (net)
                      0.166748    0.001705    3.165688 ^ op_out[4] (out)
                                              3.165688   data arrival time

                      0.000000    0.000000    0.000000   clock __VIRTUAL_CLK__ (rise edge)
                                  0.000000    0.000000   clock network delay (ideal)
                                  0.250000    0.250000   clock uncertainty
                                  0.000000    0.250000   clock reconvergence pessimism
                                 -2.000000   -1.750000   output external delay
                                             -1.750000   data required time
---------------------------------------------------------------------------------------------
                                             -1.750000   data required time
                                             -3.165688   data arrival time
---------------------------------------------------------------------------------------------
                                              4.915688   slack (MET)


Startpoint: inst[3] (input port clocked by __VIRTUAL_CLK__)
Endpoint: op_out[6] (output port clocked by __VIRTUAL_CLK__)
Path Group: __VIRTUAL_CLK__
Path Type: min

Fanout         Cap        Slew       Delay        Time   Description
---------------------------------------------------------------------------------------------
                      0.000000    0.000000    0.000000   clock __VIRTUAL_CLK__ (rise edge)
                                  0.000000    0.000000   clock network delay (ideal)
                                  2.000000    2.000000 ^ input external delay
     1    0.005131    0.048085    0.028170    2.028170 ^ inst[3] (in)
                                                         inst[3] (net)
                      0.048087    0.000000    2.028170 ^ input4/A (sky130_fd_sc_hd__buf_1)
     2    0.014242    0.278419    0.288995    2.317165 ^ input4/X (sky130_fd_sc_hd__buf_1)
                                                         net4 (net)
                      0.278424    0.001012    2.318177 ^ _694_/B (sky130_fd_sc_hd__nor3_4)
     8    0.033858    0.100257    0.204908    2.523084 v _694_/Y (sky130_fd_sc_hd__nor3_4)
                                                         _165_ (net)
                      0.100460    0.003253    2.526337 v _885_/A1 (sky130_fd_sc_hd__a31o_1)
     1    0.002730    0.061635    0.328919    2.855256 v _885_/X (sky130_fd_sc_hd__a31o_1)
                                                         net27 (net)
                      0.061635    0.000181    2.855438 v output27/A (sky130_fd_sc_hd__clkbuf_4)
     1    0.034289    0.138846    0.320664    3.176102 v output27/X (sky130_fd_sc_hd__clkbuf_4)
                                                         op_out[6] (net)
                      0.138867    0.001710    3.177812 v op_out[6] (out)
                                              3.177812   data arrival time

                      0.000000    0.000000    0.000000   clock __VIRTUAL_CLK__ (rise edge)
                                  0.000000    0.000000   clock network delay (ideal)
                                  0.250000    0.250000   clock uncertainty
                                  0.000000    0.250000   clock reconvergence pessimism
                                 -2.000000   -1.750000   output external delay
                                             -1.750000   data required time
---------------------------------------------------------------------------------------------
                                             -1.750000   data required time
                                             -3.177812   data arrival time
---------------------------------------------------------------------------------------------
                                              4.927812   slack (MET)


Startpoint: op_a[5] (input port clocked by __VIRTUAL_CLK__)
Endpoint: op_out[5] (output port clocked by __VIRTUAL_CLK__)
Path Group: __VIRTUAL_CLK__
Path Type: min

Fanout         Cap        Slew       Delay        Time   Description
---------------------------------------------------------------------------------------------
                      0.000000    0.000000    0.000000   clock __VIRTUAL_CLK__ (rise edge)
                                  0.000000    0.000000   clock network delay (ideal)
                                  2.000000    2.000000 ^ input external delay
     1    0.003204    0.034931    0.017971    2.017971 ^ op_a[5] (in)
                                                         op_a[5] (net)
                      0.034931    0.000000    2.017971 ^ input10/A (sky130_fd_sc_hd__clkbuf_2)
     5    0.035908    0.308460    0.344585    2.362556 ^ input10/X (sky130_fd_sc_hd__clkbuf_2)
                                                         net10 (net)
                      0.308558    0.004553    2.367110 ^ _839_/A1 (sky130_fd_sc_hd__a32o_1)
     1    0.001835    0.081559    0.381503    2.748613 ^ _839_/X (sky130_fd_sc_hd__a32o_1)
                                                         _318_ (net)
                      0.081559    0.000084    2.748697 ^ _842_/A (sky130_fd_sc_hd__or3_1)
     1    0.006331    0.108669    0.212748    2.961446 ^ _842_/X (sky130_fd_sc_hd__or3_1)
                                                         net26 (net)
                      0.108670    0.000487    2.961932 ^ output26/A (sky130_fd_sc_hd__clkbuf_4)
     1    0.035206    0.183835    0.348616    3.310549 ^ output26/X (sky130_fd_sc_hd__clkbuf_4)
                                                         op_out[5] (net)
                      0.183852    0.001851    3.312400 ^ op_out[5] (out)
                                              3.312400   data arrival time

                      0.000000    0.000000    0.000000   clock __VIRTUAL_CLK__ (rise edge)
                                  0.000000    0.000000   clock network delay (ideal)
                                  0.250000    0.250000   clock uncertainty
                                  0.000000    0.250000   clock reconvergence pessimism
                                 -2.000000   -1.750000   output external delay
                                             -1.750000   data required time
---------------------------------------------------------------------------------------------
                                             -1.750000   data required time
                                             -3.312400   data arrival time
---------------------------------------------------------------------------------------------
                                              5.062399   slack (MET)


Startpoint: op_a[1] (input port clocked by __VIRTUAL_CLK__)
Endpoint: op_out[2] (output port clocked by __VIRTUAL_CLK__)
Path Group: __VIRTUAL_CLK__
Path Type: min

Fanout         Cap        Slew       Delay        Time   Description
---------------------------------------------------------------------------------------------
                      0.000000    0.000000    0.000000   clock __VIRTUAL_CLK__ (rise edge)
                                  0.000000    0.000000   clock network delay (ideal)
                                  2.000000    2.000000 v input external delay
     1    0.002767    0.018325    0.009174    2.009174 v op_a[1] (in)
                                                         op_a[1] (net)
                      0.018328    0.000000    2.009174 v input6/A (sky130_fd_sc_hd__clkbuf_2)
     3    0.031132    0.220227    0.295456    2.304630 v input6/X (sky130_fd_sc_hd__clkbuf_2)
                                                         net6 (net)
                      0.220445    0.004774    2.309405 v _713_/A (sky130_fd_sc_hd__nand2_1)
     2    0.005977    0.116409    0.191265    2.500669 ^ _713_/Y (sky130_fd_sc_hd__nand2_1)
                                                         _183_ (net)
                      0.116409    0.000373    2.501043 ^ _725_/A1 (sky130_fd_sc_hd__a31oi_1)
     1    0.003038    0.070551    0.177009    2.678052 v _725_/Y (sky130_fd_sc_hd__a31oi_1)
                                                         _195_ (net)
                      0.070551    0.000225    2.678277 v _741_/A2 (sky130_fd_sc_hd__a21o_1)
     1    0.002135    0.052564    0.305921    2.984198 v _741_/X (sky130_fd_sc_hd__a21o_1)
                                                         net23 (net)
                      0.052564    0.000143    2.984340 v output23/A (sky130_fd_sc_hd__buf_2)
     1    0.034402    0.166797    0.336339    3.320679 v output23/X (sky130_fd_sc_hd__buf_2)
                                                         op_out[2] (net)
                      0.166812    0.001644    3.322323 v op_out[2] (out)
                                              3.322323   data arrival time

                      0.000000    0.000000    0.000000   clock __VIRTUAL_CLK__ (rise edge)
                                  0.000000    0.000000   clock network delay (ideal)
                                  0.250000    0.250000   clock uncertainty
                                  0.000000    0.250000   clock reconvergence pessimism
                                 -2.000000   -1.750000   output external delay
                                             -1.750000   data required time
---------------------------------------------------------------------------------------------
                                             -1.750000   data required time
                                             -3.322323   data arrival time
---------------------------------------------------------------------------------------------
                                              5.072323   slack (MET)


Startpoint: inst[3] (input port clocked by __VIRTUAL_CLK__)
Endpoint: op_out[7] (output port clocked by __VIRTUAL_CLK__)
Path Group: __VIRTUAL_CLK__
Path Type: min

Fanout         Cap        Slew       Delay        Time   Description
---------------------------------------------------------------------------------------------
                      0.000000    0.000000    0.000000   clock __VIRTUAL_CLK__ (rise edge)
                                  0.000000    0.000000   clock network delay (ideal)
                                  2.000000    2.000000 ^ input external delay
     1    0.005131    0.048085    0.028170    2.028170 ^ inst[3] (in)
                                                         inst[3] (net)
                      0.048087    0.000000    2.028170 ^ input4/A (sky130_fd_sc_hd__buf_1)
     2    0.014242    0.278419    0.288995    2.317165 ^ input4/X (sky130_fd_sc_hd__buf_1)
                                                         net4 (net)
                      0.278424    0.001012    2.318177 ^ _694_/B (sky130_fd_sc_hd__nor3_4)
     8    0.033858    0.100257    0.204908    2.523084 v _694_/Y (sky130_fd_sc_hd__nor3_4)
                                                         _165_ (net)
                      0.100469    0.003340    2.526425 v _923_/A1 (sky130_fd_sc_hd__a311o_1)
     1    0.001796    0.075368    0.497852    3.024276 v _923_/X (sky130_fd_sc_hd__a311o_1)
                                                         net28 (net)
                      0.075368    0.000082    3.024358 v output28/A (sky130_fd_sc_hd__buf_2)
     1    0.034176    0.165797    0.346061    3.370419 v output28/X (sky130_fd_sc_hd__buf_2)
                                                         op_out[7] (net)
                      0.165811    0.001643    3.372062 v op_out[7] (out)
                                              3.372062   data arrival time

                      0.000000    0.000000    0.000000   clock __VIRTUAL_CLK__ (rise edge)
                                  0.000000    0.000000   clock network delay (ideal)
                                  0.250000    0.250000   clock uncertainty
                                  0.000000    0.250000   clock reconvergence pessimism
                                 -2.000000   -1.750000   output external delay
                                             -1.750000   data required time
---------------------------------------------------------------------------------------------
                                             -1.750000   data required time
                                             -3.372062   data arrival time
---------------------------------------------------------------------------------------------
                                              5.122062   slack (MET)


Startpoint: inst[2] (input port clocked by __VIRTUAL_CLK__)
Endpoint: op_out[0] (output port clocked by __VIRTUAL_CLK__)
Path Group: __VIRTUAL_CLK__
Path Type: min

Fanout         Cap        Slew       Delay        Time   Description
---------------------------------------------------------------------------------------------
                      0.000000    0.000000    0.000000   clock __VIRTUAL_CLK__ (rise edge)
                                  0.000000    0.000000   clock network delay (ideal)
                                  2.000000    2.000000 v input external delay
     1    0.004453    0.024952    0.014498    2.014498 v inst[2] (in)
                                                         inst[2] (net)
                      0.024954    0.000000    2.014498 v input3/A (sky130_fd_sc_hd__buf_2)
     8    0.033761    0.164413    0.321499    2.335998 v input3/X (sky130_fd_sc_hd__buf_2)
                                                         net3 (net)
                      0.164451    0.002426    2.338423 v _459_/A (sky130_fd_sc_hd__inv_2)
     4    0.010593    0.098286    0.148048    2.486472 ^ _459_/Y (sky130_fd_sc_hd__inv_2)
                                                         _199_ (net)
                      0.098287    0.000548    2.487019 ^ _685_/B1 (sky130_fd_sc_hd__o2111a_1)
     1    0.005176    0.120321    0.434594    2.921613 ^ _685_/X (sky130_fd_sc_hd__o2111a_1)
                                                         _156_ (net)
                      0.120321    0.000368    2.921981 ^ _700_/A (sky130_fd_sc_hd__or3_4)
     1    0.008431    0.068516    0.243672    3.165653 ^ _700_/X (sky130_fd_sc_hd__or3_4)
                                                         net21 (net)
                      0.068538    0.000657    3.166310 ^ output21/A (sky130_fd_sc_hd__buf_8)
     1    0.035117    0.106302    0.204788    3.371098 ^ output21/X (sky130_fd_sc_hd__buf_8)
                                                         op_out[0] (net)
                      0.106337    0.001827    3.372925 ^ op_out[0] (out)
                                              3.372925   data arrival time

                      0.000000    0.000000    0.000000   clock __VIRTUAL_CLK__ (rise edge)
                                  0.000000    0.000000   clock network delay (ideal)
                                  0.250000    0.250000   clock uncertainty
                                  0.000000    0.250000   clock reconvergence pessimism
                                 -2.000000   -1.750000   output external delay
                                             -1.750000   data required time
---------------------------------------------------------------------------------------------
                                             -1.750000   data required time
                                             -3.372925   data arrival time
---------------------------------------------------------------------------------------------
                                              5.122924   slack (MET)


Startpoint: inst[2] (input port clocked by __VIRTUAL_CLK__)
Endpoint: op_out[3] (output port clocked by __VIRTUAL_CLK__)
Path Group: __VIRTUAL_CLK__
Path Type: min

Fanout         Cap        Slew       Delay        Time   Description
---------------------------------------------------------------------------------------------
                      0.000000    0.000000    0.000000   clock __VIRTUAL_CLK__ (rise edge)
                                  0.000000    0.000000   clock network delay (ideal)
                                  2.000000    2.000000 ^ input external delay
     1    0.004581    0.044325    0.025252    2.025252 ^ inst[2] (in)
                                                         inst[2] (net)
                      0.044326    0.000000    2.025252 ^ input3/A (sky130_fd_sc_hd__buf_2)
     8    0.035754    0.283418    0.338596    2.363848 ^ input3/X (sky130_fd_sc_hd__buf_2)
                                                         net3 (net)
                      0.283514    0.001642    2.365490 ^ _690_/A (sky130_fd_sc_hd__or4b_4)
     8    0.038522    0.193820    0.430277    2.795767 ^ _690_/X (sky130_fd_sc_hd__or4b_4)
                                                         _161_ (net)
                      0.193845    0.002273    2.798040 ^ _749_/A (sky130_fd_sc_hd__or3b_1)
     1    0.002937    0.064111    0.230352    3.028392 ^ _749_/X (sky130_fd_sc_hd__or3b_1)
                                                         _221_ (net)
                      0.064111    0.000211    3.028603 ^ _770_/B (sky130_fd_sc_hd__nand2b_1)
     1    0.002371    0.070499    0.102726    3.131329 v _770_/Y (sky130_fd_sc_hd__nand2b_1)
                                                         net24 (net)
                      0.070499    0.000155    3.131484 v output24/A (sky130_fd_sc_hd__buf_2)
     1    0.034733    0.168042    0.345564    3.477049 v output24/X (sky130_fd_sc_hd__buf_2)
                                                         op_out[3] (net)
                      0.168058    0.001713    3.478762 v op_out[3] (out)
                                              3.478762   data arrival time

                      0.000000    0.000000    0.000000   clock __VIRTUAL_CLK__ (rise edge)
                                  0.000000    0.000000   clock network delay (ideal)
                                  0.250000    0.250000   clock uncertainty
                                  0.000000    0.250000   clock reconvergence pessimism
                                 -2.000000   -1.750000   output external delay
                                             -1.750000   data required time
---------------------------------------------------------------------------------------------
                                             -1.750000   data required time
                                             -3.478762   data arrival time
---------------------------------------------------------------------------------------------
                                              5.228762   slack (MET)


Startpoint: op_a[1] (input port clocked by __VIRTUAL_CLK__)
Endpoint: op_out[1] (output port clocked by __VIRTUAL_CLK__)
Path Group: __VIRTUAL_CLK__
Path Type: min

Fanout         Cap        Slew       Delay        Time   Description
---------------------------------------------------------------------------------------------
                      0.000000    0.000000    0.000000   clock __VIRTUAL_CLK__ (rise edge)
                                  0.000000    0.000000   clock network delay (ideal)
                                  2.000000    2.000000 ^ input external delay
     1    0.002952    0.033248    0.016641    2.016641 ^ op_a[1] (in)
                                                         op_a[1] (net)
                      0.033248    0.000000    2.016641 ^ input6/A (sky130_fd_sc_hd__clkbuf_2)
     3    0.031631    0.272957    0.319464    2.336104 ^ input6/X (sky130_fd_sc_hd__clkbuf_2)
                                                         net6 (net)
                      0.273094    0.005057    2.341161 ^ _714_/A (sky130_fd_sc_hd__xnor2_1)
     2    0.005087    0.107023    0.237768    2.578929 v _714_/Y (sky130_fd_sc_hd__xnor2_1)
                                                         _184_ (net)
                      0.107023    0.000311    2.579240 v _716_/A2 (sky130_fd_sc_hd__a21oi_1)
     1    0.003093    0.153548    0.248155    2.827395 ^ _716_/Y (sky130_fd_sc_hd__a21oi_1)
                                                         _186_ (net)
                      0.153548    0.000215    2.827610 ^ _717_/B2 (sky130_fd_sc_hd__a22o_1)
     1    0.005007    0.104922    0.299364    3.126974 ^ _717_/X (sky130_fd_sc_hd__a22o_1)
                                                         _187_ (net)
                      0.104922    0.000197    3.127170 ^ _718_/B (sky130_fd_sc_hd__or2_1)
     1    0.003557    0.075013    0.182567    3.309738 ^ _718_/X (sky130_fd_sc_hd__or2_1)
                                                         net22 (net)
                      0.075013    0.000241    3.309979 ^ output22/A (sky130_fd_sc_hd__buf_2)
     1    0.035656    0.282712    0.352243    3.662222 ^ output22/X (sky130_fd_sc_hd__buf_2)
                                                         op_out[1] (net)
                      0.282721    0.001971    3.664193 ^ op_out[1] (out)
                                              3.664193   data arrival time

                      0.000000    0.000000    0.000000   clock __VIRTUAL_CLK__ (rise edge)
                                  0.000000    0.000000   clock network delay (ideal)
                                  0.250000    0.250000   clock uncertainty
                                  0.000000    0.250000   clock reconvergence pessimism
                                 -2.000000   -1.750000   output external delay
                                             -1.750000   data required time
---------------------------------------------------------------------------------------------
                                             -1.750000   data required time
                                             -3.664193   data arrival time
---------------------------------------------------------------------------------------------
                                              5.414193   slack (MET)



%OL_END_REPORT
%OL_CREATE_REPORT max.rpt

===========================================================================
report_checks -path_delay max (Setup)
============================================================================
======================= max_ss_100C_1v60 Corner ===================================

Startpoint: op_b[6] (input port clocked by __VIRTUAL_CLK__)
Endpoint: op_out[0] (output port clocked by __VIRTUAL_CLK__)
Path Group: __VIRTUAL_CLK__
Path Type: max

Fanout         Cap        Slew       Delay        Time   Description
---------------------------------------------------------------------------------------------
                      0.000000    0.000000    0.000000   clock __VIRTUAL_CLK__ (rise edge)
                                  0.000000    0.000000   clock network delay (ideal)
                                  2.000000    2.000000 v input external delay
     1    0.002709    0.018108    0.008991    2.008991 v op_b[6] (in)
                                                         op_b[6] (net)
                      0.018109    0.000000    2.008991 v input19/A (sky130_fd_sc_hd__buf_1)
     2    0.022222    0.256178    0.294794    2.303784 v input19/X (sky130_fd_sc_hd__buf_1)
                                                         net19 (net)
                      0.256180    0.001076    2.304860 v fanout50/A (sky130_fd_sc_hd__buf_4)
    10    0.088702    0.208846    0.482793    2.787654 v fanout50/X (sky130_fd_sc_hd__buf_4)
                                                         net50 (net)
                      0.209268    0.008255    2.795909 v _469_/D (sky130_fd_sc_hd__or4_4)
     6    0.026620    0.226783    1.007539    3.803448 v _469_/X (sky130_fd_sc_hd__or4_4)
                                                         _306_ (net)
                      0.226783    0.001970    3.805418 v _474_/B1 (sky130_fd_sc_hd__a211o_1)
     3    0.011035    0.159118    0.643592    4.449010 v _474_/X (sky130_fd_sc_hd__a211o_1)
                                                         _360_ (net)
                      0.159119    0.000726    4.449736 v _481_/B1 (sky130_fd_sc_hd__a211o_1)
     4    0.010693    0.155742    0.614042    5.063777 v _481_/X (sky130_fd_sc_hd__a211o_1)
                                                         _410_ (net)
                      0.155744    0.000794    5.064571 v _484_/A1 (sky130_fd_sc_hd__a21o_1)
     4    0.013629    0.142313    0.406799    5.471370 v _484_/X (sky130_fd_sc_hd__a21o_1)
                                                         _413_ (net)
                      0.142313    0.000404    5.471774 v _494_/A2 (sky130_fd_sc_hd__a211o_1)
     3    0.014347    0.180595    0.682507    6.154280 v _494_/X (sky130_fd_sc_hd__a211o_1)
                                                         _423_ (net)
                      0.180595    0.000818    6.155099 v _496_/B1 (sky130_fd_sc_hd__a22o_1)
     3    0.009769    0.130422    0.433571    6.588670 v _496_/X (sky130_fd_sc_hd__a22o_1)
                                                         _425_ (net)
                      0.130423    0.000663    6.589333 v _499_/A (sky130_fd_sc_hd__and3_1)
     3    0.011985    0.147494    0.397888    6.987222 v _499_/X (sky130_fd_sc_hd__and3_1)
                                                         _428_ (net)
                      0.147500    0.001128    6.988349 v _509_/C1 (sky130_fd_sc_hd__a211o_4)
     3    0.015967    0.105710    0.551069    7.539418 v _509_/X (sky130_fd_sc_hd__a211o_4)
                                                         _438_ (net)
                      0.105710    0.000650    7.540068 v _515_/A2 (sky130_fd_sc_hd__a21oi_4)
     8    0.040859    0.491160    0.506305    8.046373 ^ _515_/Y (sky130_fd_sc_hd__a21oi_4)
                                                         _444_ (net)
                      0.491173    0.002058    8.048431 ^ _524_/S (sky130_fd_sc_hd__mux2_4)
     2    0.009645    0.097989    0.711133    8.759564 v _524_/X (sky130_fd_sc_hd__mux2_4)
                                                         _453_ (net)
                      0.097989    0.000552    8.760116 v _539_/A1 (sky130_fd_sc_hd__a221o_1)
     3    0.010442    0.166002    0.673606    9.433722 v _539_/X (sky130_fd_sc_hd__a221o_1)
                                                         _010_ (net)
                      0.166002    0.000600    9.434321 v _543_/A3 (sky130_fd_sc_hd__a311oi_2)
     4    0.015166    0.592607    0.707431   10.141751 ^ _543_/Y (sky130_fd_sc_hd__a311oi_2)
                                                         _014_ (net)
                      0.592607    0.000582   10.142333 ^ _572_/A (sky130_fd_sc_hd__or3_4)
     4    0.011930    0.087544    0.460450   10.602784 ^ _572_/X (sky130_fd_sc_hd__or3_4)
                                                         _043_ (net)
                      0.087544    0.000531   10.603315 ^ _574_/B (sky130_fd_sc_hd__and3_1)
     3    0.008237    0.159894    0.362769   10.966084 ^ _574_/X (sky130_fd_sc_hd__and3_1)
                                                         _045_ (net)
                      0.159894    0.000583   10.966666 ^ rebuffer9/A (sky130_fd_sc_hd__dlygate4sd3_1)
     1    0.003147    0.095807    1.081918   12.048584 ^ rebuffer9/X (sky130_fd_sc_hd__dlygate4sd3_1)
                                                         net78 (net)
                      0.095807    0.000219   12.048803 ^ _587_/B1 (sky130_fd_sc_hd__a21o_1)
     2    0.005007    0.093357    0.171053   12.219855 ^ _587_/X (sky130_fd_sc_hd__a21o_1)
                                                         _058_ (net)
                      0.093357    0.000358   12.220214 ^ _588_/C_N (sky130_fd_sc_hd__or3b_1)
     1    0.009813    0.210815    0.905141   13.125355 v _588_/X (sky130_fd_sc_hd__or3b_1)
                                                         _059_ (net)
                      0.210815    0.000747   13.126101 v _590_/A1 (sky130_fd_sc_hd__a311oi_4)
     2    0.010867    0.407727    0.468763   13.594864 ^ _590_/Y (sky130_fd_sc_hd__a311oi_4)
                                                         _061_ (net)
                      0.407727    0.000618   13.595483 ^ rebuffer6/A (sky130_fd_sc_hd__buf_6)
     3    0.019535    0.084995    0.321354   13.916836 ^ rebuffer6/X (sky130_fd_sc_hd__buf_6)
                                                         net75 (net)
                      0.084999    0.000688   13.917524 ^ _619_/S (sky130_fd_sc_hd__mux2_4)
     5    0.023214    0.135838    0.633138   14.550662 v _619_/X (sky130_fd_sc_hd__mux2_4)
                                                         _090_ (net)
                      0.135885    0.002397   14.553060 v _620_/B (sky130_fd_sc_hd__xnor2_1)
     2    0.009533    0.403648    0.407884   14.960943 ^ _620_/Y (sky130_fd_sc_hd__xnor2_1)
                                                         _091_ (net)
                      0.403649    0.000549   14.961492 ^ _622_/D (sky130_fd_sc_hd__nand4_1)
     1    0.004316    0.228079    0.354440   15.315932 v _622_/Y (sky130_fd_sc_hd__nand4_1)
                                                         _093_ (net)
                      0.228079    0.000179   15.316112 v _627_/A2 (sky130_fd_sc_hd__o31a_1)
     4    0.019449    0.215796    0.728622   16.044733 v _627_/X (sky130_fd_sc_hd__o31a_1)
                                                         _098_ (net)
                      0.215800    0.001325   16.046059 v _628_/A2 (sky130_fd_sc_hd__a21oi_4)
     3    0.015910    0.247257    0.370358   16.416418 ^ _628_/Y (sky130_fd_sc_hd__a21oi_4)
                                                         _099_ (net)
                      0.247257    0.000627   16.417044 ^ fanout29/A (sky130_fd_sc_hd__buf_6)
    10    0.045770    0.157615    0.322995   16.740040 ^ fanout29/X (sky130_fd_sc_hd__buf_6)
                                                         net29 (net)
                      0.158072    0.006198   16.746237 ^ _665_/S (sky130_fd_sc_hd__mux2_2)
     3    0.008476    0.118045    0.746978   17.493214 v _665_/X (sky130_fd_sc_hd__mux2_2)
                                                         _136_ (net)
                      0.118045    0.000457   17.493671 v _669_/A2 (sky130_fd_sc_hd__a21o_1)
     1    0.002991    0.061375    0.335268   17.828939 v _669_/X (sky130_fd_sc_hd__a21o_1)
                                                         _140_ (net)
                      0.061375    0.000128   17.829067 v _671_/A1 (sky130_fd_sc_hd__o211a_1)
     1    0.004455    0.087026    0.417645   18.246712 v _671_/X (sky130_fd_sc_hd__o211a_1)
                                                         _142_ (net)
                      0.087026    0.000375   18.247086 v _672_/B2 (sky130_fd_sc_hd__o221a_1)
     1    0.002533    0.088466    0.394371   18.641457 v _672_/X (sky130_fd_sc_hd__o221a_1)
                                                         _143_ (net)
                      0.088466    0.000115   18.641573 v _675_/A2 (sky130_fd_sc_hd__o21a_1)
     1    0.003137    0.068220    0.316577   18.958149 v _675_/X (sky130_fd_sc_hd__o21a_1)
                                                         _146_ (net)
                      0.068220    0.000222   18.958372 v _679_/A2 (sky130_fd_sc_hd__o21a_1)
     1    0.007778    0.108488    0.351834   19.310205 v _679_/X (sky130_fd_sc_hd__o21a_1)
                                                         _150_ (net)
                      0.108488    0.000430   19.310635 v _700_/B (sky130_fd_sc_hd__or3_4)
     1    0.007830    0.130017    0.747905   20.058540 v _700_/X (sky130_fd_sc_hd__or3_4)
                                                         net21 (net)
                      0.130017    0.000608   20.059147 v output21/A (sky130_fd_sc_hd__buf_8)
     1    0.035117    0.068667    0.267823   20.326971 v output21/X (sky130_fd_sc_hd__buf_8)
                                                         op_out[0] (net)
                      0.068727    0.001824   20.328794 v op_out[0] (out)
                                             20.328794   data arrival time

                      0.000000   10.000000   10.000000   clock __VIRTUAL_CLK__ (rise edge)
                                  0.000000   10.000000   clock network delay (ideal)
                                 -0.250000    9.750000   clock uncertainty
                                  0.000000    9.750000   clock reconvergence pessimism
                                 -2.000000    7.750000   output external delay
                                              7.750000   data required time
---------------------------------------------------------------------------------------------
                                              7.750000   data required time
                                            -20.328794   data arrival time
---------------------------------------------------------------------------------------------
                                            -12.578795   slack (VIOLATED)


Startpoint: op_b[6] (input port clocked by __VIRTUAL_CLK__)
Endpoint: op_out[1] (output port clocked by __VIRTUAL_CLK__)
Path Group: __VIRTUAL_CLK__
Path Type: max

Fanout         Cap        Slew       Delay        Time   Description
---------------------------------------------------------------------------------------------
                      0.000000    0.000000    0.000000   clock __VIRTUAL_CLK__ (rise edge)
                                  0.000000    0.000000   clock network delay (ideal)
                                  2.000000    2.000000 v input external delay
     1    0.002709    0.018108    0.008991    2.008991 v op_b[6] (in)
                                                         op_b[6] (net)
                      0.018109    0.000000    2.008991 v input19/A (sky130_fd_sc_hd__buf_1)
     2    0.022222    0.256178    0.294794    2.303784 v input19/X (sky130_fd_sc_hd__buf_1)
                                                         net19 (net)
                      0.256180    0.001076    2.304860 v fanout50/A (sky130_fd_sc_hd__buf_4)
    10    0.088702    0.208846    0.482793    2.787654 v fanout50/X (sky130_fd_sc_hd__buf_4)
                                                         net50 (net)
                      0.209268    0.008255    2.795909 v _469_/D (sky130_fd_sc_hd__or4_4)
     6    0.026620    0.226783    1.007539    3.803448 v _469_/X (sky130_fd_sc_hd__or4_4)
                                                         _306_ (net)
                      0.226783    0.001970    3.805418 v _474_/B1 (sky130_fd_sc_hd__a211o_1)
     3    0.011035    0.159118    0.643592    4.449010 v _474_/X (sky130_fd_sc_hd__a211o_1)
                                                         _360_ (net)
                      0.159119    0.000726    4.449736 v _481_/B1 (sky130_fd_sc_hd__a211o_1)
     4    0.010693    0.155742    0.614042    5.063777 v _481_/X (sky130_fd_sc_hd__a211o_1)
                                                         _410_ (net)
                      0.155744    0.000794    5.064571 v _484_/A1 (sky130_fd_sc_hd__a21o_1)
     4    0.013629    0.142313    0.406799    5.471370 v _484_/X (sky130_fd_sc_hd__a21o_1)
                                                         _413_ (net)
                      0.142313    0.000404    5.471774 v _494_/A2 (sky130_fd_sc_hd__a211o_1)
     3    0.014347    0.180595    0.682507    6.154280 v _494_/X (sky130_fd_sc_hd__a211o_1)
                                                         _423_ (net)
                      0.180595    0.000818    6.155099 v _496_/B1 (sky130_fd_sc_hd__a22o_1)
     3    0.009769    0.130422    0.433571    6.588670 v _496_/X (sky130_fd_sc_hd__a22o_1)
                                                         _425_ (net)
                      0.130423    0.000663    6.589333 v _499_/A (sky130_fd_sc_hd__and3_1)
     3    0.011985    0.147494    0.397888    6.987222 v _499_/X (sky130_fd_sc_hd__and3_1)
                                                         _428_ (net)
                      0.147500    0.001128    6.988349 v _509_/C1 (sky130_fd_sc_hd__a211o_4)
     3    0.015967    0.105710    0.551069    7.539418 v _509_/X (sky130_fd_sc_hd__a211o_4)
                                                         _438_ (net)
                      0.105710    0.000650    7.540068 v _515_/A2 (sky130_fd_sc_hd__a21oi_4)
     8    0.040859    0.491160    0.506305    8.046373 ^ _515_/Y (sky130_fd_sc_hd__a21oi_4)
                                                         _444_ (net)
                      0.491173    0.002058    8.048431 ^ _524_/S (sky130_fd_sc_hd__mux2_4)
     2    0.009645    0.097989    0.711133    8.759564 v _524_/X (sky130_fd_sc_hd__mux2_4)
                                                         _453_ (net)
                      0.097989    0.000552    8.760116 v _539_/A1 (sky130_fd_sc_hd__a221o_1)
     3    0.010442    0.166002    0.673606    9.433722 v _539_/X (sky130_fd_sc_hd__a221o_1)
                                                         _010_ (net)
                      0.166002    0.000600    9.434321 v _543_/A3 (sky130_fd_sc_hd__a311oi_2)
     4    0.015166    0.592607    0.707431   10.141751 ^ _543_/Y (sky130_fd_sc_hd__a311oi_2)
                                                         _014_ (net)
                      0.592607    0.000582   10.142333 ^ _572_/A (sky130_fd_sc_hd__or3_4)
     4    0.011930    0.087544    0.460450   10.602784 ^ _572_/X (sky130_fd_sc_hd__or3_4)
                                                         _043_ (net)
                      0.087544    0.000531   10.603315 ^ _574_/B (sky130_fd_sc_hd__and3_1)
     3    0.008237    0.159894    0.362769   10.966084 ^ _574_/X (sky130_fd_sc_hd__and3_1)
                                                         _045_ (net)
                      0.159894    0.000583   10.966666 ^ rebuffer9/A (sky130_fd_sc_hd__dlygate4sd3_1)
     1    0.003147    0.095807    1.081918   12.048584 ^ rebuffer9/X (sky130_fd_sc_hd__dlygate4sd3_1)
                                                         net78 (net)
                      0.095807    0.000219   12.048803 ^ _587_/B1 (sky130_fd_sc_hd__a21o_1)
     2    0.005007    0.093357    0.171053   12.219855 ^ _587_/X (sky130_fd_sc_hd__a21o_1)
                                                         _058_ (net)
                      0.093357    0.000358   12.220214 ^ _588_/C_N (sky130_fd_sc_hd__or3b_1)
     1    0.009813    0.210815    0.905141   13.125355 v _588_/X (sky130_fd_sc_hd__or3b_1)
                                                         _059_ (net)
                      0.210815    0.000747   13.126101 v _590_/A1 (sky130_fd_sc_hd__a311oi_4)
     2    0.010867    0.407727    0.468763   13.594864 ^ _590_/Y (sky130_fd_sc_hd__a311oi_4)
                                                         _061_ (net)
                      0.407727    0.000663   13.595528 ^ max_cap30/A (sky130_fd_sc_hd__buf_6)
     5    0.021816    0.091403    0.326698   13.922226 ^ max_cap30/X (sky130_fd_sc_hd__buf_6)
                                                         net30 (net)
                      0.091449    0.001907   13.924132 ^ _601_/S (sky130_fd_sc_hd__mux2_4)
     4    0.018681    0.121895    0.619415   14.543548 v _601_/X (sky130_fd_sc_hd__mux2_4)
                                                         _072_ (net)
                      0.121899    0.000924   14.544471 v _604_/B (sky130_fd_sc_hd__xnor2_2)
     4    0.018211    0.212385    0.344530   14.889001 v _604_/Y (sky130_fd_sc_hd__xnor2_2)
                                                         _075_ (net)
                      0.212386    0.001077   14.890078 v _608_/A2 (sky130_fd_sc_hd__a211oi_4)
     2    0.007694    0.302451    0.478109   15.368187 ^ _608_/Y (sky130_fd_sc_hd__a211oi_4)
                                                         _079_ (net)
                      0.302451    0.000606   15.368793 ^ _627_/A3 (sky130_fd_sc_hd__o31a_1)
     4    0.020844    0.357690    0.506867   15.875660 ^ _627_/X (sky130_fd_sc_hd__o31a_1)
                                                         _098_ (net)
                      0.357691    0.001426   15.877087 ^ _628_/A2 (sky130_fd_sc_hd__a21oi_4)
     3    0.015118    0.116950    0.232271   16.109358 v _628_/Y (sky130_fd_sc_hd__a21oi_4)
                                                         _099_ (net)
                      0.116951    0.000592   16.109949 v fanout29/A (sky130_fd_sc_hd__buf_6)
    10    0.043636    0.088586    0.278121   16.388069 v fanout29/X (sky130_fd_sc_hd__buf_6)
                                                         net29 (net)
                      0.089306    0.005913   16.393984 v _717_/A2 (sky130_fd_sc_hd__a22o_1)
     1    0.004879    0.089896    0.438456   16.832439 v _717_/X (sky130_fd_sc_hd__a22o_1)
                                                         _187_ (net)
                      0.089897    0.000188   16.832628 v _718_/B (sky130_fd_sc_hd__or2_1)
     1    0.003429    0.102229    0.471722   17.304350 v _718_/X (sky130_fd_sc_hd__or2_1)
                                                         net22 (net)
                      0.102229    0.000229   17.304579 v output22/A (sky130_fd_sc_hd__buf_2)
     1    0.035656    0.171762    0.363420   17.667999 v output22/X (sky130_fd_sc_hd__buf_2)
                                                         op_out[1] (net)
                      0.171784    0.001970   17.669970 v op_out[1] (out)
                                             17.669970   data arrival time

                      0.000000   10.000000   10.000000   clock __VIRTUAL_CLK__ (rise edge)
                                  0.000000   10.000000   clock network delay (ideal)
                                 -0.250000    9.750000   clock uncertainty
                                  0.000000    9.750000   clock reconvergence pessimism
                                 -2.000000    7.750000   output external delay
                                              7.750000   data required time
---------------------------------------------------------------------------------------------
                                              7.750000   data required time
                                            -17.669970   data arrival time
---------------------------------------------------------------------------------------------
                                             -9.919970   slack (VIOLATED)


Startpoint: op_b[6] (input port clocked by __VIRTUAL_CLK__)
Endpoint: op_out[2] (output port clocked by __VIRTUAL_CLK__)
Path Group: __VIRTUAL_CLK__
Path Type: max

Fanout         Cap        Slew       Delay        Time   Description
---------------------------------------------------------------------------------------------
                      0.000000    0.000000    0.000000   clock __VIRTUAL_CLK__ (rise edge)
                                  0.000000    0.000000   clock network delay (ideal)
                                  2.000000    2.000000 v input external delay
     1    0.002709    0.018108    0.008991    2.008991 v op_b[6] (in)
                                                         op_b[6] (net)
                      0.018109    0.000000    2.008991 v input19/A (sky130_fd_sc_hd__buf_1)
     2    0.022222    0.256178    0.294794    2.303784 v input19/X (sky130_fd_sc_hd__buf_1)
                                                         net19 (net)
                      0.256180    0.001076    2.304860 v fanout50/A (sky130_fd_sc_hd__buf_4)
    10    0.088702    0.208846    0.482793    2.787654 v fanout50/X (sky130_fd_sc_hd__buf_4)
                                                         net50 (net)
                      0.209268    0.008255    2.795909 v _469_/D (sky130_fd_sc_hd__or4_4)
     6    0.026620    0.226783    1.007539    3.803448 v _469_/X (sky130_fd_sc_hd__or4_4)
                                                         _306_ (net)
                      0.226783    0.001970    3.805418 v _474_/B1 (sky130_fd_sc_hd__a211o_1)
     3    0.011035    0.159118    0.643592    4.449010 v _474_/X (sky130_fd_sc_hd__a211o_1)
                                                         _360_ (net)
                      0.159119    0.000726    4.449736 v _481_/B1 (sky130_fd_sc_hd__a211o_1)
     4    0.010693    0.155742    0.614042    5.063777 v _481_/X (sky130_fd_sc_hd__a211o_1)
                                                         _410_ (net)
                      0.155744    0.000794    5.064571 v _484_/A1 (sky130_fd_sc_hd__a21o_1)
     4    0.013629    0.142313    0.406799    5.471370 v _484_/X (sky130_fd_sc_hd__a21o_1)
                                                         _413_ (net)
                      0.142313    0.000404    5.471774 v _494_/A2 (sky130_fd_sc_hd__a211o_1)
     3    0.014347    0.180595    0.682507    6.154280 v _494_/X (sky130_fd_sc_hd__a211o_1)
                                                         _423_ (net)
                      0.180595    0.000818    6.155099 v _496_/B1 (sky130_fd_sc_hd__a22o_1)
     3    0.009769    0.130422    0.433571    6.588670 v _496_/X (sky130_fd_sc_hd__a22o_1)
                                                         _425_ (net)
                      0.130423    0.000663    6.589333 v _499_/A (sky130_fd_sc_hd__and3_1)
     3    0.011985    0.147494    0.397888    6.987222 v _499_/X (sky130_fd_sc_hd__and3_1)
                                                         _428_ (net)
                      0.147500    0.001128    6.988349 v _509_/C1 (sky130_fd_sc_hd__a211o_4)
     3    0.015967    0.105710    0.551069    7.539418 v _509_/X (sky130_fd_sc_hd__a211o_4)
                                                         _438_ (net)
                      0.105710    0.000650    7.540068 v _515_/A2 (sky130_fd_sc_hd__a21oi_4)
     8    0.040859    0.491160    0.506305    8.046373 ^ _515_/Y (sky130_fd_sc_hd__a21oi_4)
                                                         _444_ (net)
                      0.491173    0.002058    8.048431 ^ _524_/S (sky130_fd_sc_hd__mux2_4)
     2    0.009645    0.097989    0.711133    8.759564 v _524_/X (sky130_fd_sc_hd__mux2_4)
                                                         _453_ (net)
                      0.097989    0.000552    8.760116 v _539_/A1 (sky130_fd_sc_hd__a221o_1)
     3    0.010442    0.166002    0.673606    9.433722 v _539_/X (sky130_fd_sc_hd__a221o_1)
                                                         _010_ (net)
                      0.166002    0.000600    9.434321 v _543_/A3 (sky130_fd_sc_hd__a311oi_2)
     4    0.015166    0.592607    0.707431   10.141751 ^ _543_/Y (sky130_fd_sc_hd__a311oi_2)
                                                         _014_ (net)
                      0.592607    0.000582   10.142333 ^ _572_/A (sky130_fd_sc_hd__or3_4)
     4    0.011930    0.087544    0.460450   10.602784 ^ _572_/X (sky130_fd_sc_hd__or3_4)
                                                         _043_ (net)
                      0.087544    0.000531   10.603315 ^ _574_/B (sky130_fd_sc_hd__and3_1)
     3    0.008237    0.159894    0.362769   10.966084 ^ _574_/X (sky130_fd_sc_hd__and3_1)
                                                         _045_ (net)
                      0.159894    0.000583   10.966666 ^ rebuffer9/A (sky130_fd_sc_hd__dlygate4sd3_1)
     1    0.003147    0.095807    1.081918   12.048584 ^ rebuffer9/X (sky130_fd_sc_hd__dlygate4sd3_1)
                                                         net78 (net)
                      0.095807    0.000219   12.048803 ^ _587_/B1 (sky130_fd_sc_hd__a21o_1)
     2    0.005007    0.093357    0.171053   12.219855 ^ _587_/X (sky130_fd_sc_hd__a21o_1)
                                                         _058_ (net)
                      0.093357    0.000358   12.220214 ^ _588_/C_N (sky130_fd_sc_hd__or3b_1)
     1    0.009813    0.210815    0.905141   13.125355 v _588_/X (sky130_fd_sc_hd__or3b_1)
                                                         _059_ (net)
                      0.210815    0.000747   13.126101 v _590_/A1 (sky130_fd_sc_hd__a311oi_4)
     2    0.010867    0.407727    0.468763   13.594864 ^ _590_/Y (sky130_fd_sc_hd__a311oi_4)
                                                         _061_ (net)
                      0.407727    0.000663   13.595528 ^ max_cap30/A (sky130_fd_sc_hd__buf_6)
     5    0.021816    0.091403    0.326698   13.922226 ^ max_cap30/X (sky130_fd_sc_hd__buf_6)
                                                         net30 (net)
                      0.091449    0.001897   13.924123 ^ _740_/A2 (sky130_fd_sc_hd__a211o_1)
     1    0.008155    0.135342    0.294563   14.218685 ^ _740_/X (sky130_fd_sc_hd__a211o_1)
                                                         _212_ (net)
                      0.135343    0.000689   14.219375 ^ _741_/B1 (sky130_fd_sc_hd__a21o_1)
     1    0.002263    0.058642    0.159841   14.379215 ^ _741_/X (sky130_fd_sc_hd__a21o_1)
                                                         net23 (net)
                      0.058642    0.000153   14.379369 ^ output23/A (sky130_fd_sc_hd__buf_2)
     1    0.034402    0.273319    0.338324   14.717692 ^ output23/X (sky130_fd_sc_hd__buf_2)
                                                         op_out[2] (net)
                      0.273325    0.001644   14.719337 ^ op_out[2] (out)
                                             14.719337   data arrival time

                      0.000000   10.000000   10.000000   clock __VIRTUAL_CLK__ (rise edge)
                                  0.000000   10.000000   clock network delay (ideal)
                                 -0.250000    9.750000   clock uncertainty
                                  0.000000    9.750000   clock reconvergence pessimism
                                 -2.000000    7.750000   output external delay
                                              7.750000   data required time
---------------------------------------------------------------------------------------------
                                              7.750000   data required time
                                            -14.719337   data arrival time
---------------------------------------------------------------------------------------------
                                             -6.969337   slack (VIOLATED)


Startpoint: op_b[6] (input port clocked by __VIRTUAL_CLK__)
Endpoint: op_out[3] (output port clocked by __VIRTUAL_CLK__)
Path Group: __VIRTUAL_CLK__
Path Type: max

Fanout         Cap        Slew       Delay        Time   Description
---------------------------------------------------------------------------------------------
                      0.000000    0.000000    0.000000   clock __VIRTUAL_CLK__ (rise edge)
                                  0.000000    0.000000   clock network delay (ideal)
                                  2.000000    2.000000 v input external delay
     1    0.002709    0.018108    0.008991    2.008991 v op_b[6] (in)
                                                         op_b[6] (net)
                      0.018109    0.000000    2.008991 v input19/A (sky130_fd_sc_hd__buf_1)
     2    0.022222    0.256178    0.294794    2.303784 v input19/X (sky130_fd_sc_hd__buf_1)
                                                         net19 (net)
                      0.256180    0.001076    2.304860 v fanout50/A (sky130_fd_sc_hd__buf_4)
    10    0.088702    0.208846    0.482793    2.787654 v fanout50/X (sky130_fd_sc_hd__buf_4)
                                                         net50 (net)
                      0.209268    0.008255    2.795909 v _469_/D (sky130_fd_sc_hd__or4_4)
     6    0.026620    0.226783    1.007539    3.803448 v _469_/X (sky130_fd_sc_hd__or4_4)
                                                         _306_ (net)
                      0.226783    0.001970    3.805418 v _474_/B1 (sky130_fd_sc_hd__a211o_1)
     3    0.011035    0.159118    0.643592    4.449010 v _474_/X (sky130_fd_sc_hd__a211o_1)
                                                         _360_ (net)
                      0.159119    0.000726    4.449736 v _481_/B1 (sky130_fd_sc_hd__a211o_1)
     4    0.010693    0.155742    0.614042    5.063777 v _481_/X (sky130_fd_sc_hd__a211o_1)
                                                         _410_ (net)
                      0.155744    0.000794    5.064571 v _484_/A1 (sky130_fd_sc_hd__a21o_1)
     4    0.013629    0.142313    0.406799    5.471370 v _484_/X (sky130_fd_sc_hd__a21o_1)
                                                         _413_ (net)
                      0.142313    0.000404    5.471774 v _494_/A2 (sky130_fd_sc_hd__a211o_1)
     3    0.014347    0.180595    0.682507    6.154280 v _494_/X (sky130_fd_sc_hd__a211o_1)
                                                         _423_ (net)
                      0.180595    0.000818    6.155099 v _496_/B1 (sky130_fd_sc_hd__a22o_1)
     3    0.009769    0.130422    0.433571    6.588670 v _496_/X (sky130_fd_sc_hd__a22o_1)
                                                         _425_ (net)
                      0.130423    0.000663    6.589333 v _499_/A (sky130_fd_sc_hd__and3_1)
     3    0.011985    0.147494    0.397888    6.987222 v _499_/X (sky130_fd_sc_hd__and3_1)
                                                         _428_ (net)
                      0.147500    0.001128    6.988349 v _509_/C1 (sky130_fd_sc_hd__a211o_4)
     3    0.015967    0.105710    0.551069    7.539418 v _509_/X (sky130_fd_sc_hd__a211o_4)
                                                         _438_ (net)
                      0.105710    0.000650    7.540068 v _515_/A2 (sky130_fd_sc_hd__a21oi_4)
     8    0.040859    0.491160    0.506305    8.046373 ^ _515_/Y (sky130_fd_sc_hd__a21oi_4)
                                                         _444_ (net)
                      0.491173    0.002058    8.048431 ^ _524_/S (sky130_fd_sc_hd__mux2_4)
     2    0.009645    0.097989    0.711133    8.759564 v _524_/X (sky130_fd_sc_hd__mux2_4)
                                                         _453_ (net)
                      0.097989    0.000552    8.760116 v _539_/A1 (sky130_fd_sc_hd__a221o_1)
     3    0.010442    0.166002    0.673606    9.433722 v _539_/X (sky130_fd_sc_hd__a221o_1)
                                                         _010_ (net)
                      0.166002    0.000600    9.434321 v _543_/A3 (sky130_fd_sc_hd__a311oi_2)
     4    0.015166    0.592607    0.707431   10.141751 ^ _543_/Y (sky130_fd_sc_hd__a311oi_2)
                                                         _014_ (net)
                      0.592607    0.000848   10.142600 ^ _548_/A (sky130_fd_sc_hd__nor2_1)
     2    0.011490    0.186686    0.352803   10.495403 v _548_/Y (sky130_fd_sc_hd__nor2_1)
                                                         _019_ (net)
                      0.186688    0.000951   10.496354 v _769_/A2 (sky130_fd_sc_hd__a211o_1)
     1    0.007575    0.127378    0.635038   11.131392 v _769_/X (sky130_fd_sc_hd__a211o_1)
                                                         _243_ (net)
                      0.127379    0.000611   11.132003 v _770_/A_N (sky130_fd_sc_hd__nand2b_1)
     1    0.002371    0.084355    0.309686   11.441689 v _770_/Y (sky130_fd_sc_hd__nand2b_1)
                                                         net24 (net)
                      0.084355    0.000155   11.441843 v output24/A (sky130_fd_sc_hd__buf_2)
     1    0.034733    0.168007    0.352033   11.793877 v output24/X (sky130_fd_sc_hd__buf_2)
                                                         op_out[3] (net)
                      0.168023    0.001713   11.795589 v op_out[3] (out)
                                             11.795589   data arrival time

                      0.000000   10.000000   10.000000   clock __VIRTUAL_CLK__ (rise edge)
                                  0.000000   10.000000   clock network delay (ideal)
                                 -0.250000    9.750000   clock uncertainty
                                  0.000000    9.750000   clock reconvergence pessimism
                                 -2.000000    7.750000   output external delay
                                              7.750000   data required time
---------------------------------------------------------------------------------------------
                                              7.750000   data required time
                                            -11.795589   data arrival time
---------------------------------------------------------------------------------------------
                                             -4.045590   slack (VIOLATED)


Startpoint: op_b[0] (input port clocked by __VIRTUAL_CLK__)
Endpoint: op_out[7] (output port clocked by __VIRTUAL_CLK__)
Path Group: __VIRTUAL_CLK__
Path Type: max

Fanout         Cap        Slew       Delay        Time   Description
---------------------------------------------------------------------------------------------
                      0.000000    0.000000    0.000000   clock __VIRTUAL_CLK__ (rise edge)
                                  0.000000    0.000000   clock network delay (ideal)
                                  2.000000    2.000000 ^ input external delay
     1    0.003204    0.034931    0.017971    2.017971 ^ op_b[0] (in)
                                                         op_b[0] (net)
                      0.034931    0.000000    2.017971 ^ input13/A (sky130_fd_sc_hd__clkbuf_2)
     4    0.029369    0.254657    0.307598    2.325569 ^ input13/X (sky130_fd_sc_hd__clkbuf_2)
                                                         net13 (net)
                      0.254688    0.002352    2.327921 ^ fanout66/A (sky130_fd_sc_hd__buf_4)
    10    0.042603    0.199602    0.388422    2.716342 ^ fanout66/X (sky130_fd_sc_hd__buf_4)
                                                         net66 (net)
                      0.199634    0.002557    2.718899 ^ fanout65/A (sky130_fd_sc_hd__clkbuf_4)
    10    0.036310    0.188633    0.394281    3.113180 ^ fanout65/X (sky130_fd_sc_hd__clkbuf_4)
                                                         net65 (net)
                      0.188634    0.001008    3.114188 ^ _458_/A (sky130_fd_sc_hd__inv_2)
     4    0.015382    0.086734    0.146155    3.260343 v _458_/Y (sky130_fd_sc_hd__inv_2)
                                                         _188_ (net)
                      0.086740    0.000758    3.261101 v fanout34/A (sky130_fd_sc_hd__clkbuf_4)
    10    0.048635    0.184328    0.367473    3.628575 v fanout34/X (sky130_fd_sc_hd__clkbuf_4)
                                                         net34 (net)
                      0.184419    0.003802    3.632377 v _536_/A (sky130_fd_sc_hd__nor2_4)
     4    0.017480    0.215906    0.299566    3.931943 ^ _536_/Y (sky130_fd_sc_hd__nor2_4)
                                                         _007_ (net)
                      0.215987    0.001022    3.932965 ^ _780_/C (sky130_fd_sc_hd__and3_1)
     2    0.007044    0.143201    0.405278    4.338243 ^ _780_/X (sky130_fd_sc_hd__and3_1)
                                                         _254_ (net)
                      0.143201    0.000205    4.338449 ^ rebuffer23/A (sky130_fd_sc_hd__dlymetal6s2s_1)
     1    0.005347    0.120121    0.231416    4.569865 ^ rebuffer23/X (sky130_fd_sc_hd__dlymetal6s2s_1)
                                                         net92 (net)
                      0.120122    0.000397    4.570261 ^ _805_/B1 (sky130_fd_sc_hd__a31oi_2)
     2    0.007327    0.183084    0.096323    4.666585 v _805_/Y (sky130_fd_sc_hd__a31oi_2)
                                                         _280_ (net)
                      0.183084    0.000392    4.666977 v _812_/A (sky130_fd_sc_hd__or3_1)
     2    0.005906    0.168120    0.933412    5.600389 v _812_/X (sky130_fd_sc_hd__or3_1)
                                                         _288_ (net)
                      0.168120    0.000214    5.600604 v _870_/A (sky130_fd_sc_hd__and3_1)
     2    0.004972    0.089151    0.359174    5.959778 v _870_/X (sky130_fd_sc_hd__and3_1)
                                                         _351_ (net)
                      0.089151    0.000166    5.959944 v _873_/B (sky130_fd_sc_hd__or3_1)
     3    0.007690    0.185988    0.872476    6.832420 v _873_/X (sky130_fd_sc_hd__or3_1)
                                                         _354_ (net)
                      0.185988    0.000379    6.832799 v _894_/B (sky130_fd_sc_hd__and2b_1)
     1    0.008917    0.115196    0.426555    7.259354 v _894_/X (sky130_fd_sc_hd__and2b_1)
                                                         _376_ (net)
                      0.115196    0.000432    7.259786 v _915_/A (sky130_fd_sc_hd__xnor2_2)
     1    0.006209    0.109914    0.265982    7.525768 v _915_/Y (sky130_fd_sc_hd__xnor2_2)
                                                         _399_ (net)
                      0.109927    0.000462    7.526230 v _916_/A (sky130_fd_sc_hd__xnor2_1)
     2    0.011155    0.214992    0.328244    7.854474 v _916_/Y (sky130_fd_sc_hd__xnor2_1)
                                                         _400_ (net)
                      0.214993    0.000977    7.855451 v _917_/B (sky130_fd_sc_hd__or2_1)
     1    0.003113    0.099653    0.518322    8.373773 v _917_/X (sky130_fd_sc_hd__or2_1)
                                                         _401_ (net)
                      0.099653    0.000211    8.373984 v _923_/A2 (sky130_fd_sc_hd__a311o_1)
     1    0.001796    0.083164    0.572937    8.946921 v _923_/X (sky130_fd_sc_hd__a311o_1)
                                                         net28 (net)
                      0.083164    0.000082    8.947003 v output28/A (sky130_fd_sc_hd__buf_2)
     1    0.034176    0.165783    0.349724    9.296727 v output28/X (sky130_fd_sc_hd__buf_2)
                                                         op_out[7] (net)
                      0.165797    0.001643    9.298370 v op_out[7] (out)
                                              9.298370   data arrival time

                      0.000000   10.000000   10.000000   clock __VIRTUAL_CLK__ (rise edge)
                                  0.000000   10.000000   clock network delay (ideal)
                                 -0.250000    9.750000   clock uncertainty
                                  0.000000    9.750000   clock reconvergence pessimism
                                 -2.000000    7.750000   output external delay
                                              7.750000   data required time
---------------------------------------------------------------------------------------------
                                              7.750000   data required time
                                             -9.298370   data arrival time
---------------------------------------------------------------------------------------------
                                             -1.548370   slack (VIOLATED)


Startpoint: op_b[0] (input port clocked by __VIRTUAL_CLK__)
Endpoint: op_out[5] (output port clocked by __VIRTUAL_CLK__)
Path Group: __VIRTUAL_CLK__
Path Type: max

Fanout         Cap        Slew       Delay        Time   Description
---------------------------------------------------------------------------------------------
                      0.000000    0.000000    0.000000   clock __VIRTUAL_CLK__ (rise edge)
                                  0.000000    0.000000   clock network delay (ideal)
                                  2.000000    2.000000 ^ input external delay
     1    0.003204    0.034931    0.017971    2.017971 ^ op_b[0] (in)
                                                         op_b[0] (net)
                      0.034931    0.000000    2.017971 ^ input13/A (sky130_fd_sc_hd__clkbuf_2)
     4    0.029369    0.254657    0.307598    2.325569 ^ input13/X (sky130_fd_sc_hd__clkbuf_2)
                                                         net13 (net)
                      0.254688    0.002352    2.327921 ^ fanout66/A (sky130_fd_sc_hd__buf_4)
    10    0.042603    0.199602    0.388422    2.716342 ^ fanout66/X (sky130_fd_sc_hd__buf_4)
                                                         net66 (net)
                      0.199634    0.002557    2.718899 ^ fanout65/A (sky130_fd_sc_hd__clkbuf_4)
    10    0.036310    0.188633    0.394281    3.113180 ^ fanout65/X (sky130_fd_sc_hd__clkbuf_4)
                                                         net65 (net)
                      0.188634    0.001008    3.114188 ^ _458_/A (sky130_fd_sc_hd__inv_2)
     4    0.015382    0.086734    0.146155    3.260343 v _458_/Y (sky130_fd_sc_hd__inv_2)
                                                         _188_ (net)
                      0.086740    0.000758    3.261101 v fanout34/A (sky130_fd_sc_hd__clkbuf_4)
    10    0.048635    0.184328    0.367473    3.628575 v fanout34/X (sky130_fd_sc_hd__clkbuf_4)
                                                         net34 (net)
                      0.184419    0.003802    3.632377 v _536_/A (sky130_fd_sc_hd__nor2_4)
     4    0.017480    0.215906    0.299566    3.931943 ^ _536_/Y (sky130_fd_sc_hd__nor2_4)
                                                         _007_ (net)
                      0.215987    0.001022    3.932965 ^ _780_/C (sky130_fd_sc_hd__and3_1)
     2    0.007044    0.143201    0.405278    4.338243 ^ _780_/X (sky130_fd_sc_hd__and3_1)
                                                         _254_ (net)
                      0.143201    0.000445    4.338689 ^ _781_/B1 (sky130_fd_sc_hd__a21oi_2)
     2    0.007639    0.099467    0.099679    4.438368 v _781_/Y (sky130_fd_sc_hd__a21oi_2)
                                                         _255_ (net)
                      0.099467    0.000319    4.438687 v rebuffer18/A (sky130_fd_sc_hd__buf_2)
     1    0.009747    0.071299    0.271679    4.710366 v rebuffer18/X (sky130_fd_sc_hd__buf_2)
                                                         net87 (net)
                      0.071306    0.000765    4.711132 v _782_/B (sky130_fd_sc_hd__xnor2_2)
     2    0.013631    0.339664    0.324875    5.036006 ^ _782_/Y (sky130_fd_sc_hd__xnor2_2)
                                                         _256_ (net)
                      0.339664    0.000995    5.037002 ^ _784_/B (sky130_fd_sc_hd__xnor2_2)
     2    0.009478    0.266875    0.317524    5.354526 ^ _784_/Y (sky130_fd_sc_hd__xnor2_2)
                                                         _258_ (net)
                      0.266875    0.000342    5.354868 ^ _785_/B (sky130_fd_sc_hd__nand2b_1)
     2    0.005071    0.121522    0.207020    5.561888 v _785_/Y (sky130_fd_sc_hd__nand2b_1)
                                                         _259_ (net)
                      0.121522    0.000286    5.562173 v _817_/B (sky130_fd_sc_hd__and3_1)
     1    0.003492    0.076569    0.362448    5.924622 v _817_/X (sky130_fd_sc_hd__and3_1)
                                                         _293_ (net)
                      0.076569    0.000223    5.924845 v _819_/A (sky130_fd_sc_hd__nor2_1)
     2    0.008042    0.272468    0.278938    6.203783 ^ _819_/Y (sky130_fd_sc_hd__nor2_1)
                                                         _296_ (net)
                      0.272469    0.000466    6.204249 ^ _820_/B (sky130_fd_sc_hd__xnor2_1)
     2    0.007397    0.334057    0.321504    6.525753 ^ _820_/Y (sky130_fd_sc_hd__xnor2_1)
                                                         _297_ (net)
                      0.334058    0.000531    6.526284 ^ _821_/B (sky130_fd_sc_hd__or2_4)
     3    0.013383    0.091019    0.341445    6.867729 ^ _821_/X (sky130_fd_sc_hd__or2_4)
                                                         _298_ (net)
                      0.091022    0.000641    6.868370 ^ _824_/A (sky130_fd_sc_hd__nand2_1)
     3    0.009509    0.172447    0.184181    7.052551 v _824_/Y (sky130_fd_sc_hd__nand2_1)
                                                         _301_ (net)
                      0.172451    0.000637    7.053187 v _827_/A2 (sky130_fd_sc_hd__o21a_1)
     1    0.003198    0.068589    0.353085    7.406273 v _827_/X (sky130_fd_sc_hd__o21a_1)
                                                         _304_ (net)
                      0.068638    0.000138    7.406410 v _840_/B2 (sky130_fd_sc_hd__a221o_1)
     1    0.002542    0.089128    0.580890    7.987300 v _840_/X (sky130_fd_sc_hd__a221o_1)
                                                         _319_ (net)
                      0.089128    0.000099    7.987399 v _842_/B (sky130_fd_sc_hd__or3_1)
     1    0.006119    0.170645    0.851339    8.838737 v _842_/X (sky130_fd_sc_hd__or3_1)
                                                         net26 (net)
                      0.170645    0.000465    8.839203 v output26/A (sky130_fd_sc_hd__clkbuf_4)
     1    0.035206    0.141909    0.374357    9.213560 v output26/X (sky130_fd_sc_hd__clkbuf_4)
                                                         op_out[5] (net)
                      0.141933    0.001850    9.215410 v op_out[5] (out)
                                              9.215410   data arrival time

                      0.000000   10.000000   10.000000   clock __VIRTUAL_CLK__ (rise edge)
                                  0.000000   10.000000   clock network delay (ideal)
                                 -0.250000    9.750000   clock uncertainty
                                  0.000000    9.750000   clock reconvergence pessimism
                                 -2.000000    7.750000   output external delay
                                              7.750000   data required time
---------------------------------------------------------------------------------------------
                                              7.750000   data required time
                                             -9.215410   data arrival time
---------------------------------------------------------------------------------------------
                                             -1.465410   slack (VIOLATED)


Startpoint: op_b[6] (input port clocked by __VIRTUAL_CLK__)
Endpoint: op_out[4] (output port clocked by __VIRTUAL_CLK__)
Path Group: __VIRTUAL_CLK__
Path Type: max

Fanout         Cap        Slew       Delay        Time   Description
---------------------------------------------------------------------------------------------
                      0.000000    0.000000    0.000000   clock __VIRTUAL_CLK__ (rise edge)
                                  0.000000    0.000000   clock network delay (ideal)
                                  2.000000    2.000000 v input external delay
     1    0.002709    0.018108    0.008991    2.008991 v op_b[6] (in)
                                                         op_b[6] (net)
                      0.018109    0.000000    2.008991 v input19/A (sky130_fd_sc_hd__buf_1)
     2    0.022222    0.256178    0.294794    2.303784 v input19/X (sky130_fd_sc_hd__buf_1)
                                                         net19 (net)
                      0.256180    0.001076    2.304860 v fanout50/A (sky130_fd_sc_hd__buf_4)
    10    0.088702    0.208846    0.482793    2.787654 v fanout50/X (sky130_fd_sc_hd__buf_4)
                                                         net50 (net)
                      0.209268    0.008255    2.795909 v _469_/D (sky130_fd_sc_hd__or4_4)
     6    0.026620    0.226783    1.007539    3.803448 v _469_/X (sky130_fd_sc_hd__or4_4)
                                                         _306_ (net)
                      0.226783    0.001970    3.805418 v _474_/B1 (sky130_fd_sc_hd__a211o_1)
     3    0.011035    0.159118    0.643592    4.449010 v _474_/X (sky130_fd_sc_hd__a211o_1)
                                                         _360_ (net)
                      0.159119    0.000726    4.449736 v _481_/B1 (sky130_fd_sc_hd__a211o_1)
     4    0.010693    0.155742    0.614042    5.063777 v _481_/X (sky130_fd_sc_hd__a211o_1)
                                                         _410_ (net)
                      0.155744    0.000794    5.064571 v _484_/A1 (sky130_fd_sc_hd__a21o_1)
     4    0.013629    0.142313    0.406799    5.471370 v _484_/X (sky130_fd_sc_hd__a21o_1)
                                                         _413_ (net)
                      0.142313    0.000404    5.471774 v _494_/A2 (sky130_fd_sc_hd__a211o_1)
     3    0.014347    0.180595    0.682507    6.154280 v _494_/X (sky130_fd_sc_hd__a211o_1)
                                                         _423_ (net)
                      0.180595    0.000818    6.155099 v _496_/B1 (sky130_fd_sc_hd__a22o_1)
     3    0.009769    0.130422    0.433571    6.588670 v _496_/X (sky130_fd_sc_hd__a22o_1)
                                                         _425_ (net)
                      0.130423    0.000663    6.589333 v _499_/A (sky130_fd_sc_hd__and3_1)
     3    0.011985    0.147494    0.397888    6.987222 v _499_/X (sky130_fd_sc_hd__and3_1)
                                                         _428_ (net)
                      0.147500    0.001128    6.988349 v _509_/C1 (sky130_fd_sc_hd__a211o_4)
     3    0.015967    0.105710    0.551069    7.539418 v _509_/X (sky130_fd_sc_hd__a211o_4)
                                                         _438_ (net)
                      0.105710    0.000650    7.540068 v _515_/A2 (sky130_fd_sc_hd__a21oi_4)
     8    0.040859    0.491160    0.506305    8.046373 ^ _515_/Y (sky130_fd_sc_hd__a21oi_4)
                                                         _444_ (net)
                      0.491177    0.002395    8.048769 ^ _797_/A2 (sky130_fd_sc_hd__a211oi_1)
     1    0.005308    0.172769    0.324436    8.373205 v _797_/Y (sky130_fd_sc_hd__a211oi_1)
                                                         _272_ (net)
                      0.172769    0.000401    8.373607 v _798_/B1 (sky130_fd_sc_hd__o31ai_1)
     1    0.005262    0.434702    0.176674    8.550281 ^ _798_/Y (sky130_fd_sc_hd__o31ai_1)
                                                         net25 (net)
                      0.434702    0.000402    8.550683 ^ output25/A (sky130_fd_sc_hd__buf_4)
     1    0.034607    0.169069    0.437242    8.987926 ^ output25/X (sky130_fd_sc_hd__buf_4)
                                                         op_out[4] (net)
                      0.169084    0.001705    8.989631 ^ op_out[4] (out)
                                              8.989631   data arrival time

                      0.000000   10.000000   10.000000   clock __VIRTUAL_CLK__ (rise edge)
                                  0.000000   10.000000   clock network delay (ideal)
                                 -0.250000    9.750000   clock uncertainty
                                  0.000000    9.750000   clock reconvergence pessimism
                                 -2.000000    7.750000   output external delay
                                              7.750000   data required time
---------------------------------------------------------------------------------------------
                                              7.750000   data required time
                                             -8.989631   data arrival time
---------------------------------------------------------------------------------------------
                                             -1.239631   slack (VIOLATED)


Startpoint: op_b[0] (input port clocked by __VIRTUAL_CLK__)
Endpoint: op_out[6] (output port clocked by __VIRTUAL_CLK__)
Path Group: __VIRTUAL_CLK__
Path Type: max

Fanout         Cap        Slew       Delay        Time   Description
---------------------------------------------------------------------------------------------
                      0.000000    0.000000    0.000000   clock __VIRTUAL_CLK__ (rise edge)
                                  0.000000    0.000000   clock network delay (ideal)
                                  2.000000    2.000000 ^ input external delay
     1    0.003204    0.034931    0.017971    2.017971 ^ op_b[0] (in)
                                                         op_b[0] (net)
                      0.034931    0.000000    2.017971 ^ input13/A (sky130_fd_sc_hd__clkbuf_2)
     4    0.029369    0.254657    0.307598    2.325569 ^ input13/X (sky130_fd_sc_hd__clkbuf_2)
                                                         net13 (net)
                      0.254688    0.002352    2.327921 ^ fanout66/A (sky130_fd_sc_hd__buf_4)
    10    0.042603    0.199602    0.388422    2.716342 ^ fanout66/X (sky130_fd_sc_hd__buf_4)
                                                         net66 (net)
                      0.199634    0.002557    2.718899 ^ fanout65/A (sky130_fd_sc_hd__clkbuf_4)
    10    0.036310    0.188633    0.394281    3.113180 ^ fanout65/X (sky130_fd_sc_hd__clkbuf_4)
                                                         net65 (net)
                      0.188634    0.001008    3.114188 ^ _458_/A (sky130_fd_sc_hd__inv_2)
     4    0.015382    0.086734    0.146155    3.260343 v _458_/Y (sky130_fd_sc_hd__inv_2)
                                                         _188_ (net)
                      0.086740    0.000758    3.261101 v fanout34/A (sky130_fd_sc_hd__clkbuf_4)
    10    0.048635    0.184328    0.367473    3.628575 v fanout34/X (sky130_fd_sc_hd__clkbuf_4)
                                                         net34 (net)
                      0.184419    0.003802    3.632377 v _536_/A (sky130_fd_sc_hd__nor2_4)
     4    0.017480    0.215906    0.299566    3.931943 ^ _536_/Y (sky130_fd_sc_hd__nor2_4)
                                                         _007_ (net)
                      0.215987    0.001022    3.932965 ^ _780_/C (sky130_fd_sc_hd__and3_1)
     2    0.007044    0.143201    0.405278    4.338243 ^ _780_/X (sky130_fd_sc_hd__and3_1)
                                                         _254_ (net)
                      0.143201    0.000205    4.338449 ^ rebuffer23/A (sky130_fd_sc_hd__dlymetal6s2s_1)
     1    0.005347    0.120121    0.231416    4.569865 ^ rebuffer23/X (sky130_fd_sc_hd__dlymetal6s2s_1)
                                                         net92 (net)
                      0.120122    0.000397    4.570261 ^ _805_/B1 (sky130_fd_sc_hd__a31oi_2)
     2    0.007327    0.183084    0.096323    4.666585 v _805_/Y (sky130_fd_sc_hd__a31oi_2)
                                                         _280_ (net)
                      0.183084    0.000392    4.666977 v _812_/A (sky130_fd_sc_hd__or3_1)
     2    0.005906    0.168120    0.933412    5.600389 v _812_/X (sky130_fd_sc_hd__or3_1)
                                                         _288_ (net)
                      0.168120    0.000214    5.600604 v _870_/A (sky130_fd_sc_hd__and3_1)
     2    0.004972    0.089151    0.359174    5.959778 v _870_/X (sky130_fd_sc_hd__and3_1)
                                                         _351_ (net)
                      0.089151    0.000166    5.959944 v _873_/B (sky130_fd_sc_hd__or3_1)
     3    0.007690    0.185988    0.872476    6.832420 v _873_/X (sky130_fd_sc_hd__or3_1)
                                                         _354_ (net)
                      0.185988    0.000474    6.832894 v _874_/B (sky130_fd_sc_hd__nand2_1)
     1    0.007001    0.130855    0.196899    7.029793 ^ _874_/Y (sky130_fd_sc_hd__nand2_1)
                                                         _355_ (net)
                      0.130856    0.000567    7.030361 ^ _876_/B (sky130_fd_sc_hd__xnor2_1)
     2    0.011482    0.467894    0.309915    7.340276 ^ _876_/Y (sky130_fd_sc_hd__xnor2_1)
                                                         _357_ (net)
                      0.467897    0.000933    7.341209 ^ _877_/A (sky130_fd_sc_hd__xnor2_1)
     2    0.004869    0.142987    0.299168    7.640378 v _877_/Y (sky130_fd_sc_hd__xnor2_1)
                                                         _358_ (net)
                      0.142987    0.000296    7.640673 v _878_/B (sky130_fd_sc_hd__or2_1)
     1    0.002965    0.097806    0.486629    8.127302 v _878_/X (sky130_fd_sc_hd__or2_1)
                                                         _359_ (net)
                      0.097806    0.000203    8.127505 v _885_/A2 (sky130_fd_sc_hd__a31o_1)
     1    0.002730    0.065183    0.374826    8.502331 v _885_/X (sky130_fd_sc_hd__a31o_1)
                                                         net27 (net)
                      0.065183    0.000181    8.502512 v output27/A (sky130_fd_sc_hd__clkbuf_4)
     1    0.034289    0.138864    0.322357    8.824869 v output27/X (sky130_fd_sc_hd__clkbuf_4)
                                                         op_out[6] (net)
                      0.138884    0.001710    8.826579 v op_out[6] (out)
                                              8.826579   data arrival time

                      0.000000   10.000000   10.000000   clock __VIRTUAL_CLK__ (rise edge)
                                  0.000000   10.000000   clock network delay (ideal)
                                 -0.250000    9.750000   clock uncertainty
                                  0.000000    9.750000   clock reconvergence pessimism
                                 -2.000000    7.750000   output external delay
                                              7.750000   data required time
---------------------------------------------------------------------------------------------
                                              7.750000   data required time
                                             -8.826579   data arrival time
---------------------------------------------------------------------------------------------
                                             -1.076579   slack (VIOLATED)



%OL_END_REPORT
%OL_CREATE_REPORT checks.rpt

===========================================================================
report_checks -unconstrained
===========================================================================
======================= max_ss_100C_1v60 Corner ===================================

Startpoint: op_b[6] (input port clocked by __VIRTUAL_CLK__)
Endpoint: op_out[0] (output port clocked by __VIRTUAL_CLK__)
Path Group: __VIRTUAL_CLK__
Path Type: max

Fanout         Cap        Slew       Delay        Time   Description
---------------------------------------------------------------------------------------------
                      0.000000    0.000000    0.000000   clock __VIRTUAL_CLK__ (rise edge)
                                  0.000000    0.000000   clock network delay (ideal)
                                  2.000000    2.000000 v input external delay
     1    0.002709    0.018108    0.008991    2.008991 v op_b[6] (in)
                                                         op_b[6] (net)
                      0.018109    0.000000    2.008991 v input19/A (sky130_fd_sc_hd__buf_1)
     2    0.022222    0.256178    0.294794    2.303784 v input19/X (sky130_fd_sc_hd__buf_1)
                                                         net19 (net)
                      0.256180    0.001076    2.304860 v fanout50/A (sky130_fd_sc_hd__buf_4)
    10    0.088702    0.208846    0.482793    2.787654 v fanout50/X (sky130_fd_sc_hd__buf_4)
                                                         net50 (net)
                      0.209268    0.008255    2.795909 v _469_/D (sky130_fd_sc_hd__or4_4)
     6    0.026620    0.226783    1.007539    3.803448 v _469_/X (sky130_fd_sc_hd__or4_4)
                                                         _306_ (net)
                      0.226783    0.001970    3.805418 v _474_/B1 (sky130_fd_sc_hd__a211o_1)
     3    0.011035    0.159118    0.643592    4.449010 v _474_/X (sky130_fd_sc_hd__a211o_1)
                                                         _360_ (net)
                      0.159119    0.000726    4.449736 v _481_/B1 (sky130_fd_sc_hd__a211o_1)
     4    0.010693    0.155742    0.614042    5.063777 v _481_/X (sky130_fd_sc_hd__a211o_1)
                                                         _410_ (net)
                      0.155744    0.000794    5.064571 v _484_/A1 (sky130_fd_sc_hd__a21o_1)
     4    0.013629    0.142313    0.406799    5.471370 v _484_/X (sky130_fd_sc_hd__a21o_1)
                                                         _413_ (net)
                      0.142313    0.000404    5.471774 v _494_/A2 (sky130_fd_sc_hd__a211o_1)
     3    0.014347    0.180595    0.682507    6.154280 v _494_/X (sky130_fd_sc_hd__a211o_1)
                                                         _423_ (net)
                      0.180595    0.000818    6.155099 v _496_/B1 (sky130_fd_sc_hd__a22o_1)
     3    0.009769    0.130422    0.433571    6.588670 v _496_/X (sky130_fd_sc_hd__a22o_1)
                                                         _425_ (net)
                      0.130423    0.000663    6.589333 v _499_/A (sky130_fd_sc_hd__and3_1)
     3    0.011985    0.147494    0.397888    6.987222 v _499_/X (sky130_fd_sc_hd__and3_1)
                                                         _428_ (net)
                      0.147500    0.001128    6.988349 v _509_/C1 (sky130_fd_sc_hd__a211o_4)
     3    0.015967    0.105710    0.551069    7.539418 v _509_/X (sky130_fd_sc_hd__a211o_4)
                                                         _438_ (net)
                      0.105710    0.000650    7.540068 v _515_/A2 (sky130_fd_sc_hd__a21oi_4)
     8    0.040859    0.491160    0.506305    8.046373 ^ _515_/Y (sky130_fd_sc_hd__a21oi_4)
                                                         _444_ (net)
                      0.491173    0.002058    8.048431 ^ _524_/S (sky130_fd_sc_hd__mux2_4)
     2    0.009645    0.097989    0.711133    8.759564 v _524_/X (sky130_fd_sc_hd__mux2_4)
                                                         _453_ (net)
                      0.097989    0.000552    8.760116 v _539_/A1 (sky130_fd_sc_hd__a221o_1)
     3    0.010442    0.166002    0.673606    9.433722 v _539_/X (sky130_fd_sc_hd__a221o_1)
                                                         _010_ (net)
                      0.166002    0.000600    9.434321 v _543_/A3 (sky130_fd_sc_hd__a311oi_2)
     4    0.015166    0.592607    0.707431   10.141751 ^ _543_/Y (sky130_fd_sc_hd__a311oi_2)
                                                         _014_ (net)
                      0.592607    0.000582   10.142333 ^ _572_/A (sky130_fd_sc_hd__or3_4)
     4    0.011930    0.087544    0.460450   10.602784 ^ _572_/X (sky130_fd_sc_hd__or3_4)
                                                         _043_ (net)
                      0.087544    0.000531   10.603315 ^ _574_/B (sky130_fd_sc_hd__and3_1)
     3    0.008237    0.159894    0.362769   10.966084 ^ _574_/X (sky130_fd_sc_hd__and3_1)
                                                         _045_ (net)
                      0.159894    0.000583   10.966666 ^ rebuffer9/A (sky130_fd_sc_hd__dlygate4sd3_1)
     1    0.003147    0.095807    1.081918   12.048584 ^ rebuffer9/X (sky130_fd_sc_hd__dlygate4sd3_1)
                                                         net78 (net)
                      0.095807    0.000219   12.048803 ^ _587_/B1 (sky130_fd_sc_hd__a21o_1)
     2    0.005007    0.093357    0.171053   12.219855 ^ _587_/X (sky130_fd_sc_hd__a21o_1)
                                                         _058_ (net)
                      0.093357    0.000358   12.220214 ^ _588_/C_N (sky130_fd_sc_hd__or3b_1)
     1    0.009813    0.210815    0.905141   13.125355 v _588_/X (sky130_fd_sc_hd__or3b_1)
                                                         _059_ (net)
                      0.210815    0.000747   13.126101 v _590_/A1 (sky130_fd_sc_hd__a311oi_4)
     2    0.010867    0.407727    0.468763   13.594864 ^ _590_/Y (sky130_fd_sc_hd__a311oi_4)
                                                         _061_ (net)
                      0.407727    0.000618   13.595483 ^ rebuffer6/A (sky130_fd_sc_hd__buf_6)
     3    0.019535    0.084995    0.321354   13.916836 ^ rebuffer6/X (sky130_fd_sc_hd__buf_6)
                                                         net75 (net)
                      0.084999    0.000688   13.917524 ^ _619_/S (sky130_fd_sc_hd__mux2_4)
     5    0.023214    0.135838    0.633138   14.550662 v _619_/X (sky130_fd_sc_hd__mux2_4)
                                                         _090_ (net)
                      0.135885    0.002397   14.553060 v _620_/B (sky130_fd_sc_hd__xnor2_1)
     2    0.009533    0.403648    0.407884   14.960943 ^ _620_/Y (sky130_fd_sc_hd__xnor2_1)
                                                         _091_ (net)
                      0.403649    0.000549   14.961492 ^ _622_/D (sky130_fd_sc_hd__nand4_1)
     1    0.004316    0.228079    0.354440   15.315932 v _622_/Y (sky130_fd_sc_hd__nand4_1)
                                                         _093_ (net)
                      0.228079    0.000179   15.316112 v _627_/A2 (sky130_fd_sc_hd__o31a_1)
     4    0.019449    0.215796    0.728622   16.044733 v _627_/X (sky130_fd_sc_hd__o31a_1)
                                                         _098_ (net)
                      0.215800    0.001325   16.046059 v _628_/A2 (sky130_fd_sc_hd__a21oi_4)
     3    0.015910    0.247257    0.370358   16.416418 ^ _628_/Y (sky130_fd_sc_hd__a21oi_4)
                                                         _099_ (net)
                      0.247257    0.000627   16.417044 ^ fanout29/A (sky130_fd_sc_hd__buf_6)
    10    0.045770    0.157615    0.322995   16.740040 ^ fanout29/X (sky130_fd_sc_hd__buf_6)
                                                         net29 (net)
                      0.158072    0.006198   16.746237 ^ _665_/S (sky130_fd_sc_hd__mux2_2)
     3    0.008476    0.118045    0.746978   17.493214 v _665_/X (sky130_fd_sc_hd__mux2_2)
                                                         _136_ (net)
                      0.118045    0.000457   17.493671 v _669_/A2 (sky130_fd_sc_hd__a21o_1)
     1    0.002991    0.061375    0.335268   17.828939 v _669_/X (sky130_fd_sc_hd__a21o_1)
                                                         _140_ (net)
                      0.061375    0.000128   17.829067 v _671_/A1 (sky130_fd_sc_hd__o211a_1)
     1    0.004455    0.087026    0.417645   18.246712 v _671_/X (sky130_fd_sc_hd__o211a_1)
                                                         _142_ (net)
                      0.087026    0.000375   18.247086 v _672_/B2 (sky130_fd_sc_hd__o221a_1)
     1    0.002533    0.088466    0.394371   18.641457 v _672_/X (sky130_fd_sc_hd__o221a_1)
                                                         _143_ (net)
                      0.088466    0.000115   18.641573 v _675_/A2 (sky130_fd_sc_hd__o21a_1)
     1    0.003137    0.068220    0.316577   18.958149 v _675_/X (sky130_fd_sc_hd__o21a_1)
                                                         _146_ (net)
                      0.068220    0.000222   18.958372 v _679_/A2 (sky130_fd_sc_hd__o21a_1)
     1    0.007778    0.108488    0.351834   19.310205 v _679_/X (sky130_fd_sc_hd__o21a_1)
                                                         _150_ (net)
                      0.108488    0.000430   19.310635 v _700_/B (sky130_fd_sc_hd__or3_4)
     1    0.007830    0.130017    0.747905   20.058540 v _700_/X (sky130_fd_sc_hd__or3_4)
                                                         net21 (net)
                      0.130017    0.000608   20.059147 v output21/A (sky130_fd_sc_hd__buf_8)
     1    0.035117    0.068667    0.267823   20.326971 v output21/X (sky130_fd_sc_hd__buf_8)
                                                         op_out[0] (net)
                      0.068727    0.001824   20.328794 v op_out[0] (out)
                                             20.328794   data arrival time

                      0.000000   10.000000   10.000000   clock __VIRTUAL_CLK__ (rise edge)
                                  0.000000   10.000000   clock network delay (ideal)
                                 -0.250000    9.750000   clock uncertainty
                                  0.000000    9.750000   clock reconvergence pessimism
                                 -2.000000    7.750000   output external delay
                                              7.750000   data required time
---------------------------------------------------------------------------------------------
                                              7.750000   data required time
                                            -20.328794   data arrival time
---------------------------------------------------------------------------------------------
                                            -12.578795   slack (VIOLATED)




===========================================================================
report_checks --slack_max -0.01
============================================================================
======================= max_ss_100C_1v60 Corner ===================================

Startpoint: op_b[6] (input port clocked by __VIRTUAL_CLK__)
Endpoint: op_out[0] (output port clocked by __VIRTUAL_CLK__)
Path Group: __VIRTUAL_CLK__
Path Type: max

Fanout         Cap        Slew       Delay        Time   Description
---------------------------------------------------------------------------------------------
                      0.000000    0.000000    0.000000   clock __VIRTUAL_CLK__ (rise edge)
                                  0.000000    0.000000   clock network delay (ideal)
                                  2.000000    2.000000 v input external delay
     1    0.002709    0.018108    0.008991    2.008991 v op_b[6] (in)
                                                         op_b[6] (net)
                      0.018109    0.000000    2.008991 v input19/A (sky130_fd_sc_hd__buf_1)
     2    0.022222    0.256178    0.294794    2.303784 v input19/X (sky130_fd_sc_hd__buf_1)
                                                         net19 (net)
                      0.256180    0.001076    2.304860 v fanout50/A (sky130_fd_sc_hd__buf_4)
    10    0.088702    0.208846    0.482793    2.787654 v fanout50/X (sky130_fd_sc_hd__buf_4)
                                                         net50 (net)
                      0.209268    0.008255    2.795909 v _469_/D (sky130_fd_sc_hd__or4_4)
     6    0.026620    0.226783    1.007539    3.803448 v _469_/X (sky130_fd_sc_hd__or4_4)
                                                         _306_ (net)
                      0.226783    0.001970    3.805418 v _474_/B1 (sky130_fd_sc_hd__a211o_1)
     3    0.011035    0.159118    0.643592    4.449010 v _474_/X (sky130_fd_sc_hd__a211o_1)
                                                         _360_ (net)
                      0.159119    0.000726    4.449736 v _481_/B1 (sky130_fd_sc_hd__a211o_1)
     4    0.010693    0.155742    0.614042    5.063777 v _481_/X (sky130_fd_sc_hd__a211o_1)
                                                         _410_ (net)
                      0.155744    0.000794    5.064571 v _484_/A1 (sky130_fd_sc_hd__a21o_1)
     4    0.013629    0.142313    0.406799    5.471370 v _484_/X (sky130_fd_sc_hd__a21o_1)
                                                         _413_ (net)
                      0.142313    0.000404    5.471774 v _494_/A2 (sky130_fd_sc_hd__a211o_1)
     3    0.014347    0.180595    0.682507    6.154280 v _494_/X (sky130_fd_sc_hd__a211o_1)
                                                         _423_ (net)
                      0.180595    0.000818    6.155099 v _496_/B1 (sky130_fd_sc_hd__a22o_1)
     3    0.009769    0.130422    0.433571    6.588670 v _496_/X (sky130_fd_sc_hd__a22o_1)
                                                         _425_ (net)
                      0.130423    0.000663    6.589333 v _499_/A (sky130_fd_sc_hd__and3_1)
     3    0.011985    0.147494    0.397888    6.987222 v _499_/X (sky130_fd_sc_hd__and3_1)
                                                         _428_ (net)
                      0.147500    0.001128    6.988349 v _509_/C1 (sky130_fd_sc_hd__a211o_4)
     3    0.015967    0.105710    0.551069    7.539418 v _509_/X (sky130_fd_sc_hd__a211o_4)
                                                         _438_ (net)
                      0.105710    0.000650    7.540068 v _515_/A2 (sky130_fd_sc_hd__a21oi_4)
     8    0.040859    0.491160    0.506305    8.046373 ^ _515_/Y (sky130_fd_sc_hd__a21oi_4)
                                                         _444_ (net)
                      0.491173    0.002058    8.048431 ^ _524_/S (sky130_fd_sc_hd__mux2_4)
     2    0.009645    0.097989    0.711133    8.759564 v _524_/X (sky130_fd_sc_hd__mux2_4)
                                                         _453_ (net)
                      0.097989    0.000552    8.760116 v _539_/A1 (sky130_fd_sc_hd__a221o_1)
     3    0.010442    0.166002    0.673606    9.433722 v _539_/X (sky130_fd_sc_hd__a221o_1)
                                                         _010_ (net)
                      0.166002    0.000600    9.434321 v _543_/A3 (sky130_fd_sc_hd__a311oi_2)
     4    0.015166    0.592607    0.707431   10.141751 ^ _543_/Y (sky130_fd_sc_hd__a311oi_2)
                                                         _014_ (net)
                      0.592607    0.000582   10.142333 ^ _572_/A (sky130_fd_sc_hd__or3_4)
     4    0.011930    0.087544    0.460450   10.602784 ^ _572_/X (sky130_fd_sc_hd__or3_4)
                                                         _043_ (net)
                      0.087544    0.000531   10.603315 ^ _574_/B (sky130_fd_sc_hd__and3_1)
     3    0.008237    0.159894    0.362769   10.966084 ^ _574_/X (sky130_fd_sc_hd__and3_1)
                                                         _045_ (net)
                      0.159894    0.000583   10.966666 ^ rebuffer9/A (sky130_fd_sc_hd__dlygate4sd3_1)
     1    0.003147    0.095807    1.081918   12.048584 ^ rebuffer9/X (sky130_fd_sc_hd__dlygate4sd3_1)
                                                         net78 (net)
                      0.095807    0.000219   12.048803 ^ _587_/B1 (sky130_fd_sc_hd__a21o_1)
     2    0.005007    0.093357    0.171053   12.219855 ^ _587_/X (sky130_fd_sc_hd__a21o_1)
                                                         _058_ (net)
                      0.093357    0.000358   12.220214 ^ _588_/C_N (sky130_fd_sc_hd__or3b_1)
     1    0.009813    0.210815    0.905141   13.125355 v _588_/X (sky130_fd_sc_hd__or3b_1)
                                                         _059_ (net)
                      0.210815    0.000747   13.126101 v _590_/A1 (sky130_fd_sc_hd__a311oi_4)
     2    0.010867    0.407727    0.468763   13.594864 ^ _590_/Y (sky130_fd_sc_hd__a311oi_4)
                                                         _061_ (net)
                      0.407727    0.000618   13.595483 ^ rebuffer6/A (sky130_fd_sc_hd__buf_6)
     3    0.019535    0.084995    0.321354   13.916836 ^ rebuffer6/X (sky130_fd_sc_hd__buf_6)
                                                         net75 (net)
                      0.084999    0.000688   13.917524 ^ _619_/S (sky130_fd_sc_hd__mux2_4)
     5    0.023214    0.135838    0.633138   14.550662 v _619_/X (sky130_fd_sc_hd__mux2_4)
                                                         _090_ (net)
                      0.135885    0.002397   14.553060 v _620_/B (sky130_fd_sc_hd__xnor2_1)
     2    0.009533    0.403648    0.407884   14.960943 ^ _620_/Y (sky130_fd_sc_hd__xnor2_1)
                                                         _091_ (net)
                      0.403649    0.000549   14.961492 ^ _622_/D (sky130_fd_sc_hd__nand4_1)
     1    0.004316    0.228079    0.354440   15.315932 v _622_/Y (sky130_fd_sc_hd__nand4_1)
                                                         _093_ (net)
                      0.228079    0.000179   15.316112 v _627_/A2 (sky130_fd_sc_hd__o31a_1)
     4    0.019449    0.215796    0.728622   16.044733 v _627_/X (sky130_fd_sc_hd__o31a_1)
                                                         _098_ (net)
                      0.215800    0.001325   16.046059 v _628_/A2 (sky130_fd_sc_hd__a21oi_4)
     3    0.015910    0.247257    0.370358   16.416418 ^ _628_/Y (sky130_fd_sc_hd__a21oi_4)
                                                         _099_ (net)
                      0.247257    0.000627   16.417044 ^ fanout29/A (sky130_fd_sc_hd__buf_6)
    10    0.045770    0.157615    0.322995   16.740040 ^ fanout29/X (sky130_fd_sc_hd__buf_6)
                                                         net29 (net)
                      0.158072    0.006198   16.746237 ^ _665_/S (sky130_fd_sc_hd__mux2_2)
     3    0.008476    0.118045    0.746978   17.493214 v _665_/X (sky130_fd_sc_hd__mux2_2)
                                                         _136_ (net)
                      0.118045    0.000457   17.493671 v _669_/A2 (sky130_fd_sc_hd__a21o_1)
     1    0.002991    0.061375    0.335268   17.828939 v _669_/X (sky130_fd_sc_hd__a21o_1)
                                                         _140_ (net)
                      0.061375    0.000128   17.829067 v _671_/A1 (sky130_fd_sc_hd__o211a_1)
     1    0.004455    0.087026    0.417645   18.246712 v _671_/X (sky130_fd_sc_hd__o211a_1)
                                                         _142_ (net)
                      0.087026    0.000375   18.247086 v _672_/B2 (sky130_fd_sc_hd__o221a_1)
     1    0.002533    0.088466    0.394371   18.641457 v _672_/X (sky130_fd_sc_hd__o221a_1)
                                                         _143_ (net)
                      0.088466    0.000115   18.641573 v _675_/A2 (sky130_fd_sc_hd__o21a_1)
     1    0.003137    0.068220    0.316577   18.958149 v _675_/X (sky130_fd_sc_hd__o21a_1)
                                                         _146_ (net)
                      0.068220    0.000222   18.958372 v _679_/A2 (sky130_fd_sc_hd__o21a_1)
     1    0.007778    0.108488    0.351834   19.310205 v _679_/X (sky130_fd_sc_hd__o21a_1)
                                                         _150_ (net)
                      0.108488    0.000430   19.310635 v _700_/B (sky130_fd_sc_hd__or3_4)
     1    0.007830    0.130017    0.747905   20.058540 v _700_/X (sky130_fd_sc_hd__or3_4)
                                                         net21 (net)
                      0.130017    0.000608   20.059147 v output21/A (sky130_fd_sc_hd__buf_8)
     1    0.035117    0.068667    0.267823   20.326971 v output21/X (sky130_fd_sc_hd__buf_8)
                                                         op_out[0] (net)
                      0.068727    0.001824   20.328794 v op_out[0] (out)
                                             20.328794   data arrival time

                      0.000000   10.000000   10.000000   clock __VIRTUAL_CLK__ (rise edge)
                                  0.000000   10.000000   clock network delay (ideal)
                                 -0.250000    9.750000   clock uncertainty
                                  0.000000    9.750000   clock reconvergence pessimism
                                 -2.000000    7.750000   output external delay
                                              7.750000   data required time
---------------------------------------------------------------------------------------------
                                              7.750000   data required time
                                            -20.328794   data arrival time
---------------------------------------------------------------------------------------------
                                            -12.578795   slack (VIOLATED)




===========================================================================
 report_check_types -max_slew -max_cap -max_fanout -violators
============================================================================
======================= max_ss_100C_1v60 Corner ===================================

max slew

Pin                                        Limit        Slew       Slack
------------------------------------------------------------------------
_546_/Y                                 0.750000    0.776457   -0.026457 (VIOLATED)
_571_/A2                                0.750000    0.776457   -0.026457 (VIOLATED)
_579_/A2                                0.750000    0.776457   -0.026457 (VIOLATED)
max_cap31/A                             0.750000    0.776457   -0.026457 (VIOLATED)



===========================================================================
report_parasitic_annotation -report_unannotated
============================================================================
Found 0 unannotated drivers.
Found 0 partially unannotated drivers.

===========================================================================
max slew violation count 4
%OL_METRIC_I design__max_slew_violation__count__corner:max_ss_100C_1v60 4
max fanout violation count 0
%OL_METRIC_I design__max_fanout_violation__count__corner:max_ss_100C_1v60 0
max cap violation count 0
%OL_METRIC_I design__max_cap_violation__count__corner:max_ss_100C_1v60 0
============================================================================

===========================================================================
check_setup -verbose -unconstrained_endpoints -multiple_clock -no_clock -no_input_delay -loops -generated_clocks
===========================================================================
%OL_END_REPORT
%OL_CREATE_REPORT power.rpt

===========================================================================
 report_power
============================================================================
======================= max_ss_100C_1v60 Corner ===================================

Group                    Internal    Switching      Leakage        Total
                            Power        Power        Power        Power (Watts)
------------------------------------------------------------------------
Sequential           0.000000e+00 0.000000e+00 0.000000e+00 0.000000e+00   0.0%
Combinational        1.088207e-04 1.286721e-04 2.430227e-06 2.399230e-04 100.0%
Clock                0.000000e+00 0.000000e+00 1.159359e-09 1.159359e-09   0.0%
Macro                0.000000e+00 0.000000e+00 0.000000e+00 0.000000e+00   0.0%
Pad                  0.000000e+00 0.000000e+00 0.000000e+00 0.000000e+00   0.0%
------------------------------------------------------------------------
Total                1.088207e-04 1.286721e-04 2.431387e-06 2.399241e-04 100.0%
                            45.4%        53.6%         1.0%
%OL_METRIC_F power__internal__total 0.00010882065544137731
%OL_METRIC_F power__switching__total 0.00012867206532973796
%OL_METRIC_F power__leakage__total 2.4313867470482364e-6
%OL_METRIC_F power__total 0.00023992412025108933

%OL_END_REPORT
%OL_CREATE_REPORT skew.min.rpt

===========================================================================
Clock Skew (Hold)
============================================================================
%OL_METRIC_F clock__skew__worst_hold__corner:max_ss_100C_1v60 0.0
======================= max_ss_100C_1v60 Corner ===================================

Clock __VIRTUAL_CLK__
No launch/capture paths found.

%OL_END_REPORT
%OL_CREATE_REPORT skew.max.rpt

===========================================================================
Clock Skew (Setup)
============================================================================
%OL_METRIC_F clock__skew__worst_setup__corner:max_ss_100C_1v60 0.0
======================= max_ss_100C_1v60 Corner ===================================

Clock __VIRTUAL_CLK__
No launch/capture paths found.

%OL_END_REPORT
%OL_CREATE_REPORT ws.min.rpt

===========================================================================
Worst Slack (Hold)
============================================================================
%OL_METRIC_F timing__hold__ws__corner:max_ss_100C_1v60 4.915687995790923
max_ss_100C_1v60: 4.915687995790923
%OL_END_REPORT
%OL_CREATE_REPORT ws.max.rpt

===========================================================================
Worst Slack (Setup)
============================================================================
%OL_METRIC_F timing__setup__ws__corner:max_ss_100C_1v60 -12.57879525033254
max_ss_100C_1v60: -12.57879525033254
%OL_END_REPORT
%OL_CREATE_REPORT tns.min.rpt

===========================================================================
Total Negative Slack (Hold)
============================================================================
%OL_METRIC_F timing__hold__tns__corner:max_ss_100C_1v60 0.0
max_ss_100C_1v60: 0.0
%OL_END_REPORT
%OL_CREATE_REPORT tns.max.rpt

===========================================================================
Total Negative Slack (Setup)
============================================================================
%OL_METRIC_F timing__setup__tns__corner:max_ss_100C_1v60 -38.843681370867905
max_ss_100C_1v60: -38.843681370867905
%OL_END_REPORT
%OL_CREATE_REPORT wns.min.rpt

===========================================================================
Worst Negative Slack (Hold)
============================================================================
%OL_METRIC_F timing__hold__wns__corner:max_ss_100C_1v60 0
max_ss_100C_1v60: 0
%OL_END_REPORT
%OL_CREATE_REPORT wns.max.rpt

===========================================================================
Worst Negative Slack (Setup)
============================================================================
%OL_METRIC_F timing__setup__wns__corner:max_ss_100C_1v60 -12.57879525033254
max_ss_100C_1v60: -12.57879525033254
%OL_END_REPORT
%OL_CREATE_REPORT violator_list.rpt

===========================================================================
Violator List
============================================================================
[setup in-out] op_b[6] -> op_out[0] : -12.578795
[setup in-out] op_b[6] -> op_out[1] : -9.919970
[setup in-out] op_b[6] -> op_out[2] : -6.969337
[setup in-out] op_b[6] -> op_out[3] : -4.045590
[setup in-out] op_b[0] -> op_out[7] : -1.548370
[setup in-out] op_b[0] -> op_out[5] : -1.465410
[setup in-out] op_b[6] -> op_out[4] : -1.239631
[setup in-out] op_b[0] -> op_out[6] : -1.076579
%OL_METRIC_I timing__hold_vio__count__corner:max_ss_100C_1v60 0
%OL_METRIC_F timing__hold_r2r__ws__corner:max_ss_100C_1v60 inf
%OL_METRIC_I timing__hold_r2r_vio__count__corner:max_ss_100C_1v60 0
%OL_METRIC_I timing__setup_vio__count__corner:max_ss_100C_1v60 8
%OL_METRIC_F timing__setup_r2r__ws__corner:max_ss_100C_1v60 inf
%OL_METRIC_I timing__setup_r2r_vio__count__corner:max_ss_100C_1v60 0
%OL_END_REPORT
%OL_CREATE_REPORT unpropagated.rpt
__VIRTUAL_CLK__
%OL_END_REPORT
%OL_CREATE_REPORT clock.rpt
Clock: __VIRTUAL_CLK__
Sources: 
Generated: no
Virtual: yes
Propagated: no
Period: 10.000000

===========================================================================
report_clock_properties
============================================================================
Clock                   Period          Waveform
----------------------------------------------------
__VIRTUAL_CLK__      10.000000    0.000000  5.000000

===========================================================================
report_clock_latency
============================================================================
Clock __VIRTUAL_CLK__


===========================================================================
report_clock_min_period
============================================================================
__VIRTUAL_CLK__ period_min = 0.00 fmax = inf
%OL_END_REPORT
Writing SDF files for all corners…
Removing Clock latencies before writing libs…
Writing timing models for all corners…
Writing timing models for the max_ss_100C_1v60 corner to /home/letienthanh/8bitalu/runs/RUN_2026-08-05_13-37-55/53-openroad-stapostpnr/max_ss_100C_1v60/alu8bit__max_ss_100C_1v60.lib…
