Reading OpenROAD database at '/home/letienthanh/8bitalu/runs/RUN_2026-08-05_11-42-16/36-openroad-resizertimingpostcts/alu8bit.odb'…
Reading library file at '/home/letienthanh/.volare/volare/sky130/versions/0fe599b2afb6708d281543108caf8310912f54af/sky130A/libs.ref/sky130_fd_sc_hd/lib/sky130_fd_sc_hd__tt_025C_1v80.lib'…
Reading design constraints file at '/nix/store/ss2cw3sxbrwwx9jl0rrppbw4kgcmgi2n-python3-3.11.9-env/lib/python3.11/site-packages/openlane/scripts/base.sdc'…
[WARNING STA-0366] port '__VIRTUAL_CLK__' not found.
[INFO] Using clock __VIRTUAL_CLK__…
[INFO] Setting output delay to: 4
[INFO] Setting input delay to: 4
[WARNING STA-0366] port '__VIRTUAL_CLK__' not found.
[INFO] Setting load to: 0.033442
[INFO] Setting clock uncertainty to: 0.25
[INFO] Setting clock transition to: 0.1499999999999999944488848768742172978818416595458984375
[WARNING STA-0419] transition time can not be specified for virtual clocks.
[INFO] Setting timing derate to: 5%
[WARNING STA-0450] virtual clock __VIRTUAL_CLK__ can not be propagated.
[INFO] Setting RC values…
[WARNING GRT-0097] No global routing found for nets.
%OL_CREATE_REPORT min.rpt

===========================================================================
report_checks -path_delay min (Hold)
============================================================================
======================= nom_tt_025C_1v80 Corner ===================================

Startpoint: op_a[5] (input port clocked by __VIRTUAL_CLK__)
Endpoint: op_out[5] (output port clocked by __VIRTUAL_CLK__)
Path Group: __VIRTUAL_CLK__
Path Type: min

Fanout         Cap        Slew       Delay        Time   Description
---------------------------------------------------------------------------------------------
                      0.000000    0.000000    0.000000   clock __VIRTUAL_CLK__ (rise edge)
                                  0.000000    0.000000   clock network delay (ideal)
                                  4.000000    4.000000 ^ input external delay
     1    0.002783    0.020367    0.010232    4.010232 ^ op_a[5] (in)
                                                         op_a[5] (net)
                      0.020367    0.000000    4.010232 ^ input10/A (sky130_fd_sc_hd__clkbuf_2)
     5    0.020798    0.118702    0.149281    4.159513 ^ input10/X (sky130_fd_sc_hd__clkbuf_2)
                                                         net10 (net)
                      0.118747    0.000665    4.160178 ^ _839_/A1 (sky130_fd_sc_hd__a32o_1)
     1    0.001955    0.044059    0.157302    4.317480 ^ _839_/X (sky130_fd_sc_hd__a32o_1)
                                                         _318_ (net)
                      0.044059    0.000003    4.317483 ^ _842_/A (sky130_fd_sc_hd__or3_1)
     1    0.003754    0.045346    0.100338    4.417821 ^ _842_/X (sky130_fd_sc_hd__or3_1)
                                                         net26 (net)
                      0.045346    0.000037    4.417858 ^ output26/A (sky130_fd_sc_hd__buf_2)
     1    0.034420    0.170828    0.198916    4.616775 ^ output26/X (sky130_fd_sc_hd__buf_2)
                                                         op_out[5] (net)
                      0.170828    0.000215    4.616990 ^ op_out[5] (out)
                                              4.616990   data arrival time

                      0.000000    0.000000    0.000000   clock __VIRTUAL_CLK__ (rise edge)
                                  0.000000    0.000000   clock network delay (ideal)
                                  0.250000    0.250000   clock uncertainty
                                  0.000000    0.250000   clock reconvergence pessimism
                                 -4.000000   -3.750000   output external delay
                                             -3.750000   data required time
---------------------------------------------------------------------------------------------
                                             -3.750000   data required time
                                             -4.616990   data arrival time
---------------------------------------------------------------------------------------------
                                              8.366990   slack (MET)


Startpoint: inst[2] (input port clocked by __VIRTUAL_CLK__)
Endpoint: op_out[4] (output port clocked by __VIRTUAL_CLK__)
Path Group: __VIRTUAL_CLK__
Path Type: min

Fanout         Cap        Slew       Delay        Time   Description
---------------------------------------------------------------------------------------------
                      0.000000    0.000000    0.000000   clock __VIRTUAL_CLK__ (rise edge)
                                  0.000000    0.000000   clock network delay (ideal)
                                  4.000000    4.000000 ^ input external delay
     1    0.003378    0.022234    0.012320    4.012320 ^ inst[2] (in)
                                                         inst[2] (net)
                      0.022234    0.000000    4.012320 ^ input3/A (sky130_fd_sc_hd__clkbuf_2)
     8    0.022714    0.128592    0.157096    4.169416 ^ input3/X (sky130_fd_sc_hd__clkbuf_2)
                                                         net3 (net)
                      0.128592    0.000149    4.169565 ^ _690_/A (sky130_fd_sc_hd__or4b_4)
     8    0.026728    0.088380    0.193670    4.363235 ^ _690_/X (sky130_fd_sc_hd__or4b_4)
                                                         _161_ (net)
                      0.088380    0.000185    4.363421 ^ _798_/A1 (sky130_fd_sc_hd__o31ai_1)
     1    0.003245    0.044792    0.083240    4.446661 v _798_/Y (sky130_fd_sc_hd__o31ai_1)
                                                         net25 (net)
                      0.044792    0.000024    4.446685 v output25/A (sky130_fd_sc_hd__buf_2)
     1    0.034420    0.089638    0.180650    4.627336 v output25/X (sky130_fd_sc_hd__buf_2)
                                                         op_out[4] (net)
                      0.089638    0.000215    4.627551 v op_out[4] (out)
                                              4.627551   data arrival time

                      0.000000    0.000000    0.000000   clock __VIRTUAL_CLK__ (rise edge)
                                  0.000000    0.000000   clock network delay (ideal)
                                  0.250000    0.250000   clock uncertainty
                                  0.000000    0.250000   clock reconvergence pessimism
                                 -4.000000   -3.750000   output external delay
                                             -3.750000   data required time
---------------------------------------------------------------------------------------------
                                             -3.750000   data required time
                                             -4.627551   data arrival time
---------------------------------------------------------------------------------------------
                                              8.377551   slack (MET)


Startpoint: inst[2] (input port clocked by __VIRTUAL_CLK__)
Endpoint: op_out[0] (output port clocked by __VIRTUAL_CLK__)
Path Group: __VIRTUAL_CLK__
Path Type: min

Fanout         Cap        Slew       Delay        Time   Description
---------------------------------------------------------------------------------------------
                      0.000000    0.000000    0.000000   clock __VIRTUAL_CLK__ (rise edge)
                                  0.000000    0.000000   clock network delay (ideal)
                                  4.000000    4.000000 v input external delay
     1    0.003148    0.009439    0.005002    4.005002 v inst[2] (in)
                                                         inst[2] (net)
                      0.009439    0.000000    4.005002 v input3/A (sky130_fd_sc_hd__clkbuf_2)
     8    0.021020    0.085386    0.137055    4.142057 v input3/X (sky130_fd_sc_hd__clkbuf_2)
                                                         net3 (net)
                      0.085386    0.000154    4.142211 v _459_/A (sky130_fd_sc_hd__inv_2)
     4    0.009530    0.056181    0.079137    4.221349 ^ _459_/Y (sky130_fd_sc_hd__inv_2)
                                                         _199_ (net)
                      0.056181    0.000020    4.221369 ^ _685_/B1 (sky130_fd_sc_hd__o2111a_1)
     1    0.002825    0.050690    0.178940    4.400309 ^ _685_/X (sky130_fd_sc_hd__o2111a_1)
                                                         _156_ (net)
                      0.050690    0.000004    4.400312 ^ _700_/B (sky130_fd_sc_hd__or3_4)
     1    0.008769    0.040651    0.120430    4.520742 ^ _700_/X (sky130_fd_sc_hd__or3_4)
                                                         net21 (net)
                      0.040651    0.000062    4.520804 ^ output21/A (sky130_fd_sc_hd__buf_8)
     1    0.034601    0.066151    0.114782    4.635585 ^ output21/X (sky130_fd_sc_hd__buf_8)
                                                         op_out[0] (net)
                      0.066151    0.000241    4.635827 ^ op_out[0] (out)
                                              4.635827   data arrival time

                      0.000000    0.000000    0.000000   clock __VIRTUAL_CLK__ (rise edge)
                                  0.000000    0.000000   clock network delay (ideal)
                                  0.250000    0.250000   clock uncertainty
                                  0.000000    0.250000   clock reconvergence pessimism
                                 -4.000000   -3.750000   output external delay
                                             -3.750000   data required time
---------------------------------------------------------------------------------------------
                                             -3.750000   data required time
                                             -4.635827   data arrival time
---------------------------------------------------------------------------------------------
                                              8.385826   slack (MET)


Startpoint: op_a[1] (input port clocked by __VIRTUAL_CLK__)
Endpoint: op_out[1] (output port clocked by __VIRTUAL_CLK__)
Path Group: __VIRTUAL_CLK__
Path Type: min

Fanout         Cap        Slew       Delay        Time   Description
---------------------------------------------------------------------------------------------
                      0.000000    0.000000    0.000000   clock __VIRTUAL_CLK__ (rise edge)
                                  0.000000    0.000000   clock network delay (ideal)
                                  4.000000    4.000000 ^ input external delay
     1    0.002713    0.020053    0.009989    4.009989 ^ op_a[1] (in)
                                                         op_a[1] (net)
                      0.020053    0.000000    4.009989 ^ input6/A (sky130_fd_sc_hd__buf_1)
     3    0.014348    0.174015    0.163175    4.173164 ^ input6/X (sky130_fd_sc_hd__buf_1)
                                                         net6 (net)
                      0.174016    0.000377    4.173541 ^ _703_/A1 (sky130_fd_sc_hd__o22a_1)
     1    0.002225    0.038107    0.162069    4.335610 ^ _703_/X (sky130_fd_sc_hd__o22a_1)
                                                         _173_ (net)
                      0.038107    0.000007    4.335617 ^ _710_/A (sky130_fd_sc_hd__or3_1)
     1    0.006121    0.065566    0.113164    4.448781 ^ _710_/X (sky130_fd_sc_hd__or3_1)
                                                         _180_ (net)
                      0.065566    0.000064    4.448844 ^ _718_/A (sky130_fd_sc_hd__or2_4)
     1    0.007574    0.039747    0.119861    4.568706 ^ _718_/X (sky130_fd_sc_hd__or2_4)
                                                         net22 (net)
                      0.039747    0.000012    4.568717 ^ output22/A (sky130_fd_sc_hd__buf_8)
     1    0.034601    0.066150    0.114463    4.683180 ^ output22/X (sky130_fd_sc_hd__buf_8)
                                                         op_out[1] (net)
                      0.066150    0.000241    4.683421 ^ op_out[1] (out)
                                              4.683421   data arrival time

                      0.000000    0.000000    0.000000   clock __VIRTUAL_CLK__ (rise edge)
                                  0.000000    0.000000   clock network delay (ideal)
                                  0.250000    0.250000   clock uncertainty
                                  0.000000    0.250000   clock reconvergence pessimism
                                 -4.000000   -3.750000   output external delay
                                             -3.750000   data required time
---------------------------------------------------------------------------------------------
                                             -3.750000   data required time
                                             -4.683421   data arrival time
---------------------------------------------------------------------------------------------
                                              8.433421   slack (MET)


Startpoint: inst[2] (input port clocked by __VIRTUAL_CLK__)
Endpoint: op_out[3] (output port clocked by __VIRTUAL_CLK__)
Path Group: __VIRTUAL_CLK__
Path Type: min

Fanout         Cap        Slew       Delay        Time   Description
---------------------------------------------------------------------------------------------
                      0.000000    0.000000    0.000000   clock __VIRTUAL_CLK__ (rise edge)
                                  0.000000    0.000000   clock network delay (ideal)
                                  4.000000    4.000000 ^ input external delay
     1    0.003378    0.022234    0.012320    4.012320 ^ inst[2] (in)
                                                         inst[2] (net)
                      0.022234    0.000000    4.012320 ^ input3/A (sky130_fd_sc_hd__clkbuf_2)
     8    0.022714    0.128592    0.157096    4.169416 ^ input3/X (sky130_fd_sc_hd__clkbuf_2)
                                                         net3 (net)
                      0.128592    0.000149    4.169565 ^ _690_/A (sky130_fd_sc_hd__or4b_4)
     8    0.026728    0.088380    0.193670    4.363235 ^ _690_/X (sky130_fd_sc_hd__or4b_4)
                                                         _161_ (net)
                      0.088380    0.000120    4.363356 ^ _749_/A (sky130_fd_sc_hd__or3b_1)
     1    0.002797    0.039015    0.110858    4.474214 ^ _749_/X (sky130_fd_sc_hd__or3b_1)
                                                         _221_ (net)
                      0.039015    0.000004    4.474218 ^ _770_/B (sky130_fd_sc_hd__nand2b_1)
     1    0.001949    0.028707    0.043601    4.517819 v _770_/Y (sky130_fd_sc_hd__nand2b_1)
                                                         net24 (net)
                      0.028707    0.000003    4.517822 v output24/A (sky130_fd_sc_hd__buf_2)
     1    0.034420    0.089753    0.173721    4.691543 v output24/X (sky130_fd_sc_hd__buf_2)
                                                         op_out[3] (net)
                      0.089753    0.000215    4.691759 v op_out[3] (out)
                                              4.691759   data arrival time

                      0.000000    0.000000    0.000000   clock __VIRTUAL_CLK__ (rise edge)
                                  0.000000    0.000000   clock network delay (ideal)
                                  0.250000    0.250000   clock uncertainty
                                  0.000000    0.250000   clock reconvergence pessimism
                                 -4.000000   -3.750000   output external delay
                                             -3.750000   data required time
---------------------------------------------------------------------------------------------
                                             -3.750000   data required time
                                             -4.691759   data arrival time
---------------------------------------------------------------------------------------------
                                              8.441759   slack (MET)


Startpoint: inst[2] (input port clocked by __VIRTUAL_CLK__)
Endpoint: op_out[2] (output port clocked by __VIRTUAL_CLK__)
Path Group: __VIRTUAL_CLK__
Path Type: min

Fanout         Cap        Slew       Delay        Time   Description
---------------------------------------------------------------------------------------------
                      0.000000    0.000000    0.000000   clock __VIRTUAL_CLK__ (rise edge)
                                  0.000000    0.000000   clock network delay (ideal)
                                  4.000000    4.000000 ^ input external delay
     1    0.003378    0.022234    0.012320    4.012320 ^ inst[2] (in)
                                                         inst[2] (net)
                      0.022234    0.000000    4.012320 ^ input3/A (sky130_fd_sc_hd__clkbuf_2)
     8    0.022714    0.128592    0.157096    4.169416 ^ input3/X (sky130_fd_sc_hd__clkbuf_2)
                                                         net3 (net)
                      0.128592    0.000149    4.169565 ^ _690_/A (sky130_fd_sc_hd__or4b_4)
     8    0.026728    0.088380    0.193670    4.363235 ^ _690_/X (sky130_fd_sc_hd__or4b_4)
                                                         _161_ (net)
                      0.088380    0.000130    4.363366 ^ _725_/B1 (sky130_fd_sc_hd__a31oi_1)
     1    0.002443    0.035596    0.045575    4.408940 v _725_/Y (sky130_fd_sc_hd__a31oi_1)
                                                         _195_ (net)
                      0.035596    0.000003    4.408944 v _741_/A2 (sky130_fd_sc_hd__a21o_1)
     1    0.004756    0.041051    0.176996    4.585939 v _741_/X (sky130_fd_sc_hd__a21o_1)
                                                         net23 (net)
                      0.041051    0.000010    4.585949 v output23/A (sky130_fd_sc_hd__buf_6)
     1    0.034365    0.043678    0.135165    4.721114 v output23/X (sky130_fd_sc_hd__buf_6)
                                                         op_out[2] (net)
                      0.043678    0.000207    4.721322 v op_out[2] (out)
                                              4.721322   data arrival time

                      0.000000    0.000000    0.000000   clock __VIRTUAL_CLK__ (rise edge)
                                  0.000000    0.000000   clock network delay (ideal)
                                  0.250000    0.250000   clock uncertainty
                                  0.000000    0.250000   clock reconvergence pessimism
                                 -4.000000   -3.750000   output external delay
                                             -3.750000   data required time
---------------------------------------------------------------------------------------------
                                             -3.750000   data required time
                                             -4.721322   data arrival time
---------------------------------------------------------------------------------------------
                                              8.471322   slack (MET)


Startpoint: op_a[7] (input port clocked by __VIRTUAL_CLK__)
Endpoint: op_out[6] (output port clocked by __VIRTUAL_CLK__)
Path Group: __VIRTUAL_CLK__
Path Type: min

Fanout         Cap        Slew       Delay        Time   Description
---------------------------------------------------------------------------------------------
                      0.000000    0.000000    0.000000   clock __VIRTUAL_CLK__ (rise edge)
                                  0.000000    0.000000   clock network delay (ideal)
                                  4.000000    4.000000 ^ input external delay
     1    0.003336    0.022050    0.012173    4.012173 ^ op_a[7] (in)
                                                         op_a[7] (net)
                      0.022050    0.000000    4.012173 ^ input12/A (sky130_fd_sc_hd__clkbuf_4)
     9    0.039026    0.125617    0.186086    4.198259 ^ input12/X (sky130_fd_sc_hd__clkbuf_4)
                                                         net12 (net)
                      0.125617    0.000539    4.198798 ^ _883_/A1 (sky130_fd_sc_hd__a211o_1)
     1    0.003500    0.041518    0.139242    4.338040 ^ _883_/X (sky130_fd_sc_hd__a211o_1)
                                                         _365_ (net)
                      0.041518    0.000017    4.338058 ^ _884_/C1 (sky130_fd_sc_hd__a211o_1)
     1    0.005504    0.057482    0.100253    4.438311 ^ _884_/X (sky130_fd_sc_hd__a211o_1)
                                                         _366_ (net)
                      0.057482    0.000052    4.438363 ^ _885_/B1 (sky130_fd_sc_hd__a31o_1)
     1    0.002381    0.038257    0.087803    4.526165 ^ _885_/X (sky130_fd_sc_hd__a31o_1)
                                                         net27 (net)
                      0.038257    0.000007    4.526173 ^ output27/A (sky130_fd_sc_hd__buf_2)
     1    0.034210    0.169835    0.195564    4.721736 ^ output27/X (sky130_fd_sc_hd__buf_2)
                                                         op_out[6] (net)
                      0.169835    0.000133    4.721869 ^ op_out[6] (out)
                                              4.721869   data arrival time

                      0.000000    0.000000    0.000000   clock __VIRTUAL_CLK__ (rise edge)
                                  0.000000    0.000000   clock network delay (ideal)
                                  0.250000    0.250000   clock uncertainty
                                  0.000000    0.250000   clock reconvergence pessimism
                                 -4.000000   -3.750000   output external delay
                                             -3.750000   data required time
---------------------------------------------------------------------------------------------
                                             -3.750000   data required time
                                             -4.721869   data arrival time
---------------------------------------------------------------------------------------------
                                              8.471869   slack (MET)


Startpoint: op_a[6] (input port clocked by __VIRTUAL_CLK__)
Endpoint: op_out[7] (output port clocked by __VIRTUAL_CLK__)
Path Group: __VIRTUAL_CLK__
Path Type: min

Fanout         Cap        Slew       Delay        Time   Description
---------------------------------------------------------------------------------------------
                      0.000000    0.000000    0.000000   clock __VIRTUAL_CLK__ (rise edge)
                                  0.000000    0.000000   clock network delay (ideal)
                                  4.000000    4.000000 ^ input external delay
     1    0.003083    0.020951    0.011287    4.011287 ^ op_a[6] (in)
                                                         op_a[6] (net)
                      0.020951    0.000000    4.011287 ^ input11/A (sky130_fd_sc_hd__buf_1)
     2    0.006898    0.089660    0.104967    4.116253 ^ input11/X (sky130_fd_sc_hd__buf_1)
                                                         net11 (net)
                      0.089660    0.000079    4.116333 ^ fanout68/A (sky130_fd_sc_hd__clkbuf_2)
     6    0.020033    0.114854    0.171745    4.288078 ^ fanout68/X (sky130_fd_sc_hd__clkbuf_2)
                                                         net68 (net)
                      0.114854    0.000069    4.288147 ^ _922_/A1 (sky130_fd_sc_hd__a211o_1)
     1    0.005764    0.059592    0.150012    4.438160 ^ _922_/X (sky130_fd_sc_hd__a211o_1)
                                                         _407_ (net)
                      0.059592    0.000063    4.438222 ^ _923_/B1 (sky130_fd_sc_hd__a311o_1)
     1    0.002458    0.044155    0.103519    4.541742 ^ _923_/X (sky130_fd_sc_hd__a311o_1)
                                                         net28 (net)
                      0.044155    0.000008    4.541750 ^ output28/A (sky130_fd_sc_hd__buf_2)
     1    0.034001    0.168851    0.197164    4.738914 ^ output28/X (sky130_fd_sc_hd__buf_2)
                                                         op_out[7] (net)
                      0.168851    0.000084    4.738998 ^ op_out[7] (out)
                                              4.738998   data arrival time

                      0.000000    0.000000    0.000000   clock __VIRTUAL_CLK__ (rise edge)
                                  0.000000    0.000000   clock network delay (ideal)
                                  0.250000    0.250000   clock uncertainty
                                  0.000000    0.250000   clock reconvergence pessimism
                                 -4.000000   -3.750000   output external delay
                                             -3.750000   data required time
---------------------------------------------------------------------------------------------
                                             -3.750000   data required time
                                             -4.738998   data arrival time
---------------------------------------------------------------------------------------------
                                              8.488998   slack (MET)



%OL_END_REPORT
%OL_CREATE_REPORT max.rpt

===========================================================================
report_checks -path_delay max (Setup)
============================================================================
======================= nom_tt_025C_1v80 Corner ===================================

Startpoint: op_b[0] (input port clocked by __VIRTUAL_CLK__)
Endpoint: op_out[0] (output port clocked by __VIRTUAL_CLK__)
Path Group: __VIRTUAL_CLK__
Path Type: max

Fanout         Cap        Slew       Delay        Time   Description
---------------------------------------------------------------------------------------------
                      0.000000    0.000000    0.000000   clock __VIRTUAL_CLK__ (rise edge)
                                  0.000000    0.000000   clock network delay (ideal)
                                  4.000000    4.000000 ^ input external delay
     1    0.002937    0.020321    0.010772    4.010772 ^ op_b[0] (in)
                                                         op_b[0] (net)
                      0.020321    0.000000    4.010772 ^ input13/A (sky130_fd_sc_hd__clkbuf_2)
     4    0.018416    0.106301    0.140885    4.151658 ^ input13/X (sky130_fd_sc_hd__clkbuf_2)
                                                         net13 (net)
                      0.106301    0.000103    4.151761 ^ fanout66/A (sky130_fd_sc_hd__buf_4)
    10    0.035356    0.105411    0.180187    4.331948 ^ fanout66/X (sky130_fd_sc_hd__buf_4)
                                                         net66 (net)
                      0.105411    0.000010    4.331958 ^ fanout65/A (sky130_fd_sc_hd__buf_4)
    10    0.031891    0.096322    0.173649    4.505607 ^ fanout65/X (sky130_fd_sc_hd__buf_4)
                                                         net65 (net)
                      0.096322    0.000369    4.505976 ^ _458_/A (sky130_fd_sc_hd__inv_2)
     4    0.011021    0.039988    0.056524    4.562500 v _458_/Y (sky130_fd_sc_hd__inv_2)
                                                         _188_ (net)
                      0.039988    0.000010    4.562510 v fanout35/A (sky130_fd_sc_hd__clkbuf_4)
    10    0.033403    0.077926    0.179368    4.741878 v fanout35/X (sky130_fd_sc_hd__clkbuf_4)
                                                         net35 (net)
                      0.077926    0.000135    4.742013 v _472_/A1 (sky130_fd_sc_hd__o41ai_4)
     5    0.014431    0.353799    0.439137    5.181151 ^ _472_/Y (sky130_fd_sc_hd__o41ai_4)
                                                         _338_ (net)
                      0.353799    0.000066    5.181217 ^ _481_/A2 (sky130_fd_sc_hd__a211o_1)
     4    0.010619    0.102847    0.229183    5.410399 ^ _481_/X (sky130_fd_sc_hd__a211o_1)
                                                         _410_ (net)
                      0.102847    0.000048    5.410448 ^ _484_/A1 (sky130_fd_sc_hd__a21o_1)
     4    0.012342    0.116672    0.175266    5.585714 ^ _484_/X (sky130_fd_sc_hd__a21o_1)
                                                         _413_ (net)
                      0.116672    0.000016    5.585730 ^ _493_/A1 (sky130_fd_sc_hd__a211oi_2)
     3    0.008012    0.068167    0.093696    5.679425 v _493_/Y (sky130_fd_sc_hd__a211oi_2)
                                                         _422_ (net)
                      0.068167    0.000036    5.679461 v _503_/D (sky130_fd_sc_hd__or4_4)
     3    0.007372    0.090644    0.427446    6.106907 v _503_/X (sky130_fd_sc_hd__or4_4)
                                                         _432_ (net)
                      0.090644    0.000013    6.106920 v _507_/A3 (sky130_fd_sc_hd__a31o_1)
     2    0.007597    0.058635    0.253508    6.360428 v _507_/X (sky130_fd_sc_hd__a31o_1)
                                                         _436_ (net)
                      0.058635    0.000029    6.360457 v _509_/A2 (sky130_fd_sc_hd__a211o_4)
     3    0.014995    0.066189    0.357646    6.718103 v _509_/X (sky130_fd_sc_hd__a211o_4)
                                                         _438_ (net)
                      0.066189    0.000060    6.718163 v _515_/A2 (sky130_fd_sc_hd__a21oi_4)
     5    0.016552    0.162717    0.198271    6.916433 ^ _515_/Y (sky130_fd_sc_hd__a21oi_4)
                                                         _444_ (net)
                      0.162717    0.000056    6.916489 ^ rebuffer5/A (sky130_fd_sc_hd__buf_6)
     3    0.012122    0.038286    0.128137    7.044626 ^ rebuffer5/X (sky130_fd_sc_hd__buf_6)
                                                         net74 (net)
                      0.038286    0.000050    7.044676 ^ _524_/S (sky130_fd_sc_hd__mux2_4)
     2    0.006201    0.054150    0.293846    7.338521 v _524_/X (sky130_fd_sc_hd__mux2_4)
                                                         _453_ (net)
                      0.054150    0.000032    7.338553 v _539_/A1 (sky130_fd_sc_hd__a221o_1)
     3    0.009153    0.086292    0.352004    7.690557 v _539_/X (sky130_fd_sc_hd__a221o_1)
                                                         _010_ (net)
                      0.086292    0.000005    7.690562 v _544_/A2 (sky130_fd_sc_hd__a311o_1)
     3    0.007465    0.077007    0.350456    8.041018 v _544_/X (sky130_fd_sc_hd__a311o_1)
                                                         _015_ (net)
                      0.077007    0.000036    8.041055 v _579_/A2 (sky130_fd_sc_hd__a21o_1)
     3    0.006623    0.049302    0.202449    8.243503 v _579_/X (sky130_fd_sc_hd__a21o_1)
                                                         _050_ (net)
                      0.049302    0.000037    8.243541 v _583_/C (sky130_fd_sc_hd__and3_1)
     2    0.004855    0.047172    0.186224    8.429765 v _583_/X (sky130_fd_sc_hd__and3_1)
                                                         _054_ (net)
                      0.047172    0.000006    8.429770 v _585_/A (sky130_fd_sc_hd__or4_4)
     1    0.002880    0.079289    0.517352    8.947124 v _585_/X (sky130_fd_sc_hd__or4_4)
                                                         _056_ (net)
                      0.079289    0.000010    8.947133 v _586_/B (sky130_fd_sc_hd__or4b_4)
     1    0.008715    0.091961    0.534748    9.481881 v _586_/X (sky130_fd_sc_hd__or4b_4)
                                                         _057_ (net)
                      0.091961    0.000024    9.481905 v _590_/A2 (sky130_fd_sc_hd__a311oi_4)
     4    0.017027    0.324518    0.357633    9.839539 ^ _590_/Y (sky130_fd_sc_hd__a311oi_4)
                                                         _061_ (net)
                      0.324518    0.000127    9.839665 ^ max_cap30/A (sky130_fd_sc_hd__buf_6)
     5    0.024853    0.062837    0.177192   10.016857 ^ max_cap30/X (sky130_fd_sc_hd__buf_6)
                                                         net30 (net)
                      0.062837    0.000020   10.016877 ^ _619_/S (sky130_fd_sc_hd__mux2_4)
     5    0.018119    0.071748    0.330747   10.347625 v _619_/X (sky130_fd_sc_hd__mux2_4)
                                                         _090_ (net)
                      0.071748    0.000111   10.347735 v _623_/B2 (sky130_fd_sc_hd__o22a_1)
     2    0.005167    0.056671    0.177486   10.525221 v _623_/X (sky130_fd_sc_hd__o22a_1)
                                                         _094_ (net)
                      0.056671    0.000004   10.525226 v _624_/A (sky130_fd_sc_hd__or4bb_4)
     4    0.017434    0.110647    0.578505   11.103731 v _624_/X (sky130_fd_sc_hd__or4bb_4)
                                                         _095_ (net)
                      0.110647    0.000028   11.103758 v _628_/A2 (sky130_fd_sc_hd__a21oi_4)
     4    0.018131    0.172244    0.223478   11.327236 ^ _628_/Y (sky130_fd_sc_hd__a21oi_4)
                                                         _099_ (net)
                      0.172244    0.000065   11.327301 ^ fanout29/A (sky130_fd_sc_hd__buf_6)
     5    0.022459    0.056161    0.145965   11.473267 ^ fanout29/X (sky130_fd_sc_hd__buf_6)
                                                         net29 (net)
                      0.056161    0.000179   11.473446 ^ _665_/S (sky130_fd_sc_hd__mux2_4)
     3    0.007409    0.056941    0.303351   11.776796 v _665_/X (sky130_fd_sc_hd__mux2_4)
                                                         _136_ (net)
                      0.056941    0.000002   11.776798 v _669_/A2 (sky130_fd_sc_hd__a21o_1)
     1    0.002827    0.034343    0.175683   11.952481 v _669_/X (sky130_fd_sc_hd__a21o_1)
                                                         _140_ (net)
                      0.034343    0.000008   11.952489 v _671_/A1 (sky130_fd_sc_hd__o211a_1)
     1    0.002587    0.038661    0.209740   12.162229 v _671_/X (sky130_fd_sc_hd__o211a_1)
                                                         _142_ (net)
                      0.038661    0.000005   12.162234 v _672_/B2 (sky130_fd_sc_hd__o221a_1)
     1    0.002993    0.047867    0.199432   12.361667 v _672_/X (sky130_fd_sc_hd__o221a_1)
                                                         _143_ (net)
                      0.047867    0.000012   12.361679 v _675_/A1 (sky130_fd_sc_hd__o21a_1)
     1    0.002369    0.033870    0.176727   12.538406 v _675_/X (sky130_fd_sc_hd__o21a_1)
                                                         _146_ (net)
                      0.033870    0.000000   12.538407 v _679_/A2 (sky130_fd_sc_hd__o21a_1)
     1    0.004832    0.044211    0.169250   12.707658 v _679_/X (sky130_fd_sc_hd__o21a_1)
                                                         _150_ (net)
                      0.044211    0.000041   12.707699 v _700_/C (sky130_fd_sc_hd__or3_4)
     1    0.008108    0.071768    0.333571   13.041269 v _700_/X (sky130_fd_sc_hd__or3_4)
                                                         net21 (net)
                      0.071768    0.000057   13.041327 v output21/A (sky130_fd_sc_hd__buf_8)
     1    0.034601    0.039938    0.146093   13.187420 v output21/X (sky130_fd_sc_hd__buf_8)
                                                         op_out[0] (net)
                      0.039939    0.000241   13.187660 v op_out[0] (out)
                                             13.187660   data arrival time

                      0.000000   20.000000   20.000000   clock __VIRTUAL_CLK__ (rise edge)
                                  0.000000   20.000000   clock network delay (ideal)
                                 -0.250000   19.750002   clock uncertainty
                                  0.000000   19.750002   clock reconvergence pessimism
                                 -4.000000   15.750001   output external delay
                                             15.750001   data required time
---------------------------------------------------------------------------------------------
                                             15.750001   data required time
                                            -13.187660   data arrival time
---------------------------------------------------------------------------------------------
                                              2.562341   slack (MET)


Startpoint: op_b[0] (input port clocked by __VIRTUAL_CLK__)
Endpoint: op_out[1] (output port clocked by __VIRTUAL_CLK__)
Path Group: __VIRTUAL_CLK__
Path Type: max

Fanout         Cap        Slew       Delay        Time   Description
---------------------------------------------------------------------------------------------
                      0.000000    0.000000    0.000000   clock __VIRTUAL_CLK__ (rise edge)
                                  0.000000    0.000000   clock network delay (ideal)
                                  4.000000    4.000000 ^ input external delay
     1    0.002937    0.020321    0.010772    4.010772 ^ op_b[0] (in)
                                                         op_b[0] (net)
                      0.020321    0.000000    4.010772 ^ input13/A (sky130_fd_sc_hd__clkbuf_2)
     4    0.018416    0.106301    0.140885    4.151658 ^ input13/X (sky130_fd_sc_hd__clkbuf_2)
                                                         net13 (net)
                      0.106301    0.000103    4.151761 ^ fanout66/A (sky130_fd_sc_hd__buf_4)
    10    0.035356    0.105411    0.180187    4.331948 ^ fanout66/X (sky130_fd_sc_hd__buf_4)
                                                         net66 (net)
                      0.105411    0.000010    4.331958 ^ fanout65/A (sky130_fd_sc_hd__buf_4)
    10    0.031891    0.096322    0.173649    4.505607 ^ fanout65/X (sky130_fd_sc_hd__buf_4)
                                                         net65 (net)
                      0.096322    0.000369    4.505976 ^ _458_/A (sky130_fd_sc_hd__inv_2)
     4    0.011021    0.039988    0.056524    4.562500 v _458_/Y (sky130_fd_sc_hd__inv_2)
                                                         _188_ (net)
                      0.039988    0.000010    4.562510 v fanout35/A (sky130_fd_sc_hd__clkbuf_4)
    10    0.033403    0.077926    0.179368    4.741878 v fanout35/X (sky130_fd_sc_hd__clkbuf_4)
                                                         net35 (net)
                      0.077926    0.000135    4.742013 v _472_/A1 (sky130_fd_sc_hd__o41ai_4)
     5    0.014431    0.353799    0.439137    5.181151 ^ _472_/Y (sky130_fd_sc_hd__o41ai_4)
                                                         _338_ (net)
                      0.353799    0.000066    5.181217 ^ _481_/A2 (sky130_fd_sc_hd__a211o_1)
     4    0.010619    0.102847    0.229183    5.410399 ^ _481_/X (sky130_fd_sc_hd__a211o_1)
                                                         _410_ (net)
                      0.102847    0.000048    5.410448 ^ _484_/A1 (sky130_fd_sc_hd__a21o_1)
     4    0.012342    0.116672    0.175266    5.585714 ^ _484_/X (sky130_fd_sc_hd__a21o_1)
                                                         _413_ (net)
                      0.116672    0.000016    5.585730 ^ _493_/A1 (sky130_fd_sc_hd__a211oi_2)
     3    0.008012    0.068167    0.093696    5.679425 v _493_/Y (sky130_fd_sc_hd__a211oi_2)
                                                         _422_ (net)
                      0.068167    0.000036    5.679461 v _503_/D (sky130_fd_sc_hd__or4_4)
     3    0.007372    0.090644    0.427446    6.106907 v _503_/X (sky130_fd_sc_hd__or4_4)
                                                         _432_ (net)
                      0.090644    0.000013    6.106920 v _507_/A3 (sky130_fd_sc_hd__a31o_1)
     2    0.007597    0.058635    0.253508    6.360428 v _507_/X (sky130_fd_sc_hd__a31o_1)
                                                         _436_ (net)
                      0.058635    0.000029    6.360457 v _509_/A2 (sky130_fd_sc_hd__a211o_4)
     3    0.014995    0.066189    0.357646    6.718103 v _509_/X (sky130_fd_sc_hd__a211o_4)
                                                         _438_ (net)
                      0.066189    0.000060    6.718163 v _515_/A2 (sky130_fd_sc_hd__a21oi_4)
     5    0.016552    0.162717    0.198271    6.916433 ^ _515_/Y (sky130_fd_sc_hd__a21oi_4)
                                                         _444_ (net)
                      0.162717    0.000056    6.916489 ^ rebuffer5/A (sky130_fd_sc_hd__buf_6)
     3    0.012122    0.038286    0.128137    7.044626 ^ rebuffer5/X (sky130_fd_sc_hd__buf_6)
                                                         net74 (net)
                      0.038286    0.000050    7.044676 ^ _524_/S (sky130_fd_sc_hd__mux2_4)
     2    0.006201    0.054150    0.293846    7.338521 v _524_/X (sky130_fd_sc_hd__mux2_4)
                                                         _453_ (net)
                      0.054150    0.000032    7.338553 v _539_/A1 (sky130_fd_sc_hd__a221o_1)
     3    0.009153    0.086292    0.352004    7.690557 v _539_/X (sky130_fd_sc_hd__a221o_1)
                                                         _010_ (net)
                      0.086292    0.000005    7.690562 v _544_/A2 (sky130_fd_sc_hd__a311o_1)
     3    0.007465    0.077007    0.350456    8.041018 v _544_/X (sky130_fd_sc_hd__a311o_1)
                                                         _015_ (net)
                      0.077007    0.000036    8.041055 v _579_/A2 (sky130_fd_sc_hd__a21o_1)
     3    0.006623    0.049302    0.202449    8.243503 v _579_/X (sky130_fd_sc_hd__a21o_1)
                                                         _050_ (net)
                      0.049302    0.000037    8.243541 v _583_/C (sky130_fd_sc_hd__and3_1)
     2    0.004855    0.047172    0.186224    8.429765 v _583_/X (sky130_fd_sc_hd__and3_1)
                                                         _054_ (net)
                      0.047172    0.000006    8.429770 v _585_/A (sky130_fd_sc_hd__or4_4)
     1    0.002880    0.079289    0.517352    8.947124 v _585_/X (sky130_fd_sc_hd__or4_4)
                                                         _056_ (net)
                      0.079289    0.000010    8.947133 v _586_/B (sky130_fd_sc_hd__or4b_4)
     1    0.008715    0.091961    0.534748    9.481881 v _586_/X (sky130_fd_sc_hd__or4b_4)
                                                         _057_ (net)
                      0.091961    0.000024    9.481905 v _590_/A2 (sky130_fd_sc_hd__a311oi_4)
     4    0.017027    0.324518    0.357633    9.839539 ^ _590_/Y (sky130_fd_sc_hd__a311oi_4)
                                                         _061_ (net)
                      0.324518    0.000127    9.839665 ^ max_cap30/A (sky130_fd_sc_hd__buf_6)
     5    0.024853    0.062837    0.177192   10.016857 ^ max_cap30/X (sky130_fd_sc_hd__buf_6)
                                                         net30 (net)
                      0.062837    0.000130   10.016987 ^ _601_/S (sky130_fd_sc_hd__mux2_4)
     4    0.025486    0.079979    0.342503   10.359489 v _601_/X (sky130_fd_sc_hd__mux2_4)
                                                         _072_ (net)
                      0.079979    0.000094   10.359584 v _604_/A (sky130_fd_sc_hd__xnor2_4)
     4    0.015723    0.073573    0.168495   10.528079 v _604_/Y (sky130_fd_sc_hd__xnor2_4)
                                                         _075_ (net)
                      0.073573    0.000017   10.528096 v _608_/A2 (sky130_fd_sc_hd__a211oi_4)
     4    0.010895    0.218971    0.280674   10.808770 ^ _608_/Y (sky130_fd_sc_hd__a211oi_4)
                                                         _079_ (net)
                      0.218971    0.000068   10.808838 ^ _627_/A3 (sky130_fd_sc_hd__o31a_1)
     4    0.018184    0.198797    0.256674   11.065512 ^ _627_/X (sky130_fd_sc_hd__o31a_1)
                                                         _098_ (net)
                      0.198797    0.000020   11.065532 ^ _628_/A1 (sky130_fd_sc_hd__a21oi_4)
     4    0.016558    0.074519    0.099534   11.165066 v _628_/Y (sky130_fd_sc_hd__a21oi_4)
                                                         _099_ (net)
                      0.074519    0.000106   11.165172 v clone21/A (sky130_fd_sc_hd__buf_6)
     5    0.014660    0.029017    0.133681   11.298852 v clone21/X (sky130_fd_sc_hd__buf_6)
                                                         net90 (net)
                      0.029017    0.000078   11.298930 v _717_/A1 (sky130_fd_sc_hd__a22o_1)
     1    0.003286    0.042775    0.198339   11.497270 v _717_/X (sky130_fd_sc_hd__a22o_1)
                                                         _187_ (net)
                      0.042775    0.000019   11.497288 v _718_/B (sky130_fd_sc_hd__or2_4)
     1    0.006913    0.050905    0.228537   11.725825 v _718_/X (sky130_fd_sc_hd__or2_4)
                                                         net22 (net)
                      0.050905    0.000011   11.725836 v output22/A (sky130_fd_sc_hd__buf_8)
     1    0.034601    0.039965    0.136892   11.862728 v output22/X (sky130_fd_sc_hd__buf_8)
                                                         op_out[1] (net)
                      0.039965    0.000241   11.862968 v op_out[1] (out)
                                             11.862968   data arrival time

                      0.000000   20.000000   20.000000   clock __VIRTUAL_CLK__ (rise edge)
                                  0.000000   20.000000   clock network delay (ideal)
                                 -0.250000   19.750002   clock uncertainty
                                  0.000000   19.750002   clock reconvergence pessimism
                                 -4.000000   15.750001   output external delay
                                             15.750001   data required time
---------------------------------------------------------------------------------------------
                                             15.750001   data required time
                                            -11.862968   data arrival time
---------------------------------------------------------------------------------------------
                                              3.887032   slack (MET)


Startpoint: op_b[0] (input port clocked by __VIRTUAL_CLK__)
Endpoint: op_out[2] (output port clocked by __VIRTUAL_CLK__)
Path Group: __VIRTUAL_CLK__
Path Type: max

Fanout         Cap        Slew       Delay        Time   Description
---------------------------------------------------------------------------------------------
                      0.000000    0.000000    0.000000   clock __VIRTUAL_CLK__ (rise edge)
                                  0.000000    0.000000   clock network delay (ideal)
                                  4.000000    4.000000 ^ input external delay
     1    0.002937    0.020321    0.010772    4.010772 ^ op_b[0] (in)
                                                         op_b[0] (net)
                      0.020321    0.000000    4.010772 ^ input13/A (sky130_fd_sc_hd__clkbuf_2)
     4    0.018416    0.106301    0.140885    4.151658 ^ input13/X (sky130_fd_sc_hd__clkbuf_2)
                                                         net13 (net)
                      0.106301    0.000103    4.151761 ^ fanout66/A (sky130_fd_sc_hd__buf_4)
    10    0.035356    0.105411    0.180187    4.331948 ^ fanout66/X (sky130_fd_sc_hd__buf_4)
                                                         net66 (net)
                      0.105411    0.000010    4.331958 ^ fanout65/A (sky130_fd_sc_hd__buf_4)
    10    0.031891    0.096322    0.173649    4.505607 ^ fanout65/X (sky130_fd_sc_hd__buf_4)
                                                         net65 (net)
                      0.096322    0.000369    4.505976 ^ _458_/A (sky130_fd_sc_hd__inv_2)
     4    0.011021    0.039988    0.056524    4.562500 v _458_/Y (sky130_fd_sc_hd__inv_2)
                                                         _188_ (net)
                      0.039988    0.000010    4.562510 v fanout35/A (sky130_fd_sc_hd__clkbuf_4)
    10    0.033403    0.077926    0.179368    4.741878 v fanout35/X (sky130_fd_sc_hd__clkbuf_4)
                                                         net35 (net)
                      0.077926    0.000135    4.742013 v _472_/A1 (sky130_fd_sc_hd__o41ai_4)
     5    0.014431    0.353799    0.439137    5.181151 ^ _472_/Y (sky130_fd_sc_hd__o41ai_4)
                                                         _338_ (net)
                      0.353799    0.000066    5.181217 ^ _481_/A2 (sky130_fd_sc_hd__a211o_1)
     4    0.010619    0.102847    0.229183    5.410399 ^ _481_/X (sky130_fd_sc_hd__a211o_1)
                                                         _410_ (net)
                      0.102847    0.000048    5.410448 ^ _484_/A1 (sky130_fd_sc_hd__a21o_1)
     4    0.012342    0.116672    0.175266    5.585714 ^ _484_/X (sky130_fd_sc_hd__a21o_1)
                                                         _413_ (net)
                      0.116672    0.000016    5.585730 ^ _493_/A1 (sky130_fd_sc_hd__a211oi_2)
     3    0.008012    0.068167    0.093696    5.679425 v _493_/Y (sky130_fd_sc_hd__a211oi_2)
                                                         _422_ (net)
                      0.068167    0.000036    5.679461 v _503_/D (sky130_fd_sc_hd__or4_4)
     3    0.007372    0.090644    0.427446    6.106907 v _503_/X (sky130_fd_sc_hd__or4_4)
                                                         _432_ (net)
                      0.090644    0.000013    6.106920 v _507_/A3 (sky130_fd_sc_hd__a31o_1)
     2    0.007597    0.058635    0.253508    6.360428 v _507_/X (sky130_fd_sc_hd__a31o_1)
                                                         _436_ (net)
                      0.058635    0.000029    6.360457 v _509_/A2 (sky130_fd_sc_hd__a211o_4)
     3    0.014995    0.066189    0.357646    6.718103 v _509_/X (sky130_fd_sc_hd__a211o_4)
                                                         _438_ (net)
                      0.066189    0.000060    6.718163 v _515_/A2 (sky130_fd_sc_hd__a21oi_4)
     5    0.016552    0.162717    0.198271    6.916433 ^ _515_/Y (sky130_fd_sc_hd__a21oi_4)
                                                         _444_ (net)
                      0.162717    0.000056    6.916489 ^ rebuffer5/A (sky130_fd_sc_hd__buf_6)
     3    0.012122    0.038286    0.128137    7.044626 ^ rebuffer5/X (sky130_fd_sc_hd__buf_6)
                                                         net74 (net)
                      0.038286    0.000050    7.044676 ^ _524_/S (sky130_fd_sc_hd__mux2_4)
     2    0.006201    0.054150    0.293846    7.338521 v _524_/X (sky130_fd_sc_hd__mux2_4)
                                                         _453_ (net)
                      0.054150    0.000032    7.338553 v _539_/A1 (sky130_fd_sc_hd__a221o_1)
     3    0.009153    0.086292    0.352004    7.690557 v _539_/X (sky130_fd_sc_hd__a221o_1)
                                                         _010_ (net)
                      0.086292    0.000005    7.690562 v _544_/A2 (sky130_fd_sc_hd__a311o_1)
     3    0.007465    0.077007    0.350456    8.041018 v _544_/X (sky130_fd_sc_hd__a311o_1)
                                                         _015_ (net)
                      0.077007    0.000036    8.041055 v _579_/A2 (sky130_fd_sc_hd__a21o_1)
     3    0.006623    0.049302    0.202449    8.243503 v _579_/X (sky130_fd_sc_hd__a21o_1)
                                                         _050_ (net)
                      0.049302    0.000037    8.243541 v _583_/C (sky130_fd_sc_hd__and3_1)
     2    0.004855    0.047172    0.186224    8.429765 v _583_/X (sky130_fd_sc_hd__and3_1)
                                                         _054_ (net)
                      0.047172    0.000006    8.429770 v _585_/A (sky130_fd_sc_hd__or4_4)
     1    0.002880    0.079289    0.517352    8.947124 v _585_/X (sky130_fd_sc_hd__or4_4)
                                                         _056_ (net)
                      0.079289    0.000010    8.947133 v _586_/B (sky130_fd_sc_hd__or4b_4)
     1    0.008715    0.091961    0.534748    9.481881 v _586_/X (sky130_fd_sc_hd__or4b_4)
                                                         _057_ (net)
                      0.091961    0.000024    9.481905 v _590_/A2 (sky130_fd_sc_hd__a311oi_4)
     4    0.017027    0.324518    0.357633    9.839539 ^ _590_/Y (sky130_fd_sc_hd__a311oi_4)
                                                         _061_ (net)
                      0.324518    0.000127    9.839665 ^ max_cap30/A (sky130_fd_sc_hd__buf_6)
     5    0.024853    0.062837    0.177192   10.016857 ^ max_cap30/X (sky130_fd_sc_hd__buf_6)
                                                         net30 (net)
                      0.062837    0.000169   10.017026 ^ _740_/A2 (sky130_fd_sc_hd__a211o_1)
     1    0.003892    0.048636    0.123534   10.140560 ^ _740_/X (sky130_fd_sc_hd__a211o_1)
                                                         _212_ (net)
                      0.048636    0.000028   10.140588 ^ _741_/B1 (sky130_fd_sc_hd__a21o_1)
     1    0.005235    0.058619    0.091466   10.232054 ^ _741_/X (sky130_fd_sc_hd__a21o_1)
                                                         net23 (net)
                      0.058619    0.000011   10.232064 ^ output23/A (sky130_fd_sc_hd__buf_6)
     1    0.034365    0.076937    0.130308   10.362372 ^ output23/X (sky130_fd_sc_hd__buf_6)
                                                         op_out[2] (net)
                      0.076937    0.000207   10.362579 ^ op_out[2] (out)
                                             10.362579   data arrival time

                      0.000000   20.000000   20.000000   clock __VIRTUAL_CLK__ (rise edge)
                                  0.000000   20.000000   clock network delay (ideal)
                                 -0.250000   19.750002   clock uncertainty
                                  0.000000   19.750002   clock reconvergence pessimism
                                 -4.000000   15.750001   output external delay
                                             15.750001   data required time
---------------------------------------------------------------------------------------------
                                             15.750001   data required time
                                            -10.362579   data arrival time
---------------------------------------------------------------------------------------------
                                              5.387421   slack (MET)


Startpoint: op_b[0] (input port clocked by __VIRTUAL_CLK__)
Endpoint: op_out[3] (output port clocked by __VIRTUAL_CLK__)
Path Group: __VIRTUAL_CLK__
Path Type: max

Fanout         Cap        Slew       Delay        Time   Description
---------------------------------------------------------------------------------------------
                      0.000000    0.000000    0.000000   clock __VIRTUAL_CLK__ (rise edge)
                                  0.000000    0.000000   clock network delay (ideal)
                                  4.000000    4.000000 ^ input external delay
     1    0.002937    0.020321    0.010772    4.010772 ^ op_b[0] (in)
                                                         op_b[0] (net)
                      0.020321    0.000000    4.010772 ^ input13/A (sky130_fd_sc_hd__clkbuf_2)
     4    0.018416    0.106301    0.140885    4.151658 ^ input13/X (sky130_fd_sc_hd__clkbuf_2)
                                                         net13 (net)
                      0.106301    0.000103    4.151761 ^ fanout66/A (sky130_fd_sc_hd__buf_4)
    10    0.035356    0.105411    0.180187    4.331948 ^ fanout66/X (sky130_fd_sc_hd__buf_4)
                                                         net66 (net)
                      0.105411    0.000010    4.331958 ^ fanout65/A (sky130_fd_sc_hd__buf_4)
    10    0.031891    0.096322    0.173649    4.505607 ^ fanout65/X (sky130_fd_sc_hd__buf_4)
                                                         net65 (net)
                      0.096322    0.000369    4.505976 ^ _458_/A (sky130_fd_sc_hd__inv_2)
     4    0.011021    0.039988    0.056524    4.562500 v _458_/Y (sky130_fd_sc_hd__inv_2)
                                                         _188_ (net)
                      0.039988    0.000010    4.562510 v fanout35/A (sky130_fd_sc_hd__clkbuf_4)
    10    0.033403    0.077926    0.179368    4.741878 v fanout35/X (sky130_fd_sc_hd__clkbuf_4)
                                                         net35 (net)
                      0.077926    0.000135    4.742013 v _472_/A1 (sky130_fd_sc_hd__o41ai_4)
     5    0.014431    0.353799    0.439137    5.181151 ^ _472_/Y (sky130_fd_sc_hd__o41ai_4)
                                                         _338_ (net)
                      0.353799    0.000066    5.181217 ^ _481_/A2 (sky130_fd_sc_hd__a211o_1)
     4    0.010619    0.102847    0.229183    5.410399 ^ _481_/X (sky130_fd_sc_hd__a211o_1)
                                                         _410_ (net)
                      0.102847    0.000048    5.410448 ^ _484_/A1 (sky130_fd_sc_hd__a21o_1)
     4    0.012342    0.116672    0.175266    5.585714 ^ _484_/X (sky130_fd_sc_hd__a21o_1)
                                                         _413_ (net)
                      0.116672    0.000016    5.585730 ^ _493_/A1 (sky130_fd_sc_hd__a211oi_2)
     3    0.008012    0.068167    0.093696    5.679425 v _493_/Y (sky130_fd_sc_hd__a211oi_2)
                                                         _422_ (net)
                      0.068167    0.000036    5.679461 v _503_/D (sky130_fd_sc_hd__or4_4)
     3    0.007372    0.090644    0.427446    6.106907 v _503_/X (sky130_fd_sc_hd__or4_4)
                                                         _432_ (net)
                      0.090644    0.000013    6.106920 v _507_/A3 (sky130_fd_sc_hd__a31o_1)
     2    0.007597    0.058635    0.253508    6.360428 v _507_/X (sky130_fd_sc_hd__a31o_1)
                                                         _436_ (net)
                      0.058635    0.000029    6.360457 v _509_/A2 (sky130_fd_sc_hd__a211o_4)
     3    0.014995    0.066189    0.357646    6.718103 v _509_/X (sky130_fd_sc_hd__a211o_4)
                                                         _438_ (net)
                      0.066189    0.000060    6.718163 v _515_/A2 (sky130_fd_sc_hd__a21oi_4)
     5    0.016552    0.162717    0.198271    6.916433 ^ _515_/Y (sky130_fd_sc_hd__a21oi_4)
                                                         _444_ (net)
                      0.162717    0.000056    6.916489 ^ rebuffer5/A (sky130_fd_sc_hd__buf_6)
     3    0.012122    0.038286    0.128137    7.044626 ^ rebuffer5/X (sky130_fd_sc_hd__buf_6)
                                                         net74 (net)
                      0.038286    0.000050    7.044676 ^ _524_/S (sky130_fd_sc_hd__mux2_4)
     2    0.006201    0.054150    0.293846    7.338521 v _524_/X (sky130_fd_sc_hd__mux2_4)
                                                         _453_ (net)
                      0.054150    0.000032    7.338553 v _539_/A1 (sky130_fd_sc_hd__a221o_1)
     3    0.009153    0.086292    0.352004    7.690557 v _539_/X (sky130_fd_sc_hd__a221o_1)
                                                         _010_ (net)
                      0.086292    0.000008    7.690565 v _543_/A3 (sky130_fd_sc_hd__a311oi_2)
     4    0.011928    0.329440    0.374542    8.065107 ^ _543_/Y (sky130_fd_sc_hd__a311oi_2)
                                                         _014_ (net)
                      0.329440    0.000055    8.065162 ^ _548_/A (sky130_fd_sc_hd__nor2_1)
     2    0.012107    0.111064    0.151231    8.216393 v _548_/Y (sky130_fd_sc_hd__nor2_1)
                                                         _019_ (net)
                      0.111064    0.000150    8.216543 v _769_/A2 (sky130_fd_sc_hd__a211o_1)
     1    0.001975    0.043805    0.300863    8.517406 v _769_/X (sky130_fd_sc_hd__a211o_1)
                                                         _243_ (net)
                      0.043805    0.000007    8.517414 v _770_/A_N (sky130_fd_sc_hd__nand2b_1)
     1    0.001949    0.037353    0.128717    8.646132 v _770_/Y (sky130_fd_sc_hd__nand2b_1)
                                                         net24 (net)
                      0.037353    0.000004    8.646134 v output24/A (sky130_fd_sc_hd__buf_2)
     1    0.034420    0.089691    0.177446    8.823581 v output24/X (sky130_fd_sc_hd__buf_2)
                                                         op_out[3] (net)
                      0.089691    0.000215    8.823795 v op_out[3] (out)
                                              8.823795   data arrival time

                      0.000000   20.000000   20.000000   clock __VIRTUAL_CLK__ (rise edge)
                                  0.000000   20.000000   clock network delay (ideal)
                                 -0.250000   19.750002   clock uncertainty
                                  0.000000   19.750002   clock reconvergence pessimism
                                 -4.000000   15.750001   output external delay
                                             15.750001   data required time
---------------------------------------------------------------------------------------------
                                             15.750001   data required time
                                             -8.823795   data arrival time
---------------------------------------------------------------------------------------------
                                              6.926206   slack (MET)


Startpoint: op_b[0] (input port clocked by __VIRTUAL_CLK__)
Endpoint: op_out[5] (output port clocked by __VIRTUAL_CLK__)
Path Group: __VIRTUAL_CLK__
Path Type: max

Fanout         Cap        Slew       Delay        Time   Description
---------------------------------------------------------------------------------------------
                      0.000000    0.000000    0.000000   clock __VIRTUAL_CLK__ (rise edge)
                                  0.000000    0.000000   clock network delay (ideal)
                                  4.000000    4.000000 ^ input external delay
     1    0.002937    0.020321    0.010772    4.010772 ^ op_b[0] (in)
                                                         op_b[0] (net)
                      0.020321    0.000000    4.010772 ^ input13/A (sky130_fd_sc_hd__clkbuf_2)
     4    0.018416    0.106301    0.140885    4.151658 ^ input13/X (sky130_fd_sc_hd__clkbuf_2)
                                                         net13 (net)
                      0.106301    0.000103    4.151761 ^ fanout66/A (sky130_fd_sc_hd__buf_4)
    10    0.035356    0.105411    0.180187    4.331948 ^ fanout66/X (sky130_fd_sc_hd__buf_4)
                                                         net66 (net)
                      0.105411    0.000010    4.331958 ^ fanout65/A (sky130_fd_sc_hd__buf_4)
    10    0.031891    0.096322    0.173649    4.505607 ^ fanout65/X (sky130_fd_sc_hd__buf_4)
                                                         net65 (net)
                      0.096322    0.000369    4.505976 ^ _458_/A (sky130_fd_sc_hd__inv_2)
     4    0.011021    0.039988    0.056524    4.562500 v _458_/Y (sky130_fd_sc_hd__inv_2)
                                                         _188_ (net)
                      0.039988    0.000010    4.562510 v fanout35/A (sky130_fd_sc_hd__clkbuf_4)
    10    0.033403    0.077926    0.179368    4.741878 v fanout35/X (sky130_fd_sc_hd__clkbuf_4)
                                                         net35 (net)
                      0.077926    0.000031    4.741909 v _536_/A (sky130_fd_sc_hd__nor2_1)
     4    0.011986    0.227548    0.221803    4.963712 ^ _536_/Y (sky130_fd_sc_hd__nor2_1)
                                                         _007_ (net)
                      0.227548    0.000111    4.963823 ^ _780_/C (sky130_fd_sc_hd__and3_1)
     2    0.010227    0.117782    0.240064    5.203887 ^ _780_/X (sky130_fd_sc_hd__and3_1)
                                                         _254_ (net)
                      0.117782    0.000031    5.203918 ^ _781_/B1 (sky130_fd_sc_hd__a21oi_2)
     2    0.010913    0.060315    0.063444    5.267363 v _781_/Y (sky130_fd_sc_hd__a21oi_2)
                                                         _255_ (net)
                      0.060315    0.000008    5.267371 v _805_/A3 (sky130_fd_sc_hd__a31oi_2)
     2    0.007613    0.174549    0.213598    5.480969 ^ _805_/Y (sky130_fd_sc_hd__a31oi_2)
                                                         _280_ (net)
                      0.174549    0.000032    5.481001 ^ _813_/A (sky130_fd_sc_hd__xnor2_1)
     2    0.005224    0.167587    0.154701    5.635702 ^ _813_/Y (sky130_fd_sc_hd__xnor2_1)
                                                         _289_ (net)
                      0.167587    0.000026    5.635728 ^ _814_/B (sky130_fd_sc_hd__or2_1)
     1    0.002441    0.039491    0.119815    5.755543 ^ _814_/X (sky130_fd_sc_hd__or2_1)
                                                         _290_ (net)
                      0.039491    0.000000    5.755544 ^ _816_/A (sky130_fd_sc_hd__nand2_1)
     2    0.005540    0.050265    0.056594    5.812139 v _816_/Y (sky130_fd_sc_hd__nand2_1)
                                                         _292_ (net)
                      0.050265    0.000048    5.812186 v _817_/C (sky130_fd_sc_hd__and3_1)
     1    0.003059    0.039181    0.177259    5.989446 v _817_/X (sky130_fd_sc_hd__and3_1)
                                                         _293_ (net)
                      0.039181    0.000010    5.989455 v _819_/A (sky130_fd_sc_hd__nor2_1)
     2    0.007581    0.158442    0.153214    6.142669 ^ _819_/Y (sky130_fd_sc_hd__nor2_1)
                                                         _296_ (net)
                      0.158442    0.000006    6.142675 ^ _820_/B (sky130_fd_sc_hd__xnor2_1)
     2    0.004926    0.161555    0.150417    6.293093 ^ _820_/Y (sky130_fd_sc_hd__xnor2_1)
                                                         _297_ (net)
                      0.161555    0.000026    6.293118 ^ _821_/B (sky130_fd_sc_hd__or2_1)
     3    0.012889    0.131380    0.186425    6.479543 ^ _821_/X (sky130_fd_sc_hd__or2_1)
                                                         _298_ (net)
                      0.131380    0.000005    6.479548 ^ _824_/A (sky130_fd_sc_hd__nand2_1)
     3    0.007518    0.073280    0.096246    6.575794 v _824_/Y (sky130_fd_sc_hd__nand2_1)
                                                         _301_ (net)
                      0.073280    0.000016    6.575810 v _827_/A2 (sky130_fd_sc_hd__o21a_1)
     1    0.002430    0.034181    0.170789    6.746599 v _827_/X (sky130_fd_sc_hd__o21a_1)
                                                         _304_ (net)
                      0.034181    0.000004    6.746602 v _840_/B2 (sky130_fd_sc_hd__a221o_1)
     1    0.003776    0.057236    0.315562    7.062164 v _840_/X (sky130_fd_sc_hd__a221o_1)
                                                         _319_ (net)
                      0.057236    0.000025    7.062190 v _842_/B (sky130_fd_sc_hd__or3_1)
     1    0.003594    0.070442    0.349805    7.411994 v _842_/X (sky130_fd_sc_hd__or3_1)
                                                         net26 (net)
                      0.070442    0.000035    7.412029 v output26/A (sky130_fd_sc_hd__buf_2)
     1    0.034420    0.089596    0.192119    7.604148 v output26/X (sky130_fd_sc_hd__buf_2)
                                                         op_out[5] (net)
                      0.089596    0.000215    7.604362 v op_out[5] (out)
                                              7.604362   data arrival time

                      0.000000   20.000000   20.000000   clock __VIRTUAL_CLK__ (rise edge)
                                  0.000000   20.000000   clock network delay (ideal)
                                 -0.250000   19.750002   clock uncertainty
                                  0.000000   19.750002   clock reconvergence pessimism
                                 -4.000000   15.750001   output external delay
                                             15.750001   data required time
---------------------------------------------------------------------------------------------
                                             15.750001   data required time
                                             -7.604362   data arrival time
---------------------------------------------------------------------------------------------
                                              8.145638   slack (MET)


Startpoint: op_b[0] (input port clocked by __VIRTUAL_CLK__)
Endpoint: op_out[4] (output port clocked by __VIRTUAL_CLK__)
Path Group: __VIRTUAL_CLK__
Path Type: max

Fanout         Cap        Slew       Delay        Time   Description
---------------------------------------------------------------------------------------------
                      0.000000    0.000000    0.000000   clock __VIRTUAL_CLK__ (rise edge)
                                  0.000000    0.000000   clock network delay (ideal)
                                  4.000000    4.000000 ^ input external delay
     1    0.002937    0.020321    0.010772    4.010772 ^ op_b[0] (in)
                                                         op_b[0] (net)
                      0.020321    0.000000    4.010772 ^ input13/A (sky130_fd_sc_hd__clkbuf_2)
     4    0.018416    0.106301    0.140885    4.151658 ^ input13/X (sky130_fd_sc_hd__clkbuf_2)
                                                         net13 (net)
                      0.106301    0.000103    4.151761 ^ fanout66/A (sky130_fd_sc_hd__buf_4)
    10    0.035356    0.105411    0.180187    4.331948 ^ fanout66/X (sky130_fd_sc_hd__buf_4)
                                                         net66 (net)
                      0.105411    0.000010    4.331958 ^ fanout65/A (sky130_fd_sc_hd__buf_4)
    10    0.031891    0.096322    0.173649    4.505607 ^ fanout65/X (sky130_fd_sc_hd__buf_4)
                                                         net65 (net)
                      0.096322    0.000369    4.505976 ^ _458_/A (sky130_fd_sc_hd__inv_2)
     4    0.011021    0.039988    0.056524    4.562500 v _458_/Y (sky130_fd_sc_hd__inv_2)
                                                         _188_ (net)
                      0.039988    0.000010    4.562510 v fanout35/A (sky130_fd_sc_hd__clkbuf_4)
    10    0.033403    0.077926    0.179368    4.741878 v fanout35/X (sky130_fd_sc_hd__clkbuf_4)
                                                         net35 (net)
                      0.077926    0.000135    4.742013 v _472_/A1 (sky130_fd_sc_hd__o41ai_4)
     5    0.014431    0.353799    0.439137    5.181151 ^ _472_/Y (sky130_fd_sc_hd__o41ai_4)
                                                         _338_ (net)
                      0.353799    0.000066    5.181217 ^ _481_/A2 (sky130_fd_sc_hd__a211o_1)
     4    0.010619    0.102847    0.229183    5.410399 ^ _481_/X (sky130_fd_sc_hd__a211o_1)
                                                         _410_ (net)
                      0.102847    0.000048    5.410448 ^ _484_/A1 (sky130_fd_sc_hd__a21o_1)
     4    0.012342    0.116672    0.175266    5.585714 ^ _484_/X (sky130_fd_sc_hd__a21o_1)
                                                         _413_ (net)
                      0.116672    0.000016    5.585730 ^ _493_/A1 (sky130_fd_sc_hd__a211oi_2)
     3    0.008012    0.068167    0.093696    5.679425 v _493_/Y (sky130_fd_sc_hd__a211oi_2)
                                                         _422_ (net)
                      0.068167    0.000036    5.679461 v _503_/D (sky130_fd_sc_hd__or4_4)
     3    0.007372    0.090644    0.427446    6.106907 v _503_/X (sky130_fd_sc_hd__or4_4)
                                                         _432_ (net)
                      0.090644    0.000013    6.106920 v _507_/A3 (sky130_fd_sc_hd__a31o_1)
     2    0.007597    0.058635    0.253508    6.360428 v _507_/X (sky130_fd_sc_hd__a31o_1)
                                                         _436_ (net)
                      0.058635    0.000029    6.360457 v _509_/A2 (sky130_fd_sc_hd__a211o_4)
     3    0.014995    0.066189    0.357646    6.718103 v _509_/X (sky130_fd_sc_hd__a211o_4)
                                                         _438_ (net)
                      0.066189    0.000060    6.718163 v _515_/A2 (sky130_fd_sc_hd__a21oi_4)
     5    0.016552    0.162717    0.198271    6.916433 ^ _515_/Y (sky130_fd_sc_hd__a21oi_4)
                                                         _444_ (net)
                      0.162717    0.000019    6.916452 ^ rebuffer13/A (sky130_fd_sc_hd__dlygate4sd1_1)
     1    0.005815    0.066617    0.238326    7.154779 ^ rebuffer13/X (sky130_fd_sc_hd__dlygate4sd1_1)
                                                         net82 (net)
                      0.066617    0.000095    7.154873 ^ _797_/A2 (sky130_fd_sc_hd__a211oi_1)
     1    0.003218    0.066288    0.071611    7.226484 v _797_/Y (sky130_fd_sc_hd__a211oi_1)
                                                         _272_ (net)
                      0.066288    0.000016    7.226500 v _798_/B1 (sky130_fd_sc_hd__o31ai_1)
     1    0.003405    0.208847    0.073921    7.300421 ^ _798_/Y (sky130_fd_sc_hd__o31ai_1)
                                                         net25 (net)
                      0.208847    0.000026    7.300447 ^ output25/A (sky130_fd_sc_hd__buf_2)
     1    0.034420    0.171319    0.250809    7.551256 ^ output25/X (sky130_fd_sc_hd__buf_2)
                                                         op_out[4] (net)
                      0.171319    0.000215    7.551471 ^ op_out[4] (out)
                                              7.551471   data arrival time

                      0.000000   20.000000   20.000000   clock __VIRTUAL_CLK__ (rise edge)
                                  0.000000   20.000000   clock network delay (ideal)
                                 -0.250000   19.750002   clock uncertainty
                                  0.000000   19.750002   clock reconvergence pessimism
                                 -4.000000   15.750001   output external delay
                                             15.750001   data required time
---------------------------------------------------------------------------------------------
                                             15.750001   data required time
                                             -7.551471   data arrival time
---------------------------------------------------------------------------------------------
                                              8.198530   slack (MET)


Startpoint: op_b[0] (input port clocked by __VIRTUAL_CLK__)
Endpoint: op_out[7] (output port clocked by __VIRTUAL_CLK__)
Path Group: __VIRTUAL_CLK__
Path Type: max

Fanout         Cap        Slew       Delay        Time   Description
---------------------------------------------------------------------------------------------
                      0.000000    0.000000    0.000000   clock __VIRTUAL_CLK__ (rise edge)
                                  0.000000    0.000000   clock network delay (ideal)
                                  4.000000    4.000000 ^ input external delay
     1    0.002937    0.020321    0.010772    4.010772 ^ op_b[0] (in)
                                                         op_b[0] (net)
                      0.020321    0.000000    4.010772 ^ input13/A (sky130_fd_sc_hd__clkbuf_2)
     4    0.018416    0.106301    0.140885    4.151658 ^ input13/X (sky130_fd_sc_hd__clkbuf_2)
                                                         net13 (net)
                      0.106301    0.000103    4.151761 ^ fanout66/A (sky130_fd_sc_hd__buf_4)
    10    0.035356    0.105411    0.180187    4.331948 ^ fanout66/X (sky130_fd_sc_hd__buf_4)
                                                         net66 (net)
                      0.105411    0.000010    4.331958 ^ fanout65/A (sky130_fd_sc_hd__buf_4)
    10    0.031891    0.096322    0.173649    4.505607 ^ fanout65/X (sky130_fd_sc_hd__buf_4)
                                                         net65 (net)
                      0.096322    0.000369    4.505976 ^ _458_/A (sky130_fd_sc_hd__inv_2)
     4    0.011021    0.039988    0.056524    4.562500 v _458_/Y (sky130_fd_sc_hd__inv_2)
                                                         _188_ (net)
                      0.039988    0.000010    4.562510 v fanout35/A (sky130_fd_sc_hd__clkbuf_4)
    10    0.033403    0.077926    0.179368    4.741878 v fanout35/X (sky130_fd_sc_hd__clkbuf_4)
                                                         net35 (net)
                      0.077926    0.000031    4.741909 v _536_/A (sky130_fd_sc_hd__nor2_1)
     4    0.011986    0.227548    0.221803    4.963712 ^ _536_/Y (sky130_fd_sc_hd__nor2_1)
                                                         _007_ (net)
                      0.227548    0.000111    4.963823 ^ _780_/C (sky130_fd_sc_hd__and3_1)
     2    0.010227    0.117782    0.240064    5.203887 ^ _780_/X (sky130_fd_sc_hd__and3_1)
                                                         _254_ (net)
                      0.117782    0.000031    5.203918 ^ _781_/B1 (sky130_fd_sc_hd__a21oi_2)
     2    0.010913    0.060315    0.063444    5.267363 v _781_/Y (sky130_fd_sc_hd__a21oi_2)
                                                         _255_ (net)
                      0.060315    0.000008    5.267371 v _805_/A3 (sky130_fd_sc_hd__a31oi_2)
     2    0.007613    0.174549    0.213598    5.480969 ^ _805_/Y (sky130_fd_sc_hd__a31oi_2)
                                                         _280_ (net)
                      0.174549    0.000032    5.481001 ^ _813_/A (sky130_fd_sc_hd__xnor2_1)
     2    0.005224    0.167587    0.154701    5.635702 ^ _813_/Y (sky130_fd_sc_hd__xnor2_1)
                                                         _289_ (net)
                      0.167587    0.000026    5.635728 ^ _814_/B (sky130_fd_sc_hd__or2_1)
     1    0.002441    0.039491    0.119815    5.755543 ^ _814_/X (sky130_fd_sc_hd__or2_1)
                                                         _290_ (net)
                      0.039491    0.000000    5.755544 ^ _816_/A (sky130_fd_sc_hd__nand2_1)
     2    0.005540    0.050265    0.056594    5.812139 v _816_/Y (sky130_fd_sc_hd__nand2_1)
                                                         _292_ (net)
                      0.050265    0.000048    5.812186 v _817_/C (sky130_fd_sc_hd__and3_1)
     1    0.003059    0.039181    0.177259    5.989446 v _817_/X (sky130_fd_sc_hd__and3_1)
                                                         _293_ (net)
                      0.039181    0.000010    5.989455 v _819_/A (sky130_fd_sc_hd__nor2_1)
     2    0.007581    0.158442    0.153214    6.142669 ^ _819_/Y (sky130_fd_sc_hd__nor2_1)
                                                         _296_ (net)
                      0.158442    0.000006    6.142675 ^ _820_/B (sky130_fd_sc_hd__xnor2_1)
     2    0.004926    0.161555    0.150417    6.293093 ^ _820_/Y (sky130_fd_sc_hd__xnor2_1)
                                                         _297_ (net)
                      0.161555    0.000026    6.293118 ^ _821_/B (sky130_fd_sc_hd__or2_1)
     3    0.012889    0.131380    0.186425    6.479543 ^ _821_/X (sky130_fd_sc_hd__or2_1)
                                                         _298_ (net)
                      0.131380    0.000005    6.479548 ^ _824_/A (sky130_fd_sc_hd__nand2_1)
     3    0.007518    0.073280    0.096246    6.575794 v _824_/Y (sky130_fd_sc_hd__nand2_1)
                                                         _301_ (net)
                      0.073280    0.000003    6.575797 v _826_/B (sky130_fd_sc_hd__nor2_1)
     3    0.008015    0.165575    0.156396    6.732193 ^ _826_/Y (sky130_fd_sc_hd__nor2_1)
                                                         _303_ (net)
                      0.165575    0.000028    6.732221 ^ _892_/A2 (sky130_fd_sc_hd__o21ai_1)
     2    0.004467    0.083782    0.088930    6.821151 v _892_/Y (sky130_fd_sc_hd__o21ai_1)
                                                         _374_ (net)
                      0.083782    0.000012    6.821163 v _917_/A (sky130_fd_sc_hd__or2_1)
     1    0.002865    0.049583    0.234811    7.055974 v _917_/X (sky130_fd_sc_hd__or2_1)
                                                         _401_ (net)
                      0.049583    0.000008    7.055982 v _923_/A2 (sky130_fd_sc_hd__a311o_1)
     1    0.002298    0.051212    0.299642    7.355624 v _923_/X (sky130_fd_sc_hd__a311o_1)
                                                         net28 (net)
                      0.051212    0.000008    7.355632 v output28/A (sky130_fd_sc_hd__buf_2)
     1    0.034001    0.088632    0.182740    7.538372 v output28/X (sky130_fd_sc_hd__buf_2)
                                                         op_out[7] (net)
                      0.088632    0.000084    7.538456 v op_out[7] (out)
                                              7.538456   data arrival time

                      0.000000   20.000000   20.000000   clock __VIRTUAL_CLK__ (rise edge)
                                  0.000000   20.000000   clock network delay (ideal)
                                 -0.250000   19.750002   clock uncertainty
                                  0.000000   19.750002   clock reconvergence pessimism
                                 -4.000000   15.750001   output external delay
                                             15.750001   data required time
---------------------------------------------------------------------------------------------
                                             15.750001   data required time
                                             -7.538456   data arrival time
---------------------------------------------------------------------------------------------
                                              8.211545   slack (MET)


Startpoint: op_b[0] (input port clocked by __VIRTUAL_CLK__)
Endpoint: op_out[6] (output port clocked by __VIRTUAL_CLK__)
Path Group: __VIRTUAL_CLK__
Path Type: max

Fanout         Cap        Slew       Delay        Time   Description
---------------------------------------------------------------------------------------------
                      0.000000    0.000000    0.000000   clock __VIRTUAL_CLK__ (rise edge)
                                  0.000000    0.000000   clock network delay (ideal)
                                  4.000000    4.000000 ^ input external delay
     1    0.002937    0.020321    0.010772    4.010772 ^ op_b[0] (in)
                                                         op_b[0] (net)
                      0.020321    0.000000    4.010772 ^ input13/A (sky130_fd_sc_hd__clkbuf_2)
     4    0.018416    0.106301    0.140885    4.151658 ^ input13/X (sky130_fd_sc_hd__clkbuf_2)
                                                         net13 (net)
                      0.106301    0.000103    4.151761 ^ fanout66/A (sky130_fd_sc_hd__buf_4)
    10    0.035356    0.105411    0.180187    4.331948 ^ fanout66/X (sky130_fd_sc_hd__buf_4)
                                                         net66 (net)
                      0.105411    0.000010    4.331958 ^ fanout65/A (sky130_fd_sc_hd__buf_4)
    10    0.031891    0.096322    0.173649    4.505607 ^ fanout65/X (sky130_fd_sc_hd__buf_4)
                                                         net65 (net)
                      0.096322    0.000369    4.505976 ^ _458_/A (sky130_fd_sc_hd__inv_2)
     4    0.011021    0.039988    0.056524    4.562500 v _458_/Y (sky130_fd_sc_hd__inv_2)
                                                         _188_ (net)
                      0.039988    0.000010    4.562510 v fanout35/A (sky130_fd_sc_hd__clkbuf_4)
    10    0.033403    0.077926    0.179368    4.741878 v fanout35/X (sky130_fd_sc_hd__clkbuf_4)
                                                         net35 (net)
                      0.077926    0.000031    4.741909 v _536_/A (sky130_fd_sc_hd__nor2_1)
     4    0.011986    0.227548    0.221803    4.963712 ^ _536_/Y (sky130_fd_sc_hd__nor2_1)
                                                         _007_ (net)
                      0.227548    0.000111    4.963823 ^ _780_/C (sky130_fd_sc_hd__and3_1)
     2    0.010227    0.117782    0.240064    5.203887 ^ _780_/X (sky130_fd_sc_hd__and3_1)
                                                         _254_ (net)
                      0.117782    0.000031    5.203918 ^ _781_/B1 (sky130_fd_sc_hd__a21oi_2)
     2    0.010913    0.060315    0.063444    5.267363 v _781_/Y (sky130_fd_sc_hd__a21oi_2)
                                                         _255_ (net)
                      0.060315    0.000008    5.267371 v _805_/A3 (sky130_fd_sc_hd__a31oi_2)
     2    0.007613    0.174549    0.213598    5.480969 ^ _805_/Y (sky130_fd_sc_hd__a31oi_2)
                                                         _280_ (net)
                      0.174549    0.000032    5.481001 ^ _813_/A (sky130_fd_sc_hd__xnor2_1)
     2    0.005224    0.167587    0.154701    5.635702 ^ _813_/Y (sky130_fd_sc_hd__xnor2_1)
                                                         _289_ (net)
                      0.167587    0.000026    5.635728 ^ _814_/B (sky130_fd_sc_hd__or2_1)
     1    0.002441    0.039491    0.119815    5.755543 ^ _814_/X (sky130_fd_sc_hd__or2_1)
                                                         _290_ (net)
                      0.039491    0.000000    5.755544 ^ _816_/A (sky130_fd_sc_hd__nand2_1)
     2    0.005540    0.050265    0.056594    5.812139 v _816_/Y (sky130_fd_sc_hd__nand2_1)
                                                         _292_ (net)
                      0.050265    0.000048    5.812186 v _817_/C (sky130_fd_sc_hd__and3_1)
     1    0.003059    0.039181    0.177259    5.989446 v _817_/X (sky130_fd_sc_hd__and3_1)
                                                         _293_ (net)
                      0.039181    0.000010    5.989455 v _819_/A (sky130_fd_sc_hd__nor2_1)
     2    0.007581    0.158442    0.153214    6.142669 ^ _819_/Y (sky130_fd_sc_hd__nor2_1)
                                                         _296_ (net)
                      0.158442    0.000006    6.142675 ^ _820_/B (sky130_fd_sc_hd__xnor2_1)
     2    0.004543    0.057073    0.093807    6.236483 v _820_/Y (sky130_fd_sc_hd__xnor2_1)
                                                         _297_ (net)
                      0.057073    0.000024    6.236506 v _821_/B (sky130_fd_sc_hd__or2_1)
     3    0.012064    0.091351    0.256585    6.493091 v _821_/X (sky130_fd_sc_hd__or2_1)
                                                         _298_ (net)
                      0.091351    0.000005    6.493096 v _824_/A (sky130_fd_sc_hd__nand2_1)
     3    0.008321    0.092361    0.108944    6.602040 ^ _824_/Y (sky130_fd_sc_hd__nand2_1)
                                                         _301_ (net)
                      0.092361    0.000003    6.602043 ^ _826_/B (sky130_fd_sc_hd__nor2_1)
     3    0.007434    0.052144    0.067529    6.669572 v _826_/Y (sky130_fd_sc_hd__nor2_1)
                                                         _303_ (net)
                      0.052144    0.000033    6.669605 v _878_/A (sky130_fd_sc_hd__or2_1)
     1    0.002722    0.048651    0.221964    6.891568 v _878_/X (sky130_fd_sc_hd__or2_1)
                                                         _359_ (net)
                      0.048651    0.000008    6.891576 v _885_/A2 (sky130_fd_sc_hd__a31o_1)
     1    0.002221    0.035178    0.195555    7.087131 v _885_/X (sky130_fd_sc_hd__a31o_1)
                                                         net27 (net)
                      0.035178    0.000007    7.087138 v output27/A (sky130_fd_sc_hd__buf_2)
     1    0.034210    0.089218    0.176183    7.263321 v output27/X (sky130_fd_sc_hd__buf_2)
                                                         op_out[6] (net)
                      0.089218    0.000133    7.263453 v op_out[6] (out)
                                              7.263453   data arrival time

                      0.000000   20.000000   20.000000   clock __VIRTUAL_CLK__ (rise edge)
                                  0.000000   20.000000   clock network delay (ideal)
                                 -0.250000   19.750002   clock uncertainty
                                  0.000000   19.750002   clock reconvergence pessimism
                                 -4.000000   15.750001   output external delay
                                             15.750001   data required time
---------------------------------------------------------------------------------------------
                                             15.750001   data required time
                                             -7.263453   data arrival time
---------------------------------------------------------------------------------------------
                                              8.486547   slack (MET)



%OL_END_REPORT
%OL_CREATE_REPORT checks.rpt

===========================================================================
report_checks -unconstrained
===========================================================================
======================= nom_tt_025C_1v80 Corner ===================================

Startpoint: op_b[0] (input port clocked by __VIRTUAL_CLK__)
Endpoint: op_out[0] (output port clocked by __VIRTUAL_CLK__)
Path Group: __VIRTUAL_CLK__
Path Type: max

Fanout         Cap        Slew       Delay        Time   Description
---------------------------------------------------------------------------------------------
                      0.000000    0.000000    0.000000   clock __VIRTUAL_CLK__ (rise edge)
                                  0.000000    0.000000   clock network delay (ideal)
                                  4.000000    4.000000 ^ input external delay
     1    0.002937    0.020321    0.010772    4.010772 ^ op_b[0] (in)
                                                         op_b[0] (net)
                      0.020321    0.000000    4.010772 ^ input13/A (sky130_fd_sc_hd__clkbuf_2)
     4    0.018416    0.106301    0.140885    4.151658 ^ input13/X (sky130_fd_sc_hd__clkbuf_2)
                                                         net13 (net)
                      0.106301    0.000103    4.151761 ^ fanout66/A (sky130_fd_sc_hd__buf_4)
    10    0.035356    0.105411    0.180187    4.331948 ^ fanout66/X (sky130_fd_sc_hd__buf_4)
                                                         net66 (net)
                      0.105411    0.000010    4.331958 ^ fanout65/A (sky130_fd_sc_hd__buf_4)
    10    0.031891    0.096322    0.173649    4.505607 ^ fanout65/X (sky130_fd_sc_hd__buf_4)
                                                         net65 (net)
                      0.096322    0.000369    4.505976 ^ _458_/A (sky130_fd_sc_hd__inv_2)
     4    0.011021    0.039988    0.056524    4.562500 v _458_/Y (sky130_fd_sc_hd__inv_2)
                                                         _188_ (net)
                      0.039988    0.000010    4.562510 v fanout35/A (sky130_fd_sc_hd__clkbuf_4)
    10    0.033403    0.077926    0.179368    4.741878 v fanout35/X (sky130_fd_sc_hd__clkbuf_4)
                                                         net35 (net)
                      0.077926    0.000135    4.742013 v _472_/A1 (sky130_fd_sc_hd__o41ai_4)
     5    0.014431    0.353799    0.439137    5.181151 ^ _472_/Y (sky130_fd_sc_hd__o41ai_4)
                                                         _338_ (net)
                      0.353799    0.000066    5.181217 ^ _481_/A2 (sky130_fd_sc_hd__a211o_1)
     4    0.010619    0.102847    0.229183    5.410399 ^ _481_/X (sky130_fd_sc_hd__a211o_1)
                                                         _410_ (net)
                      0.102847    0.000048    5.410448 ^ _484_/A1 (sky130_fd_sc_hd__a21o_1)
     4    0.012342    0.116672    0.175266    5.585714 ^ _484_/X (sky130_fd_sc_hd__a21o_1)
                                                         _413_ (net)
                      0.116672    0.000016    5.585730 ^ _493_/A1 (sky130_fd_sc_hd__a211oi_2)
     3    0.008012    0.068167    0.093696    5.679425 v _493_/Y (sky130_fd_sc_hd__a211oi_2)
                                                         _422_ (net)
                      0.068167    0.000036    5.679461 v _503_/D (sky130_fd_sc_hd__or4_4)
     3    0.007372    0.090644    0.427446    6.106907 v _503_/X (sky130_fd_sc_hd__or4_4)
                                                         _432_ (net)
                      0.090644    0.000013    6.106920 v _507_/A3 (sky130_fd_sc_hd__a31o_1)
     2    0.007597    0.058635    0.253508    6.360428 v _507_/X (sky130_fd_sc_hd__a31o_1)
                                                         _436_ (net)
                      0.058635    0.000029    6.360457 v _509_/A2 (sky130_fd_sc_hd__a211o_4)
     3    0.014995    0.066189    0.357646    6.718103 v _509_/X (sky130_fd_sc_hd__a211o_4)
                                                         _438_ (net)
                      0.066189    0.000060    6.718163 v _515_/A2 (sky130_fd_sc_hd__a21oi_4)
     5    0.016552    0.162717    0.198271    6.916433 ^ _515_/Y (sky130_fd_sc_hd__a21oi_4)
                                                         _444_ (net)
                      0.162717    0.000056    6.916489 ^ rebuffer5/A (sky130_fd_sc_hd__buf_6)
     3    0.012122    0.038286    0.128137    7.044626 ^ rebuffer5/X (sky130_fd_sc_hd__buf_6)
                                                         net74 (net)
                      0.038286    0.000050    7.044676 ^ _524_/S (sky130_fd_sc_hd__mux2_4)
     2    0.006201    0.054150    0.293846    7.338521 v _524_/X (sky130_fd_sc_hd__mux2_4)
                                                         _453_ (net)
                      0.054150    0.000032    7.338553 v _539_/A1 (sky130_fd_sc_hd__a221o_1)
     3    0.009153    0.086292    0.352004    7.690557 v _539_/X (sky130_fd_sc_hd__a221o_1)
                                                         _010_ (net)
                      0.086292    0.000005    7.690562 v _544_/A2 (sky130_fd_sc_hd__a311o_1)
     3    0.007465    0.077007    0.350456    8.041018 v _544_/X (sky130_fd_sc_hd__a311o_1)
                                                         _015_ (net)
                      0.077007    0.000036    8.041055 v _579_/A2 (sky130_fd_sc_hd__a21o_1)
     3    0.006623    0.049302    0.202449    8.243503 v _579_/X (sky130_fd_sc_hd__a21o_1)
                                                         _050_ (net)
                      0.049302    0.000037    8.243541 v _583_/C (sky130_fd_sc_hd__and3_1)
     2    0.004855    0.047172    0.186224    8.429765 v _583_/X (sky130_fd_sc_hd__and3_1)
                                                         _054_ (net)
                      0.047172    0.000006    8.429770 v _585_/A (sky130_fd_sc_hd__or4_4)
     1    0.002880    0.079289    0.517352    8.947124 v _585_/X (sky130_fd_sc_hd__or4_4)
                                                         _056_ (net)
                      0.079289    0.000010    8.947133 v _586_/B (sky130_fd_sc_hd__or4b_4)
     1    0.008715    0.091961    0.534748    9.481881 v _586_/X (sky130_fd_sc_hd__or4b_4)
                                                         _057_ (net)
                      0.091961    0.000024    9.481905 v _590_/A2 (sky130_fd_sc_hd__a311oi_4)
     4    0.017027    0.324518    0.357633    9.839539 ^ _590_/Y (sky130_fd_sc_hd__a311oi_4)
                                                         _061_ (net)
                      0.324518    0.000127    9.839665 ^ max_cap30/A (sky130_fd_sc_hd__buf_6)
     5    0.024853    0.062837    0.177192   10.016857 ^ max_cap30/X (sky130_fd_sc_hd__buf_6)
                                                         net30 (net)
                      0.062837    0.000020   10.016877 ^ _619_/S (sky130_fd_sc_hd__mux2_4)
     5    0.018119    0.071748    0.330747   10.347625 v _619_/X (sky130_fd_sc_hd__mux2_4)
                                                         _090_ (net)
                      0.071748    0.000111   10.347735 v _623_/B2 (sky130_fd_sc_hd__o22a_1)
     2    0.005167    0.056671    0.177486   10.525221 v _623_/X (sky130_fd_sc_hd__o22a_1)
                                                         _094_ (net)
                      0.056671    0.000004   10.525226 v _624_/A (sky130_fd_sc_hd__or4bb_4)
     4    0.017434    0.110647    0.578505   11.103731 v _624_/X (sky130_fd_sc_hd__or4bb_4)
                                                         _095_ (net)
                      0.110647    0.000028   11.103758 v _628_/A2 (sky130_fd_sc_hd__a21oi_4)
     4    0.018131    0.172244    0.223478   11.327236 ^ _628_/Y (sky130_fd_sc_hd__a21oi_4)
                                                         _099_ (net)
                      0.172244    0.000065   11.327301 ^ fanout29/A (sky130_fd_sc_hd__buf_6)
     5    0.022459    0.056161    0.145965   11.473267 ^ fanout29/X (sky130_fd_sc_hd__buf_6)
                                                         net29 (net)
                      0.056161    0.000179   11.473446 ^ _665_/S (sky130_fd_sc_hd__mux2_4)
     3    0.007409    0.056941    0.303351   11.776796 v _665_/X (sky130_fd_sc_hd__mux2_4)
                                                         _136_ (net)
                      0.056941    0.000002   11.776798 v _669_/A2 (sky130_fd_sc_hd__a21o_1)
     1    0.002827    0.034343    0.175683   11.952481 v _669_/X (sky130_fd_sc_hd__a21o_1)
                                                         _140_ (net)
                      0.034343    0.000008   11.952489 v _671_/A1 (sky130_fd_sc_hd__o211a_1)
     1    0.002587    0.038661    0.209740   12.162229 v _671_/X (sky130_fd_sc_hd__o211a_1)
                                                         _142_ (net)
                      0.038661    0.000005   12.162234 v _672_/B2 (sky130_fd_sc_hd__o221a_1)
     1    0.002993    0.047867    0.199432   12.361667 v _672_/X (sky130_fd_sc_hd__o221a_1)
                                                         _143_ (net)
                      0.047867    0.000012   12.361679 v _675_/A1 (sky130_fd_sc_hd__o21a_1)
     1    0.002369    0.033870    0.176727   12.538406 v _675_/X (sky130_fd_sc_hd__o21a_1)
                                                         _146_ (net)
                      0.033870    0.000000   12.538407 v _679_/A2 (sky130_fd_sc_hd__o21a_1)
     1    0.004832    0.044211    0.169250   12.707658 v _679_/X (sky130_fd_sc_hd__o21a_1)
                                                         _150_ (net)
                      0.044211    0.000041   12.707699 v _700_/C (sky130_fd_sc_hd__or3_4)
     1    0.008108    0.071768    0.333571   13.041269 v _700_/X (sky130_fd_sc_hd__or3_4)
                                                         net21 (net)
                      0.071768    0.000057   13.041327 v output21/A (sky130_fd_sc_hd__buf_8)
     1    0.034601    0.039938    0.146093   13.187420 v output21/X (sky130_fd_sc_hd__buf_8)
                                                         op_out[0] (net)
                      0.039939    0.000241   13.187660 v op_out[0] (out)
                                             13.187660   data arrival time

                      0.000000   20.000000   20.000000   clock __VIRTUAL_CLK__ (rise edge)
                                  0.000000   20.000000   clock network delay (ideal)
                                 -0.250000   19.750002   clock uncertainty
                                  0.000000   19.750002   clock reconvergence pessimism
                                 -4.000000   15.750001   output external delay
                                             15.750001   data required time
---------------------------------------------------------------------------------------------
                                             15.750001   data required time
                                            -13.187660   data arrival time
---------------------------------------------------------------------------------------------
                                              2.562341   slack (MET)




===========================================================================
report_checks --slack_max -0.01
============================================================================
======================= nom_tt_025C_1v80 Corner ===================================

No paths found.


===========================================================================
 report_check_types -max_slew -max_cap -max_fanout -violators
============================================================================
======================= nom_tt_025C_1v80 Corner ===================================



===========================================================================
report_parasitic_annotation -report_unannotated
============================================================================
Found 0 unannotated drivers.
Found 0 partially unannotated drivers.

===========================================================================
max slew violation count 0
Writing metric design__max_slew_violation__count__corner:nom_tt_025C_1v80: 0
max fanout violation count 0
Writing metric design__max_fanout_violation__count__corner:nom_tt_025C_1v80: 0
max cap violation count 0
Writing metric design__max_cap_violation__count__corner:nom_tt_025C_1v80: 0
============================================================================

===========================================================================
check_setup -verbose -unconstrained_endpoints -multiple_clock -no_clock -no_input_delay -loops -generated_clocks
===========================================================================
%OL_END_REPORT
%OL_CREATE_REPORT power.rpt

===========================================================================
 report_power
============================================================================
======================= nom_tt_025C_1v80 Corner ===================================

Group                    Internal    Switching      Leakage        Total
                            Power        Power        Power        Power (Watts)
------------------------------------------------------------------------
Sequential           0.000000e+00 0.000000e+00 0.000000e+00 0.000000e+00   0.0%
Combinational        6.645977e-05 6.674721e-05 1.980377e-09 1.332090e-04 100.0%
Clock                0.000000e+00 0.000000e+00 2.851233e-10 2.851233e-10   0.0%
Macro                0.000000e+00 0.000000e+00 0.000000e+00 0.000000e+00   0.0%
Pad                  0.000000e+00 0.000000e+00 0.000000e+00 0.000000e+00   0.0%
------------------------------------------------------------------------
Total                6.645977e-05 6.674721e-05 2.265504e-09 1.332093e-04 100.0%
                            49.9%        50.1%         0.0%
Writing metric power__internal__total: 6.64597682771273e-5
Writing metric power__switching__total: 6.674721225863323e-5
Writing metric power__leakage__total: 2.2655037845709103e-9
Writing metric power__total: 0.00013320925063453615

%OL_END_REPORT
%OL_CREATE_REPORT skew.min.rpt

===========================================================================
Clock Skew (Hold)
============================================================================
Writing metric clock__skew__worst_hold__corner:nom_tt_025C_1v80: 0.0
======================= nom_tt_025C_1v80 Corner ===================================

Clock __VIRTUAL_CLK__
No launch/capture paths found.

%OL_END_REPORT
%OL_CREATE_REPORT skew.max.rpt

===========================================================================
Clock Skew (Setup)
============================================================================
Writing metric clock__skew__worst_setup__corner:nom_tt_025C_1v80: 0.0
======================= nom_tt_025C_1v80 Corner ===================================

Clock __VIRTUAL_CLK__
No launch/capture paths found.

%OL_END_REPORT
%OL_CREATE_REPORT ws.min.rpt

===========================================================================
Worst Slack (Hold)
============================================================================
Writing metric timing__hold__ws__corner:nom_tt_025C_1v80: 8.366990004328759
nom_tt_025C_1v80: 8.366990004328759
%OL_END_REPORT
%OL_CREATE_REPORT ws.max.rpt

===========================================================================
Worst Slack (Setup)
============================================================================
Writing metric timing__setup__ws__corner:nom_tt_025C_1v80: 2.562340634419202
nom_tt_025C_1v80: 2.562340634419202
%OL_END_REPORT
%OL_CREATE_REPORT tns.min.rpt

===========================================================================
Total Negative Slack (Hold)
============================================================================
Writing metric timing__hold__tns__corner:nom_tt_025C_1v80: 0.0
nom_tt_025C_1v80: 0.0
%OL_END_REPORT
%OL_CREATE_REPORT tns.max.rpt

===========================================================================
Total Negative Slack (Setup)
============================================================================
Writing metric timing__setup__tns__corner:nom_tt_025C_1v80: 0.0
nom_tt_025C_1v80: 0.0
%OL_END_REPORT
%OL_CREATE_REPORT wns.min.rpt

===========================================================================
Worst Negative Slack (Hold)
============================================================================
Writing metric timing__hold__wns__corner:nom_tt_025C_1v80: 0
nom_tt_025C_1v80: 0
%OL_END_REPORT
%OL_CREATE_REPORT wns.max.rpt

===========================================================================
Worst Negative Slack (Setup)
============================================================================
Writing metric timing__setup__wns__corner:nom_tt_025C_1v80: 0.0
nom_tt_025C_1v80: 0.0
%OL_END_REPORT
%OL_CREATE_REPORT violator_list.rpt

===========================================================================
Violator List
============================================================================
Writing metric timing__hold_vio__count__corner:nom_tt_025C_1v80: 0
Writing metric timing__hold_r2r__ws__corner:nom_tt_025C_1v80: 1e30
Writing metric timing__hold_r2r_vio__count__corner:nom_tt_025C_1v80: 0
Writing metric timing__setup_vio__count__corner:nom_tt_025C_1v80: 0
Writing metric timing__setup_r2r__ws__corner:nom_tt_025C_1v80: 1e30
Writing metric timing__setup_r2r_vio__count__corner:nom_tt_025C_1v80: 0
%OL_END_REPORT
%OL_CREATE_REPORT unpropagated.rpt
__VIRTUAL_CLK__
%OL_END_REPORT
%OL_CREATE_REPORT clock.rpt
Clock: __VIRTUAL_CLK__
Sources: 
Generated: no
Virtual: yes
Propagated: no
Period: 20.000000

===========================================================================
report_clock_properties
============================================================================
Clock                   Period          Waveform
----------------------------------------------------
__VIRTUAL_CLK__      20.000000    0.000000 10.000000

===========================================================================
report_clock_latency
============================================================================
Clock __VIRTUAL_CLK__


===========================================================================
report_clock_min_period
============================================================================
__VIRTUAL_CLK__ period_min = 0.00 fmax = inf
%OL_END_REPORT
