Reading timing models for corner nom_ss_100C_1v60…
Reading cell library for the 'nom_ss_100C_1v60' corner at '/home/letienthanh/.volare/volare/sky130/versions/0fe599b2afb6708d281543108caf8310912f54af/sky130A/libs.ref/sky130_fd_sc_hd/lib/sky130_fd_sc_hd__ss_100C_1v60.lib'…
Reading top-level netlist at '/home/letienthanh/8bitalu/runs/RUN_2026-08-05_13-41-28/50-openroad-fillinsertion/alu8bit.nl.v'…
Linking design 'alu8bit' from netlist…
Warning: /home/letienthanh/8bitalu/runs/RUN_2026-08-05_13-41-28/50-openroad-fillinsertion/alu8bit.nl.v line 2386, module sky130_fd_sc_hd__tapvpwrvgnd_1 not found. Creating black box for TAP_TAPCELL_ROW_0_76.
Warning: /home/letienthanh/8bitalu/runs/RUN_2026-08-05_13-41-28/50-openroad-fillinsertion/alu8bit.nl.v line 2676, module sky130_ef_sc_hd__decap_12 not found. Creating black box for FILLER_0_3.
Warning: /home/letienthanh/8bitalu/runs/RUN_2026-08-05_13-41-28/50-openroad-fillinsertion/alu8bit.nl.v line 2678, module sky130_fd_sc_hd__fill_1 not found. Creating black box for FILLER_0_27.
Warning: /home/letienthanh/8bitalu/runs/RUN_2026-08-05_13-41-28/50-openroad-fillinsertion/alu8bit.nl.v line 2688, module sky130_fd_sc_hd__fill_2 not found. Creating black box for FILLER_0_110.
Reading design constraints file at '/home/letienthanh/8bitalu/constraints/alu.sdc'…
[INFO] No information on clock propagation in input SDC file-- propagating all clocks.
Warning: corner.tcl line 44, virtual clock virtual_clk can not be propagated.
Reading top-level design parasitics for the 'nom_ss_100C_1v60' corner at '/home/letienthanh/8bitalu/runs/RUN_2026-08-05_13-41-28/52-openroad-rcx/nom/alu8bit.nom.spef'…
%OL_CREATE_REPORT min.rpt

===========================================================================
report_checks -path_delay min (Hold)
============================================================================
======================= nom_ss_100C_1v60 Corner ===================================

Startpoint: inst[2] (input port clocked by virtual_clk)
Endpoint: op_out[6] (output port clocked by virtual_clk)
Path Group: virtual_clk
Path Type: min

Fanout         Cap        Slew       Delay        Time   Description
---------------------------------------------------------------------------------------------
                      0.000000    0.000000    0.000000   clock virtual_clk (rise edge)
                                  0.000000    0.000000   clock network delay (ideal)
                                  2.000000    2.000000 ^ input external delay
     1    0.003362    0.000000    0.000000    2.000000 ^ inst[2] (in)
                                                         inst[2] (net)
                      0.000103    0.000051    2.000051 ^ input3/A (sky130_fd_sc_hd__buf_2)
     8    0.032814    0.261429    0.303587    2.303638 ^ input3/X (sky130_fd_sc_hd__buf_2)
                                                         net3 (net)
                      0.261429    0.000689    2.304327 ^ _694_/A (sky130_fd_sc_hd__nor3_4)
     8    0.032045    0.095326    0.199448    2.503775 v _694_/Y (sky130_fd_sc_hd__nor3_4)
                                                         _165_ (net)
                      0.095460    0.002399    2.506173 v _885_/A1 (sky130_fd_sc_hd__a31o_1)
     1    0.002431    0.059077    0.323382    2.829555 v _885_/X (sky130_fd_sc_hd__a31o_1)
                                                         net27 (net)
                      0.059077    0.000070    2.829625 v output27/A (sky130_fd_sc_hd__buf_1)
     1    0.000588    0.028624    0.132019    2.961644 v output27/X (sky130_fd_sc_hd__buf_1)
                                                         op_out[6] (net)
                      0.028624    0.000007    2.961651 v op_out[6] (out)
                                              2.961651   data arrival time

                      0.000000    0.000000    0.000000   clock virtual_clk (rise edge)
                                  0.000000    0.000000   clock network delay (ideal)
                                  0.000000    0.000000   clock reconvergence pessimism
                                 -2.000000   -2.000000   output external delay
                                             -2.000000   data required time
---------------------------------------------------------------------------------------------
                                             -2.000000   data required time
                                             -2.961651   data arrival time
---------------------------------------------------------------------------------------------
                                              4.961651   slack (MET)


Startpoint: op_a[4] (input port clocked by virtual_clk)
Endpoint: op_out[5] (output port clocked by virtual_clk)
Path Group: virtual_clk
Path Type: min

Fanout         Cap        Slew       Delay        Time   Description
---------------------------------------------------------------------------------------------
                      0.000000    0.000000    0.000000   clock virtual_clk (rise edge)
                                  0.000000    0.000000   clock network delay (ideal)
                                  2.000000    2.000000 ^ input external delay
     1    0.003455    0.000000    0.000000    2.000000 ^ op_a[4] (in)
                                                         op_a[4] (net)
                      0.000098    0.000049    2.000049 ^ input9/A (sky130_fd_sc_hd__clkbuf_2)
     4    0.030824    0.266588    0.302468    2.302517 ^ input9/X (sky130_fd_sc_hd__clkbuf_2)
                                                         net9 (net)
                      0.266633    0.002877    2.305394 ^ _840_/A1 (sky130_fd_sc_hd__a221o_1)
     1    0.002946    0.072873    0.357536    2.662930 ^ _840_/X (sky130_fd_sc_hd__a221o_1)
                                                         _319_ (net)
                      0.072873    0.000062    2.662992 ^ _842_/B (sky130_fd_sc_hd__or3_1)
     1    0.005801    0.101498    0.199336    2.862327 ^ _842_/X (sky130_fd_sc_hd__or3_1)
                                                         net26 (net)
                      0.101498    0.000243    2.862570 ^ output26/A (sky130_fd_sc_hd__buf_1)
     1    0.001246    0.046918    0.142512    3.005083 ^ output26/X (sky130_fd_sc_hd__buf_1)
                                                         op_out[5] (net)
                      0.046918    0.000016    3.005099 ^ op_out[5] (out)
                                              3.005099   data arrival time

                      0.000000    0.000000    0.000000   clock virtual_clk (rise edge)
                                  0.000000    0.000000   clock network delay (ideal)
                                  0.000000    0.000000   clock reconvergence pessimism
                                 -2.000000   -2.000000   output external delay
                                             -2.000000   data required time
---------------------------------------------------------------------------------------------
                                             -2.000000   data required time
                                             -3.005099   data arrival time
---------------------------------------------------------------------------------------------
                                              5.005099   slack (MET)


Startpoint: op_a[3] (input port clocked by virtual_clk)
Endpoint: op_out[4] (output port clocked by virtual_clk)
Path Group: virtual_clk
Path Type: min

Fanout         Cap        Slew       Delay        Time   Description
---------------------------------------------------------------------------------------------
                      0.000000    0.000000    0.000000   clock virtual_clk (rise edge)
                                  0.000000    0.000000   clock network delay (ideal)
                                  2.000000    2.000000 ^ input external delay
     1    0.003140    0.000000    0.000000    2.000000 ^ op_a[3] (in)
                                                         op_a[3] (net)
                      0.000080    0.000040    2.000040 ^ input8/A (sky130_fd_sc_hd__buf_4)
    15    0.067528    0.302905    0.345680    2.345720 ^ input8/X (sky130_fd_sc_hd__buf_4)
                                                         net8 (net)
                      0.303056    0.005597    2.351316 ^ _795_/B2 (sky130_fd_sc_hd__a32o_1)
     1    0.003292    0.099486    0.323766    2.675082 ^ _795_/X (sky130_fd_sc_hd__a32o_1)
                                                         _270_ (net)
                      0.099486    0.000099    2.675181 ^ _797_/B1 (sky130_fd_sc_hd__a211oi_1)
     1    0.004636    0.072615    0.105061    2.780242 v _797_/Y (sky130_fd_sc_hd__a211oi_1)
                                                         _272_ (net)
                      0.072615    0.000170    2.780412 v _798_/B1 (sky130_fd_sc_hd__o31ai_1)
     1    0.004891    0.118425    0.124983    2.905395 ^ _798_/Y (sky130_fd_sc_hd__o31ai_1)
                                                         net25 (net)
                      0.118426    0.000194    2.905589 ^ output25/A (sky130_fd_sc_hd__buf_1)
     1    0.000912    0.041776    0.144504    3.050092 ^ output25/X (sky130_fd_sc_hd__buf_1)
                                                         op_out[4] (net)
                      0.041776    0.000010    3.050103 ^ op_out[4] (out)
                                              3.050103   data arrival time

                      0.000000    0.000000    0.000000   clock virtual_clk (rise edge)
                                  0.000000    0.000000   clock network delay (ideal)
                                  0.000000    0.000000   clock reconvergence pessimism
                                 -2.000000   -2.000000   output external delay
                                             -2.000000   data required time
---------------------------------------------------------------------------------------------
                                             -2.000000   data required time
                                             -3.050103   data arrival time
---------------------------------------------------------------------------------------------
                                              5.050103   slack (MET)


Startpoint: op_a[6] (input port clocked by virtual_clk)
Endpoint: op_out[7] (output port clocked by virtual_clk)
Path Group: virtual_clk
Path Type: min

Fanout         Cap        Slew       Delay        Time   Description
---------------------------------------------------------------------------------------------
                      0.000000    0.000000    0.000000   clock virtual_clk (rise edge)
                                  0.000000    0.000000   clock network delay (ideal)
                                  2.000000    2.000000 ^ input external delay
     1    0.004000    0.000000    0.000000    2.000000 ^ op_a[6] (in)
                                                         op_a[6] (net)
                      0.000124    0.000062    2.000062 ^ input11/A (sky130_fd_sc_hd__buf_4)
    16    0.072729    0.324374    0.361787    2.361849 ^ input11/X (sky130_fd_sc_hd__buf_4)
                                                         net11 (net)
                      0.324418    0.003192    2.365041 ^ _922_/A1 (sky130_fd_sc_hd__a211o_1)
     1    0.007356    0.116384    0.372158    2.737200 ^ _922_/X (sky130_fd_sc_hd__a211o_1)
                                                         _407_ (net)
                      0.116384    0.000218    2.737418 ^ _923_/B1 (sky130_fd_sc_hd__a311o_1)
     1    0.002439    0.073408    0.199692    2.937110 ^ _923_/X (sky130_fd_sc_hd__a311o_1)
                                                         net28 (net)
                      0.073408    0.000069    2.937179 ^ output28/A (sky130_fd_sc_hd__buf_1)
     1    0.000433    0.033391    0.118727    3.055906 ^ output28/X (sky130_fd_sc_hd__buf_1)
                                                         op_out[7] (net)
                      0.033391    0.000005    3.055911 ^ op_out[7] (out)
                                              3.055911   data arrival time

                      0.000000    0.000000    0.000000   clock virtual_clk (rise edge)
                                  0.000000    0.000000   clock network delay (ideal)
                                  0.000000    0.000000   clock reconvergence pessimism
                                 -2.000000   -2.000000   output external delay
                                             -2.000000   data required time
---------------------------------------------------------------------------------------------
                                             -2.000000   data required time
                                             -3.055911   data arrival time
---------------------------------------------------------------------------------------------
                                              5.055911   slack (MET)


Startpoint: inst[3] (input port clocked by virtual_clk)
Endpoint: op_out[0] (output port clocked by virtual_clk)
Path Group: virtual_clk
Path Type: min

Fanout         Cap        Slew       Delay        Time   Description
---------------------------------------------------------------------------------------------
                      0.000000    0.000000    0.000000   clock virtual_clk (rise edge)
                                  0.000000    0.000000   clock network delay (ideal)
                                  2.000000    2.000000 ^ input external delay
     1    0.003087    0.000000    0.000000    2.000000 ^ inst[3] (in)
                                                         inst[3] (net)
                      0.000089    0.000044    2.000044 ^ input4/A (sky130_fd_sc_hd__buf_2)
    11    0.036900    0.291743    0.325182    2.325227 ^ input4/X (sky130_fd_sc_hd__buf_2)
                                                         net4 (net)
                      0.291830    0.001142    2.326369 ^ _685_/C1 (sky130_fd_sc_hd__o2111a_1)
     1    0.003035    0.092155    0.448906    2.775275 ^ _685_/X (sky130_fd_sc_hd__o2111a_1)
                                                         _156_ (net)
                      0.092155    0.000063    2.775338 ^ _700_/A (sky130_fd_sc_hd__or3_4)
     1    0.004448    0.052569    0.213740    2.989078 ^ _700_/X (sky130_fd_sc_hd__or3_4)
                                                         net21 (net)
                      0.052569    0.000156    2.989234 ^ output21/A (sky130_fd_sc_hd__clkbuf_1)
     1    0.002023    0.059428    0.131993    3.121227 ^ output21/X (sky130_fd_sc_hd__clkbuf_1)
                                                         op_out[0] (net)
                      0.059428    0.000038    3.121265 ^ op_out[0] (out)
                                              3.121265   data arrival time

                      0.000000    0.000000    0.000000   clock virtual_clk (rise edge)
                                  0.000000    0.000000   clock network delay (ideal)
                                  0.000000    0.000000   clock reconvergence pessimism
                                 -2.000000   -2.000000   output external delay
                                             -2.000000   data required time
---------------------------------------------------------------------------------------------
                                             -2.000000   data required time
                                             -3.121265   data arrival time
---------------------------------------------------------------------------------------------
                                              5.121264   slack (MET)


Startpoint: op_a[0] (input port clocked by virtual_clk)
Endpoint: op_out[1] (output port clocked by virtual_clk)
Path Group: virtual_clk
Path Type: min

Fanout         Cap        Slew       Delay        Time   Description
---------------------------------------------------------------------------------------------
                      0.000000    0.000000    0.000000   clock virtual_clk (rise edge)
                                  0.000000    0.000000   clock network delay (ideal)
                                  2.000000    2.000000 ^ input external delay
     1    0.002999    0.000000    0.000000    2.000000 ^ op_a[0] (in)
                                                         op_a[0] (net)
                      0.000075    0.000037    2.000037 ^ input5/A (sky130_fd_sc_hd__clkbuf_2)
     6    0.032324    0.278785    0.310632    2.310669 ^ input5/X (sky130_fd_sc_hd__clkbuf_2)
                                                         net5 (net)
                      0.278813    0.002307    2.312977 ^ _709_/B2 (sky130_fd_sc_hd__a32o_1)
     1    0.002260    0.085372    0.299432    2.612409 ^ _709_/X (sky130_fd_sc_hd__a32o_1)
                                                         _179_ (net)
                      0.085372    0.000068    2.612477 ^ _710_/C (sky130_fd_sc_hd__or3_1)
     1    0.006479    0.110591    0.208735    2.821212 ^ _710_/X (sky130_fd_sc_hd__or3_1)
                                                         _180_ (net)
                      0.110591    0.000251    2.821463 ^ _718_/A (sky130_fd_sc_hd__or2_1)
     1    0.003511    0.074480    0.188247    3.009710 ^ _718_/X (sky130_fd_sc_hd__or2_1)
                                                         net22 (net)
                      0.074480    0.000108    3.009818 ^ output22/A (sky130_fd_sc_hd__buf_1)
     1    0.000872    0.040542    0.125678    3.135496 ^ output22/X (sky130_fd_sc_hd__buf_1)
                                                         op_out[1] (net)
                      0.040542    0.000010    3.135506 ^ op_out[1] (out)
                                              3.135506   data arrival time

                      0.000000    0.000000    0.000000   clock virtual_clk (rise edge)
                                  0.000000    0.000000   clock network delay (ideal)
                                  0.000000    0.000000   clock reconvergence pessimism
                                 -2.000000   -2.000000   output external delay
                                             -2.000000   data required time
---------------------------------------------------------------------------------------------
                                             -2.000000   data required time
                                             -3.135506   data arrival time
---------------------------------------------------------------------------------------------
                                              5.135506   slack (MET)


Startpoint: op_a[1] (input port clocked by virtual_clk)
Endpoint: op_out[2] (output port clocked by virtual_clk)
Path Group: virtual_clk
Path Type: min

Fanout         Cap        Slew       Delay        Time   Description
---------------------------------------------------------------------------------------------
                      0.000000    0.000000    0.000000   clock virtual_clk (rise edge)
                                  0.000000    0.000000   clock network delay (ideal)
                                  2.000000    2.000000 v input external delay
     1    0.002007    0.000000    0.000000    2.000000 v op_a[1] (in)
                                                         op_a[1] (net)
                      0.000046    0.000023    2.000023 v input6/A (sky130_fd_sc_hd__buf_2)
     6    0.038661    0.182983    0.325571    2.325594 v input6/X (sky130_fd_sc_hd__buf_2)
                                                         net6 (net)
                      0.183105    0.004338    2.329932 v _713_/A (sky130_fd_sc_hd__nand2_1)
     2    0.006109    0.114437    0.175292    2.505224 ^ _713_/Y (sky130_fd_sc_hd__nand2_1)
                                                         _183_ (net)
                      0.114437    0.000138    2.505363 ^ _725_/A1 (sky130_fd_sc_hd__a31oi_1)
     1    0.003029    0.068139    0.176169    2.681531 v _725_/Y (sky130_fd_sc_hd__a31oi_1)
                                                         _195_ (net)
                      0.068139    0.000093    2.681624 v _741_/A2 (sky130_fd_sc_hd__a21o_1)
     1    0.002885    0.058497    0.312813    2.994437 v _741_/X (sky130_fd_sc_hd__a21o_1)
                                                         net23 (net)
                      0.058497    0.000087    2.994524 v output23/A (sky130_fd_sc_hd__buf_1)
     1    0.001368    0.036587    0.141016    3.135540 v output23/X (sky130_fd_sc_hd__buf_1)
                                                         op_out[2] (net)
                      0.036587    0.000019    3.135559 v op_out[2] (out)
                                              3.135559   data arrival time

                      0.000000    0.000000    0.000000   clock virtual_clk (rise edge)
                                  0.000000    0.000000   clock network delay (ideal)
                                  0.000000    0.000000   clock reconvergence pessimism
                                 -2.000000   -2.000000   output external delay
                                             -2.000000   data required time
---------------------------------------------------------------------------------------------
                                             -2.000000   data required time
                                             -3.135559   data arrival time
---------------------------------------------------------------------------------------------
                                              5.135559   slack (MET)


Startpoint: inst[2] (input port clocked by virtual_clk)
Endpoint: op_out[3] (output port clocked by virtual_clk)
Path Group: virtual_clk
Path Type: min

Fanout         Cap        Slew       Delay        Time   Description
---------------------------------------------------------------------------------------------
                      0.000000    0.000000    0.000000   clock virtual_clk (rise edge)
                                  0.000000    0.000000   clock network delay (ideal)
                                  2.000000    2.000000 ^ input external delay
     1    0.003362    0.000000    0.000000    2.000000 ^ inst[2] (in)
                                                         inst[2] (net)
                      0.000103    0.000051    2.000051 ^ input3/A (sky130_fd_sc_hd__buf_2)
     8    0.032814    0.261429    0.303587    2.303638 ^ input3/X (sky130_fd_sc_hd__buf_2)
                                                         net3 (net)
                      0.261429    0.000974    2.304612 ^ _690_/A (sky130_fd_sc_hd__or4b_4)
     8    0.035828    0.182290    0.412444    2.717056 ^ _690_/X (sky130_fd_sc_hd__or4b_4)
                                                         _161_ (net)
                      0.182296    0.001319    2.718374 ^ _749_/A (sky130_fd_sc_hd__or3b_1)
     1    0.003054    0.065607    0.226311    2.944685 ^ _749_/X (sky130_fd_sc_hd__or3b_1)
                                                         _221_ (net)
                      0.065607    0.000089    2.944774 ^ _770_/B (sky130_fd_sc_hd__nand2b_1)
     1    0.004281    0.100241    0.127527    3.072301 v _770_/Y (sky130_fd_sc_hd__nand2b_1)
                                                         net24 (net)
                      0.100241    0.000152    3.072453 v output24/A (sky130_fd_sc_hd__buf_1)
     1    0.001064    0.033592    0.156781    3.229234 v output24/X (sky130_fd_sc_hd__buf_1)
                                                         op_out[3] (net)
                      0.033592    0.000013    3.229247 v op_out[3] (out)
                                              3.229247   data arrival time

                      0.000000    0.000000    0.000000   clock virtual_clk (rise edge)
                                  0.000000    0.000000   clock network delay (ideal)
                                  0.000000    0.000000   clock reconvergence pessimism
                                 -2.000000   -2.000000   output external delay
                                             -2.000000   data required time
---------------------------------------------------------------------------------------------
                                             -2.000000   data required time
                                             -3.229247   data arrival time
---------------------------------------------------------------------------------------------
                                              5.229248   slack (MET)



%OL_END_REPORT
%OL_CREATE_REPORT max.rpt

===========================================================================
report_checks -path_delay max (Setup)
============================================================================
======================= nom_ss_100C_1v60 Corner ===================================

Startpoint: op_b[4] (input port clocked by virtual_clk)
Endpoint: op_out[0] (output port clocked by virtual_clk)
Path Group: virtual_clk
Path Type: max

Fanout         Cap        Slew       Delay        Time   Description
---------------------------------------------------------------------------------------------
                      0.000000    0.000000    0.000000   clock virtual_clk (rise edge)
                                  0.000000    0.000000   clock network delay (ideal)
                                  2.000000    2.000000 v input external delay
     1    0.002944    0.000000    0.000000    2.000000 v op_b[4] (in)
                                                         op_b[4] (net)
                      0.000077    0.000038    2.000038 v input17/A (sky130_fd_sc_hd__buf_4)
     8    0.055502    0.144394    0.308238    2.308276 v input17/X (sky130_fd_sc_hd__buf_4)
                                                         net17 (net)
                      0.144394    0.000804    2.309080 v fanout35/A (sky130_fd_sc_hd__buf_12)
    13    0.060567    0.077400    0.295312    2.604392 v fanout35/X (sky130_fd_sc_hd__buf_12)
                                                         net35 (net)
                      0.078349    0.005253    2.609645 v _469_/D (sky130_fd_sc_hd__or4_4)
     5    0.019033    0.202015    0.929964    3.539609 v _469_/X (sky130_fd_sc_hd__or4_4)
                                                         _306_ (net)
                      0.202015    0.000795    3.540404 v _472_/A4 (sky130_fd_sc_hd__o41ai_4)
     3    0.008849    0.444137    0.449063    3.989468 ^ _472_/Y (sky130_fd_sc_hd__o41ai_4)
                                                         _338_ (net)
                      0.444137    0.000175    3.989643 ^ rebuffer29/A (sky130_fd_sc_hd__buf_1)
     2    0.008886    0.182698    0.355537    4.345180 ^ rebuffer29/X (sky130_fd_sc_hd__buf_1)
                                                         net69 (net)
                      0.182698    0.000175    4.345355 ^ rebuffer30/A (sky130_fd_sc_hd__dlygate4sd1_1)
     1    0.004007    0.080634    0.431456    4.776810 ^ rebuffer30/X (sky130_fd_sc_hd__dlygate4sd1_1)
                                                         net70 (net)
                      0.080634    0.000128    4.776938 ^ _477_/B1_N (sky130_fd_sc_hd__o21bai_1)
     3    0.010447    0.402090    0.267397    5.044335 ^ _477_/Y (sky130_fd_sc_hd__o21bai_1)
                                                         _392_ (net)
                      0.402090    0.000286    5.044621 ^ _491_/B (sky130_fd_sc_hd__nor2_1)
     2    0.008204    0.130841    0.234926    5.279548 v _491_/Y (sky130_fd_sc_hd__nor2_1)
                                                         _420_ (net)
                      0.130841    0.000242    5.279789 v _493_/B1 (sky130_fd_sc_hd__a211oi_2)
     3    0.012104    0.453619    0.515079    5.794868 ^ _493_/Y (sky130_fd_sc_hd__a211oi_2)
                                                         _422_ (net)
                      0.453619    0.000420    5.795288 ^ _502_/A2 (sky130_fd_sc_hd__o21ai_1)
     3    0.009735    0.207157    0.330346    6.125634 v _502_/Y (sky130_fd_sc_hd__o21ai_1)
                                                         _431_ (net)
                      0.207157    0.000214    6.125848 v _507_/A2 (sky130_fd_sc_hd__a31o_1)
     2    0.008511    0.112875    0.477788    6.603636 v _507_/X (sky130_fd_sc_hd__a31o_1)
                                                         _436_ (net)
                      0.112875    0.000214    6.603850 v _509_/A2 (sky130_fd_sc_hd__a211o_4)
     3    0.016292    0.106493    0.648554    7.252403 v _509_/X (sky130_fd_sc_hd__a211o_4)
                                                         _438_ (net)
                      0.106493    0.000411    7.252815 v _515_/A2 (sky130_fd_sc_hd__a21oi_4)
     8    0.038626    0.468840    0.490648    7.743463 ^ _515_/Y (sky130_fd_sc_hd__a21oi_4)
                                                         _444_ (net)
                      0.468845    0.001312    7.744775 ^ _524_/S (sky130_fd_sc_hd__mux2_4)
     2    0.007465    0.093241    0.696949    8.441724 v _524_/X (sky130_fd_sc_hd__mux2_4)
                                                         _453_ (net)
                      0.093241    0.000200    8.441924 v _539_/A1 (sky130_fd_sc_hd__a221o_1)
     3    0.010606    0.167528    0.673765    9.115689 v _539_/X (sky130_fd_sc_hd__a221o_1)
                                                         _010_ (net)
                      0.167528    0.000190    9.115879 v _544_/A2 (sky130_fd_sc_hd__a311o_1)
     5    0.015297    0.200447    0.748512    9.864391 v _544_/X (sky130_fd_sc_hd__a311o_1)
                                                         _015_ (net)
                      0.200447    0.000329    9.864720 v _579_/A1 (sky130_fd_sc_hd__a21o_1)
     2    0.005124    0.078885    0.361985   10.226706 v _579_/X (sky130_fd_sc_hd__a21o_1)
                                                         _050_ (net)
                      0.078885    0.000136   10.226841 v _583_/C (sky130_fd_sc_hd__and3_1)
     2    0.006440    0.100292    0.397821   10.624662 v _583_/X (sky130_fd_sc_hd__and3_1)
                                                         _054_ (net)
                      0.100292    0.000103   10.624765 v _585_/A (sky130_fd_sc_hd__or4_4)
     1    0.004276    0.151161    1.050397   11.675162 v _585_/X (sky130_fd_sc_hd__or4_4)
                                                         _056_ (net)
                      0.151161    0.000148   11.675311 v _586_/B (sky130_fd_sc_hd__or4b_4)
     1    0.008773    0.170380    1.073671   12.748981 v _586_/X (sky130_fd_sc_hd__or4b_4)
                                                         _057_ (net)
                      0.170380    0.000266   12.749248 v _590_/A2 (sky130_fd_sc_hd__a311oi_4)
     8    0.043724    0.898154    0.922476   13.671723 ^ _590_/Y (sky130_fd_sc_hd__a311oi_4)
                                                         _061_ (net)
                      0.898157    0.001260   13.672984 ^ _615_/S (sky130_fd_sc_hd__mux2_4)
     4    0.017679    0.119381    0.821804   14.494788 v _615_/X (sky130_fd_sc_hd__mux2_4)
                                                         _086_ (net)
                      0.119382    0.000618   14.495406 v _623_/A2 (sky130_fd_sc_hd__o22a_1)
     2    0.005271    0.109172    0.406208   14.901614 v _623_/X (sky130_fd_sc_hd__o22a_1)
                                                         _094_ (net)
                      0.109172    0.000105   14.901719 v _624_/B (sky130_fd_sc_hd__or4bb_4)
     5    0.027534    0.228083    1.162039   16.063759 v _624_/X (sky130_fd_sc_hd__or4bb_4)
                                                         _095_ (net)
                      0.228083    0.000878   16.064636 v _628_/A2 (sky130_fd_sc_hd__a21oi_4)
     6    0.028348    0.367247    0.468164   16.532801 ^ _628_/Y (sky130_fd_sc_hd__a21oi_4)
                                                         _099_ (net)
                      0.367247    0.000938   16.533739 ^ _665_/S (sky130_fd_sc_hd__mux2_1)
     3    0.008315    0.161998    0.867059   17.400797 v _665_/X (sky130_fd_sc_hd__mux2_1)
                                                         _136_ (net)
                      0.161998    0.000110   17.400908 v _669_/A2 (sky130_fd_sc_hd__a21o_1)
     1    0.002649    0.058462    0.350040   17.750948 v _669_/X (sky130_fd_sc_hd__a21o_1)
                                                         _140_ (net)
                      0.058462    0.000075   17.751022 v _671_/A1 (sky130_fd_sc_hd__o211a_1)
     1    0.004047    0.083107    0.411347   18.162371 v _671_/X (sky130_fd_sc_hd__o211a_1)
                                                         _142_ (net)
                      0.083107    0.000130   18.162500 v _672_/B2 (sky130_fd_sc_hd__o221a_1)
     1    0.002757    0.090836    0.396186   18.558685 v _672_/X (sky130_fd_sc_hd__o221a_1)
                                                         _143_ (net)
                      0.090836    0.000078   18.558764 v _675_/A1 (sky130_fd_sc_hd__o21a_1)
     1    0.003078    0.067455    0.345226   18.903990 v _675_/X (sky130_fd_sc_hd__o21a_1)
                                                         _146_ (net)
                      0.067455    0.000091   18.904081 v _679_/A2 (sky130_fd_sc_hd__o21a_1)
     1    0.007087    0.102413    0.345725   19.249805 v _679_/X (sky130_fd_sc_hd__o21a_1)
                                                         _150_ (net)
                      0.102413    0.000284   19.250090 v _700_/B (sky130_fd_sc_hd__or3_4)
     1    0.004319    0.116756    0.721560   19.971649 v _700_/X (sky130_fd_sc_hd__or3_4)
                                                         net21 (net)
                      0.116756    0.000151   19.971800 v output21/A (sky130_fd_sc_hd__clkbuf_1)
     1    0.002023    0.042971    0.174527   20.146328 v output21/X (sky130_fd_sc_hd__clkbuf_1)
                                                         op_out[0] (net)
                      0.042971    0.000037   20.146364 v op_out[0] (out)
                                             20.146364   data arrival time

                      0.000000   20.000000   20.000000   clock virtual_clk (rise edge)
                                  0.000000   20.000000   clock network delay (ideal)
                                  0.000000   20.000000   clock reconvergence pessimism
                                 -2.000000   18.000000   output external delay
                                             18.000000   data required time
---------------------------------------------------------------------------------------------
                                             18.000000   data required time
                                            -20.146364   data arrival time
---------------------------------------------------------------------------------------------
                                             -2.146365   slack (VIOLATED)


Startpoint: op_b[4] (input port clocked by virtual_clk)
Endpoint: op_out[1] (output port clocked by virtual_clk)
Path Group: virtual_clk
Path Type: max

Fanout         Cap        Slew       Delay        Time   Description
---------------------------------------------------------------------------------------------
                      0.000000    0.000000    0.000000   clock virtual_clk (rise edge)
                                  0.000000    0.000000   clock network delay (ideal)
                                  2.000000    2.000000 v input external delay
     1    0.002944    0.000000    0.000000    2.000000 v op_b[4] (in)
                                                         op_b[4] (net)
                      0.000077    0.000038    2.000038 v input17/A (sky130_fd_sc_hd__buf_4)
     8    0.055502    0.144394    0.308238    2.308276 v input17/X (sky130_fd_sc_hd__buf_4)
                                                         net17 (net)
                      0.144394    0.000804    2.309080 v fanout35/A (sky130_fd_sc_hd__buf_12)
    13    0.060567    0.077400    0.295312    2.604392 v fanout35/X (sky130_fd_sc_hd__buf_12)
                                                         net35 (net)
                      0.078349    0.005253    2.609645 v _469_/D (sky130_fd_sc_hd__or4_4)
     5    0.019033    0.202015    0.929964    3.539609 v _469_/X (sky130_fd_sc_hd__or4_4)
                                                         _306_ (net)
                      0.202015    0.000795    3.540404 v _472_/A4 (sky130_fd_sc_hd__o41ai_4)
     3    0.008849    0.444137    0.449063    3.989468 ^ _472_/Y (sky130_fd_sc_hd__o41ai_4)
                                                         _338_ (net)
                      0.444137    0.000175    3.989643 ^ rebuffer29/A (sky130_fd_sc_hd__buf_1)
     2    0.008886    0.182698    0.355537    4.345180 ^ rebuffer29/X (sky130_fd_sc_hd__buf_1)
                                                         net69 (net)
                      0.182698    0.000175    4.345355 ^ rebuffer30/A (sky130_fd_sc_hd__dlygate4sd1_1)
     1    0.004007    0.080634    0.431456    4.776810 ^ rebuffer30/X (sky130_fd_sc_hd__dlygate4sd1_1)
                                                         net70 (net)
                      0.080634    0.000128    4.776938 ^ _477_/B1_N (sky130_fd_sc_hd__o21bai_1)
     3    0.010447    0.402090    0.267397    5.044335 ^ _477_/Y (sky130_fd_sc_hd__o21bai_1)
                                                         _392_ (net)
                      0.402090    0.000286    5.044621 ^ _491_/B (sky130_fd_sc_hd__nor2_1)
     2    0.008204    0.130841    0.234926    5.279548 v _491_/Y (sky130_fd_sc_hd__nor2_1)
                                                         _420_ (net)
                      0.130841    0.000242    5.279789 v _493_/B1 (sky130_fd_sc_hd__a211oi_2)
     3    0.012104    0.453619    0.515079    5.794868 ^ _493_/Y (sky130_fd_sc_hd__a211oi_2)
                                                         _422_ (net)
                      0.453619    0.000420    5.795288 ^ _502_/A2 (sky130_fd_sc_hd__o21ai_1)
     3    0.009735    0.207157    0.330346    6.125634 v _502_/Y (sky130_fd_sc_hd__o21ai_1)
                                                         _431_ (net)
                      0.207157    0.000214    6.125848 v _507_/A2 (sky130_fd_sc_hd__a31o_1)
     2    0.008511    0.112875    0.477788    6.603636 v _507_/X (sky130_fd_sc_hd__a31o_1)
                                                         _436_ (net)
                      0.112875    0.000214    6.603850 v _509_/A2 (sky130_fd_sc_hd__a211o_4)
     3    0.016292    0.106493    0.648554    7.252403 v _509_/X (sky130_fd_sc_hd__a211o_4)
                                                         _438_ (net)
                      0.106493    0.000411    7.252815 v _515_/A2 (sky130_fd_sc_hd__a21oi_4)
     8    0.038626    0.468840    0.490648    7.743463 ^ _515_/Y (sky130_fd_sc_hd__a21oi_4)
                                                         _444_ (net)
                      0.468845    0.001312    7.744775 ^ _524_/S (sky130_fd_sc_hd__mux2_4)
     2    0.007465    0.093241    0.696949    8.441724 v _524_/X (sky130_fd_sc_hd__mux2_4)
                                                         _453_ (net)
                      0.093241    0.000200    8.441924 v _539_/A1 (sky130_fd_sc_hd__a221o_1)
     3    0.010606    0.167528    0.673765    9.115689 v _539_/X (sky130_fd_sc_hd__a221o_1)
                                                         _010_ (net)
                      0.167528    0.000190    9.115879 v _544_/A2 (sky130_fd_sc_hd__a311o_1)
     5    0.015297    0.200447    0.748512    9.864391 v _544_/X (sky130_fd_sc_hd__a311o_1)
                                                         _015_ (net)
                      0.200447    0.000329    9.864720 v _579_/A1 (sky130_fd_sc_hd__a21o_1)
     2    0.005124    0.078885    0.361985   10.226706 v _579_/X (sky130_fd_sc_hd__a21o_1)
                                                         _050_ (net)
                      0.078885    0.000136   10.226841 v _583_/C (sky130_fd_sc_hd__and3_1)
     2    0.006440    0.100292    0.397821   10.624662 v _583_/X (sky130_fd_sc_hd__and3_1)
                                                         _054_ (net)
                      0.100292    0.000103   10.624765 v _585_/A (sky130_fd_sc_hd__or4_4)
     1    0.004276    0.151161    1.050397   11.675162 v _585_/X (sky130_fd_sc_hd__or4_4)
                                                         _056_ (net)
                      0.151161    0.000148   11.675311 v _586_/B (sky130_fd_sc_hd__or4b_4)
     1    0.008773    0.170380    1.073671   12.748981 v _586_/X (sky130_fd_sc_hd__or4b_4)
                                                         _057_ (net)
                      0.170380    0.000266   12.749248 v _590_/A2 (sky130_fd_sc_hd__a311oi_4)
     8    0.043724    0.898154    0.922476   13.671723 ^ _590_/Y (sky130_fd_sc_hd__a311oi_4)
                                                         _061_ (net)
                      0.898157    0.001260   13.672984 ^ _615_/S (sky130_fd_sc_hd__mux2_4)
     4    0.017679    0.119381    0.821804   14.494788 v _615_/X (sky130_fd_sc_hd__mux2_4)
                                                         _086_ (net)
                      0.119382    0.000618   14.495406 v _623_/A2 (sky130_fd_sc_hd__o22a_1)
     2    0.005271    0.109172    0.406208   14.901614 v _623_/X (sky130_fd_sc_hd__o22a_1)
                                                         _094_ (net)
                      0.109172    0.000105   14.901719 v _624_/B (sky130_fd_sc_hd__or4bb_4)
     5    0.027534    0.228083    1.162039   16.063759 v _624_/X (sky130_fd_sc_hd__or4bb_4)
                                                         _095_ (net)
                      0.228083    0.000988   16.064747 v clone1/A2 (sky130_fd_sc_hd__a21oi_2)
     6    0.022649    0.470132    0.530843   16.595589 ^ clone1/Y (sky130_fd_sc_hd__a21oi_2)
                                                         net41 (net)
                      0.470132    0.000377   16.595966 ^ _717_/A2 (sky130_fd_sc_hd__a22o_1)
     1    0.005400    0.114402    0.443759   17.039724 ^ _717_/X (sky130_fd_sc_hd__a22o_1)
                                                         _187_ (net)
                      0.114402    0.000176   17.039900 ^ _718_/B (sky130_fd_sc_hd__or2_1)
     1    0.003511    0.074727    0.186384   17.226284 ^ _718_/X (sky130_fd_sc_hd__or2_1)
                                                         net22 (net)
                      0.074727    0.000108   17.226393 ^ output22/A (sky130_fd_sc_hd__buf_1)
     1    0.000872    0.040542    0.125789   17.352182 ^ output22/X (sky130_fd_sc_hd__buf_1)
                                                         op_out[1] (net)
                      0.040542    0.000011   17.352194 ^ op_out[1] (out)
                                             17.352194   data arrival time

                      0.000000   20.000000   20.000000   clock virtual_clk (rise edge)
                                  0.000000   20.000000   clock network delay (ideal)
                                  0.000000   20.000000   clock reconvergence pessimism
                                 -2.000000   18.000000   output external delay
                                             18.000000   data required time
---------------------------------------------------------------------------------------------
                                             18.000000   data required time
                                            -17.352194   data arrival time
---------------------------------------------------------------------------------------------
                                              0.647807   slack (MET)


Startpoint: op_b[4] (input port clocked by virtual_clk)
Endpoint: op_out[2] (output port clocked by virtual_clk)
Path Group: virtual_clk
Path Type: max

Fanout         Cap        Slew       Delay        Time   Description
---------------------------------------------------------------------------------------------
                      0.000000    0.000000    0.000000   clock virtual_clk (rise edge)
                                  0.000000    0.000000   clock network delay (ideal)
                                  2.000000    2.000000 v input external delay
     1    0.002944    0.000000    0.000000    2.000000 v op_b[4] (in)
                                                         op_b[4] (net)
                      0.000077    0.000038    2.000038 v input17/A (sky130_fd_sc_hd__buf_4)
     8    0.055502    0.144394    0.308238    2.308276 v input17/X (sky130_fd_sc_hd__buf_4)
                                                         net17 (net)
                      0.144394    0.000804    2.309080 v fanout35/A (sky130_fd_sc_hd__buf_12)
    13    0.060567    0.077400    0.295312    2.604392 v fanout35/X (sky130_fd_sc_hd__buf_12)
                                                         net35 (net)
                      0.078349    0.005253    2.609645 v _469_/D (sky130_fd_sc_hd__or4_4)
     5    0.019033    0.202015    0.929964    3.539609 v _469_/X (sky130_fd_sc_hd__or4_4)
                                                         _306_ (net)
                      0.202015    0.000795    3.540404 v _472_/A4 (sky130_fd_sc_hd__o41ai_4)
     3    0.008849    0.444137    0.449063    3.989468 ^ _472_/Y (sky130_fd_sc_hd__o41ai_4)
                                                         _338_ (net)
                      0.444137    0.000175    3.989643 ^ rebuffer29/A (sky130_fd_sc_hd__buf_1)
     2    0.008886    0.182698    0.355537    4.345180 ^ rebuffer29/X (sky130_fd_sc_hd__buf_1)
                                                         net69 (net)
                      0.182698    0.000175    4.345355 ^ rebuffer30/A (sky130_fd_sc_hd__dlygate4sd1_1)
     1    0.004007    0.080634    0.431456    4.776810 ^ rebuffer30/X (sky130_fd_sc_hd__dlygate4sd1_1)
                                                         net70 (net)
                      0.080634    0.000128    4.776938 ^ _477_/B1_N (sky130_fd_sc_hd__o21bai_1)
     3    0.010447    0.402090    0.267397    5.044335 ^ _477_/Y (sky130_fd_sc_hd__o21bai_1)
                                                         _392_ (net)
                      0.402090    0.000286    5.044621 ^ _491_/B (sky130_fd_sc_hd__nor2_1)
     2    0.008204    0.130841    0.234926    5.279548 v _491_/Y (sky130_fd_sc_hd__nor2_1)
                                                         _420_ (net)
                      0.130841    0.000242    5.279789 v _493_/B1 (sky130_fd_sc_hd__a211oi_2)
     3    0.012104    0.453619    0.515079    5.794868 ^ _493_/Y (sky130_fd_sc_hd__a211oi_2)
                                                         _422_ (net)
                      0.453619    0.000420    5.795288 ^ _502_/A2 (sky130_fd_sc_hd__o21ai_1)
     3    0.009735    0.207157    0.330346    6.125634 v _502_/Y (sky130_fd_sc_hd__o21ai_1)
                                                         _431_ (net)
                      0.207157    0.000214    6.125848 v _507_/A2 (sky130_fd_sc_hd__a31o_1)
     2    0.008511    0.112875    0.477788    6.603636 v _507_/X (sky130_fd_sc_hd__a31o_1)
                                                         _436_ (net)
                      0.112875    0.000214    6.603850 v _509_/A2 (sky130_fd_sc_hd__a211o_4)
     3    0.016292    0.106493    0.648554    7.252403 v _509_/X (sky130_fd_sc_hd__a211o_4)
                                                         _438_ (net)
                      0.106493    0.000411    7.252815 v _515_/A2 (sky130_fd_sc_hd__a21oi_4)
     8    0.038626    0.468840    0.490648    7.743463 ^ _515_/Y (sky130_fd_sc_hd__a21oi_4)
                                                         _444_ (net)
                      0.468845    0.001312    7.744775 ^ _524_/S (sky130_fd_sc_hd__mux2_4)
     2    0.007465    0.093241    0.696949    8.441724 v _524_/X (sky130_fd_sc_hd__mux2_4)
                                                         _453_ (net)
                      0.093241    0.000200    8.441924 v _539_/A1 (sky130_fd_sc_hd__a221o_1)
     3    0.010606    0.167528    0.673765    9.115689 v _539_/X (sky130_fd_sc_hd__a221o_1)
                                                         _010_ (net)
                      0.167528    0.000190    9.115879 v _544_/A2 (sky130_fd_sc_hd__a311o_1)
     5    0.015297    0.200447    0.748512    9.864391 v _544_/X (sky130_fd_sc_hd__a311o_1)
                                                         _015_ (net)
                      0.200447    0.000329    9.864720 v _579_/A1 (sky130_fd_sc_hd__a21o_1)
     2    0.005124    0.078885    0.361985   10.226706 v _579_/X (sky130_fd_sc_hd__a21o_1)
                                                         _050_ (net)
                      0.078885    0.000136   10.226841 v _583_/C (sky130_fd_sc_hd__and3_1)
     2    0.006440    0.100292    0.397821   10.624662 v _583_/X (sky130_fd_sc_hd__and3_1)
                                                         _054_ (net)
                      0.100292    0.000103   10.624765 v _585_/A (sky130_fd_sc_hd__or4_4)
     1    0.004276    0.151161    1.050397   11.675162 v _585_/X (sky130_fd_sc_hd__or4_4)
                                                         _056_ (net)
                      0.151161    0.000148   11.675311 v _586_/B (sky130_fd_sc_hd__or4b_4)
     1    0.008773    0.170380    1.073671   12.748981 v _586_/X (sky130_fd_sc_hd__or4b_4)
                                                         _057_ (net)
                      0.170380    0.000266   12.749248 v _590_/A2 (sky130_fd_sc_hd__a311oi_4)
     8    0.043724    0.898154    0.922476   13.671723 ^ _590_/Y (sky130_fd_sc_hd__a311oi_4)
                                                         _061_ (net)
                      0.898159    0.001663   13.673387 ^ _740_/A2 (sky130_fd_sc_hd__a211o_1)
     1    0.007239    0.128384    0.536047   14.209434 ^ _740_/X (sky130_fd_sc_hd__a211o_1)
                                                         _212_ (net)
                      0.128384    0.000308   14.209742 ^ _741_/B1 (sky130_fd_sc_hd__a21o_1)
     1    0.003014    0.067122    0.164660   14.374402 ^ _741_/X (sky130_fd_sc_hd__a21o_1)
                                                         net23 (net)
                      0.067122    0.000091   14.374493 ^ output23/A (sky130_fd_sc_hd__buf_1)
     1    0.001368    0.048613    0.129683   14.504176 ^ output23/X (sky130_fd_sc_hd__buf_1)
                                                         op_out[2] (net)
                      0.048613    0.000019   14.504194 ^ op_out[2] (out)
                                             14.504194   data arrival time

                      0.000000   20.000000   20.000000   clock virtual_clk (rise edge)
                                  0.000000   20.000000   clock network delay (ideal)
                                  0.000000   20.000000   clock reconvergence pessimism
                                 -2.000000   18.000000   output external delay
                                             18.000000   data required time
---------------------------------------------------------------------------------------------
                                             18.000000   data required time
                                            -14.504194   data arrival time
---------------------------------------------------------------------------------------------
                                              3.495806   slack (MET)


Startpoint: op_b[4] (input port clocked by virtual_clk)
Endpoint: op_out[3] (output port clocked by virtual_clk)
Path Group: virtual_clk
Path Type: max

Fanout         Cap        Slew       Delay        Time   Description
---------------------------------------------------------------------------------------------
                      0.000000    0.000000    0.000000   clock virtual_clk (rise edge)
                                  0.000000    0.000000   clock network delay (ideal)
                                  2.000000    2.000000 v input external delay
     1    0.002944    0.000000    0.000000    2.000000 v op_b[4] (in)
                                                         op_b[4] (net)
                      0.000077    0.000038    2.000038 v input17/A (sky130_fd_sc_hd__buf_4)
     8    0.055502    0.144394    0.308238    2.308276 v input17/X (sky130_fd_sc_hd__buf_4)
                                                         net17 (net)
                      0.144394    0.000804    2.309080 v fanout35/A (sky130_fd_sc_hd__buf_12)
    13    0.060567    0.077400    0.295312    2.604392 v fanout35/X (sky130_fd_sc_hd__buf_12)
                                                         net35 (net)
                      0.078349    0.005253    2.609645 v _469_/D (sky130_fd_sc_hd__or4_4)
     5    0.019033    0.202015    0.929964    3.539609 v _469_/X (sky130_fd_sc_hd__or4_4)
                                                         _306_ (net)
                      0.202015    0.000795    3.540404 v _472_/A4 (sky130_fd_sc_hd__o41ai_4)
     3    0.008849    0.444137    0.449063    3.989468 ^ _472_/Y (sky130_fd_sc_hd__o41ai_4)
                                                         _338_ (net)
                      0.444137    0.000175    3.989643 ^ rebuffer29/A (sky130_fd_sc_hd__buf_1)
     2    0.008886    0.182698    0.355537    4.345180 ^ rebuffer29/X (sky130_fd_sc_hd__buf_1)
                                                         net69 (net)
                      0.182698    0.000175    4.345355 ^ rebuffer30/A (sky130_fd_sc_hd__dlygate4sd1_1)
     1    0.004007    0.080634    0.431456    4.776810 ^ rebuffer30/X (sky130_fd_sc_hd__dlygate4sd1_1)
                                                         net70 (net)
                      0.080634    0.000128    4.776938 ^ _477_/B1_N (sky130_fd_sc_hd__o21bai_1)
     3    0.010447    0.402090    0.267397    5.044335 ^ _477_/Y (sky130_fd_sc_hd__o21bai_1)
                                                         _392_ (net)
                      0.402090    0.000286    5.044621 ^ _491_/B (sky130_fd_sc_hd__nor2_1)
     2    0.008204    0.130841    0.234926    5.279548 v _491_/Y (sky130_fd_sc_hd__nor2_1)
                                                         _420_ (net)
                      0.130841    0.000242    5.279789 v _493_/B1 (sky130_fd_sc_hd__a211oi_2)
     3    0.012104    0.453619    0.515079    5.794868 ^ _493_/Y (sky130_fd_sc_hd__a211oi_2)
                                                         _422_ (net)
                      0.453619    0.000420    5.795288 ^ _502_/A2 (sky130_fd_sc_hd__o21ai_1)
     3    0.009735    0.207157    0.330346    6.125634 v _502_/Y (sky130_fd_sc_hd__o21ai_1)
                                                         _431_ (net)
                      0.207157    0.000214    6.125848 v _507_/A2 (sky130_fd_sc_hd__a31o_1)
     2    0.008511    0.112875    0.477788    6.603636 v _507_/X (sky130_fd_sc_hd__a31o_1)
                                                         _436_ (net)
                      0.112875    0.000214    6.603850 v _509_/A2 (sky130_fd_sc_hd__a211o_4)
     3    0.016292    0.106493    0.648554    7.252403 v _509_/X (sky130_fd_sc_hd__a211o_4)
                                                         _438_ (net)
                      0.106493    0.000411    7.252815 v _515_/A2 (sky130_fd_sc_hd__a21oi_4)
     8    0.038626    0.468840    0.490648    7.743463 ^ _515_/Y (sky130_fd_sc_hd__a21oi_4)
                                                         _444_ (net)
                      0.468845    0.001312    7.744775 ^ _524_/S (sky130_fd_sc_hd__mux2_4)
     2    0.007465    0.093241    0.696949    8.441724 v _524_/X (sky130_fd_sc_hd__mux2_4)
                                                         _453_ (net)
                      0.093241    0.000200    8.441924 v _539_/A1 (sky130_fd_sc_hd__a221o_1)
     3    0.010606    0.167528    0.673765    9.115689 v _539_/X (sky130_fd_sc_hd__a221o_1)
                                                         _010_ (net)
                      0.167528    0.000237    9.115926 v _543_/A3 (sky130_fd_sc_hd__a311oi_2)
     4    0.014709    0.581077    0.699150    9.815076 ^ _543_/Y (sky130_fd_sc_hd__a311oi_2)
                                                         _014_ (net)
                      0.581077    0.000276    9.815352 ^ _548_/A (sky130_fd_sc_hd__nor2_1)
     2    0.011437    0.184234    0.347963   10.163316 v _548_/Y (sky130_fd_sc_hd__nor2_1)
                                                         _019_ (net)
                      0.184234    0.000404   10.163720 v _769_/A2 (sky130_fd_sc_hd__a211o_1)
     1    0.004129    0.098247    0.598288   10.762008 v _769_/X (sky130_fd_sc_hd__a211o_1)
                                                         _243_ (net)
                      0.098247    0.000155   10.762162 v _770_/A_N (sky130_fd_sc_hd__nand2b_1)
     1    0.004281    0.110569    0.323586   11.085748 v _770_/Y (sky130_fd_sc_hd__nand2b_1)
                                                         net24 (net)
                      0.110569    0.000152   11.085899 v output24/A (sky130_fd_sc_hd__buf_1)
     1    0.001064    0.033666    0.161681   11.247581 v output24/X (sky130_fd_sc_hd__buf_1)
                                                         op_out[3] (net)
                      0.033666    0.000013   11.247594 v op_out[3] (out)
                                             11.247594   data arrival time

                      0.000000   20.000000   20.000000   clock virtual_clk (rise edge)
                                  0.000000   20.000000   clock network delay (ideal)
                                  0.000000   20.000000   clock reconvergence pessimism
                                 -2.000000   18.000000   output external delay
                                             18.000000   data required time
---------------------------------------------------------------------------------------------
                                             18.000000   data required time
                                            -11.247594   data arrival time
---------------------------------------------------------------------------------------------
                                              6.752406   slack (MET)


Startpoint: op_b[0] (input port clocked by virtual_clk)
Endpoint: op_out[5] (output port clocked by virtual_clk)
Path Group: virtual_clk
Path Type: max

Fanout         Cap        Slew       Delay        Time   Description
---------------------------------------------------------------------------------------------
                      0.000000    0.000000    0.000000   clock virtual_clk (rise edge)
                                  0.000000    0.000000   clock network delay (ideal)
                                  2.000000    2.000000 ^ input external delay
     1    0.002596    0.000000    0.000000    2.000000 ^ op_b[0] (in)
                                                         op_b[0] (net)
                      0.000066    0.000033    2.000033 ^ input13/A (sky130_fd_sc_hd__buf_2)
     7    0.037719    0.298140    0.328266    2.328299 ^ input13/X (sky130_fd_sc_hd__buf_2)
                                                         net13 (net)
                      0.298149    0.001396    2.329695 ^ fanout40/A (sky130_fd_sc_hd__buf_4)
    16    0.073200    0.327079    0.497951    2.827646 ^ fanout40/X (sky130_fd_sc_hd__buf_4)
                                                         net40 (net)
                      0.327110    0.003344    2.830990 ^ _458_/A (sky130_fd_sc_hd__clkinv_4)
    13    0.051749    0.205137    0.296997    3.127987 v _458_/Y (sky130_fd_sc_hd__clkinv_4)
                                                         _188_ (net)
                      0.205140    0.001156    3.129143 v _536_/A (sky130_fd_sc_hd__nor2_1)
     4    0.018458    0.560334    0.541874    3.671017 ^ _536_/Y (sky130_fd_sc_hd__nor2_1)
                                                         _007_ (net)
                      0.560337    0.001076    3.672093 ^ _780_/C (sky130_fd_sc_hd__and3_1)
     2    0.005986    0.131479    0.493524    4.165617 ^ _780_/X (sky130_fd_sc_hd__and3_1)
                                                         _254_ (net)
                      0.131479    0.000142    4.165759 ^ _781_/B1 (sky130_fd_sc_hd__a21oi_1)
     2    0.010230    0.196261    0.144583    4.310341 v _781_/Y (sky130_fd_sc_hd__a21oi_1)
                                                         _255_ (net)
                      0.196261    0.000136    4.310477 v _805_/A3 (sky130_fd_sc_hd__a31oi_1)
     2    0.008009    0.362444    0.438827    4.749305 ^ _805_/Y (sky130_fd_sc_hd__a31oi_1)
                                                         _280_ (net)
                      0.362444    0.000244    4.749549 ^ _813_/A (sky130_fd_sc_hd__xnor2_1)
     2    0.006187    0.295203    0.335617    5.085166 ^ _813_/Y (sky130_fd_sc_hd__xnor2_1)
                                                         _289_ (net)
                      0.295203    0.000196    5.085362 ^ _814_/B (sky130_fd_sc_hd__or2_1)
     1    0.002464    0.063283    0.247002    5.332365 ^ _814_/X (sky130_fd_sc_hd__or2_1)
                                                         _290_ (net)
                      0.063283    0.000047    5.332411 ^ _816_/A (sky130_fd_sc_hd__nand2_1)
     2    0.006599    0.127815    0.138014    5.470425 v _816_/Y (sky130_fd_sc_hd__nand2_1)
                                                         _292_ (net)
                      0.127815    0.000199    5.470623 v _817_/C (sky130_fd_sc_hd__and3_1)
     1    0.003340    0.075131    0.392346    5.862970 v _817_/X (sky130_fd_sc_hd__and3_1)
                                                         _293_ (net)
                      0.075131    0.000097    5.863067 v _819_/A (sky130_fd_sc_hd__nor2_1)
     2    0.008014    0.271566    0.277821    6.140888 ^ _819_/Y (sky130_fd_sc_hd__nor2_1)
                                                         _296_ (net)
                      0.271566    0.000193    6.141081 ^ _820_/B (sky130_fd_sc_hd__xnor2_1)
     2    0.005512    0.273102    0.300500    6.441581 ^ _820_/Y (sky130_fd_sc_hd__xnor2_1)
                                                         _297_ (net)
                      0.273102    0.000158    6.441739 ^ _821_/B (sky130_fd_sc_hd__or2_1)
     3    0.013215    0.208620    0.351646    6.793384 ^ _821_/X (sky130_fd_sc_hd__or2_1)
                                                         _298_ (net)
                      0.208620    0.000294    6.793679 ^ _824_/A (sky130_fd_sc_hd__nand2_1)
     3    0.009166    0.170435    0.229454    7.023132 v _824_/Y (sky130_fd_sc_hd__nand2_1)
                                                         _301_ (net)
                      0.170435    0.000252    7.023385 v _827_/A2 (sky130_fd_sc_hd__o21a_1)
     1    0.003468    0.071215    0.355336    7.378720 v _827_/X (sky130_fd_sc_hd__o21a_1)
                                                         _304_ (net)
                      0.071215    0.000104    7.378825 v _840_/B2 (sky130_fd_sc_hd__a221o_1)
     1    0.002810    0.091777    0.586068    7.964893 v _840_/X (sky130_fd_sc_hd__a221o_1)
                                                         _319_ (net)
                      0.091777    0.000058    7.964951 v _842_/B (sky130_fd_sc_hd__or3_1)
     1    0.005672    0.166806    0.846375    8.811326 v _842_/X (sky130_fd_sc_hd__or3_1)
                                                         net26 (net)
                      0.166806    0.000236    8.811563 v output26/A (sky130_fd_sc_hd__buf_1)
     1    0.001246    0.035918    0.190533    9.002095 v output26/X (sky130_fd_sc_hd__buf_1)
                                                         op_out[5] (net)
                      0.035918    0.000016    9.002111 v op_out[5] (out)
                                              9.002111   data arrival time

                      0.000000   20.000000   20.000000   clock virtual_clk (rise edge)
                                  0.000000   20.000000   clock network delay (ideal)
                                  0.000000   20.000000   clock reconvergence pessimism
                                 -2.000000   18.000000   output external delay
                                             18.000000   data required time
---------------------------------------------------------------------------------------------
                                             18.000000   data required time
                                             -9.002111   data arrival time
---------------------------------------------------------------------------------------------
                                              8.997889   slack (MET)


Startpoint: op_b[0] (input port clocked by virtual_clk)
Endpoint: op_out[7] (output port clocked by virtual_clk)
Path Group: virtual_clk
Path Type: max

Fanout         Cap        Slew       Delay        Time   Description
---------------------------------------------------------------------------------------------
                      0.000000    0.000000    0.000000   clock virtual_clk (rise edge)
                                  0.000000    0.000000   clock network delay (ideal)
                                  2.000000    2.000000 v input external delay
     1    0.002468    0.000000    0.000000    2.000000 v op_b[0] (in)
                                                         op_b[0] (net)
                      0.000062    0.000031    2.000031 v input13/A (sky130_fd_sc_hd__buf_2)
     7    0.036857    0.176414    0.320281    2.320312 v input13/X (sky130_fd_sc_hd__buf_2)
                                                         net13 (net)
                      0.176421    0.001360    2.321673 v fanout40/A (sky130_fd_sc_hd__buf_4)
    16    0.070119    0.174589    0.415036    2.736708 v fanout40/X (sky130_fd_sc_hd__buf_4)
                                                         net40 (net)
                      0.174608    0.001910    2.738618 v _488_/A (sky130_fd_sc_hd__and2_1)
     4    0.009692    0.123207    0.382205    3.120824 v _488_/X (sky130_fd_sc_hd__and2_1)
                                                         _417_ (net)
                      0.123207    0.000157    3.120981 v _861_/C (sky130_fd_sc_hd__and3_1)
     2    0.004394    0.084978    0.402419    3.523399 v _861_/X (sky130_fd_sc_hd__and3_1)
                                                         _341_ (net)
                      0.084978    0.000108    3.523507 v _863_/A (sky130_fd_sc_hd__or2_1)
     1    0.004403    0.112945    0.522151    4.045658 v _863_/X (sky130_fd_sc_hd__or2_1)
                                                         _343_ (net)
                      0.112945    0.000085    4.045743 v _864_/B (sky130_fd_sc_hd__xor2_1)
     2    0.006098    0.135960    0.306451    4.352194 v _864_/X (sky130_fd_sc_hd__xor2_1)
                                                         _344_ (net)
                      0.135960    0.000177    4.352371 v _866_/B1 (sky130_fd_sc_hd__o21a_1)
     2    0.005112    0.085748    0.241697    4.594068 v _866_/X (sky130_fd_sc_hd__o21a_1)
                                                         _346_ (net)
                      0.085748    0.000077    4.594145 v _867_/B (sky130_fd_sc_hd__or2_1)
     2    0.009258    0.153001    0.534230    5.128375 v _867_/X (sky130_fd_sc_hd__or2_1)
                                                         _347_ (net)
                      0.153001    0.000135    5.128510 v _869_/B (sky130_fd_sc_hd__xor2_1)
     2    0.005526    0.147310    0.318052    5.446563 v _869_/X (sky130_fd_sc_hd__xor2_1)
                                                         _350_ (net)
                      0.147311    0.000161    5.446724 v _870_/C (sky130_fd_sc_hd__and3_1)
     2    0.005596    0.093799    0.424641    5.871366 v _870_/X (sky130_fd_sc_hd__and3_1)
                                                         _351_ (net)
                      0.093799    0.000147    5.871512 v _873_/B (sky130_fd_sc_hd__or3_1)
     3    0.007933    0.188398    0.877560    6.749073 v _873_/X (sky130_fd_sc_hd__or3_1)
                                                         _354_ (net)
                      0.188398    0.000219    6.749292 v _875_/C (sky130_fd_sc_hd__and3_1)
     1    0.004739    0.087537    0.437803    7.187095 v _875_/X (sky130_fd_sc_hd__and3_1)
                                                         _356_ (net)
                      0.087537    0.000096    7.187191 v _893_/B (sky130_fd_sc_hd__xnor2_1)
     1    0.004995    0.256738    0.273646    7.460837 ^ _893_/Y (sky130_fd_sc_hd__xnor2_1)
                                                         _375_ (net)
                      0.256738    0.000147    7.460985 ^ _916_/A (sky130_fd_sc_hd__xnor2_1)
     2    0.010455    0.206553    0.297482    7.758467 v _916_/Y (sky130_fd_sc_hd__xnor2_1)
                                                         _400_ (net)
                      0.206553    0.000567    7.759034 v _917_/B (sky130_fd_sc_hd__or2_1)
     1    0.003259    0.100871    0.517062    8.276095 v _917_/X (sky130_fd_sc_hd__or2_1)
                                                         _401_ (net)
                      0.100871    0.000099    8.276195 v _923_/A2 (sky130_fd_sc_hd__a311o_1)
     1    0.002310    0.087773    0.581270    8.857465 v _923_/X (sky130_fd_sc_hd__a311o_1)
                                                         net28 (net)
                      0.087773    0.000065    8.857530 v output28/A (sky130_fd_sc_hd__buf_1)
     1    0.000433    0.027122    0.143365    9.000895 v output28/X (sky130_fd_sc_hd__buf_1)
                                                         op_out[7] (net)
                      0.027122    0.000004    9.000899 v op_out[7] (out)
                                              9.000899   data arrival time

                      0.000000   20.000000   20.000000   clock virtual_clk (rise edge)
                                  0.000000   20.000000   clock network delay (ideal)
                                  0.000000   20.000000   clock reconvergence pessimism
                                 -2.000000   18.000000   output external delay
                                             18.000000   data required time
---------------------------------------------------------------------------------------------
                                             18.000000   data required time
                                             -9.000899   data arrival time
---------------------------------------------------------------------------------------------
                                              8.999102   slack (MET)


Startpoint: op_b[0] (input port clocked by virtual_clk)
Endpoint: op_out[6] (output port clocked by virtual_clk)
Path Group: virtual_clk
Path Type: max

Fanout         Cap        Slew       Delay        Time   Description
---------------------------------------------------------------------------------------------
                      0.000000    0.000000    0.000000   clock virtual_clk (rise edge)
                                  0.000000    0.000000   clock network delay (ideal)
                                  2.000000    2.000000 v input external delay
     1    0.002468    0.000000    0.000000    2.000000 v op_b[0] (in)
                                                         op_b[0] (net)
                      0.000062    0.000031    2.000031 v input13/A (sky130_fd_sc_hd__buf_2)
     7    0.036857    0.176414    0.320281    2.320312 v input13/X (sky130_fd_sc_hd__buf_2)
                                                         net13 (net)
                      0.176421    0.001360    2.321673 v fanout40/A (sky130_fd_sc_hd__buf_4)
    16    0.070119    0.174589    0.415036    2.736708 v fanout40/X (sky130_fd_sc_hd__buf_4)
                                                         net40 (net)
                      0.174608    0.001910    2.738618 v _488_/A (sky130_fd_sc_hd__and2_1)
     4    0.009692    0.123207    0.382205    3.120824 v _488_/X (sky130_fd_sc_hd__and2_1)
                                                         _417_ (net)
                      0.123207    0.000157    3.120981 v _861_/C (sky130_fd_sc_hd__and3_1)
     2    0.004394    0.084978    0.402419    3.523399 v _861_/X (sky130_fd_sc_hd__and3_1)
                                                         _341_ (net)
                      0.084978    0.000108    3.523507 v _863_/A (sky130_fd_sc_hd__or2_1)
     1    0.004403    0.112945    0.522151    4.045658 v _863_/X (sky130_fd_sc_hd__or2_1)
                                                         _343_ (net)
                      0.112945    0.000085    4.045743 v _864_/B (sky130_fd_sc_hd__xor2_1)
     2    0.006098    0.135960    0.306451    4.352194 v _864_/X (sky130_fd_sc_hd__xor2_1)
                                                         _344_ (net)
                      0.135960    0.000177    4.352371 v _866_/B1 (sky130_fd_sc_hd__o21a_1)
     2    0.005112    0.085748    0.241697    4.594068 v _866_/X (sky130_fd_sc_hd__o21a_1)
                                                         _346_ (net)
                      0.085748    0.000077    4.594145 v _867_/B (sky130_fd_sc_hd__or2_1)
     2    0.009258    0.153001    0.534230    5.128375 v _867_/X (sky130_fd_sc_hd__or2_1)
                                                         _347_ (net)
                      0.153001    0.000135    5.128510 v _869_/B (sky130_fd_sc_hd__xor2_1)
     2    0.005526    0.147310    0.318052    5.446563 v _869_/X (sky130_fd_sc_hd__xor2_1)
                                                         _350_ (net)
                      0.147311    0.000161    5.446724 v _870_/C (sky130_fd_sc_hd__and3_1)
     2    0.005596    0.093799    0.424641    5.871366 v _870_/X (sky130_fd_sc_hd__and3_1)
                                                         _351_ (net)
                      0.093799    0.000147    5.871512 v _873_/B (sky130_fd_sc_hd__or3_1)
     3    0.007933    0.188398    0.877560    6.749073 v _873_/X (sky130_fd_sc_hd__or3_1)
                                                         _354_ (net)
                      0.188398    0.000239    6.749312 v _874_/B (sky130_fd_sc_hd__nand2_1)
     1    0.005998    0.118725    0.188196    6.937508 ^ _874_/Y (sky130_fd_sc_hd__nand2_1)
                                                         _355_ (net)
                      0.118725    0.000209    6.937717 ^ _876_/B (sky130_fd_sc_hd__xnor2_1)
     2    0.010426    0.433010    0.293888    7.231605 ^ _876_/Y (sky130_fd_sc_hd__xnor2_1)
                                                         _357_ (net)
                      0.433010    0.000421    7.232026 ^ _877_/B (sky130_fd_sc_hd__xnor2_1)
     2    0.005275    0.133126    0.270598    7.502624 v _877_/Y (sky130_fd_sc_hd__xnor2_1)
                                                         _358_ (net)
                      0.133126    0.000147    7.502771 v _878_/B (sky130_fd_sc_hd__or2_1)
     1    0.002745    0.095811    0.479376    7.982147 v _878_/X (sky130_fd_sc_hd__or2_1)
                                                         _359_ (net)
                      0.095811    0.000078    7.982225 v _885_/A2 (sky130_fd_sc_hd__a31o_1)
     1    0.002431    0.062659    0.370461    8.352686 v _885_/X (sky130_fd_sc_hd__a31o_1)
                                                         net27 (net)
                      0.062659    0.000070    8.352757 v output27/A (sky130_fd_sc_hd__buf_1)
     1    0.000588    0.028624    0.133642    8.486399 v output27/X (sky130_fd_sc_hd__buf_1)
                                                         op_out[6] (net)
                      0.028624    0.000007    8.486405 v op_out[6] (out)
                                              8.486405   data arrival time

                      0.000000   20.000000   20.000000   clock virtual_clk (rise edge)
                                  0.000000   20.000000   clock network delay (ideal)
                                  0.000000   20.000000   clock reconvergence pessimism
                                 -2.000000   18.000000   output external delay
                                             18.000000   data required time
---------------------------------------------------------------------------------------------
                                             18.000000   data required time
                                             -8.486405   data arrival time
---------------------------------------------------------------------------------------------
                                              9.513595   slack (MET)


Startpoint: op_b[4] (input port clocked by virtual_clk)
Endpoint: op_out[4] (output port clocked by virtual_clk)
Path Group: virtual_clk
Path Type: max

Fanout         Cap        Slew       Delay        Time   Description
---------------------------------------------------------------------------------------------
                      0.000000    0.000000    0.000000   clock virtual_clk (rise edge)
                                  0.000000    0.000000   clock network delay (ideal)
                                  2.000000    2.000000 v input external delay
     1    0.002944    0.000000    0.000000    2.000000 v op_b[4] (in)
                                                         op_b[4] (net)
                      0.000077    0.000038    2.000038 v input17/A (sky130_fd_sc_hd__buf_4)
     8    0.055502    0.144394    0.308238    2.308276 v input17/X (sky130_fd_sc_hd__buf_4)
                                                         net17 (net)
                      0.144394    0.000804    2.309080 v fanout35/A (sky130_fd_sc_hd__buf_12)
    13    0.060567    0.077400    0.295312    2.604392 v fanout35/X (sky130_fd_sc_hd__buf_12)
                                                         net35 (net)
                      0.078349    0.005253    2.609645 v _469_/D (sky130_fd_sc_hd__or4_4)
     5    0.019033    0.202015    0.929964    3.539609 v _469_/X (sky130_fd_sc_hd__or4_4)
                                                         _306_ (net)
                      0.202015    0.000795    3.540404 v _472_/A4 (sky130_fd_sc_hd__o41ai_4)
     3    0.008849    0.444137    0.449063    3.989468 ^ _472_/Y (sky130_fd_sc_hd__o41ai_4)
                                                         _338_ (net)
                      0.444137    0.000175    3.989643 ^ rebuffer29/A (sky130_fd_sc_hd__buf_1)
     2    0.008886    0.182698    0.355537    4.345180 ^ rebuffer29/X (sky130_fd_sc_hd__buf_1)
                                                         net69 (net)
                      0.182698    0.000175    4.345355 ^ rebuffer30/A (sky130_fd_sc_hd__dlygate4sd1_1)
     1    0.004007    0.080634    0.431456    4.776810 ^ rebuffer30/X (sky130_fd_sc_hd__dlygate4sd1_1)
                                                         net70 (net)
                      0.080634    0.000128    4.776938 ^ _477_/B1_N (sky130_fd_sc_hd__o21bai_1)
     3    0.010447    0.402090    0.267397    5.044335 ^ _477_/Y (sky130_fd_sc_hd__o21bai_1)
                                                         _392_ (net)
                      0.402090    0.000286    5.044621 ^ _491_/B (sky130_fd_sc_hd__nor2_1)
     2    0.008204    0.130841    0.234926    5.279548 v _491_/Y (sky130_fd_sc_hd__nor2_1)
                                                         _420_ (net)
                      0.130841    0.000242    5.279789 v _493_/B1 (sky130_fd_sc_hd__a211oi_2)
     3    0.012104    0.453619    0.515079    5.794868 ^ _493_/Y (sky130_fd_sc_hd__a211oi_2)
                                                         _422_ (net)
                      0.453619    0.000420    5.795288 ^ _502_/A2 (sky130_fd_sc_hd__o21ai_1)
     3    0.009735    0.207157    0.330346    6.125634 v _502_/Y (sky130_fd_sc_hd__o21ai_1)
                                                         _431_ (net)
                      0.207157    0.000214    6.125848 v _507_/A2 (sky130_fd_sc_hd__a31o_1)
     2    0.008511    0.112875    0.477788    6.603636 v _507_/X (sky130_fd_sc_hd__a31o_1)
                                                         _436_ (net)
                      0.112875    0.000214    6.603850 v _509_/A2 (sky130_fd_sc_hd__a211o_4)
     3    0.016292    0.106493    0.648554    7.252403 v _509_/X (sky130_fd_sc_hd__a211o_4)
                                                         _438_ (net)
                      0.106493    0.000411    7.252815 v _515_/A2 (sky130_fd_sc_hd__a21oi_4)
     8    0.038626    0.468840    0.490648    7.743463 ^ _515_/Y (sky130_fd_sc_hd__a21oi_4)
                                                         _444_ (net)
                      0.468845    0.001274    7.744737 ^ _797_/A2 (sky130_fd_sc_hd__a211oi_1)
     1    0.004636    0.162195    0.307325    8.052061 v _797_/Y (sky130_fd_sc_hd__a211oi_1)
                                                         _272_ (net)
                      0.162195    0.000171    8.052232 v _798_/B1 (sky130_fd_sc_hd__o31ai_1)
     1    0.004891    0.417648    0.167618    8.219850 ^ _798_/Y (sky130_fd_sc_hd__o31ai_1)
                                                         net25 (net)
                      0.417648    0.000194    8.220043 ^ output25/A (sky130_fd_sc_hd__buf_1)
     1    0.000912    0.046899    0.240427    8.460471 ^ output25/X (sky130_fd_sc_hd__buf_1)
                                                         op_out[4] (net)
                      0.046899    0.000011    8.460482 ^ op_out[4] (out)
                                              8.460482   data arrival time

                      0.000000   20.000000   20.000000   clock virtual_clk (rise edge)
                                  0.000000   20.000000   clock network delay (ideal)
                                  0.000000   20.000000   clock reconvergence pessimism
                                 -2.000000   18.000000   output external delay
                                             18.000000   data required time
---------------------------------------------------------------------------------------------
                                             18.000000   data required time
                                             -8.460482   data arrival time
---------------------------------------------------------------------------------------------
                                              9.539518   slack (MET)



%OL_END_REPORT
%OL_CREATE_REPORT checks.rpt

===========================================================================
report_checks -unconstrained
===========================================================================
======================= nom_ss_100C_1v60 Corner ===================================

Startpoint: op_b[4] (input port clocked by virtual_clk)
Endpoint: op_out[0] (output port clocked by virtual_clk)
Path Group: virtual_clk
Path Type: max

Fanout         Cap        Slew       Delay        Time   Description
---------------------------------------------------------------------------------------------
                      0.000000    0.000000    0.000000   clock virtual_clk (rise edge)
                                  0.000000    0.000000   clock network delay (ideal)
                                  2.000000    2.000000 v input external delay
     1    0.002944    0.000000    0.000000    2.000000 v op_b[4] (in)
                                                         op_b[4] (net)
                      0.000077    0.000038    2.000038 v input17/A (sky130_fd_sc_hd__buf_4)
     8    0.055502    0.144394    0.308238    2.308276 v input17/X (sky130_fd_sc_hd__buf_4)
                                                         net17 (net)
                      0.144394    0.000804    2.309080 v fanout35/A (sky130_fd_sc_hd__buf_12)
    13    0.060567    0.077400    0.295312    2.604392 v fanout35/X (sky130_fd_sc_hd__buf_12)
                                                         net35 (net)
                      0.078349    0.005253    2.609645 v _469_/D (sky130_fd_sc_hd__or4_4)
     5    0.019033    0.202015    0.929964    3.539609 v _469_/X (sky130_fd_sc_hd__or4_4)
                                                         _306_ (net)
                      0.202015    0.000795    3.540404 v _472_/A4 (sky130_fd_sc_hd__o41ai_4)
     3    0.008849    0.444137    0.449063    3.989468 ^ _472_/Y (sky130_fd_sc_hd__o41ai_4)
                                                         _338_ (net)
                      0.444137    0.000175    3.989643 ^ rebuffer29/A (sky130_fd_sc_hd__buf_1)
     2    0.008886    0.182698    0.355537    4.345180 ^ rebuffer29/X (sky130_fd_sc_hd__buf_1)
                                                         net69 (net)
                      0.182698    0.000175    4.345355 ^ rebuffer30/A (sky130_fd_sc_hd__dlygate4sd1_1)
     1    0.004007    0.080634    0.431456    4.776810 ^ rebuffer30/X (sky130_fd_sc_hd__dlygate4sd1_1)
                                                         net70 (net)
                      0.080634    0.000128    4.776938 ^ _477_/B1_N (sky130_fd_sc_hd__o21bai_1)
     3    0.010447    0.402090    0.267397    5.044335 ^ _477_/Y (sky130_fd_sc_hd__o21bai_1)
                                                         _392_ (net)
                      0.402090    0.000286    5.044621 ^ _491_/B (sky130_fd_sc_hd__nor2_1)
     2    0.008204    0.130841    0.234926    5.279548 v _491_/Y (sky130_fd_sc_hd__nor2_1)
                                                         _420_ (net)
                      0.130841    0.000242    5.279789 v _493_/B1 (sky130_fd_sc_hd__a211oi_2)
     3    0.012104    0.453619    0.515079    5.794868 ^ _493_/Y (sky130_fd_sc_hd__a211oi_2)
                                                         _422_ (net)
                      0.453619    0.000420    5.795288 ^ _502_/A2 (sky130_fd_sc_hd__o21ai_1)
     3    0.009735    0.207157    0.330346    6.125634 v _502_/Y (sky130_fd_sc_hd__o21ai_1)
                                                         _431_ (net)
                      0.207157    0.000214    6.125848 v _507_/A2 (sky130_fd_sc_hd__a31o_1)
     2    0.008511    0.112875    0.477788    6.603636 v _507_/X (sky130_fd_sc_hd__a31o_1)
                                                         _436_ (net)
                      0.112875    0.000214    6.603850 v _509_/A2 (sky130_fd_sc_hd__a211o_4)
     3    0.016292    0.106493    0.648554    7.252403 v _509_/X (sky130_fd_sc_hd__a211o_4)
                                                         _438_ (net)
                      0.106493    0.000411    7.252815 v _515_/A2 (sky130_fd_sc_hd__a21oi_4)
     8    0.038626    0.468840    0.490648    7.743463 ^ _515_/Y (sky130_fd_sc_hd__a21oi_4)
                                                         _444_ (net)
                      0.468845    0.001312    7.744775 ^ _524_/S (sky130_fd_sc_hd__mux2_4)
     2    0.007465    0.093241    0.696949    8.441724 v _524_/X (sky130_fd_sc_hd__mux2_4)
                                                         _453_ (net)
                      0.093241    0.000200    8.441924 v _539_/A1 (sky130_fd_sc_hd__a221o_1)
     3    0.010606    0.167528    0.673765    9.115689 v _539_/X (sky130_fd_sc_hd__a221o_1)
                                                         _010_ (net)
                      0.167528    0.000190    9.115879 v _544_/A2 (sky130_fd_sc_hd__a311o_1)
     5    0.015297    0.200447    0.748512    9.864391 v _544_/X (sky130_fd_sc_hd__a311o_1)
                                                         _015_ (net)
                      0.200447    0.000329    9.864720 v _579_/A1 (sky130_fd_sc_hd__a21o_1)
     2    0.005124    0.078885    0.361985   10.226706 v _579_/X (sky130_fd_sc_hd__a21o_1)
                                                         _050_ (net)
                      0.078885    0.000136   10.226841 v _583_/C (sky130_fd_sc_hd__and3_1)
     2    0.006440    0.100292    0.397821   10.624662 v _583_/X (sky130_fd_sc_hd__and3_1)
                                                         _054_ (net)
                      0.100292    0.000103   10.624765 v _585_/A (sky130_fd_sc_hd__or4_4)
     1    0.004276    0.151161    1.050397   11.675162 v _585_/X (sky130_fd_sc_hd__or4_4)
                                                         _056_ (net)
                      0.151161    0.000148   11.675311 v _586_/B (sky130_fd_sc_hd__or4b_4)
     1    0.008773    0.170380    1.073671   12.748981 v _586_/X (sky130_fd_sc_hd__or4b_4)
                                                         _057_ (net)
                      0.170380    0.000266   12.749248 v _590_/A2 (sky130_fd_sc_hd__a311oi_4)
     8    0.043724    0.898154    0.922476   13.671723 ^ _590_/Y (sky130_fd_sc_hd__a311oi_4)
                                                         _061_ (net)
                      0.898157    0.001260   13.672984 ^ _615_/S (sky130_fd_sc_hd__mux2_4)
     4    0.017679    0.119381    0.821804   14.494788 v _615_/X (sky130_fd_sc_hd__mux2_4)
                                                         _086_ (net)
                      0.119382    0.000618   14.495406 v _623_/A2 (sky130_fd_sc_hd__o22a_1)
     2    0.005271    0.109172    0.406208   14.901614 v _623_/X (sky130_fd_sc_hd__o22a_1)
                                                         _094_ (net)
                      0.109172    0.000105   14.901719 v _624_/B (sky130_fd_sc_hd__or4bb_4)
     5    0.027534    0.228083    1.162039   16.063759 v _624_/X (sky130_fd_sc_hd__or4bb_4)
                                                         _095_ (net)
                      0.228083    0.000878   16.064636 v _628_/A2 (sky130_fd_sc_hd__a21oi_4)
     6    0.028348    0.367247    0.468164   16.532801 ^ _628_/Y (sky130_fd_sc_hd__a21oi_4)
                                                         _099_ (net)
                      0.367247    0.000938   16.533739 ^ _665_/S (sky130_fd_sc_hd__mux2_1)
     3    0.008315    0.161998    0.867059   17.400797 v _665_/X (sky130_fd_sc_hd__mux2_1)
                                                         _136_ (net)
                      0.161998    0.000110   17.400908 v _669_/A2 (sky130_fd_sc_hd__a21o_1)
     1    0.002649    0.058462    0.350040   17.750948 v _669_/X (sky130_fd_sc_hd__a21o_1)
                                                         _140_ (net)
                      0.058462    0.000075   17.751022 v _671_/A1 (sky130_fd_sc_hd__o211a_1)
     1    0.004047    0.083107    0.411347   18.162371 v _671_/X (sky130_fd_sc_hd__o211a_1)
                                                         _142_ (net)
                      0.083107    0.000130   18.162500 v _672_/B2 (sky130_fd_sc_hd__o221a_1)
     1    0.002757    0.090836    0.396186   18.558685 v _672_/X (sky130_fd_sc_hd__o221a_1)
                                                         _143_ (net)
                      0.090836    0.000078   18.558764 v _675_/A1 (sky130_fd_sc_hd__o21a_1)
     1    0.003078    0.067455    0.345226   18.903990 v _675_/X (sky130_fd_sc_hd__o21a_1)
                                                         _146_ (net)
                      0.067455    0.000091   18.904081 v _679_/A2 (sky130_fd_sc_hd__o21a_1)
     1    0.007087    0.102413    0.345725   19.249805 v _679_/X (sky130_fd_sc_hd__o21a_1)
                                                         _150_ (net)
                      0.102413    0.000284   19.250090 v _700_/B (sky130_fd_sc_hd__or3_4)
     1    0.004319    0.116756    0.721560   19.971649 v _700_/X (sky130_fd_sc_hd__or3_4)
                                                         net21 (net)
                      0.116756    0.000151   19.971800 v output21/A (sky130_fd_sc_hd__clkbuf_1)
     1    0.002023    0.042971    0.174527   20.146328 v output21/X (sky130_fd_sc_hd__clkbuf_1)
                                                         op_out[0] (net)
                      0.042971    0.000037   20.146364 v op_out[0] (out)
                                             20.146364   data arrival time

                      0.000000   20.000000   20.000000   clock virtual_clk (rise edge)
                                  0.000000   20.000000   clock network delay (ideal)
                                  0.000000   20.000000   clock reconvergence pessimism
                                 -2.000000   18.000000   output external delay
                                             18.000000   data required time
---------------------------------------------------------------------------------------------
                                             18.000000   data required time
                                            -20.146364   data arrival time
---------------------------------------------------------------------------------------------
                                             -2.146365   slack (VIOLATED)




===========================================================================
report_checks --slack_max -0.01
============================================================================
======================= nom_ss_100C_1v60 Corner ===================================

Startpoint: op_b[4] (input port clocked by virtual_clk)
Endpoint: op_out[0] (output port clocked by virtual_clk)
Path Group: virtual_clk
Path Type: max

Fanout         Cap        Slew       Delay        Time   Description
---------------------------------------------------------------------------------------------
                      0.000000    0.000000    0.000000   clock virtual_clk (rise edge)
                                  0.000000    0.000000   clock network delay (ideal)
                                  2.000000    2.000000 v input external delay
     1    0.002944    0.000000    0.000000    2.000000 v op_b[4] (in)
                                                         op_b[4] (net)
                      0.000077    0.000038    2.000038 v input17/A (sky130_fd_sc_hd__buf_4)
     8    0.055502    0.144394    0.308238    2.308276 v input17/X (sky130_fd_sc_hd__buf_4)
                                                         net17 (net)
                      0.144394    0.000804    2.309080 v fanout35/A (sky130_fd_sc_hd__buf_12)
    13    0.060567    0.077400    0.295312    2.604392 v fanout35/X (sky130_fd_sc_hd__buf_12)
                                                         net35 (net)
                      0.078349    0.005253    2.609645 v _469_/D (sky130_fd_sc_hd__or4_4)
     5    0.019033    0.202015    0.929964    3.539609 v _469_/X (sky130_fd_sc_hd__or4_4)
                                                         _306_ (net)
                      0.202015    0.000795    3.540404 v _472_/A4 (sky130_fd_sc_hd__o41ai_4)
     3    0.008849    0.444137    0.449063    3.989468 ^ _472_/Y (sky130_fd_sc_hd__o41ai_4)
                                                         _338_ (net)
                      0.444137    0.000175    3.989643 ^ rebuffer29/A (sky130_fd_sc_hd__buf_1)
     2    0.008886    0.182698    0.355537    4.345180 ^ rebuffer29/X (sky130_fd_sc_hd__buf_1)
                                                         net69 (net)
                      0.182698    0.000175    4.345355 ^ rebuffer30/A (sky130_fd_sc_hd__dlygate4sd1_1)
     1    0.004007    0.080634    0.431456    4.776810 ^ rebuffer30/X (sky130_fd_sc_hd__dlygate4sd1_1)
                                                         net70 (net)
                      0.080634    0.000128    4.776938 ^ _477_/B1_N (sky130_fd_sc_hd__o21bai_1)
     3    0.010447    0.402090    0.267397    5.044335 ^ _477_/Y (sky130_fd_sc_hd__o21bai_1)
                                                         _392_ (net)
                      0.402090    0.000286    5.044621 ^ _491_/B (sky130_fd_sc_hd__nor2_1)
     2    0.008204    0.130841    0.234926    5.279548 v _491_/Y (sky130_fd_sc_hd__nor2_1)
                                                         _420_ (net)
                      0.130841    0.000242    5.279789 v _493_/B1 (sky130_fd_sc_hd__a211oi_2)
     3    0.012104    0.453619    0.515079    5.794868 ^ _493_/Y (sky130_fd_sc_hd__a211oi_2)
                                                         _422_ (net)
                      0.453619    0.000420    5.795288 ^ _502_/A2 (sky130_fd_sc_hd__o21ai_1)
     3    0.009735    0.207157    0.330346    6.125634 v _502_/Y (sky130_fd_sc_hd__o21ai_1)
                                                         _431_ (net)
                      0.207157    0.000214    6.125848 v _507_/A2 (sky130_fd_sc_hd__a31o_1)
     2    0.008511    0.112875    0.477788    6.603636 v _507_/X (sky130_fd_sc_hd__a31o_1)
                                                         _436_ (net)
                      0.112875    0.000214    6.603850 v _509_/A2 (sky130_fd_sc_hd__a211o_4)
     3    0.016292    0.106493    0.648554    7.252403 v _509_/X (sky130_fd_sc_hd__a211o_4)
                                                         _438_ (net)
                      0.106493    0.000411    7.252815 v _515_/A2 (sky130_fd_sc_hd__a21oi_4)
     8    0.038626    0.468840    0.490648    7.743463 ^ _515_/Y (sky130_fd_sc_hd__a21oi_4)
                                                         _444_ (net)
                      0.468845    0.001312    7.744775 ^ _524_/S (sky130_fd_sc_hd__mux2_4)
     2    0.007465    0.093241    0.696949    8.441724 v _524_/X (sky130_fd_sc_hd__mux2_4)
                                                         _453_ (net)
                      0.093241    0.000200    8.441924 v _539_/A1 (sky130_fd_sc_hd__a221o_1)
     3    0.010606    0.167528    0.673765    9.115689 v _539_/X (sky130_fd_sc_hd__a221o_1)
                                                         _010_ (net)
                      0.167528    0.000190    9.115879 v _544_/A2 (sky130_fd_sc_hd__a311o_1)
     5    0.015297    0.200447    0.748512    9.864391 v _544_/X (sky130_fd_sc_hd__a311o_1)
                                                         _015_ (net)
                      0.200447    0.000329    9.864720 v _579_/A1 (sky130_fd_sc_hd__a21o_1)
     2    0.005124    0.078885    0.361985   10.226706 v _579_/X (sky130_fd_sc_hd__a21o_1)
                                                         _050_ (net)
                      0.078885    0.000136   10.226841 v _583_/C (sky130_fd_sc_hd__and3_1)
     2    0.006440    0.100292    0.397821   10.624662 v _583_/X (sky130_fd_sc_hd__and3_1)
                                                         _054_ (net)
                      0.100292    0.000103   10.624765 v _585_/A (sky130_fd_sc_hd__or4_4)
     1    0.004276    0.151161    1.050397   11.675162 v _585_/X (sky130_fd_sc_hd__or4_4)
                                                         _056_ (net)
                      0.151161    0.000148   11.675311 v _586_/B (sky130_fd_sc_hd__or4b_4)
     1    0.008773    0.170380    1.073671   12.748981 v _586_/X (sky130_fd_sc_hd__or4b_4)
                                                         _057_ (net)
                      0.170380    0.000266   12.749248 v _590_/A2 (sky130_fd_sc_hd__a311oi_4)
     8    0.043724    0.898154    0.922476   13.671723 ^ _590_/Y (sky130_fd_sc_hd__a311oi_4)
                                                         _061_ (net)
                      0.898157    0.001260   13.672984 ^ _615_/S (sky130_fd_sc_hd__mux2_4)
     4    0.017679    0.119381    0.821804   14.494788 v _615_/X (sky130_fd_sc_hd__mux2_4)
                                                         _086_ (net)
                      0.119382    0.000618   14.495406 v _623_/A2 (sky130_fd_sc_hd__o22a_1)
     2    0.005271    0.109172    0.406208   14.901614 v _623_/X (sky130_fd_sc_hd__o22a_1)
                                                         _094_ (net)
                      0.109172    0.000105   14.901719 v _624_/B (sky130_fd_sc_hd__or4bb_4)
     5    0.027534    0.228083    1.162039   16.063759 v _624_/X (sky130_fd_sc_hd__or4bb_4)
                                                         _095_ (net)
                      0.228083    0.000878   16.064636 v _628_/A2 (sky130_fd_sc_hd__a21oi_4)
     6    0.028348    0.367247    0.468164   16.532801 ^ _628_/Y (sky130_fd_sc_hd__a21oi_4)
                                                         _099_ (net)
                      0.367247    0.000938   16.533739 ^ _665_/S (sky130_fd_sc_hd__mux2_1)
     3    0.008315    0.161998    0.867059   17.400797 v _665_/X (sky130_fd_sc_hd__mux2_1)
                                                         _136_ (net)
                      0.161998    0.000110   17.400908 v _669_/A2 (sky130_fd_sc_hd__a21o_1)
     1    0.002649    0.058462    0.350040   17.750948 v _669_/X (sky130_fd_sc_hd__a21o_1)
                                                         _140_ (net)
                      0.058462    0.000075   17.751022 v _671_/A1 (sky130_fd_sc_hd__o211a_1)
     1    0.004047    0.083107    0.411347   18.162371 v _671_/X (sky130_fd_sc_hd__o211a_1)
                                                         _142_ (net)
                      0.083107    0.000130   18.162500 v _672_/B2 (sky130_fd_sc_hd__o221a_1)
     1    0.002757    0.090836    0.396186   18.558685 v _672_/X (sky130_fd_sc_hd__o221a_1)
                                                         _143_ (net)
                      0.090836    0.000078   18.558764 v _675_/A1 (sky130_fd_sc_hd__o21a_1)
     1    0.003078    0.067455    0.345226   18.903990 v _675_/X (sky130_fd_sc_hd__o21a_1)
                                                         _146_ (net)
                      0.067455    0.000091   18.904081 v _679_/A2 (sky130_fd_sc_hd__o21a_1)
     1    0.007087    0.102413    0.345725   19.249805 v _679_/X (sky130_fd_sc_hd__o21a_1)
                                                         _150_ (net)
                      0.102413    0.000284   19.250090 v _700_/B (sky130_fd_sc_hd__or3_4)
     1    0.004319    0.116756    0.721560   19.971649 v _700_/X (sky130_fd_sc_hd__or3_4)
                                                         net21 (net)
                      0.116756    0.000151   19.971800 v output21/A (sky130_fd_sc_hd__clkbuf_1)
     1    0.002023    0.042971    0.174527   20.146328 v output21/X (sky130_fd_sc_hd__clkbuf_1)
                                                         op_out[0] (net)
                      0.042971    0.000037   20.146364 v op_out[0] (out)
                                             20.146364   data arrival time

                      0.000000   20.000000   20.000000   clock virtual_clk (rise edge)
                                  0.000000   20.000000   clock network delay (ideal)
                                  0.000000   20.000000   clock reconvergence pessimism
                                 -2.000000   18.000000   output external delay
                                             18.000000   data required time
---------------------------------------------------------------------------------------------
                                             18.000000   data required time
                                            -20.146364   data arrival time
---------------------------------------------------------------------------------------------
                                             -2.146365   slack (VIOLATED)




===========================================================================
 report_check_types -max_slew -max_cap -max_fanout -violators
============================================================================
======================= nom_ss_100C_1v60 Corner ===================================

max fanout

Pin                                   Limit Fanout  Slack
---------------------------------------------------------
input20/X                                16     17        (VIOLATED)



===========================================================================
report_parasitic_annotation -report_unannotated
============================================================================
Found 0 unannotated drivers.
Found 0 partially unannotated drivers.

===========================================================================
max slew violation count 0
%OL_METRIC_I design__max_slew_violation__count__corner:nom_ss_100C_1v60 0
max fanout violation count 1
%OL_METRIC_I design__max_fanout_violation__count__corner:nom_ss_100C_1v60 1
max cap violation count 0
%OL_METRIC_I design__max_cap_violation__count__corner:nom_ss_100C_1v60 0
============================================================================

===========================================================================
check_setup -verbose -unconstrained_endpoints -multiple_clock -no_clock -no_input_delay -loops -generated_clocks
===========================================================================
%OL_END_REPORT
%OL_CREATE_REPORT power.rpt

===========================================================================
 report_power
============================================================================
======================= nom_ss_100C_1v60 Corner ===================================

Group                    Internal    Switching      Leakage        Total
                            Power        Power        Power        Power (Watts)
------------------------------------------------------------------------
Sequential           0.000000e+00 0.000000e+00 0.000000e+00 0.000000e+00   0.0%
Combinational        5.135551e-05 5.589681e-05 2.444706e-06 1.096970e-04 100.0%
Clock                0.000000e+00 0.000000e+00 1.165906e-09 1.165906e-09   0.0%
Macro                0.000000e+00 0.000000e+00 0.000000e+00 0.000000e+00   0.0%
Pad                  0.000000e+00 0.000000e+00 0.000000e+00 0.000000e+00   0.0%
------------------------------------------------------------------------
Total                5.135551e-05 5.589681e-05 2.445872e-06 1.096982e-04 100.0%
                            46.8%        51.0%         2.2%
%OL_METRIC_F power__internal__total 5.135551327839494e-5
%OL_METRIC_F power__switching__total 5.589680586126633e-5
%OL_METRIC_F power__leakage__total 2.4458720417896984e-6
%OL_METRIC_F power__total 0.00010969818686135113

%OL_END_REPORT
%OL_CREATE_REPORT skew.min.rpt

===========================================================================
Clock Skew (Hold)
============================================================================
%OL_METRIC_F clock__skew__worst_hold__corner:nom_ss_100C_1v60 0.0
======================= nom_ss_100C_1v60 Corner ===================================

Clock virtual_clk
No launch/capture paths found.

%OL_END_REPORT
%OL_CREATE_REPORT skew.max.rpt

===========================================================================
Clock Skew (Setup)
============================================================================
%OL_METRIC_F clock__skew__worst_setup__corner:nom_ss_100C_1v60 0.0
======================= nom_ss_100C_1v60 Corner ===================================

Clock virtual_clk
No launch/capture paths found.

%OL_END_REPORT
%OL_CREATE_REPORT ws.min.rpt

===========================================================================
Worst Slack (Hold)
============================================================================
%OL_METRIC_F timing__hold__ws__corner:nom_ss_100C_1v60 4.96165078622111
nom_ss_100C_1v60: 4.96165078622111
%OL_END_REPORT
%OL_CREATE_REPORT ws.max.rpt

===========================================================================
Worst Slack (Setup)
============================================================================
%OL_METRIC_F timing__setup__ws__corner:nom_ss_100C_1v60 -2.146364924323311
nom_ss_100C_1v60: -2.146364924323311
%OL_END_REPORT
%OL_CREATE_REPORT tns.min.rpt

===========================================================================
Total Negative Slack (Hold)
============================================================================
%OL_METRIC_F timing__hold__tns__corner:nom_ss_100C_1v60 0.0
nom_ss_100C_1v60: 0.0
%OL_END_REPORT
%OL_CREATE_REPORT tns.max.rpt

===========================================================================
Total Negative Slack (Setup)
============================================================================
%OL_METRIC_F timing__setup__tns__corner:nom_ss_100C_1v60 -2.146364924323311
nom_ss_100C_1v60: -2.146364924323311
%OL_END_REPORT
%OL_CREATE_REPORT wns.min.rpt

===========================================================================
Worst Negative Slack (Hold)
============================================================================
%OL_METRIC_F timing__hold__wns__corner:nom_ss_100C_1v60 0
nom_ss_100C_1v60: 0
%OL_END_REPORT
%OL_CREATE_REPORT wns.max.rpt

===========================================================================
Worst Negative Slack (Setup)
============================================================================
%OL_METRIC_F timing__setup__wns__corner:nom_ss_100C_1v60 -2.146364924323311
nom_ss_100C_1v60: -2.146364924323311
%OL_END_REPORT
%OL_CREATE_REPORT violator_list.rpt

===========================================================================
Violator List
============================================================================
[setup in-out] op_b[4] -> op_out[0] : -2.146365
%OL_METRIC_I timing__hold_vio__count__corner:nom_ss_100C_1v60 0
%OL_METRIC_F timing__hold_r2r__ws__corner:nom_ss_100C_1v60 inf
%OL_METRIC_I timing__hold_r2r_vio__count__corner:nom_ss_100C_1v60 0
%OL_METRIC_I timing__setup_vio__count__corner:nom_ss_100C_1v60 1
%OL_METRIC_F timing__setup_r2r__ws__corner:nom_ss_100C_1v60 inf
%OL_METRIC_I timing__setup_r2r_vio__count__corner:nom_ss_100C_1v60 0
%OL_END_REPORT
%OL_CREATE_REPORT unpropagated.rpt
virtual_clk
%OL_END_REPORT
%OL_CREATE_REPORT clock.rpt
Clock: virtual_clk
Sources: 
Generated: no
Virtual: yes
Propagated: no
Period: 20.000000

===========================================================================
report_clock_properties
============================================================================
Clock                   Period          Waveform
----------------------------------------------------
virtual_clk          20.000000    0.000000 10.000000

===========================================================================
report_clock_latency
============================================================================
Clock virtual_clk


===========================================================================
report_clock_min_period
============================================================================
virtual_clk period_min = 0.00 fmax = inf
%OL_END_REPORT
Writing SDF files for all corners…
Removing Clock latencies before writing libs…
Writing timing models for all corners…
Writing timing models for the nom_ss_100C_1v60 corner to /home/letienthanh/8bitalu/runs/RUN_2026-08-05_13-41-28/53-openroad-stapostpnr/nom_ss_100C_1v60/alu8bit__nom_ss_100C_1v60.lib…
