Reading timing models for corner min_ff_n40C_1v95…
Reading cell library for the 'min_ff_n40C_1v95' corner at '/home/letienthanh/.volare/volare/sky130/versions/0fe599b2afb6708d281543108caf8310912f54af/sky130A/libs.ref/sky130_fd_sc_hd/lib/sky130_fd_sc_hd__ff_n40C_1v95.lib'…
Reading top-level netlist at '/home/letienthanh/8bitalu/runs/RUN_2026-08-05_09-54-51/51-openroad-fillinsertion/alu8bit.nl.v'…
Linking design 'alu8bit' from netlist…
Warning: /home/letienthanh/8bitalu/runs/RUN_2026-08-05_09-54-51/51-openroad-fillinsertion/alu8bit.nl.v line 2408, module sky130_fd_sc_hd__tapvpwrvgnd_1 not found. Creating black box for TAP_TAPCELL_ROW_0_88.
Warning: /home/letienthanh/8bitalu/runs/RUN_2026-08-05_09-54-51/51-openroad-fillinsertion/alu8bit.nl.v line 2784, module sky130_ef_sc_hd__decap_12 not found. Creating black box for FILLER_0_3.
Warning: /home/letienthanh/8bitalu/runs/RUN_2026-08-05_09-54-51/51-openroad-fillinsertion/alu8bit.nl.v line 2786, module sky130_fd_sc_hd__fill_1 not found. Creating black box for FILLER_0_27.
Warning: /home/letienthanh/8bitalu/runs/RUN_2026-08-05_09-54-51/51-openroad-fillinsertion/alu8bit.nl.v line 2839, module sky130_fd_sc_hd__fill_2 not found. Creating black box for FILLER_1_257.
Reading design constraints file at '/nix/store/ss2cw3sxbrwwx9jl0rrppbw4kgcmgi2n-python3-3.11.9-env/lib/python3.11/site-packages/openlane/scripts/base.sdc'…
Warning: base.sdc line 15, port '__VIRTUAL_CLK__' not found.
[INFO] Using clock __VIRTUAL_CLK__…
[INFO] Setting output delay to: 2
[INFO] Setting input delay to: 2
Warning: base.sdc line 32, port '__VIRTUAL_CLK__' not found.
[INFO] Setting load to: 0.033442
[INFO] Setting clock uncertainty to: 0.25
[INFO] Setting clock transition to: 0.1499999999999999944488848768742172978818416595458984375
Warning: base.sdc line 69, transition time can not be specified for virtual clocks.
[INFO] Setting timing derate to: 5%
Warning: base.sdc line 79, virtual clock __VIRTUAL_CLK__ can not be propagated.
Reading top-level design parasitics for the 'min_ff_n40C_1v95' corner at '/home/letienthanh/8bitalu/runs/RUN_2026-08-05_09-54-51/53-openroad-rcx/min/alu8bit.min.spef'…
%OL_CREATE_REPORT min.rpt

===========================================================================
report_checks -path_delay min (Hold)
============================================================================
======================= min_ff_n40C_1v95 Corner ===================================

Startpoint: op_a[5] (input port clocked by __VIRTUAL_CLK__)
Endpoint: op_out[5] (output port clocked by __VIRTUAL_CLK__)
Path Group: __VIRTUAL_CLK__
Path Type: min

Fanout         Cap        Slew       Delay        Time   Description
---------------------------------------------------------------------------------------------
                      0.000000    0.000000    0.000000   clock __VIRTUAL_CLK__ (rise edge)
                                  0.000000    0.000000   clock network delay (ideal)
                                  2.000000    2.000000 ^ input external delay
     1    0.002803    0.013927    0.007225    2.007225 ^ op_a[5] (in)
                                                         op_a[5] (net)
                      0.013927    0.000000    2.007225 ^ input10/A (sky130_fd_sc_hd__clkbuf_2)
     5    0.026971    0.115417    0.120640    2.127866 ^ input10/X (sky130_fd_sc_hd__clkbuf_2)
                                                         net10 (net)
                      0.115450    0.001589    2.129454 ^ _839_/A1 (sky130_fd_sc_hd__a32o_1)
     1    0.002200    0.028219    0.090759    2.220213 ^ _839_/X (sky130_fd_sc_hd__a32o_1)
                                                         _318_ (net)
                      0.028219    0.000020    2.220233 ^ _842_/A (sky130_fd_sc_hd__or3_1)
     1    0.005671    0.045789    0.075079    2.295311 ^ _842_/X (sky130_fd_sc_hd__or3_1)
                                                         net26 (net)
                      0.045789    0.000125    2.295436 ^ output26/A (sky130_fd_sc_hd__buf_4)
     1    0.034471    0.076917    0.110461    2.405897 ^ output26/X (sky130_fd_sc_hd__buf_4)
                                                         op_out[5] (net)
                      0.076918    0.000416    2.406313 ^ op_out[5] (out)
                                              2.406313   data arrival time

                      0.000000    0.000000    0.000000   clock __VIRTUAL_CLK__ (rise edge)
                                  0.000000    0.000000   clock network delay (ideal)
                                  0.250000    0.250000   clock uncertainty
                                  0.000000    0.250000   clock reconvergence pessimism
                                 -2.000000   -1.750000   output external delay
                                             -1.750000   data required time
---------------------------------------------------------------------------------------------
                                             -1.750000   data required time
                                             -2.406313   data arrival time
---------------------------------------------------------------------------------------------
                                              4.156313   slack (MET)


Startpoint: inst[2] (input port clocked by __VIRTUAL_CLK__)
Endpoint: op_out[0] (output port clocked by __VIRTUAL_CLK__)
Path Group: __VIRTUAL_CLK__
Path Type: min

Fanout         Cap        Slew       Delay        Time   Description
---------------------------------------------------------------------------------------------
                      0.000000    0.000000    0.000000   clock __VIRTUAL_CLK__ (rise edge)
                                  0.000000    0.000000   clock network delay (ideal)
                                  2.000000    2.000000 v input external delay
     1    0.003202    0.005317    0.002621    2.002621 v inst[2] (in)
                                                         inst[2] (net)
                      0.005317    0.000000    2.002621 v input3/A (sky130_fd_sc_hd__clkbuf_2)
     8    0.026245    0.071878    0.102048    2.104669 v input3/X (sky130_fd_sc_hd__clkbuf_2)
                                                         net3 (net)
                      0.071886    0.000772    2.105441 v _459_/A (sky130_fd_sc_hd__inv_2)
     4    0.011378    0.047977    0.064347    2.169788 ^ _459_/Y (sky130_fd_sc_hd__inv_2)
                                                         _199_ (net)
                      0.047977    0.000094    2.169882 ^ _685_/B1 (sky130_fd_sc_hd__o2111a_1)
     1    0.003206    0.034193    0.087589    2.257471 ^ _685_/X (sky130_fd_sc_hd__o2111a_1)
                                                         _156_ (net)
                      0.034193    0.000019    2.257490 ^ _700_/B (sky130_fd_sc_hd__or3_4)
     1    0.009797    0.031335    0.081092    2.338582 ^ _700_/X (sky130_fd_sc_hd__or3_4)
                                                         net21 (net)
                      0.031336    0.000198    2.338779 ^ output21/A (sky130_fd_sc_hd__buf_8)
     1    0.034619    0.049764    0.079150    2.417930 ^ output21/X (sky130_fd_sc_hd__buf_8)
                                                         op_out[0] (net)
                      0.049768    0.000458    2.418388 ^ op_out[0] (out)
                                              2.418388   data arrival time

                      0.000000    0.000000    0.000000   clock __VIRTUAL_CLK__ (rise edge)
                                  0.000000    0.000000   clock network delay (ideal)
                                  0.250000    0.250000   clock uncertainty
                                  0.000000    0.250000   clock reconvergence pessimism
                                 -2.000000   -1.750000   output external delay
                                             -1.750000   data required time
---------------------------------------------------------------------------------------------
                                             -1.750000   data required time
                                             -2.418388   data arrival time
---------------------------------------------------------------------------------------------
                                              4.168387   slack (MET)


Startpoint: inst[2] (input port clocked by __VIRTUAL_CLK__)
Endpoint: op_out[4] (output port clocked by __VIRTUAL_CLK__)
Path Group: __VIRTUAL_CLK__
Path Type: min

Fanout         Cap        Slew       Delay        Time   Description
---------------------------------------------------------------------------------------------
                      0.000000    0.000000    0.000000   clock __VIRTUAL_CLK__ (rise edge)
                                  0.000000    0.000000   clock network delay (ideal)
                                  2.000000    2.000000 ^ input external delay
     1    0.003431    0.016182    0.008884    2.008884 ^ inst[2] (in)
                                                         inst[2] (net)
                      0.016182    0.000000    2.008884 ^ input3/A (sky130_fd_sc_hd__clkbuf_2)
     8    0.028028    0.119996    0.124548    2.133432 ^ input3/X (sky130_fd_sc_hd__clkbuf_2)
                                                         net3 (net)
                      0.120001    0.000699    2.134131 ^ _690_/A (sky130_fd_sc_hd__or4b_4)
     8    0.034743    0.081904    0.145614    2.279745 ^ _690_/X (sky130_fd_sc_hd__or4b_4)
                                                         _161_ (net)
                      0.081923    0.001232    2.280977 ^ _798_/A1 (sky130_fd_sc_hd__o31ai_1)
     1    0.005068    0.035747    0.058620    2.339596 v _798_/Y (sky130_fd_sc_hd__o31ai_1)
                                                         net25 (net)
                      0.035747    0.000102    2.339698 v output25/A (sky130_fd_sc_hd__buf_4)
     1    0.034453    0.042927    0.113352    2.453050 v output25/X (sky130_fd_sc_hd__buf_4)
                                                         op_out[4] (net)
                      0.042930    0.000416    2.453466 v op_out[4] (out)
                                              2.453466   data arrival time

                      0.000000    0.000000    0.000000   clock __VIRTUAL_CLK__ (rise edge)
                                  0.000000    0.000000   clock network delay (ideal)
                                  0.250000    0.250000   clock uncertainty
                                  0.000000    0.250000   clock reconvergence pessimism
                                 -2.000000   -1.750000   output external delay
                                             -1.750000   data required time
---------------------------------------------------------------------------------------------
                                             -1.750000   data required time
                                             -2.453466   data arrival time
---------------------------------------------------------------------------------------------
                                              4.203465   slack (MET)


Startpoint: op_a[7] (input port clocked by __VIRTUAL_CLK__)
Endpoint: op_out[6] (output port clocked by __VIRTUAL_CLK__)
Path Group: __VIRTUAL_CLK__
Path Type: min

Fanout         Cap        Slew       Delay        Time   Description
---------------------------------------------------------------------------------------------
                      0.000000    0.000000    0.000000   clock __VIRTUAL_CLK__ (rise edge)
                                  0.000000    0.000000   clock network delay (ideal)
                                  2.000000    2.000000 ^ input external delay
     1    0.003485    0.016375    0.009025    2.009025 ^ op_a[7] (in)
                                                         op_a[7] (net)
                      0.016375    0.000000    2.009025 ^ input12/A (sky130_fd_sc_hd__clkbuf_4)
     9    0.046273    0.109773    0.139118    2.148143 ^ input12/X (sky130_fd_sc_hd__clkbuf_4)
                                                         net12 (net)
                      0.109799    0.001384    2.149526 ^ _883_/A1 (sky130_fd_sc_hd__a211o_1)
     1    0.004452    0.035878    0.089338    2.238865 ^ _883_/X (sky130_fd_sc_hd__a211o_1)
                                                         _365_ (net)
                      0.035878    0.000083    2.238948 ^ _884_/C1 (sky130_fd_sc_hd__a211o_1)
     1    0.008048    0.058522    0.077507    2.316456 ^ _884_/X (sky130_fd_sc_hd__a211o_1)
                                                         _366_ (net)
                      0.058522    0.000224    2.316680 ^ _885_/B1 (sky130_fd_sc_hd__a31o_1)
     1    0.005692    0.046788    0.070164    2.386844 ^ _885_/X (sky130_fd_sc_hd__a31o_1)
                                                         net27 (net)
                      0.046788    0.000061    2.386905 ^ output27/A (sky130_fd_sc_hd__buf_6)
     1    0.034885    0.058340    0.089996    2.476902 ^ output27/X (sky130_fd_sc_hd__buf_6)
                                                         op_out[6] (net)
                      0.058342    0.000397    2.477298 ^ op_out[6] (out)
                                              2.477298   data arrival time

                      0.000000    0.000000    0.000000   clock __VIRTUAL_CLK__ (rise edge)
                                  0.000000    0.000000   clock network delay (ideal)
                                  0.250000    0.250000   clock uncertainty
                                  0.000000    0.250000   clock reconvergence pessimism
                                 -2.000000   -1.750000   output external delay
                                             -1.750000   data required time
---------------------------------------------------------------------------------------------
                                             -1.750000   data required time
                                             -2.477298   data arrival time
---------------------------------------------------------------------------------------------
                                              4.227299   slack (MET)


Startpoint: op_a[1] (input port clocked by __VIRTUAL_CLK__)
Endpoint: op_out[1] (output port clocked by __VIRTUAL_CLK__)
Path Group: __VIRTUAL_CLK__
Path Type: min

Fanout         Cap        Slew       Delay        Time   Description
---------------------------------------------------------------------------------------------
                      0.000000    0.000000    0.000000   clock __VIRTUAL_CLK__ (rise edge)
                                  0.000000    0.000000   clock network delay (ideal)
                                  2.000000    2.000000 ^ input external delay
     1    0.002733    0.013679    0.007043    2.007043 ^ op_a[1] (in)
                                                         op_a[1] (net)
                      0.013679    0.000000    2.007043 ^ input6/A (sky130_fd_sc_hd__buf_1)
     3    0.019056    0.169731    0.142192    2.149236 ^ input6/X (sky130_fd_sc_hd__buf_1)
                                                         net6 (net)
                      0.169739    0.000989    2.150224 ^ _703_/A1 (sky130_fd_sc_hd__o22a_1)
     1    0.002792    0.027941    0.092546    2.242770 ^ _703_/X (sky130_fd_sc_hd__o22a_1)
                                                         _173_ (net)
                      0.027941    0.000031    2.242801 ^ _710_/A (sky130_fd_sc_hd__or3_1)
     1    0.009088    0.068425    0.090940    2.333741 ^ _710_/X (sky130_fd_sc_hd__or3_1)
                                                         _180_ (net)
                      0.068425    0.000230    2.333971 ^ _718_/B (sky130_fd_sc_hd__or2_4)
     1    0.007587    0.028348    0.081714    2.415685 ^ _718_/X (sky130_fd_sc_hd__or2_4)
                                                         net22 (net)
                      0.028348    0.000066    2.415751 ^ output22/A (sky130_fd_sc_hd__buf_8)
     1    0.034773    0.049821    0.078614    2.494365 ^ output22/X (sky130_fd_sc_hd__buf_8)
                                                         op_out[1] (net)
                      0.049825    0.000494    2.494859 ^ op_out[1] (out)
                                              2.494859   data arrival time

                      0.000000    0.000000    0.000000   clock __VIRTUAL_CLK__ (rise edge)
                                  0.000000    0.000000   clock network delay (ideal)
                                  0.250000    0.250000   clock uncertainty
                                  0.000000    0.250000   clock reconvergence pessimism
                                 -2.000000   -1.750000   output external delay
                                             -1.750000   data required time
---------------------------------------------------------------------------------------------
                                             -1.750000   data required time
                                             -2.494859   data arrival time
---------------------------------------------------------------------------------------------
                                              4.244859   slack (MET)


Startpoint: inst[2] (input port clocked by __VIRTUAL_CLK__)
Endpoint: op_out[3] (output port clocked by __VIRTUAL_CLK__)
Path Group: __VIRTUAL_CLK__
Path Type: min

Fanout         Cap        Slew       Delay        Time   Description
---------------------------------------------------------------------------------------------
                      0.000000    0.000000    0.000000   clock __VIRTUAL_CLK__ (rise edge)
                                  0.000000    0.000000   clock network delay (ideal)
                                  2.000000    2.000000 ^ input external delay
     1    0.003431    0.016182    0.008884    2.008884 ^ inst[2] (in)
                                                         inst[2] (net)
                      0.016182    0.000000    2.008884 ^ input3/A (sky130_fd_sc_hd__clkbuf_2)
     8    0.028028    0.119996    0.124548    2.133432 ^ input3/X (sky130_fd_sc_hd__clkbuf_2)
                                                         net3 (net)
                      0.120001    0.000699    2.134131 ^ _690_/A (sky130_fd_sc_hd__or4b_4)
     8    0.034743    0.081904    0.145614    2.279745 ^ _690_/X (sky130_fd_sc_hd__or4b_4)
                                                         _161_ (net)
                      0.081912    0.000902    2.280648 ^ _749_/A (sky130_fd_sc_hd__or3b_1)
     1    0.002915    0.028164    0.075927    2.356575 ^ _749_/X (sky130_fd_sc_hd__or3b_1)
                                                         _221_ (net)
                      0.028164    0.000027    2.356601 ^ _770_/B (sky130_fd_sc_hd__nand2b_1)
     1    0.002040    0.017774    0.026006    2.382607 v _770_/Y (sky130_fd_sc_hd__nand2b_1)
                                                         net24 (net)
                      0.017774    0.000018    2.382626 v output24/A (sky130_fd_sc_hd__buf_2)
     1    0.034394    0.062824    0.112921    2.495547 v output24/X (sky130_fd_sc_hd__buf_2)
                                                         op_out[3] (net)
                      0.062826    0.000395    2.495942 v op_out[3] (out)
                                              2.495942   data arrival time

                      0.000000    0.000000    0.000000   clock __VIRTUAL_CLK__ (rise edge)
                                  0.000000    0.000000   clock network delay (ideal)
                                  0.250000    0.250000   clock uncertainty
                                  0.000000    0.250000   clock reconvergence pessimism
                                 -2.000000   -1.750000   output external delay
                                             -1.750000   data required time
---------------------------------------------------------------------------------------------
                                             -1.750000   data required time
                                             -2.495942   data arrival time
---------------------------------------------------------------------------------------------
                                              4.245942   slack (MET)


Startpoint: op_a[7] (input port clocked by __VIRTUAL_CLK__)
Endpoint: op_out[7] (output port clocked by __VIRTUAL_CLK__)
Path Group: __VIRTUAL_CLK__
Path Type: min

Fanout         Cap        Slew       Delay        Time   Description
---------------------------------------------------------------------------------------------
                      0.000000    0.000000    0.000000   clock __VIRTUAL_CLK__ (rise edge)
                                  0.000000    0.000000   clock network delay (ideal)
                                  2.000000    2.000000 ^ input external delay
     1    0.003485    0.016375    0.009025    2.009025 ^ op_a[7] (in)
                                                         op_a[7] (net)
                      0.016375    0.000000    2.009025 ^ input12/A (sky130_fd_sc_hd__clkbuf_4)
     9    0.046273    0.109773    0.139118    2.148143 ^ input12/X (sky130_fd_sc_hd__clkbuf_4)
                                                         net12 (net)
                      0.109798    0.001366    2.149508 ^ _921_/A1 (sky130_fd_sc_hd__a32o_1)
     1    0.003377    0.034602    0.096800    2.246308 ^ _921_/X (sky130_fd_sc_hd__a32o_1)
                                                         _406_ (net)
                      0.034602    0.000034    2.246342 ^ _922_/C1 (sky130_fd_sc_hd__a211o_1)
     1    0.008430    0.060921    0.079011    2.325354 ^ _922_/X (sky130_fd_sc_hd__a211o_1)
                                                         _407_ (net)
                      0.060921    0.000113    2.325466 ^ _923_/B1 (sky130_fd_sc_hd__a311o_1)
     1    0.005639    0.052355    0.083085    2.408552 ^ _923_/X (sky130_fd_sc_hd__a311o_1)
                                                         net28 (net)
                      0.052355    0.000062    2.408613 ^ output28/A (sky130_fd_sc_hd__buf_6)
     1    0.033931    0.057002    0.090604    2.499217 ^ output28/X (sky130_fd_sc_hd__buf_6)
                                                         op_out[7] (net)
                      0.057002    0.000174    2.499391 ^ op_out[7] (out)
                                              2.499391   data arrival time

                      0.000000    0.000000    0.000000   clock __VIRTUAL_CLK__ (rise edge)
                                  0.000000    0.000000   clock network delay (ideal)
                                  0.250000    0.250000   clock uncertainty
                                  0.000000    0.250000   clock reconvergence pessimism
                                 -2.000000   -1.750000   output external delay
                                             -1.750000   data required time
---------------------------------------------------------------------------------------------
                                             -1.750000   data required time
                                             -2.499391   data arrival time
---------------------------------------------------------------------------------------------
                                              4.249391   slack (MET)


Startpoint: inst[2] (input port clocked by __VIRTUAL_CLK__)
Endpoint: op_out[2] (output port clocked by __VIRTUAL_CLK__)
Path Group: __VIRTUAL_CLK__
Path Type: min

Fanout         Cap        Slew       Delay        Time   Description
---------------------------------------------------------------------------------------------
                      0.000000    0.000000    0.000000   clock __VIRTUAL_CLK__ (rise edge)
                                  0.000000    0.000000   clock network delay (ideal)
                                  2.000000    2.000000 ^ input external delay
     1    0.003431    0.016182    0.008884    2.008884 ^ inst[2] (in)
                                                         inst[2] (net)
                      0.016182    0.000000    2.008884 ^ input3/A (sky130_fd_sc_hd__clkbuf_2)
     8    0.028028    0.119996    0.124548    2.133432 ^ input3/X (sky130_fd_sc_hd__clkbuf_2)
                                                         net3 (net)
                      0.120001    0.000699    2.134131 ^ _690_/A (sky130_fd_sc_hd__or4b_4)
     8    0.034743    0.081904    0.145614    2.279745 ^ _690_/X (sky130_fd_sc_hd__or4b_4)
                                                         _161_ (net)
                      0.081917    0.001051    2.280797 ^ _725_/B1 (sky130_fd_sc_hd__a31oi_1)
     1    0.002544    0.025625    0.024506    2.305302 v _725_/Y (sky130_fd_sc_hd__a31oi_1)
                                                         _195_ (net)
                      0.025625    0.000022    2.305325 v _741_/A2 (sky130_fd_sc_hd__a21o_1)
     1    0.004871    0.024909    0.115075    2.420399 v _741_/X (sky130_fd_sc_hd__a21o_1)
                                                         net23 (net)
                      0.024909    0.000048    2.420447 v output23/A (sky130_fd_sc_hd__buf_6)
     1    0.034288    0.032096    0.088144    2.508592 v output23/X (sky130_fd_sc_hd__buf_6)
                                                         op_out[2] (net)
                      0.032100    0.000376    2.508968 v op_out[2] (out)
                                              2.508968   data arrival time

                      0.000000    0.000000    0.000000   clock __VIRTUAL_CLK__ (rise edge)
                                  0.000000    0.000000   clock network delay (ideal)
                                  0.250000    0.250000   clock uncertainty
                                  0.000000    0.250000   clock reconvergence pessimism
                                 -2.000000   -1.750000   output external delay
                                             -1.750000   data required time
---------------------------------------------------------------------------------------------
                                             -1.750000   data required time
                                             -2.508968   data arrival time
---------------------------------------------------------------------------------------------
                                              4.258967   slack (MET)



%OL_END_REPORT
%OL_CREATE_REPORT max.rpt

===========================================================================
report_checks -path_delay max (Setup)
============================================================================
======================= min_ff_n40C_1v95 Corner ===================================

Startpoint: op_b[3] (input port clocked by __VIRTUAL_CLK__)
Endpoint: op_out[0] (output port clocked by __VIRTUAL_CLK__)
Path Group: __VIRTUAL_CLK__
Path Type: max

Fanout         Cap        Slew       Delay        Time   Description
---------------------------------------------------------------------------------------------
                      0.000000    0.000000    0.000000   clock __VIRTUAL_CLK__ (rise edge)
                                  0.000000    0.000000   clock network delay (ideal)
                                  2.000000    2.000000 v input external delay
     1    0.002606    0.004447    0.002089    2.002089 v op_b[3] (in)
                                                         op_b[3] (net)
                      0.004447    0.000000    2.002089 v input16/A (sky130_fd_sc_hd__clkbuf_1)
     1    0.007392    0.034730    0.061107    2.063195 v input16/X (sky130_fd_sc_hd__clkbuf_1)
                                                         net16 (net)
                      0.034730    0.000193    2.063388 v fanout58/A (sky130_fd_sc_hd__clkbuf_4)
     9    0.053001    0.079817    0.144055    2.207443 v fanout58/X (sky130_fd_sc_hd__clkbuf_4)
                                                         net58 (net)
                      0.079847    0.001465    2.208909 v fanout56/A (sky130_fd_sc_hd__buf_2)
    10    0.038089    0.068633    0.141953    2.350862 v fanout56/X (sky130_fd_sc_hd__buf_2)
                                                         net56 (net)
                      0.068639    0.000693    2.351555 v _470_/A (sky130_fd_sc_hd__or2_4)
     4    0.015488    0.044152    0.180952    2.532507 v _470_/X (sky130_fd_sc_hd__or2_4)
                                                         _317_ (net)
                      0.044152    0.000123    2.532629 v _472_/A3 (sky130_fd_sc_hd__o41ai_4)
     5    0.016472    0.271587    0.270566    2.803195 ^ _472_/Y (sky130_fd_sc_hd__o41ai_4)
                                                         _338_ (net)
                      0.271587    0.000158    2.803353 ^ _481_/A2 (sky130_fd_sc_hd__a211o_1)
     4    0.012590    0.088756    0.139893    2.943246 ^ _481_/X (sky130_fd_sc_hd__a211o_1)
                                                         _410_ (net)
                      0.088756    0.000111    2.943358 ^ _484_/A1 (sky130_fd_sc_hd__a21o_1)
     4    0.014671    0.100633    0.124916    3.068274 ^ _484_/X (sky130_fd_sc_hd__a21o_1)
                                                         _413_ (net)
                      0.100633    0.000094    3.068368 ^ _493_/A1 (sky130_fd_sc_hd__a211oi_2)
     3    0.009080    0.054079    0.058582    3.126949 v _493_/Y (sky130_fd_sc_hd__a211oi_2)
                                                         _422_ (net)
                      0.054079    0.000095    3.127044 v _503_/D (sky130_fd_sc_hd__or4_4)
     3    0.007869    0.062533    0.254074    3.381119 v _503_/X (sky130_fd_sc_hd__or4_4)
                                                         _432_ (net)
                      0.062533    0.000060    3.381179 v _507_/A1 (sky130_fd_sc_hd__a31o_1)
     2    0.007794    0.042647    0.136053    3.517231 v _507_/X (sky130_fd_sc_hd__a31o_1)
                                                         _436_ (net)
                      0.042647    0.000072    3.517303 v _509_/A2 (sky130_fd_sc_hd__a211o_4)
     3    0.015493    0.047653    0.224146    3.741450 v _509_/X (sky130_fd_sc_hd__a211o_4)
                                                         _438_ (net)
                      0.047653    0.000214    3.741664 v _515_/A2 (sky130_fd_sc_hd__a21oi_4)
     8    0.043277    0.244995    0.229279    3.970943 ^ _515_/Y (sky130_fd_sc_hd__a21oi_4)
                                                         _444_ (net)
                      0.245000    0.000888    3.971831 ^ _524_/S (sky130_fd_sc_hd__mux2_4)
     2    0.007241    0.041458    0.192200    4.164032 v _524_/X (sky130_fd_sc_hd__mux2_4)
                                                         _453_ (net)
                      0.041458    0.000095    4.164126 v _539_/A1 (sky130_fd_sc_hd__a221o_1)
     3    0.009966    0.056677    0.192009    4.356135 v _539_/X (sky130_fd_sc_hd__a221o_1)
                                                         _010_ (net)
                      0.056677    0.000101    4.356236 v _544_/A2 (sky130_fd_sc_hd__a311o_1)
     3    0.009246    0.061849    0.225524    4.581759 v _544_/X (sky130_fd_sc_hd__a311o_1)
                                                         _015_ (net)
                      0.061849    0.000091    4.581850 v _579_/A1 (sky130_fd_sc_hd__a21o_1)
     3    0.008365    0.040434    0.124107    4.705956 v _579_/X (sky130_fd_sc_hd__a21o_1)
                                                         _050_ (net)
                      0.040434    0.000101    4.706058 v _583_/B (sky130_fd_sc_hd__and3_1)
     2    0.005308    0.034657    0.112967    4.819025 v _583_/X (sky130_fd_sc_hd__and3_1)
                                                         _054_ (net)
                      0.034657    0.000041    4.819065 v _585_/A (sky130_fd_sc_hd__or4_4)
     1    0.003610    0.056545    0.313325    5.132390 v _585_/X (sky130_fd_sc_hd__or4_4)
                                                         _056_ (net)
                      0.056545    0.000044    5.132435 v _586_/B (sky130_fd_sc_hd__or4b_4)
     1    0.009048    0.064058    0.321090    5.453525 v _586_/X (sky130_fd_sc_hd__or4b_4)
                                                         _057_ (net)
                      0.064058    0.000101    5.453626 v _590_/A2 (sky130_fd_sc_hd__a311oi_4)
     4    0.017045    0.245595    0.248767    5.702393 ^ _590_/Y (sky130_fd_sc_hd__a311oi_4)
                                                         _061_ (net)
                      0.245595    0.000314    5.702707 ^ max_cap30/A (sky130_fd_sc_hd__buf_6)
     5    0.026408    0.049192    0.098594    5.801301 ^ max_cap30/X (sky130_fd_sc_hd__buf_6)
                                                         net30 (net)
                      0.049192    0.000138    5.801439 ^ _619_/S (sky130_fd_sc_hd__mux2_4)
     5    0.020639    0.057014    0.210509    6.011948 v _619_/X (sky130_fd_sc_hd__mux2_4)
                                                         _090_ (net)
                      0.057014    0.000252    6.012200 v _623_/B2 (sky130_fd_sc_hd__o22a_1)
     2    0.005781    0.035782    0.109389    6.121588 v _623_/X (sky130_fd_sc_hd__o22a_1)
                                                         _094_ (net)
                      0.035782    0.000036    6.121624 v _624_/A (sky130_fd_sc_hd__or4bb_4)
     4    0.019967    0.078656    0.351017    6.472641 v _624_/X (sky130_fd_sc_hd__or4bb_4)
                                                         _095_ (net)
                      0.078656    0.000104    6.472745 v _628_/A2 (sky130_fd_sc_hd__a21oi_4)
     4    0.021774    0.145848    0.168582    6.641328 ^ _628_/Y (sky130_fd_sc_hd__a21oi_4)
                                                         _099_ (net)
                      0.145848    0.000267    6.641595 ^ fanout29/A (sky130_fd_sc_hd__buf_6)
     5    0.028166    0.050038    0.096287    6.737882 ^ fanout29/X (sky130_fd_sc_hd__buf_6)
                                                         net29 (net)
                      0.050051    0.000776    6.738658 ^ _665_/S (sky130_fd_sc_hd__mux2_4)
     3    0.008215    0.042461    0.190774    6.929431 v _665_/X (sky130_fd_sc_hd__mux2_4)
                                                         _136_ (net)
                      0.042461    0.000020    6.929451 v _669_/A2 (sky130_fd_sc_hd__a21o_1)
     1    0.003353    0.025648    0.115884    7.045335 v _669_/X (sky130_fd_sc_hd__a21o_1)
                                                         _140_ (net)
                      0.025648    0.000037    7.045372 v _671_/A1 (sky130_fd_sc_hd__o211a_1)
     1    0.002883    0.028290    0.134578    7.179950 v _671_/X (sky130_fd_sc_hd__o211a_1)
                                                         _142_ (net)
                      0.028290    0.000028    7.179978 v _672_/B2 (sky130_fd_sc_hd__o221a_1)
     1    0.003513    0.035391    0.122555    7.302533 v _672_/X (sky130_fd_sc_hd__o221a_1)
                                                         _143_ (net)
                      0.035391    0.000045    7.302577 v _675_/A2 (sky130_fd_sc_hd__o21a_1)
     1    0.002437    0.023784    0.101407    7.403984 v _675_/X (sky130_fd_sc_hd__o21a_1)
                                                         _146_ (net)
                      0.023784    0.000009    7.403994 v _679_/A2 (sky130_fd_sc_hd__o21a_1)
     1    0.007241    0.038678    0.114698    7.518692 v _679_/X (sky130_fd_sc_hd__o21a_1)
                                                         _150_ (net)
                      0.038679    0.000205    7.518897 v _700_/C (sky130_fd_sc_hd__or3_4)
     1    0.009130    0.050981    0.203047    7.721944 v _700_/X (sky130_fd_sc_hd__or3_4)
                                                         net21 (net)
                      0.050981    0.000184    7.722128 v output21/A (sky130_fd_sc_hd__buf_8)
     1    0.034619    0.029909    0.097493    7.819621 v output21/X (sky130_fd_sc_hd__buf_8)
                                                         op_out[0] (net)
                      0.029916    0.000457    7.820078 v op_out[0] (out)
                                              7.820078   data arrival time

                      0.000000   10.000000   10.000000   clock __VIRTUAL_CLK__ (rise edge)
                                  0.000000   10.000000   clock network delay (ideal)
                                 -0.250000    9.750000   clock uncertainty
                                  0.000000    9.750000   clock reconvergence pessimism
                                 -2.000000    7.750000   output external delay
                                              7.750000   data required time
---------------------------------------------------------------------------------------------
                                              7.750000   data required time
                                             -7.820078   data arrival time
---------------------------------------------------------------------------------------------
                                             -0.070078   slack (VIOLATED)


Startpoint: op_b[3] (input port clocked by __VIRTUAL_CLK__)
Endpoint: op_out[1] (output port clocked by __VIRTUAL_CLK__)
Path Group: __VIRTUAL_CLK__
Path Type: max

Fanout         Cap        Slew       Delay        Time   Description
---------------------------------------------------------------------------------------------
                      0.000000    0.000000    0.000000   clock __VIRTUAL_CLK__ (rise edge)
                                  0.000000    0.000000   clock network delay (ideal)
                                  2.000000    2.000000 v input external delay
     1    0.002606    0.004447    0.002089    2.002089 v op_b[3] (in)
                                                         op_b[3] (net)
                      0.004447    0.000000    2.002089 v input16/A (sky130_fd_sc_hd__clkbuf_1)
     1    0.007392    0.034730    0.061107    2.063195 v input16/X (sky130_fd_sc_hd__clkbuf_1)
                                                         net16 (net)
                      0.034730    0.000193    2.063388 v fanout58/A (sky130_fd_sc_hd__clkbuf_4)
     9    0.053001    0.079817    0.144055    2.207443 v fanout58/X (sky130_fd_sc_hd__clkbuf_4)
                                                         net58 (net)
                      0.079847    0.001465    2.208909 v fanout56/A (sky130_fd_sc_hd__buf_2)
    10    0.038089    0.068633    0.141953    2.350862 v fanout56/X (sky130_fd_sc_hd__buf_2)
                                                         net56 (net)
                      0.068639    0.000693    2.351555 v _470_/A (sky130_fd_sc_hd__or2_4)
     4    0.015488    0.044152    0.180952    2.532507 v _470_/X (sky130_fd_sc_hd__or2_4)
                                                         _317_ (net)
                      0.044152    0.000123    2.532629 v _472_/A3 (sky130_fd_sc_hd__o41ai_4)
     5    0.016472    0.271587    0.270566    2.803195 ^ _472_/Y (sky130_fd_sc_hd__o41ai_4)
                                                         _338_ (net)
                      0.271587    0.000158    2.803353 ^ _481_/A2 (sky130_fd_sc_hd__a211o_1)
     4    0.012590    0.088756    0.139893    2.943246 ^ _481_/X (sky130_fd_sc_hd__a211o_1)
                                                         _410_ (net)
                      0.088756    0.000111    2.943358 ^ _484_/A1 (sky130_fd_sc_hd__a21o_1)
     4    0.014671    0.100633    0.124916    3.068274 ^ _484_/X (sky130_fd_sc_hd__a21o_1)
                                                         _413_ (net)
                      0.100633    0.000094    3.068368 ^ _493_/A1 (sky130_fd_sc_hd__a211oi_2)
     3    0.009080    0.054079    0.058582    3.126949 v _493_/Y (sky130_fd_sc_hd__a211oi_2)
                                                         _422_ (net)
                      0.054079    0.000095    3.127044 v _503_/D (sky130_fd_sc_hd__or4_4)
     3    0.007869    0.062533    0.254074    3.381119 v _503_/X (sky130_fd_sc_hd__or4_4)
                                                         _432_ (net)
                      0.062533    0.000060    3.381179 v _507_/A1 (sky130_fd_sc_hd__a31o_1)
     2    0.007794    0.042647    0.136053    3.517231 v _507_/X (sky130_fd_sc_hd__a31o_1)
                                                         _436_ (net)
                      0.042647    0.000072    3.517303 v _509_/A2 (sky130_fd_sc_hd__a211o_4)
     3    0.015493    0.047653    0.224146    3.741450 v _509_/X (sky130_fd_sc_hd__a211o_4)
                                                         _438_ (net)
                      0.047653    0.000214    3.741664 v _515_/A2 (sky130_fd_sc_hd__a21oi_4)
     8    0.043277    0.244995    0.229279    3.970943 ^ _515_/Y (sky130_fd_sc_hd__a21oi_4)
                                                         _444_ (net)
                      0.245000    0.000888    3.971831 ^ _524_/S (sky130_fd_sc_hd__mux2_4)
     2    0.007241    0.041458    0.192200    4.164032 v _524_/X (sky130_fd_sc_hd__mux2_4)
                                                         _453_ (net)
                      0.041458    0.000095    4.164126 v _539_/A1 (sky130_fd_sc_hd__a221o_1)
     3    0.009966    0.056677    0.192009    4.356135 v _539_/X (sky130_fd_sc_hd__a221o_1)
                                                         _010_ (net)
                      0.056677    0.000101    4.356236 v _544_/A2 (sky130_fd_sc_hd__a311o_1)
     3    0.009246    0.061849    0.225524    4.581759 v _544_/X (sky130_fd_sc_hd__a311o_1)
                                                         _015_ (net)
                      0.061849    0.000091    4.581850 v _579_/A1 (sky130_fd_sc_hd__a21o_1)
     3    0.008365    0.040434    0.124107    4.705956 v _579_/X (sky130_fd_sc_hd__a21o_1)
                                                         _050_ (net)
                      0.040434    0.000101    4.706058 v _583_/B (sky130_fd_sc_hd__and3_1)
     2    0.005308    0.034657    0.112967    4.819025 v _583_/X (sky130_fd_sc_hd__and3_1)
                                                         _054_ (net)
                      0.034657    0.000041    4.819065 v _585_/A (sky130_fd_sc_hd__or4_4)
     1    0.003610    0.056545    0.313325    5.132390 v _585_/X (sky130_fd_sc_hd__or4_4)
                                                         _056_ (net)
                      0.056545    0.000044    5.132435 v _586_/B (sky130_fd_sc_hd__or4b_4)
     1    0.009048    0.064058    0.321090    5.453525 v _586_/X (sky130_fd_sc_hd__or4b_4)
                                                         _057_ (net)
                      0.064058    0.000101    5.453626 v _590_/A2 (sky130_fd_sc_hd__a311oi_4)
     4    0.017045    0.245595    0.248767    5.702393 ^ _590_/Y (sky130_fd_sc_hd__a311oi_4)
                                                         _061_ (net)
                      0.245595    0.000314    5.702707 ^ max_cap30/A (sky130_fd_sc_hd__buf_6)
     5    0.026408    0.049192    0.098594    5.801301 ^ max_cap30/X (sky130_fd_sc_hd__buf_6)
                                                         net30 (net)
                      0.049193    0.000328    5.801629 ^ _601_/S (sky130_fd_sc_hd__mux2_4)
     4    0.025979    0.061686    0.216415    6.018044 v _601_/X (sky130_fd_sc_hd__mux2_4)
                                                         _072_ (net)
                      0.061686    0.000139    6.018183 v _604_/A (sky130_fd_sc_hd__xnor2_4)
     4    0.016622    0.052059    0.117329    6.135513 v _604_/Y (sky130_fd_sc_hd__xnor2_4)
                                                         _075_ (net)
                      0.052059    0.000136    6.135649 v _608_/A2 (sky130_fd_sc_hd__a211oi_4)
     3    0.010311    0.157672    0.189637    6.325286 ^ _608_/Y (sky130_fd_sc_hd__a211oi_4)
                                                         _079_ (net)
                      0.157672    0.000188    6.325475 ^ _627_/A3 (sky130_fd_sc_hd__o31a_1)
     4    0.020696    0.163487    0.176110    6.501585 ^ _627_/X (sky130_fd_sc_hd__o31a_1)
                                                         _098_ (net)
                      0.163487    0.000116    6.501701 ^ _628_/A1 (sky130_fd_sc_hd__a21oi_4)
     4    0.020182    0.060820    0.057178    6.558879 v _628_/Y (sky130_fd_sc_hd__a21oi_4)
                                                         _099_ (net)
                      0.060820    0.000309    6.559188 v clone9/A (sky130_fd_sc_hd__buf_6)
     5    0.018205    0.023794    0.093836    6.653025 v clone9/X (sky130_fd_sc_hd__buf_6)
                                                         net78 (net)
                      0.023795    0.000201    6.653225 v _717_/A1 (sky130_fd_sc_hd__a22o_1)
     1    0.004533    0.032037    0.107979    6.761204 v _717_/X (sky130_fd_sc_hd__a22o_1)
                                                         _187_ (net)
                      0.032037    0.000074    6.761278 v _718_/A (sky130_fd_sc_hd__or2_4)
     1    0.006920    0.035480    0.154207    6.915485 v _718_/X (sky130_fd_sc_hd__or2_4)
                                                         net22 (net)
                      0.035480    0.000060    6.915545 v output22/A (sky130_fd_sc_hd__buf_8)
     1    0.034773    0.029999    0.090915    7.006460 v output22/X (sky130_fd_sc_hd__buf_8)
                                                         op_out[1] (net)
                      0.030008    0.000494    7.006954 v op_out[1] (out)
                                              7.006954   data arrival time

                      0.000000   10.000000   10.000000   clock __VIRTUAL_CLK__ (rise edge)
                                  0.000000   10.000000   clock network delay (ideal)
                                 -0.250000    9.750000   clock uncertainty
                                  0.000000    9.750000   clock reconvergence pessimism
                                 -2.000000    7.750000   output external delay
                                              7.750000   data required time
---------------------------------------------------------------------------------------------
                                              7.750000   data required time
                                             -7.006954   data arrival time
---------------------------------------------------------------------------------------------
                                              0.743046   slack (MET)


Startpoint: op_b[3] (input port clocked by __VIRTUAL_CLK__)
Endpoint: op_out[2] (output port clocked by __VIRTUAL_CLK__)
Path Group: __VIRTUAL_CLK__
Path Type: max

Fanout         Cap        Slew       Delay        Time   Description
---------------------------------------------------------------------------------------------
                      0.000000    0.000000    0.000000   clock __VIRTUAL_CLK__ (rise edge)
                                  0.000000    0.000000   clock network delay (ideal)
                                  2.000000    2.000000 v input external delay
     1    0.002606    0.004447    0.002089    2.002089 v op_b[3] (in)
                                                         op_b[3] (net)
                      0.004447    0.000000    2.002089 v input16/A (sky130_fd_sc_hd__clkbuf_1)
     1    0.007392    0.034730    0.061107    2.063195 v input16/X (sky130_fd_sc_hd__clkbuf_1)
                                                         net16 (net)
                      0.034730    0.000193    2.063388 v fanout58/A (sky130_fd_sc_hd__clkbuf_4)
     9    0.053001    0.079817    0.144055    2.207443 v fanout58/X (sky130_fd_sc_hd__clkbuf_4)
                                                         net58 (net)
                      0.079847    0.001465    2.208909 v fanout56/A (sky130_fd_sc_hd__buf_2)
    10    0.038089    0.068633    0.141953    2.350862 v fanout56/X (sky130_fd_sc_hd__buf_2)
                                                         net56 (net)
                      0.068639    0.000693    2.351555 v _470_/A (sky130_fd_sc_hd__or2_4)
     4    0.015488    0.044152    0.180952    2.532507 v _470_/X (sky130_fd_sc_hd__or2_4)
                                                         _317_ (net)
                      0.044152    0.000123    2.532629 v _472_/A3 (sky130_fd_sc_hd__o41ai_4)
     5    0.016472    0.271587    0.270566    2.803195 ^ _472_/Y (sky130_fd_sc_hd__o41ai_4)
                                                         _338_ (net)
                      0.271587    0.000158    2.803353 ^ _481_/A2 (sky130_fd_sc_hd__a211o_1)
     4    0.012590    0.088756    0.139893    2.943246 ^ _481_/X (sky130_fd_sc_hd__a211o_1)
                                                         _410_ (net)
                      0.088756    0.000111    2.943358 ^ _484_/A1 (sky130_fd_sc_hd__a21o_1)
     4    0.014671    0.100633    0.124916    3.068274 ^ _484_/X (sky130_fd_sc_hd__a21o_1)
                                                         _413_ (net)
                      0.100633    0.000094    3.068368 ^ _493_/A1 (sky130_fd_sc_hd__a211oi_2)
     3    0.009080    0.054079    0.058582    3.126949 v _493_/Y (sky130_fd_sc_hd__a211oi_2)
                                                         _422_ (net)
                      0.054079    0.000095    3.127044 v _503_/D (sky130_fd_sc_hd__or4_4)
     3    0.007869    0.062533    0.254074    3.381119 v _503_/X (sky130_fd_sc_hd__or4_4)
                                                         _432_ (net)
                      0.062533    0.000060    3.381179 v _507_/A1 (sky130_fd_sc_hd__a31o_1)
     2    0.007794    0.042647    0.136053    3.517231 v _507_/X (sky130_fd_sc_hd__a31o_1)
                                                         _436_ (net)
                      0.042647    0.000072    3.517303 v _509_/A2 (sky130_fd_sc_hd__a211o_4)
     3    0.015493    0.047653    0.224146    3.741450 v _509_/X (sky130_fd_sc_hd__a211o_4)
                                                         _438_ (net)
                      0.047653    0.000214    3.741664 v _515_/A2 (sky130_fd_sc_hd__a21oi_4)
     8    0.043277    0.244995    0.229279    3.970943 ^ _515_/Y (sky130_fd_sc_hd__a21oi_4)
                                                         _444_ (net)
                      0.245000    0.000888    3.971831 ^ _524_/S (sky130_fd_sc_hd__mux2_4)
     2    0.007241    0.041458    0.192200    4.164032 v _524_/X (sky130_fd_sc_hd__mux2_4)
                                                         _453_ (net)
                      0.041458    0.000095    4.164126 v _539_/A1 (sky130_fd_sc_hd__a221o_1)
     3    0.009966    0.056677    0.192009    4.356135 v _539_/X (sky130_fd_sc_hd__a221o_1)
                                                         _010_ (net)
                      0.056677    0.000101    4.356236 v _544_/A2 (sky130_fd_sc_hd__a311o_1)
     3    0.009246    0.061849    0.225524    4.581759 v _544_/X (sky130_fd_sc_hd__a311o_1)
                                                         _015_ (net)
                      0.061849    0.000091    4.581850 v _579_/A1 (sky130_fd_sc_hd__a21o_1)
     3    0.008365    0.040434    0.124107    4.705956 v _579_/X (sky130_fd_sc_hd__a21o_1)
                                                         _050_ (net)
                      0.040434    0.000101    4.706058 v _583_/B (sky130_fd_sc_hd__and3_1)
     2    0.005308    0.034657    0.112967    4.819025 v _583_/X (sky130_fd_sc_hd__and3_1)
                                                         _054_ (net)
                      0.034657    0.000041    4.819065 v _585_/A (sky130_fd_sc_hd__or4_4)
     1    0.003610    0.056545    0.313325    5.132390 v _585_/X (sky130_fd_sc_hd__or4_4)
                                                         _056_ (net)
                      0.056545    0.000044    5.132435 v _586_/B (sky130_fd_sc_hd__or4b_4)
     1    0.009048    0.064058    0.321090    5.453525 v _586_/X (sky130_fd_sc_hd__or4b_4)
                                                         _057_ (net)
                      0.064058    0.000101    5.453626 v _590_/A2 (sky130_fd_sc_hd__a311oi_4)
     4    0.017045    0.245595    0.248767    5.702393 ^ _590_/Y (sky130_fd_sc_hd__a311oi_4)
                                                         _061_ (net)
                      0.245595    0.000314    5.702707 ^ max_cap30/A (sky130_fd_sc_hd__buf_6)
     5    0.026408    0.049192    0.098594    5.801301 ^ max_cap30/X (sky130_fd_sc_hd__buf_6)
                                                         net30 (net)
                      0.049193    0.000324    5.801625 ^ rebuffer3/A (sky130_fd_sc_hd__dlygate4sd1_1)
     1    0.005022    0.044580    0.138010    5.939635 ^ rebuffer3/X (sky130_fd_sc_hd__dlygate4sd1_1)
                                                         net72 (net)
                      0.044580    0.000090    5.939725 ^ _740_/A2 (sky130_fd_sc_hd__a211o_1)
     1    0.004889    0.041433    0.082010    6.021734 ^ _740_/X (sky130_fd_sc_hd__a211o_1)
                                                         _212_ (net)
                      0.041433    0.000085    6.021819 ^ _741_/B1 (sky130_fd_sc_hd__a21o_1)
     1    0.005359    0.042573    0.059517    6.081336 ^ _741_/X (sky130_fd_sc_hd__a21o_1)
                                                         net23 (net)
                      0.042573    0.000053    6.081390 ^ output23/A (sky130_fd_sc_hd__buf_6)
     1    0.034288    0.057474    0.088313    6.169703 ^ output23/X (sky130_fd_sc_hd__buf_6)
                                                         op_out[2] (net)
                      0.057475    0.000376    6.170079 ^ op_out[2] (out)
                                              6.170079   data arrival time

                      0.000000   10.000000   10.000000   clock __VIRTUAL_CLK__ (rise edge)
                                  0.000000   10.000000   clock network delay (ideal)
                                 -0.250000    9.750000   clock uncertainty
                                  0.000000    9.750000   clock reconvergence pessimism
                                 -2.000000    7.750000   output external delay
                                              7.750000   data required time
---------------------------------------------------------------------------------------------
                                              7.750000   data required time
                                             -6.170079   data arrival time
---------------------------------------------------------------------------------------------
                                              1.579921   slack (MET)


Startpoint: op_b[3] (input port clocked by __VIRTUAL_CLK__)
Endpoint: op_out[3] (output port clocked by __VIRTUAL_CLK__)
Path Group: __VIRTUAL_CLK__
Path Type: max

Fanout         Cap        Slew       Delay        Time   Description
---------------------------------------------------------------------------------------------
                      0.000000    0.000000    0.000000   clock __VIRTUAL_CLK__ (rise edge)
                                  0.000000    0.000000   clock network delay (ideal)
                                  2.000000    2.000000 v input external delay
     1    0.002606    0.004447    0.002089    2.002089 v op_b[3] (in)
                                                         op_b[3] (net)
                      0.004447    0.000000    2.002089 v input16/A (sky130_fd_sc_hd__clkbuf_1)
     1    0.007392    0.034730    0.061107    2.063195 v input16/X (sky130_fd_sc_hd__clkbuf_1)
                                                         net16 (net)
                      0.034730    0.000193    2.063388 v fanout58/A (sky130_fd_sc_hd__clkbuf_4)
     9    0.053001    0.079817    0.144055    2.207443 v fanout58/X (sky130_fd_sc_hd__clkbuf_4)
                                                         net58 (net)
                      0.079847    0.001465    2.208909 v fanout56/A (sky130_fd_sc_hd__buf_2)
    10    0.038089    0.068633    0.141953    2.350862 v fanout56/X (sky130_fd_sc_hd__buf_2)
                                                         net56 (net)
                      0.068639    0.000693    2.351555 v _470_/A (sky130_fd_sc_hd__or2_4)
     4    0.015488    0.044152    0.180952    2.532507 v _470_/X (sky130_fd_sc_hd__or2_4)
                                                         _317_ (net)
                      0.044152    0.000123    2.532629 v _472_/A3 (sky130_fd_sc_hd__o41ai_4)
     5    0.016472    0.271587    0.270566    2.803195 ^ _472_/Y (sky130_fd_sc_hd__o41ai_4)
                                                         _338_ (net)
                      0.271587    0.000158    2.803353 ^ _481_/A2 (sky130_fd_sc_hd__a211o_1)
     4    0.012590    0.088756    0.139893    2.943246 ^ _481_/X (sky130_fd_sc_hd__a211o_1)
                                                         _410_ (net)
                      0.088756    0.000111    2.943358 ^ _484_/A1 (sky130_fd_sc_hd__a21o_1)
     4    0.014671    0.100633    0.124916    3.068274 ^ _484_/X (sky130_fd_sc_hd__a21o_1)
                                                         _413_ (net)
                      0.100633    0.000094    3.068368 ^ _493_/A1 (sky130_fd_sc_hd__a211oi_2)
     3    0.009080    0.054079    0.058582    3.126949 v _493_/Y (sky130_fd_sc_hd__a211oi_2)
                                                         _422_ (net)
                      0.054079    0.000095    3.127044 v _503_/D (sky130_fd_sc_hd__or4_4)
     3    0.007869    0.062533    0.254074    3.381119 v _503_/X (sky130_fd_sc_hd__or4_4)
                                                         _432_ (net)
                      0.062533    0.000060    3.381179 v _507_/A1 (sky130_fd_sc_hd__a31o_1)
     2    0.007794    0.042647    0.136053    3.517231 v _507_/X (sky130_fd_sc_hd__a31o_1)
                                                         _436_ (net)
                      0.042647    0.000072    3.517303 v _509_/A2 (sky130_fd_sc_hd__a211o_4)
     3    0.015493    0.047653    0.224146    3.741450 v _509_/X (sky130_fd_sc_hd__a211o_4)
                                                         _438_ (net)
                      0.047653    0.000214    3.741664 v _515_/A2 (sky130_fd_sc_hd__a21oi_4)
     8    0.043277    0.244995    0.229279    3.970943 ^ _515_/Y (sky130_fd_sc_hd__a21oi_4)
                                                         _444_ (net)
                      0.245000    0.000888    3.971831 ^ _524_/S (sky130_fd_sc_hd__mux2_4)
     2    0.007241    0.041458    0.192200    4.164032 v _524_/X (sky130_fd_sc_hd__mux2_4)
                                                         _453_ (net)
                      0.041458    0.000095    4.164126 v _539_/A1 (sky130_fd_sc_hd__a221o_1)
     3    0.009966    0.056677    0.192009    4.356135 v _539_/X (sky130_fd_sc_hd__a221o_1)
                                                         _010_ (net)
                      0.056677    0.000064    4.356198 v _543_/A3 (sky130_fd_sc_hd__a311oi_2)
     4    0.016445    0.281592    0.293845    4.650043 ^ _543_/Y (sky130_fd_sc_hd__a311oi_2)
                                                         _014_ (net)
                      0.281592    0.000268    4.650311 ^ _548_/A (sky130_fd_sc_hd__nor2_2)
     2    0.017190    0.079910    0.061108    4.711420 v _548_/Y (sky130_fd_sc_hd__nor2_2)
                                                         _019_ (net)
                      0.079914    0.000450    4.711870 v _769_/A2 (sky130_fd_sc_hd__a211o_1)
     1    0.002338    0.031646    0.189727    4.901597 v _769_/X (sky130_fd_sc_hd__a211o_1)
                                                         _243_ (net)
                      0.031646    0.000026    4.901622 v _770_/A_N (sky130_fd_sc_hd__nand2b_1)
     1    0.002040    0.024192    0.080240    4.981862 v _770_/Y (sky130_fd_sc_hd__nand2b_1)
                                                         net24 (net)
                      0.024192    0.000018    4.981880 v output24/A (sky130_fd_sc_hd__buf_2)
     1    0.034394    0.062859    0.115248    5.097128 v output24/X (sky130_fd_sc_hd__buf_2)
                                                         op_out[3] (net)
                      0.062860    0.000395    5.097523 v op_out[3] (out)
                                              5.097523   data arrival time

                      0.000000   10.000000   10.000000   clock __VIRTUAL_CLK__ (rise edge)
                                  0.000000   10.000000   clock network delay (ideal)
                                 -0.250000    9.750000   clock uncertainty
                                  0.000000    9.750000   clock reconvergence pessimism
                                 -2.000000    7.750000   output external delay
                                              7.750000   data required time
---------------------------------------------------------------------------------------------
                                              7.750000   data required time
                                             -5.097523   data arrival time
---------------------------------------------------------------------------------------------
                                              2.652477   slack (MET)


Startpoint: op_b[3] (input port clocked by __VIRTUAL_CLK__)
Endpoint: op_out[4] (output port clocked by __VIRTUAL_CLK__)
Path Group: __VIRTUAL_CLK__
Path Type: max

Fanout         Cap        Slew       Delay        Time   Description
---------------------------------------------------------------------------------------------
                      0.000000    0.000000    0.000000   clock __VIRTUAL_CLK__ (rise edge)
                                  0.000000    0.000000   clock network delay (ideal)
                                  2.000000    2.000000 v input external delay
     1    0.002606    0.004447    0.002089    2.002089 v op_b[3] (in)
                                                         op_b[3] (net)
                      0.004447    0.000000    2.002089 v input16/A (sky130_fd_sc_hd__clkbuf_1)
     1    0.007392    0.034730    0.061107    2.063195 v input16/X (sky130_fd_sc_hd__clkbuf_1)
                                                         net16 (net)
                      0.034730    0.000193    2.063388 v fanout58/A (sky130_fd_sc_hd__clkbuf_4)
     9    0.053001    0.079817    0.144055    2.207443 v fanout58/X (sky130_fd_sc_hd__clkbuf_4)
                                                         net58 (net)
                      0.079847    0.001465    2.208909 v fanout56/A (sky130_fd_sc_hd__buf_2)
    10    0.038089    0.068633    0.141953    2.350862 v fanout56/X (sky130_fd_sc_hd__buf_2)
                                                         net56 (net)
                      0.068639    0.000693    2.351555 v _470_/A (sky130_fd_sc_hd__or2_4)
     4    0.015488    0.044152    0.180952    2.532507 v _470_/X (sky130_fd_sc_hd__or2_4)
                                                         _317_ (net)
                      0.044152    0.000123    2.532629 v _472_/A3 (sky130_fd_sc_hd__o41ai_4)
     5    0.016472    0.271587    0.270566    2.803195 ^ _472_/Y (sky130_fd_sc_hd__o41ai_4)
                                                         _338_ (net)
                      0.271587    0.000158    2.803353 ^ _481_/A2 (sky130_fd_sc_hd__a211o_1)
     4    0.012590    0.088756    0.139893    2.943246 ^ _481_/X (sky130_fd_sc_hd__a211o_1)
                                                         _410_ (net)
                      0.088756    0.000111    2.943358 ^ _484_/A1 (sky130_fd_sc_hd__a21o_1)
     4    0.014671    0.100633    0.124916    3.068274 ^ _484_/X (sky130_fd_sc_hd__a21o_1)
                                                         _413_ (net)
                      0.100633    0.000094    3.068368 ^ _493_/A1 (sky130_fd_sc_hd__a211oi_2)
     3    0.009080    0.054079    0.058582    3.126949 v _493_/Y (sky130_fd_sc_hd__a211oi_2)
                                                         _422_ (net)
                      0.054079    0.000095    3.127044 v _503_/D (sky130_fd_sc_hd__or4_4)
     3    0.007869    0.062533    0.254074    3.381119 v _503_/X (sky130_fd_sc_hd__or4_4)
                                                         _432_ (net)
                      0.062533    0.000060    3.381179 v _507_/A1 (sky130_fd_sc_hd__a31o_1)
     2    0.007794    0.042647    0.136053    3.517231 v _507_/X (sky130_fd_sc_hd__a31o_1)
                                                         _436_ (net)
                      0.042647    0.000072    3.517303 v _509_/A2 (sky130_fd_sc_hd__a211o_4)
     3    0.015493    0.047653    0.224146    3.741450 v _509_/X (sky130_fd_sc_hd__a211o_4)
                                                         _438_ (net)
                      0.047653    0.000214    3.741664 v _515_/A2 (sky130_fd_sc_hd__a21oi_4)
     8    0.043277    0.244995    0.229279    3.970943 ^ _515_/Y (sky130_fd_sc_hd__a21oi_4)
                                                         _444_ (net)
                      0.245004    0.001202    3.972145 ^ _797_/A2 (sky130_fd_sc_hd__a211oi_1)
     1    0.003410    0.064579    0.062837    4.034981 v _797_/Y (sky130_fd_sc_hd__a211oi_1)
                                                         _272_ (net)
                      0.064579    0.000041    4.035023 v _798_/B1 (sky130_fd_sc_hd__o31ai_1)
     1    0.005329    0.176699    0.067913    4.102935 ^ _798_/Y (sky130_fd_sc_hd__o31ai_1)
                                                         net25 (net)
                      0.176699    0.000108    4.103044 ^ output25/A (sky130_fd_sc_hd__buf_4)
     1    0.034453    0.078120    0.132304    4.235348 ^ output25/X (sky130_fd_sc_hd__buf_4)
                                                         op_out[4] (net)
                      0.078121    0.000416    4.235764 ^ op_out[4] (out)
                                              4.235764   data arrival time

                      0.000000   10.000000   10.000000   clock __VIRTUAL_CLK__ (rise edge)
                                  0.000000   10.000000   clock network delay (ideal)
                                 -0.250000    9.750000   clock uncertainty
                                  0.000000    9.750000   clock reconvergence pessimism
                                 -2.000000    7.750000   output external delay
                                              7.750000   data required time
---------------------------------------------------------------------------------------------
                                              7.750000   data required time
                                             -4.235764   data arrival time
---------------------------------------------------------------------------------------------
                                              3.514236   slack (MET)


Startpoint: op_b[0] (input port clocked by __VIRTUAL_CLK__)
Endpoint: op_out[7] (output port clocked by __VIRTUAL_CLK__)
Path Group: __VIRTUAL_CLK__
Path Type: max

Fanout         Cap        Slew       Delay        Time   Description
---------------------------------------------------------------------------------------------
                      0.000000    0.000000    0.000000   clock __VIRTUAL_CLK__ (rise edge)
                                  0.000000    0.000000   clock network delay (ideal)
                                  2.000000    2.000000 ^ input external delay
     1    0.005548    0.023528    0.014267    2.014267 ^ op_b[0] (in)
                                                         op_b[0] (net)
                      0.023528    0.000000    2.014267 ^ input13/A (sky130_fd_sc_hd__buf_6)
     5    0.035698    0.059436    0.084122    2.098389 ^ input13/X (sky130_fd_sc_hd__buf_6)
                                                         net13 (net)
                      0.059466    0.001097    2.099486 ^ fanout66/A (sky130_fd_sc_hd__buf_8)
     5    0.040538    0.056652    0.090414    2.189900 ^ fanout66/X (sky130_fd_sc_hd__buf_8)
                                                         net66 (net)
                      0.056652    0.000203    2.190103 ^ fanout65/A (sky130_fd_sc_hd__buf_8)
    10    0.040787    0.056825    0.089874    2.279978 ^ fanout65/X (sky130_fd_sc_hd__buf_8)
                                                         net65 (net)
                      0.056855    0.001058    2.281036 ^ _458_/A (sky130_fd_sc_hd__inv_2)
     4    0.014013    0.030550    0.035496    2.316532 v _458_/Y (sky130_fd_sc_hd__inv_2)
                                                         _188_ (net)
                      0.030550    0.000060    2.316592 v fanout35/A (sky130_fd_sc_hd__clkbuf_4)
    10    0.046759    0.071843    0.136151    2.452743 v fanout35/X (sky130_fd_sc_hd__clkbuf_4)
                                                         net35 (net)
                      0.071844    0.000399    2.453142 v _536_/A (sky130_fd_sc_hd__nor2_4)
     4    0.017219    0.095907    0.117602    2.570744 ^ _536_/Y (sky130_fd_sc_hd__nor2_4)
                                                         _007_ (net)
                      0.095907    0.000152    2.570896 ^ _780_/A (sky130_fd_sc_hd__and3_1)
     2    0.012984    0.103668    0.148652    2.719548 ^ _780_/X (sky130_fd_sc_hd__and3_1)
                                                         _254_ (net)
                      0.103668    0.000214    2.719762 ^ _781_/B1 (sky130_fd_sc_hd__a21oi_4)
     2    0.012855    0.045333    0.026722    2.746484 v _781_/Y (sky130_fd_sc_hd__a21oi_4)
                                                         _255_ (net)
                      0.045333    0.000091    2.746575 v _805_/A3 (sky130_fd_sc_hd__a31oi_2)
     2    0.008741    0.137787    0.159295    2.905870 ^ _805_/Y (sky130_fd_sc_hd__a31oi_2)
                                                         _280_ (net)
                      0.137787    0.000116    2.905986 ^ _813_/A (sky130_fd_sc_hd__xnor2_1)
     2    0.005508    0.050265    0.063691    2.969676 v _813_/Y (sky130_fd_sc_hd__xnor2_1)
                                                         _289_ (net)
                      0.050265    0.000072    2.969748 v _814_/B (sky130_fd_sc_hd__or2_1)
     1    0.002371    0.030723    0.122343    3.092091 v _814_/X (sky130_fd_sc_hd__or2_1)
                                                         _290_ (net)
                      0.030723    0.000009    3.092100 v _816_/A (sky130_fd_sc_hd__nand2_1)
     2    0.007394    0.061701    0.058840    3.150940 ^ _816_/Y (sky130_fd_sc_hd__nand2_1)
                                                         _292_ (net)
                      0.061701    0.000142    3.151082 ^ _817_/A (sky130_fd_sc_hd__and3_1)
     1    0.011241    0.090887    0.132266    3.283348 ^ _817_/X (sky130_fd_sc_hd__and3_1)
                                                         _293_ (net)
                      0.090887    0.000195    3.283543 ^ _819_/A (sky130_fd_sc_hd__nor2_4)
     2    0.011448    0.046275    0.032272    3.315814 v _819_/Y (sky130_fd_sc_hd__nor2_4)
                                                         _296_ (net)
                      0.046275    0.000052    3.315866 v _820_/B (sky130_fd_sc_hd__xnor2_2)
     2    0.006662    0.106634    0.104047    3.419914 ^ _820_/Y (sky130_fd_sc_hd__xnor2_2)
                                                         _297_ (net)
                      0.106634    0.000093    3.420007 ^ _821_/A (sky130_fd_sc_hd__or2_4)
     3    0.014513    0.043466    0.104521    3.524528 ^ _821_/X (sky130_fd_sc_hd__or2_4)
                                                         _298_ (net)
                      0.043466    0.000070    3.524598 ^ _824_/A (sky130_fd_sc_hd__nand2_1)
     3    0.008208    0.041268    0.045275    3.569873 v _824_/Y (sky130_fd_sc_hd__nand2_1)
                                                         _301_ (net)
                      0.041268    0.000024    3.569897 v _826_/B (sky130_fd_sc_hd__nor2_1)
     3    0.010095    0.138638    0.121917    3.691814 ^ _826_/Y (sky130_fd_sc_hd__nor2_1)
                                                         _303_ (net)
                      0.138638    0.000085    3.691899 ^ _892_/A2 (sky130_fd_sc_hd__o21ai_1)
     2    0.005245    0.045911    0.052367    3.744266 v _892_/Y (sky130_fd_sc_hd__o21ai_1)
                                                         _374_ (net)
                      0.045911    0.000058    3.744323 v _917_/A (sky130_fd_sc_hd__or2_1)
     1    0.003271    0.034072    0.137561    3.881884 v _917_/X (sky130_fd_sc_hd__or2_1)
                                                         _401_ (net)
                      0.034072    0.000038    3.881922 v _923_/A2 (sky130_fd_sc_hd__a311o_1)
     1    0.005151    0.047627    0.199206    4.081129 v _923_/X (sky130_fd_sc_hd__a311o_1)
                                                         net28 (net)
                      0.047627    0.000056    4.081185 v output28/A (sky130_fd_sc_hd__buf_6)
     1    0.033931    0.031832    0.097680    4.178865 v output28/X (sky130_fd_sc_hd__buf_6)
                                                         op_out[7] (net)
                      0.031833    0.000174    4.179039 v op_out[7] (out)
                                              4.179039   data arrival time

                      0.000000   10.000000   10.000000   clock __VIRTUAL_CLK__ (rise edge)
                                  0.000000   10.000000   clock network delay (ideal)
                                 -0.250000    9.750000   clock uncertainty
                                  0.000000    9.750000   clock reconvergence pessimism
                                 -2.000000    7.750000   output external delay
                                              7.750000   data required time
---------------------------------------------------------------------------------------------
                                              7.750000   data required time
                                             -4.179039   data arrival time
---------------------------------------------------------------------------------------------
                                              3.570961   slack (MET)


Startpoint: op_b[0] (input port clocked by __VIRTUAL_CLK__)
Endpoint: op_out[5] (output port clocked by __VIRTUAL_CLK__)
Path Group: __VIRTUAL_CLK__
Path Type: max

Fanout         Cap        Slew       Delay        Time   Description
---------------------------------------------------------------------------------------------
                      0.000000    0.000000    0.000000   clock __VIRTUAL_CLK__ (rise edge)
                                  0.000000    0.000000   clock network delay (ideal)
                                  2.000000    2.000000 ^ input external delay
     1    0.005548    0.023528    0.014267    2.014267 ^ op_b[0] (in)
                                                         op_b[0] (net)
                      0.023528    0.000000    2.014267 ^ input13/A (sky130_fd_sc_hd__buf_6)
     5    0.035698    0.059436    0.084122    2.098389 ^ input13/X (sky130_fd_sc_hd__buf_6)
                                                         net13 (net)
                      0.059466    0.001097    2.099486 ^ fanout66/A (sky130_fd_sc_hd__buf_8)
     5    0.040538    0.056652    0.090414    2.189900 ^ fanout66/X (sky130_fd_sc_hd__buf_8)
                                                         net66 (net)
                      0.056652    0.000203    2.190103 ^ fanout65/A (sky130_fd_sc_hd__buf_8)
    10    0.040787    0.056825    0.089874    2.279978 ^ fanout65/X (sky130_fd_sc_hd__buf_8)
                                                         net65 (net)
                      0.056855    0.001058    2.281036 ^ _458_/A (sky130_fd_sc_hd__inv_2)
     4    0.014013    0.030550    0.035496    2.316532 v _458_/Y (sky130_fd_sc_hd__inv_2)
                                                         _188_ (net)
                      0.030550    0.000060    2.316592 v fanout35/A (sky130_fd_sc_hd__clkbuf_4)
    10    0.046759    0.071843    0.136151    2.452743 v fanout35/X (sky130_fd_sc_hd__clkbuf_4)
                                                         net35 (net)
                      0.071844    0.000399    2.453142 v _536_/A (sky130_fd_sc_hd__nor2_4)
     4    0.017219    0.095907    0.117602    2.570744 ^ _536_/Y (sky130_fd_sc_hd__nor2_4)
                                                         _007_ (net)
                      0.095907    0.000152    2.570896 ^ _780_/A (sky130_fd_sc_hd__and3_1)
     2    0.012984    0.103668    0.148652    2.719548 ^ _780_/X (sky130_fd_sc_hd__and3_1)
                                                         _254_ (net)
                      0.103668    0.000214    2.719762 ^ _781_/B1 (sky130_fd_sc_hd__a21oi_4)
     2    0.012855    0.045333    0.026722    2.746484 v _781_/Y (sky130_fd_sc_hd__a21oi_4)
                                                         _255_ (net)
                      0.045333    0.000091    2.746575 v _805_/A3 (sky130_fd_sc_hd__a31oi_2)
     2    0.008741    0.137787    0.159295    2.905870 ^ _805_/Y (sky130_fd_sc_hd__a31oi_2)
                                                         _280_ (net)
                      0.137787    0.000116    2.905986 ^ _813_/A (sky130_fd_sc_hd__xnor2_1)
     2    0.005508    0.050265    0.063691    2.969676 v _813_/Y (sky130_fd_sc_hd__xnor2_1)
                                                         _289_ (net)
                      0.050265    0.000072    2.969748 v _814_/B (sky130_fd_sc_hd__or2_1)
     1    0.002371    0.030723    0.122343    3.092091 v _814_/X (sky130_fd_sc_hd__or2_1)
                                                         _290_ (net)
                      0.030723    0.000009    3.092100 v _816_/A (sky130_fd_sc_hd__nand2_1)
     2    0.007394    0.061701    0.058840    3.150940 ^ _816_/Y (sky130_fd_sc_hd__nand2_1)
                                                         _292_ (net)
                      0.061701    0.000142    3.151082 ^ _817_/A (sky130_fd_sc_hd__and3_1)
     1    0.011241    0.090887    0.132266    3.283348 ^ _817_/X (sky130_fd_sc_hd__and3_1)
                                                         _293_ (net)
                      0.090887    0.000195    3.283543 ^ _819_/A (sky130_fd_sc_hd__nor2_4)
     2    0.011448    0.046275    0.032272    3.315814 v _819_/Y (sky130_fd_sc_hd__nor2_4)
                                                         _296_ (net)
                      0.046275    0.000052    3.315866 v _820_/B (sky130_fd_sc_hd__xnor2_2)
     2    0.006662    0.106634    0.104047    3.419914 ^ _820_/Y (sky130_fd_sc_hd__xnor2_2)
                                                         _297_ (net)
                      0.106634    0.000093    3.420007 ^ _821_/A (sky130_fd_sc_hd__or2_4)
     3    0.014513    0.043466    0.104521    3.524528 ^ _821_/X (sky130_fd_sc_hd__or2_4)
                                                         _298_ (net)
                      0.043466    0.000070    3.524598 ^ _824_/A (sky130_fd_sc_hd__nand2_1)
     3    0.008208    0.041268    0.045275    3.569873 v _824_/Y (sky130_fd_sc_hd__nand2_1)
                                                         _301_ (net)
                      0.041268    0.000059    3.569932 v _827_/A2 (sky130_fd_sc_hd__o21a_1)
     1    0.002668    0.024481    0.104597    3.674530 v _827_/X (sky130_fd_sc_hd__o21a_1)
                                                         _304_ (net)
                      0.024481    0.000024    3.674553 v _840_/B2 (sky130_fd_sc_hd__a221o_1)
     1    0.005871    0.043477    0.162030    3.836584 v _840_/X (sky130_fd_sc_hd__a221o_1)
                                                         _319_ (net)
                      0.043477    0.000114    3.836698 v _842_/B (sky130_fd_sc_hd__or3_1)
     1    0.005410    0.052716    0.210973    4.047671 v _842_/X (sky130_fd_sc_hd__or3_1)
                                                         net26 (net)
                      0.052716    0.000118    4.047789 v output26/A (sky130_fd_sc_hd__buf_4)
     1    0.034471    0.043052    0.120323    4.168112 v output26/X (sky130_fd_sc_hd__buf_4)
                                                         op_out[5] (net)
                      0.043055    0.000416    4.168528 v op_out[5] (out)
                                              4.168528   data arrival time

                      0.000000   10.000000   10.000000   clock __VIRTUAL_CLK__ (rise edge)
                                  0.000000   10.000000   clock network delay (ideal)
                                 -0.250000    9.750000   clock uncertainty
                                  0.000000    9.750000   clock reconvergence pessimism
                                 -2.000000    7.750000   output external delay
                                              7.750000   data required time
---------------------------------------------------------------------------------------------
                                              7.750000   data required time
                                             -4.168528   data arrival time
---------------------------------------------------------------------------------------------
                                              3.581472   slack (MET)


Startpoint: op_b[0] (input port clocked by __VIRTUAL_CLK__)
Endpoint: op_out[6] (output port clocked by __VIRTUAL_CLK__)
Path Group: __VIRTUAL_CLK__
Path Type: max

Fanout         Cap        Slew       Delay        Time   Description
---------------------------------------------------------------------------------------------
                      0.000000    0.000000    0.000000   clock __VIRTUAL_CLK__ (rise edge)
                                  0.000000    0.000000   clock network delay (ideal)
                                  2.000000    2.000000 ^ input external delay
     1    0.005548    0.023528    0.014267    2.014267 ^ op_b[0] (in)
                                                         op_b[0] (net)
                      0.023528    0.000000    2.014267 ^ input13/A (sky130_fd_sc_hd__buf_6)
     5    0.035698    0.059436    0.084122    2.098389 ^ input13/X (sky130_fd_sc_hd__buf_6)
                                                         net13 (net)
                      0.059466    0.001097    2.099486 ^ fanout66/A (sky130_fd_sc_hd__buf_8)
     5    0.040538    0.056652    0.090414    2.189900 ^ fanout66/X (sky130_fd_sc_hd__buf_8)
                                                         net66 (net)
                      0.056652    0.000203    2.190103 ^ fanout65/A (sky130_fd_sc_hd__buf_8)
    10    0.040787    0.056825    0.089874    2.279978 ^ fanout65/X (sky130_fd_sc_hd__buf_8)
                                                         net65 (net)
                      0.056855    0.001058    2.281036 ^ _458_/A (sky130_fd_sc_hd__inv_2)
     4    0.014013    0.030550    0.035496    2.316532 v _458_/Y (sky130_fd_sc_hd__inv_2)
                                                         _188_ (net)
                      0.030550    0.000060    2.316592 v fanout35/A (sky130_fd_sc_hd__clkbuf_4)
    10    0.046759    0.071843    0.136151    2.452743 v fanout35/X (sky130_fd_sc_hd__clkbuf_4)
                                                         net35 (net)
                      0.071844    0.000399    2.453142 v _536_/A (sky130_fd_sc_hd__nor2_4)
     4    0.017219    0.095907    0.117602    2.570744 ^ _536_/Y (sky130_fd_sc_hd__nor2_4)
                                                         _007_ (net)
                      0.095907    0.000152    2.570896 ^ _780_/A (sky130_fd_sc_hd__and3_1)
     2    0.012984    0.103668    0.148652    2.719548 ^ _780_/X (sky130_fd_sc_hd__and3_1)
                                                         _254_ (net)
                      0.103668    0.000214    2.719762 ^ _781_/B1 (sky130_fd_sc_hd__a21oi_4)
     2    0.012855    0.045333    0.026722    2.746484 v _781_/Y (sky130_fd_sc_hd__a21oi_4)
                                                         _255_ (net)
                      0.045333    0.000091    2.746575 v _805_/A3 (sky130_fd_sc_hd__a31oi_2)
     2    0.008741    0.137787    0.159295    2.905870 ^ _805_/Y (sky130_fd_sc_hd__a31oi_2)
                                                         _280_ (net)
                      0.137787    0.000116    2.905986 ^ _813_/A (sky130_fd_sc_hd__xnor2_1)
     2    0.005508    0.050265    0.063691    2.969676 v _813_/Y (sky130_fd_sc_hd__xnor2_1)
                                                         _289_ (net)
                      0.050265    0.000072    2.969748 v _814_/B (sky130_fd_sc_hd__or2_1)
     1    0.002371    0.030723    0.122343    3.092091 v _814_/X (sky130_fd_sc_hd__or2_1)
                                                         _290_ (net)
                      0.030723    0.000009    3.092100 v _816_/A (sky130_fd_sc_hd__nand2_1)
     2    0.007394    0.061701    0.058840    3.150940 ^ _816_/Y (sky130_fd_sc_hd__nand2_1)
                                                         _292_ (net)
                      0.061701    0.000142    3.151082 ^ _817_/A (sky130_fd_sc_hd__and3_1)
     1    0.011241    0.090887    0.132266    3.283348 ^ _817_/X (sky130_fd_sc_hd__and3_1)
                                                         _293_ (net)
                      0.090887    0.000195    3.283543 ^ _819_/A (sky130_fd_sc_hd__nor2_4)
     2    0.011448    0.046275    0.032272    3.315814 v _819_/Y (sky130_fd_sc_hd__nor2_4)
                                                         _296_ (net)
                      0.046275    0.000052    3.315866 v _820_/B (sky130_fd_sc_hd__xnor2_2)
     2    0.006181    0.042273    0.089711    3.405577 v _820_/Y (sky130_fd_sc_hd__xnor2_2)
                                                         _297_ (net)
                      0.042273    0.000086    3.405663 v _821_/A (sky130_fd_sc_hd__or2_4)
     3    0.013817    0.042280    0.168700    3.574363 v _821_/X (sky130_fd_sc_hd__or2_4)
                                                         _298_ (net)
                      0.042280    0.000067    3.574430 v _824_/A (sky130_fd_sc_hd__nand2_1)
     3    0.009012    0.071707    0.071073    3.645504 ^ _824_/Y (sky130_fd_sc_hd__nand2_1)
                                                         _301_ (net)
                      0.071707    0.000026    3.645530 ^ _826_/B (sky130_fd_sc_hd__nor2_1)
     3    0.009498    0.047527    0.046472    3.692002 v _826_/Y (sky130_fd_sc_hd__nor2_1)
                                                         _303_ (net)
                      0.047527    0.000083    3.692086 v _878_/A (sky130_fd_sc_hd__or2_1)
     1    0.003125    0.033487    0.137317    3.829403 v _878_/X (sky130_fd_sc_hd__or2_1)
                                                         _359_ (net)
                      0.033487    0.000036    3.829439 v _885_/A3 (sky130_fd_sc_hd__a31o_1)
     1    0.005204    0.034814    0.144069    3.973507 v _885_/X (sky130_fd_sc_hd__a31o_1)
                                                         net27 (net)
                      0.034814    0.000056    3.973563 v output27/A (sky130_fd_sc_hd__buf_6)
     1    0.034885    0.032376    0.092640    4.066203 v output27/X (sky130_fd_sc_hd__buf_6)
                                                         op_out[6] (net)
                      0.032381    0.000397    4.066600 v op_out[6] (out)
                                              4.066600   data arrival time

                      0.000000   10.000000   10.000000   clock __VIRTUAL_CLK__ (rise edge)
                                  0.000000   10.000000   clock network delay (ideal)
                                 -0.250000    9.750000   clock uncertainty
                                  0.000000    9.750000   clock reconvergence pessimism
                                 -2.000000    7.750000   output external delay
                                              7.750000   data required time
---------------------------------------------------------------------------------------------
                                              7.750000   data required time
                                             -4.066600   data arrival time
---------------------------------------------------------------------------------------------
                                              3.683400   slack (MET)



%OL_END_REPORT
%OL_CREATE_REPORT checks.rpt

===========================================================================
report_checks -unconstrained
===========================================================================
======================= min_ff_n40C_1v95 Corner ===================================

Startpoint: op_b[3] (input port clocked by __VIRTUAL_CLK__)
Endpoint: op_out[0] (output port clocked by __VIRTUAL_CLK__)
Path Group: __VIRTUAL_CLK__
Path Type: max

Fanout         Cap        Slew       Delay        Time   Description
---------------------------------------------------------------------------------------------
                      0.000000    0.000000    0.000000   clock __VIRTUAL_CLK__ (rise edge)
                                  0.000000    0.000000   clock network delay (ideal)
                                  2.000000    2.000000 v input external delay
     1    0.002606    0.004447    0.002089    2.002089 v op_b[3] (in)
                                                         op_b[3] (net)
                      0.004447    0.000000    2.002089 v input16/A (sky130_fd_sc_hd__clkbuf_1)
     1    0.007392    0.034730    0.061107    2.063195 v input16/X (sky130_fd_sc_hd__clkbuf_1)
                                                         net16 (net)
                      0.034730    0.000193    2.063388 v fanout58/A (sky130_fd_sc_hd__clkbuf_4)
     9    0.053001    0.079817    0.144055    2.207443 v fanout58/X (sky130_fd_sc_hd__clkbuf_4)
                                                         net58 (net)
                      0.079847    0.001465    2.208909 v fanout56/A (sky130_fd_sc_hd__buf_2)
    10    0.038089    0.068633    0.141953    2.350862 v fanout56/X (sky130_fd_sc_hd__buf_2)
                                                         net56 (net)
                      0.068639    0.000693    2.351555 v _470_/A (sky130_fd_sc_hd__or2_4)
     4    0.015488    0.044152    0.180952    2.532507 v _470_/X (sky130_fd_sc_hd__or2_4)
                                                         _317_ (net)
                      0.044152    0.000123    2.532629 v _472_/A3 (sky130_fd_sc_hd__o41ai_4)
     5    0.016472    0.271587    0.270566    2.803195 ^ _472_/Y (sky130_fd_sc_hd__o41ai_4)
                                                         _338_ (net)
                      0.271587    0.000158    2.803353 ^ _481_/A2 (sky130_fd_sc_hd__a211o_1)
     4    0.012590    0.088756    0.139893    2.943246 ^ _481_/X (sky130_fd_sc_hd__a211o_1)
                                                         _410_ (net)
                      0.088756    0.000111    2.943358 ^ _484_/A1 (sky130_fd_sc_hd__a21o_1)
     4    0.014671    0.100633    0.124916    3.068274 ^ _484_/X (sky130_fd_sc_hd__a21o_1)
                                                         _413_ (net)
                      0.100633    0.000094    3.068368 ^ _493_/A1 (sky130_fd_sc_hd__a211oi_2)
     3    0.009080    0.054079    0.058582    3.126949 v _493_/Y (sky130_fd_sc_hd__a211oi_2)
                                                         _422_ (net)
                      0.054079    0.000095    3.127044 v _503_/D (sky130_fd_sc_hd__or4_4)
     3    0.007869    0.062533    0.254074    3.381119 v _503_/X (sky130_fd_sc_hd__or4_4)
                                                         _432_ (net)
                      0.062533    0.000060    3.381179 v _507_/A1 (sky130_fd_sc_hd__a31o_1)
     2    0.007794    0.042647    0.136053    3.517231 v _507_/X (sky130_fd_sc_hd__a31o_1)
                                                         _436_ (net)
                      0.042647    0.000072    3.517303 v _509_/A2 (sky130_fd_sc_hd__a211o_4)
     3    0.015493    0.047653    0.224146    3.741450 v _509_/X (sky130_fd_sc_hd__a211o_4)
                                                         _438_ (net)
                      0.047653    0.000214    3.741664 v _515_/A2 (sky130_fd_sc_hd__a21oi_4)
     8    0.043277    0.244995    0.229279    3.970943 ^ _515_/Y (sky130_fd_sc_hd__a21oi_4)
                                                         _444_ (net)
                      0.245000    0.000888    3.971831 ^ _524_/S (sky130_fd_sc_hd__mux2_4)
     2    0.007241    0.041458    0.192200    4.164032 v _524_/X (sky130_fd_sc_hd__mux2_4)
                                                         _453_ (net)
                      0.041458    0.000095    4.164126 v _539_/A1 (sky130_fd_sc_hd__a221o_1)
     3    0.009966    0.056677    0.192009    4.356135 v _539_/X (sky130_fd_sc_hd__a221o_1)
                                                         _010_ (net)
                      0.056677    0.000101    4.356236 v _544_/A2 (sky130_fd_sc_hd__a311o_1)
     3    0.009246    0.061849    0.225524    4.581759 v _544_/X (sky130_fd_sc_hd__a311o_1)
                                                         _015_ (net)
                      0.061849    0.000091    4.581850 v _579_/A1 (sky130_fd_sc_hd__a21o_1)
     3    0.008365    0.040434    0.124107    4.705956 v _579_/X (sky130_fd_sc_hd__a21o_1)
                                                         _050_ (net)
                      0.040434    0.000101    4.706058 v _583_/B (sky130_fd_sc_hd__and3_1)
     2    0.005308    0.034657    0.112967    4.819025 v _583_/X (sky130_fd_sc_hd__and3_1)
                                                         _054_ (net)
                      0.034657    0.000041    4.819065 v _585_/A (sky130_fd_sc_hd__or4_4)
     1    0.003610    0.056545    0.313325    5.132390 v _585_/X (sky130_fd_sc_hd__or4_4)
                                                         _056_ (net)
                      0.056545    0.000044    5.132435 v _586_/B (sky130_fd_sc_hd__or4b_4)
     1    0.009048    0.064058    0.321090    5.453525 v _586_/X (sky130_fd_sc_hd__or4b_4)
                                                         _057_ (net)
                      0.064058    0.000101    5.453626 v _590_/A2 (sky130_fd_sc_hd__a311oi_4)
     4    0.017045    0.245595    0.248767    5.702393 ^ _590_/Y (sky130_fd_sc_hd__a311oi_4)
                                                         _061_ (net)
                      0.245595    0.000314    5.702707 ^ max_cap30/A (sky130_fd_sc_hd__buf_6)
     5    0.026408    0.049192    0.098594    5.801301 ^ max_cap30/X (sky130_fd_sc_hd__buf_6)
                                                         net30 (net)
                      0.049192    0.000138    5.801439 ^ _619_/S (sky130_fd_sc_hd__mux2_4)
     5    0.020639    0.057014    0.210509    6.011948 v _619_/X (sky130_fd_sc_hd__mux2_4)
                                                         _090_ (net)
                      0.057014    0.000252    6.012200 v _623_/B2 (sky130_fd_sc_hd__o22a_1)
     2    0.005781    0.035782    0.109389    6.121588 v _623_/X (sky130_fd_sc_hd__o22a_1)
                                                         _094_ (net)
                      0.035782    0.000036    6.121624 v _624_/A (sky130_fd_sc_hd__or4bb_4)
     4    0.019967    0.078656    0.351017    6.472641 v _624_/X (sky130_fd_sc_hd__or4bb_4)
                                                         _095_ (net)
                      0.078656    0.000104    6.472745 v _628_/A2 (sky130_fd_sc_hd__a21oi_4)
     4    0.021774    0.145848    0.168582    6.641328 ^ _628_/Y (sky130_fd_sc_hd__a21oi_4)
                                                         _099_ (net)
                      0.145848    0.000267    6.641595 ^ fanout29/A (sky130_fd_sc_hd__buf_6)
     5    0.028166    0.050038    0.096287    6.737882 ^ fanout29/X (sky130_fd_sc_hd__buf_6)
                                                         net29 (net)
                      0.050051    0.000776    6.738658 ^ _665_/S (sky130_fd_sc_hd__mux2_4)
     3    0.008215    0.042461    0.190774    6.929431 v _665_/X (sky130_fd_sc_hd__mux2_4)
                                                         _136_ (net)
                      0.042461    0.000020    6.929451 v _669_/A2 (sky130_fd_sc_hd__a21o_1)
     1    0.003353    0.025648    0.115884    7.045335 v _669_/X (sky130_fd_sc_hd__a21o_1)
                                                         _140_ (net)
                      0.025648    0.000037    7.045372 v _671_/A1 (sky130_fd_sc_hd__o211a_1)
     1    0.002883    0.028290    0.134578    7.179950 v _671_/X (sky130_fd_sc_hd__o211a_1)
                                                         _142_ (net)
                      0.028290    0.000028    7.179978 v _672_/B2 (sky130_fd_sc_hd__o221a_1)
     1    0.003513    0.035391    0.122555    7.302533 v _672_/X (sky130_fd_sc_hd__o221a_1)
                                                         _143_ (net)
                      0.035391    0.000045    7.302577 v _675_/A2 (sky130_fd_sc_hd__o21a_1)
     1    0.002437    0.023784    0.101407    7.403984 v _675_/X (sky130_fd_sc_hd__o21a_1)
                                                         _146_ (net)
                      0.023784    0.000009    7.403994 v _679_/A2 (sky130_fd_sc_hd__o21a_1)
     1    0.007241    0.038678    0.114698    7.518692 v _679_/X (sky130_fd_sc_hd__o21a_1)
                                                         _150_ (net)
                      0.038679    0.000205    7.518897 v _700_/C (sky130_fd_sc_hd__or3_4)
     1    0.009130    0.050981    0.203047    7.721944 v _700_/X (sky130_fd_sc_hd__or3_4)
                                                         net21 (net)
                      0.050981    0.000184    7.722128 v output21/A (sky130_fd_sc_hd__buf_8)
     1    0.034619    0.029909    0.097493    7.819621 v output21/X (sky130_fd_sc_hd__buf_8)
                                                         op_out[0] (net)
                      0.029916    0.000457    7.820078 v op_out[0] (out)
                                              7.820078   data arrival time

                      0.000000   10.000000   10.000000   clock __VIRTUAL_CLK__ (rise edge)
                                  0.000000   10.000000   clock network delay (ideal)
                                 -0.250000    9.750000   clock uncertainty
                                  0.000000    9.750000   clock reconvergence pessimism
                                 -2.000000    7.750000   output external delay
                                              7.750000   data required time
---------------------------------------------------------------------------------------------
                                              7.750000   data required time
                                             -7.820078   data arrival time
---------------------------------------------------------------------------------------------
                                             -0.070078   slack (VIOLATED)




===========================================================================
report_checks --slack_max -0.01
============================================================================
======================= min_ff_n40C_1v95 Corner ===================================

Startpoint: op_b[3] (input port clocked by __VIRTUAL_CLK__)
Endpoint: op_out[0] (output port clocked by __VIRTUAL_CLK__)
Path Group: __VIRTUAL_CLK__
Path Type: max

Fanout         Cap        Slew       Delay        Time   Description
---------------------------------------------------------------------------------------------
                      0.000000    0.000000    0.000000   clock __VIRTUAL_CLK__ (rise edge)
                                  0.000000    0.000000   clock network delay (ideal)
                                  2.000000    2.000000 v input external delay
     1    0.002606    0.004447    0.002089    2.002089 v op_b[3] (in)
                                                         op_b[3] (net)
                      0.004447    0.000000    2.002089 v input16/A (sky130_fd_sc_hd__clkbuf_1)
     1    0.007392    0.034730    0.061107    2.063195 v input16/X (sky130_fd_sc_hd__clkbuf_1)
                                                         net16 (net)
                      0.034730    0.000193    2.063388 v fanout58/A (sky130_fd_sc_hd__clkbuf_4)
     9    0.053001    0.079817    0.144055    2.207443 v fanout58/X (sky130_fd_sc_hd__clkbuf_4)
                                                         net58 (net)
                      0.079847    0.001465    2.208909 v fanout56/A (sky130_fd_sc_hd__buf_2)
    10    0.038089    0.068633    0.141953    2.350862 v fanout56/X (sky130_fd_sc_hd__buf_2)
                                                         net56 (net)
                      0.068639    0.000693    2.351555 v _470_/A (sky130_fd_sc_hd__or2_4)
     4    0.015488    0.044152    0.180952    2.532507 v _470_/X (sky130_fd_sc_hd__or2_4)
                                                         _317_ (net)
                      0.044152    0.000123    2.532629 v _472_/A3 (sky130_fd_sc_hd__o41ai_4)
     5    0.016472    0.271587    0.270566    2.803195 ^ _472_/Y (sky130_fd_sc_hd__o41ai_4)
                                                         _338_ (net)
                      0.271587    0.000158    2.803353 ^ _481_/A2 (sky130_fd_sc_hd__a211o_1)
     4    0.012590    0.088756    0.139893    2.943246 ^ _481_/X (sky130_fd_sc_hd__a211o_1)
                                                         _410_ (net)
                      0.088756    0.000111    2.943358 ^ _484_/A1 (sky130_fd_sc_hd__a21o_1)
     4    0.014671    0.100633    0.124916    3.068274 ^ _484_/X (sky130_fd_sc_hd__a21o_1)
                                                         _413_ (net)
                      0.100633    0.000094    3.068368 ^ _493_/A1 (sky130_fd_sc_hd__a211oi_2)
     3    0.009080    0.054079    0.058582    3.126949 v _493_/Y (sky130_fd_sc_hd__a211oi_2)
                                                         _422_ (net)
                      0.054079    0.000095    3.127044 v _503_/D (sky130_fd_sc_hd__or4_4)
     3    0.007869    0.062533    0.254074    3.381119 v _503_/X (sky130_fd_sc_hd__or4_4)
                                                         _432_ (net)
                      0.062533    0.000060    3.381179 v _507_/A1 (sky130_fd_sc_hd__a31o_1)
     2    0.007794    0.042647    0.136053    3.517231 v _507_/X (sky130_fd_sc_hd__a31o_1)
                                                         _436_ (net)
                      0.042647    0.000072    3.517303 v _509_/A2 (sky130_fd_sc_hd__a211o_4)
     3    0.015493    0.047653    0.224146    3.741450 v _509_/X (sky130_fd_sc_hd__a211o_4)
                                                         _438_ (net)
                      0.047653    0.000214    3.741664 v _515_/A2 (sky130_fd_sc_hd__a21oi_4)
     8    0.043277    0.244995    0.229279    3.970943 ^ _515_/Y (sky130_fd_sc_hd__a21oi_4)
                                                         _444_ (net)
                      0.245000    0.000888    3.971831 ^ _524_/S (sky130_fd_sc_hd__mux2_4)
     2    0.007241    0.041458    0.192200    4.164032 v _524_/X (sky130_fd_sc_hd__mux2_4)
                                                         _453_ (net)
                      0.041458    0.000095    4.164126 v _539_/A1 (sky130_fd_sc_hd__a221o_1)
     3    0.009966    0.056677    0.192009    4.356135 v _539_/X (sky130_fd_sc_hd__a221o_1)
                                                         _010_ (net)
                      0.056677    0.000101    4.356236 v _544_/A2 (sky130_fd_sc_hd__a311o_1)
     3    0.009246    0.061849    0.225524    4.581759 v _544_/X (sky130_fd_sc_hd__a311o_1)
                                                         _015_ (net)
                      0.061849    0.000091    4.581850 v _579_/A1 (sky130_fd_sc_hd__a21o_1)
     3    0.008365    0.040434    0.124107    4.705956 v _579_/X (sky130_fd_sc_hd__a21o_1)
                                                         _050_ (net)
                      0.040434    0.000101    4.706058 v _583_/B (sky130_fd_sc_hd__and3_1)
     2    0.005308    0.034657    0.112967    4.819025 v _583_/X (sky130_fd_sc_hd__and3_1)
                                                         _054_ (net)
                      0.034657    0.000041    4.819065 v _585_/A (sky130_fd_sc_hd__or4_4)
     1    0.003610    0.056545    0.313325    5.132390 v _585_/X (sky130_fd_sc_hd__or4_4)
                                                         _056_ (net)
                      0.056545    0.000044    5.132435 v _586_/B (sky130_fd_sc_hd__or4b_4)
     1    0.009048    0.064058    0.321090    5.453525 v _586_/X (sky130_fd_sc_hd__or4b_4)
                                                         _057_ (net)
                      0.064058    0.000101    5.453626 v _590_/A2 (sky130_fd_sc_hd__a311oi_4)
     4    0.017045    0.245595    0.248767    5.702393 ^ _590_/Y (sky130_fd_sc_hd__a311oi_4)
                                                         _061_ (net)
                      0.245595    0.000314    5.702707 ^ max_cap30/A (sky130_fd_sc_hd__buf_6)
     5    0.026408    0.049192    0.098594    5.801301 ^ max_cap30/X (sky130_fd_sc_hd__buf_6)
                                                         net30 (net)
                      0.049192    0.000138    5.801439 ^ _619_/S (sky130_fd_sc_hd__mux2_4)
     5    0.020639    0.057014    0.210509    6.011948 v _619_/X (sky130_fd_sc_hd__mux2_4)
                                                         _090_ (net)
                      0.057014    0.000252    6.012200 v _623_/B2 (sky130_fd_sc_hd__o22a_1)
     2    0.005781    0.035782    0.109389    6.121588 v _623_/X (sky130_fd_sc_hd__o22a_1)
                                                         _094_ (net)
                      0.035782    0.000036    6.121624 v _624_/A (sky130_fd_sc_hd__or4bb_4)
     4    0.019967    0.078656    0.351017    6.472641 v _624_/X (sky130_fd_sc_hd__or4bb_4)
                                                         _095_ (net)
                      0.078656    0.000104    6.472745 v _628_/A2 (sky130_fd_sc_hd__a21oi_4)
     4    0.021774    0.145848    0.168582    6.641328 ^ _628_/Y (sky130_fd_sc_hd__a21oi_4)
                                                         _099_ (net)
                      0.145848    0.000267    6.641595 ^ fanout29/A (sky130_fd_sc_hd__buf_6)
     5    0.028166    0.050038    0.096287    6.737882 ^ fanout29/X (sky130_fd_sc_hd__buf_6)
                                                         net29 (net)
                      0.050051    0.000776    6.738658 ^ _665_/S (sky130_fd_sc_hd__mux2_4)
     3    0.008215    0.042461    0.190774    6.929431 v _665_/X (sky130_fd_sc_hd__mux2_4)
                                                         _136_ (net)
                      0.042461    0.000020    6.929451 v _669_/A2 (sky130_fd_sc_hd__a21o_1)
     1    0.003353    0.025648    0.115884    7.045335 v _669_/X (sky130_fd_sc_hd__a21o_1)
                                                         _140_ (net)
                      0.025648    0.000037    7.045372 v _671_/A1 (sky130_fd_sc_hd__o211a_1)
     1    0.002883    0.028290    0.134578    7.179950 v _671_/X (sky130_fd_sc_hd__o211a_1)
                                                         _142_ (net)
                      0.028290    0.000028    7.179978 v _672_/B2 (sky130_fd_sc_hd__o221a_1)
     1    0.003513    0.035391    0.122555    7.302533 v _672_/X (sky130_fd_sc_hd__o221a_1)
                                                         _143_ (net)
                      0.035391    0.000045    7.302577 v _675_/A2 (sky130_fd_sc_hd__o21a_1)
     1    0.002437    0.023784    0.101407    7.403984 v _675_/X (sky130_fd_sc_hd__o21a_1)
                                                         _146_ (net)
                      0.023784    0.000009    7.403994 v _679_/A2 (sky130_fd_sc_hd__o21a_1)
     1    0.007241    0.038678    0.114698    7.518692 v _679_/X (sky130_fd_sc_hd__o21a_1)
                                                         _150_ (net)
                      0.038679    0.000205    7.518897 v _700_/C (sky130_fd_sc_hd__or3_4)
     1    0.009130    0.050981    0.203047    7.721944 v _700_/X (sky130_fd_sc_hd__or3_4)
                                                         net21 (net)
                      0.050981    0.000184    7.722128 v output21/A (sky130_fd_sc_hd__buf_8)
     1    0.034619    0.029909    0.097493    7.819621 v output21/X (sky130_fd_sc_hd__buf_8)
                                                         op_out[0] (net)
                      0.029916    0.000457    7.820078 v op_out[0] (out)
                                              7.820078   data arrival time

                      0.000000   10.000000   10.000000   clock __VIRTUAL_CLK__ (rise edge)
                                  0.000000   10.000000   clock network delay (ideal)
                                 -0.250000    9.750000   clock uncertainty
                                  0.000000    9.750000   clock reconvergence pessimism
                                 -2.000000    7.750000   output external delay
                                              7.750000   data required time
---------------------------------------------------------------------------------------------
                                              7.750000   data required time
                                             -7.820078   data arrival time
---------------------------------------------------------------------------------------------
                                             -0.070078   slack (VIOLATED)




===========================================================================
 report_check_types -max_slew -max_cap -max_fanout -violators
============================================================================
======================= min_ff_n40C_1v95 Corner ===================================



===========================================================================
report_parasitic_annotation -report_unannotated
============================================================================
Found 0 unannotated drivers.
Found 0 partially unannotated drivers.

===========================================================================
max slew violation count 0
%OL_METRIC_I design__max_slew_violation__count__corner:min_ff_n40C_1v95 0
max fanout violation count 0
%OL_METRIC_I design__max_fanout_violation__count__corner:min_ff_n40C_1v95 0
max cap violation count 0
%OL_METRIC_I design__max_cap_violation__count__corner:min_ff_n40C_1v95 0
============================================================================

===========================================================================
check_setup -verbose -unconstrained_endpoints -multiple_clock -no_clock -no_input_delay -loops -generated_clocks
===========================================================================
%OL_END_REPORT
%OL_CREATE_REPORT power.rpt

===========================================================================
 report_power
============================================================================
======================= min_ff_n40C_1v95 Corner ===================================

Group                    Internal    Switching      Leakage        Total
                            Power        Power        Power        Power (Watts)
------------------------------------------------------------------------
Sequential           0.000000e+00 0.000000e+00 0.000000e+00 0.000000e+00   0.0%
Combinational        1.579053e-04 1.868137e-04 3.882824e-09 3.447228e-04 100.0%
Clock                -3.764162e-11 0.000000e+00 1.631283e-09 1.593642e-09   0.0%
Macro                0.000000e+00 0.000000e+00 0.000000e+00 0.000000e+00   0.0%
Pad                  0.000000e+00 0.000000e+00 0.000000e+00 0.000000e+00   0.0%
------------------------------------------------------------------------
Total                1.579052e-04 1.868137e-04 5.514111e-09 3.447244e-04 100.0%
                            45.8%        54.2%         0.0%
%OL_METRIC_F power__internal__total 0.00015790521865710616
%OL_METRIC_F power__switching__total 0.00018681368965189904
%OL_METRIC_F power__leakage__total 5.5141105015366065e-9
%OL_METRIC_F power__total 0.00034472442348487675

%OL_END_REPORT
%OL_CREATE_REPORT skew.min.rpt

===========================================================================
Clock Skew (Hold)
============================================================================
%OL_METRIC_F clock__skew__worst_hold__corner:min_ff_n40C_1v95 0.0
======================= min_ff_n40C_1v95 Corner ===================================

Clock __VIRTUAL_CLK__
No launch/capture paths found.

%OL_END_REPORT
%OL_CREATE_REPORT skew.max.rpt

===========================================================================
Clock Skew (Setup)
============================================================================
%OL_METRIC_F clock__skew__worst_setup__corner:min_ff_n40C_1v95 0.0
======================= min_ff_n40C_1v95 Corner ===================================

Clock __VIRTUAL_CLK__
No launch/capture paths found.

%OL_END_REPORT
%OL_CREATE_REPORT ws.min.rpt

===========================================================================
Worst Slack (Hold)
============================================================================
%OL_METRIC_F timing__hold__ws__corner:min_ff_n40C_1v95 4.156312744949901
min_ff_n40C_1v95: 4.156312744949901
%OL_END_REPORT
%OL_CREATE_REPORT ws.max.rpt

===========================================================================
Worst Slack (Setup)
============================================================================
%OL_METRIC_F timing__setup__ws__corner:min_ff_n40C_1v95 -0.07007816747470551
min_ff_n40C_1v95: -0.07007816747470551
%OL_END_REPORT
%OL_CREATE_REPORT tns.min.rpt

===========================================================================
Total Negative Slack (Hold)
============================================================================
%OL_METRIC_F timing__hold__tns__corner:min_ff_n40C_1v95 0.0
min_ff_n40C_1v95: 0.0
%OL_END_REPORT
%OL_CREATE_REPORT tns.max.rpt

===========================================================================
Total Negative Slack (Setup)
============================================================================
%OL_METRIC_F timing__setup__tns__corner:min_ff_n40C_1v95 -0.07007816747470551
min_ff_n40C_1v95: -0.07007816747470551
%OL_END_REPORT
%OL_CREATE_REPORT wns.min.rpt

===========================================================================
Worst Negative Slack (Hold)
============================================================================
%OL_METRIC_F timing__hold__wns__corner:min_ff_n40C_1v95 0
min_ff_n40C_1v95: 0
%OL_END_REPORT
%OL_CREATE_REPORT wns.max.rpt

===========================================================================
Worst Negative Slack (Setup)
============================================================================
%OL_METRIC_F timing__setup__wns__corner:min_ff_n40C_1v95 -0.07007816747470551
min_ff_n40C_1v95: -0.07007816747470551
%OL_END_REPORT
%OL_CREATE_REPORT violator_list.rpt

===========================================================================
Violator List
============================================================================
[setup in-out] op_b[3] -> op_out[0] : -0.070078
%OL_METRIC_I timing__hold_vio__count__corner:min_ff_n40C_1v95 0
%OL_METRIC_F timing__hold_r2r__ws__corner:min_ff_n40C_1v95 inf
%OL_METRIC_I timing__hold_r2r_vio__count__corner:min_ff_n40C_1v95 0
%OL_METRIC_I timing__setup_vio__count__corner:min_ff_n40C_1v95 1
%OL_METRIC_F timing__setup_r2r__ws__corner:min_ff_n40C_1v95 inf
%OL_METRIC_I timing__setup_r2r_vio__count__corner:min_ff_n40C_1v95 0
%OL_END_REPORT
%OL_CREATE_REPORT unpropagated.rpt
__VIRTUAL_CLK__
%OL_END_REPORT
%OL_CREATE_REPORT clock.rpt
Clock: __VIRTUAL_CLK__
Sources: 
Generated: no
Virtual: yes
Propagated: no
Period: 10.000000

===========================================================================
report_clock_properties
============================================================================
Clock                   Period          Waveform
----------------------------------------------------
__VIRTUAL_CLK__      10.000000    0.000000  5.000000

===========================================================================
report_clock_latency
============================================================================
Clock __VIRTUAL_CLK__


===========================================================================
report_clock_min_period
============================================================================
__VIRTUAL_CLK__ period_min = 0.00 fmax = inf
%OL_END_REPORT
Writing SDF files for all corners…
Removing Clock latencies before writing libs…
Writing timing models for all corners…
Writing timing models for the min_ff_n40C_1v95 corner to /home/letienthanh/8bitalu/runs/RUN_2026-08-05_09-54-51/54-openroad-stapostpnr/min_ff_n40C_1v95/alu8bit__min_ff_n40C_1v95.lib…
