Reading timing models for corner nom_ss_100C_1v60…
Reading cell library for the 'nom_ss_100C_1v60' corner at '/home/letienthanh/.volare/volare/sky130/versions/0fe599b2afb6708d281543108caf8310912f54af/sky130A/libs.ref/sky130_fd_sc_hd/lib/sky130_fd_sc_hd__ss_100C_1v60.lib'…
Reading top-level netlist at '/home/letienthanh/8bitalu/runs/RUN_2026-08-05_09-54-51/51-openroad-fillinsertion/alu8bit.nl.v'…
Linking design 'alu8bit' from netlist…
Warning: /home/letienthanh/8bitalu/runs/RUN_2026-08-05_09-54-51/51-openroad-fillinsertion/alu8bit.nl.v line 2408, module sky130_fd_sc_hd__tapvpwrvgnd_1 not found. Creating black box for TAP_TAPCELL_ROW_0_88.
Warning: /home/letienthanh/8bitalu/runs/RUN_2026-08-05_09-54-51/51-openroad-fillinsertion/alu8bit.nl.v line 2784, module sky130_ef_sc_hd__decap_12 not found. Creating black box for FILLER_0_3.
Warning: /home/letienthanh/8bitalu/runs/RUN_2026-08-05_09-54-51/51-openroad-fillinsertion/alu8bit.nl.v line 2786, module sky130_fd_sc_hd__fill_1 not found. Creating black box for FILLER_0_27.
Warning: /home/letienthanh/8bitalu/runs/RUN_2026-08-05_09-54-51/51-openroad-fillinsertion/alu8bit.nl.v line 2839, module sky130_fd_sc_hd__fill_2 not found. Creating black box for FILLER_1_257.
Reading design constraints file at '/nix/store/ss2cw3sxbrwwx9jl0rrppbw4kgcmgi2n-python3-3.11.9-env/lib/python3.11/site-packages/openlane/scripts/base.sdc'…
Warning: base.sdc line 15, port '__VIRTUAL_CLK__' not found.
[INFO] Using clock __VIRTUAL_CLK__…
[INFO] Setting output delay to: 2
[INFO] Setting input delay to: 2
Warning: base.sdc line 32, port '__VIRTUAL_CLK__' not found.
[INFO] Setting load to: 0.033442
[INFO] Setting clock uncertainty to: 0.25
[INFO] Setting clock transition to: 0.1499999999999999944488848768742172978818416595458984375
Warning: base.sdc line 69, transition time can not be specified for virtual clocks.
[INFO] Setting timing derate to: 5%
Warning: base.sdc line 79, virtual clock __VIRTUAL_CLK__ can not be propagated.
Reading top-level design parasitics for the 'nom_ss_100C_1v60' corner at '/home/letienthanh/8bitalu/runs/RUN_2026-08-05_09-54-51/53-openroad-rcx/nom/alu8bit.nom.spef'…
%OL_CREATE_REPORT min.rpt

===========================================================================
report_checks -path_delay min (Hold)
============================================================================
======================= nom_ss_100C_1v60 Corner ===================================

Startpoint: op_a[5] (input port clocked by __VIRTUAL_CLK__)
Endpoint: op_out[5] (output port clocked by __VIRTUAL_CLK__)
Path Group: __VIRTUAL_CLK__
Path Type: min

Fanout         Cap        Slew       Delay        Time   Description
---------------------------------------------------------------------------------------------
                      0.000000    0.000000    0.000000   clock __VIRTUAL_CLK__ (rise edge)
                                  0.000000    0.000000   clock network delay (ideal)
                                  2.000000    2.000000 ^ input external delay
     1    0.002773    0.032076    0.015647    2.015647 ^ op_a[5] (in)
                                                         op_a[5] (net)
                      0.032076    0.000000    2.015647 ^ input10/A (sky130_fd_sc_hd__clkbuf_2)
     5    0.028459    0.248008    0.302140    2.317787 ^ input10/X (sky130_fd_sc_hd__clkbuf_2)
                                                         net10 (net)
                      0.248043    0.002436    2.320223 ^ _839_/A1 (sky130_fd_sc_hd__a32o_1)
     1    0.002054    0.083061    0.362686    2.682910 ^ _839_/X (sky130_fd_sc_hd__a32o_1)
                                                         _318_ (net)
                      0.083061    0.000058    2.682967 ^ _842_/A (sky130_fd_sc_hd__or3_1)
     1    0.005962    0.103585    0.209826    2.892793 ^ _842_/X (sky130_fd_sc_hd__or3_1)
                                                         net26 (net)
                      0.103585    0.000249    2.893042 ^ output26/A (sky130_fd_sc_hd__buf_4)
     1    0.034541    0.166319    0.296559    3.189601 ^ output26/X (sky130_fd_sc_hd__buf_4)
                                                         op_out[5] (net)
                      0.166320    0.000820    3.190420 ^ op_out[5] (out)
                                              3.190420   data arrival time

                      0.000000    0.000000    0.000000   clock __VIRTUAL_CLK__ (rise edge)
                                  0.000000    0.000000   clock network delay (ideal)
                                  0.250000    0.250000   clock uncertainty
                                  0.000000    0.250000   clock reconvergence pessimism
                                 -2.000000   -1.750000   output external delay
                                             -1.750000   data required time
---------------------------------------------------------------------------------------------
                                             -1.750000   data required time
                                             -3.190420   data arrival time
---------------------------------------------------------------------------------------------
                                              4.940420   slack (MET)


Startpoint: inst[2] (input port clocked by __VIRTUAL_CLK__)
Endpoint: op_out[4] (output port clocked by __VIRTUAL_CLK__)
Path Group: __VIRTUAL_CLK__
Path Type: min

Fanout         Cap        Slew       Delay        Time   Description
---------------------------------------------------------------------------------------------
                      0.000000    0.000000    0.000000   clock __VIRTUAL_CLK__ (rise edge)
                                  0.000000    0.000000   clock network delay (ideal)
                                  2.000000    2.000000 ^ input external delay
     1    0.003448    0.036573    0.019218    2.019218 ^ inst[2] (in)
                                                         inst[2] (net)
                      0.036573    0.000000    2.019218 ^ input3/A (sky130_fd_sc_hd__clkbuf_2)
     8    0.028473    0.247907    0.304742    2.323961 ^ input3/X (sky130_fd_sc_hd__clkbuf_2)
                                                         net3 (net)
                      0.247992    0.001340    2.325301 ^ _690_/A (sky130_fd_sc_hd__or4b_4)
     8    0.036173    0.183624    0.407286    2.732586 ^ _690_/X (sky130_fd_sc_hd__or4b_4)
                                                         _161_ (net)
                      0.183648    0.002164    2.734750 ^ _798_/A1 (sky130_fd_sc_hd__o31ai_1)
     1    0.005382    0.116225    0.228280    2.963030 v _798_/Y (sky130_fd_sc_hd__o31ai_1)
                                                         net25 (net)
                      0.116225    0.000211    2.963241 v output25/A (sky130_fd_sc_hd__buf_4)
     1    0.034524    0.103558    0.326956    3.290197 v output25/X (sky130_fd_sc_hd__buf_4)
                                                         op_out[4] (net)
                      0.103563    0.000819    3.291016 v op_out[4] (out)
                                              3.291016   data arrival time

                      0.000000    0.000000    0.000000   clock __VIRTUAL_CLK__ (rise edge)
                                  0.000000    0.000000   clock network delay (ideal)
                                  0.250000    0.250000   clock uncertainty
                                  0.000000    0.250000   clock reconvergence pessimism
                                 -2.000000   -1.750000   output external delay
                                             -1.750000   data required time
---------------------------------------------------------------------------------------------
                                             -1.750000   data required time
                                             -3.291016   data arrival time
---------------------------------------------------------------------------------------------
                                              5.041016   slack (MET)


Startpoint: inst[2] (input port clocked by __VIRTUAL_CLK__)
Endpoint: op_out[0] (output port clocked by __VIRTUAL_CLK__)
Path Group: __VIRTUAL_CLK__
Path Type: min

Fanout         Cap        Slew       Delay        Time   Description
---------------------------------------------------------------------------------------------
                      0.000000    0.000000    0.000000   clock __VIRTUAL_CLK__ (rise edge)
                                  0.000000    0.000000   clock network delay (ideal)
                                  2.000000    2.000000 v input external delay
     1    0.003263    0.020243    0.010699    2.010699 v inst[2] (in)
                                                         inst[2] (net)
                      0.020243    0.000000    2.010699 v input3/A (sky130_fd_sc_hd__clkbuf_2)
     8    0.027035    0.193795    0.278327    2.289026 v input3/X (sky130_fd_sc_hd__clkbuf_2)
                                                         net3 (net)
                      0.193804    0.001489    2.290515 v _459_/A (sky130_fd_sc_hd__inv_2)
     4    0.011292    0.106366    0.164975    2.455490 ^ _459_/Y (sky130_fd_sc_hd__inv_2)
                                                         _199_ (net)
                      0.106366    0.000240    2.455730 ^ _685_/B1 (sky130_fd_sc_hd__o2111a_1)
     1    0.003277    0.095442    0.409576    2.865306 ^ _685_/X (sky130_fd_sc_hd__o2111a_1)
                                                         _156_ (net)
                      0.095442    0.000071    2.865376 ^ _700_/B (sky130_fd_sc_hd__or3_4)
     1    0.009835    0.073910    0.235483    3.100859 ^ _700_/X (sky130_fd_sc_hd__or3_4)
                                                         net21 (net)
                      0.073912    0.000410    3.101269 ^ output21/A (sky130_fd_sc_hd__buf_8)
     1    0.034699    0.105486    0.206986    3.308255 ^ output21/X (sky130_fd_sc_hd__buf_8)
                                                         op_out[0] (net)
                      0.105491    0.000870    3.309126 ^ op_out[0] (out)
                                              3.309126   data arrival time

                      0.000000    0.000000    0.000000   clock __VIRTUAL_CLK__ (rise edge)
                                  0.000000    0.000000   clock network delay (ideal)
                                  0.250000    0.250000   clock uncertainty
                                  0.000000    0.250000   clock reconvergence pessimism
                                 -2.000000   -1.750000   output external delay
                                             -1.750000   data required time
---------------------------------------------------------------------------------------------
                                             -1.750000   data required time
                                             -3.309126   data arrival time
---------------------------------------------------------------------------------------------
                                              5.059126   slack (MET)


Startpoint: op_a[7] (input port clocked by __VIRTUAL_CLK__)
Endpoint: op_out[6] (output port clocked by __VIRTUAL_CLK__)
Path Group: __VIRTUAL_CLK__
Path Type: min

Fanout         Cap        Slew       Delay        Time   Description
---------------------------------------------------------------------------------------------
                      0.000000    0.000000    0.000000   clock __VIRTUAL_CLK__ (rise edge)
                                  0.000000    0.000000   clock network delay (ideal)
                                  2.000000    2.000000 ^ input external delay
     1    0.003537    0.037173    0.019689    2.019689 ^ op_a[7] (in)
                                                         op_a[7] (net)
                      0.037173    0.000000    2.019689 ^ input12/A (sky130_fd_sc_hd__clkbuf_4)
     9    0.047194    0.236019    0.354058    2.373747 ^ input12/X (sky130_fd_sc_hd__clkbuf_4)
                                                         net12 (net)
                      0.236039    0.002357    2.376104 ^ _883_/A1 (sky130_fd_sc_hd__a211o_1)
     1    0.004629    0.082243    0.312082    2.688186 ^ _883_/X (sky130_fd_sc_hd__a211o_1)
                                                         _365_ (net)
                      0.082243    0.000198    2.688384 ^ _884_/C1 (sky130_fd_sc_hd__a211o_1)
     1    0.008630    0.132455    0.218161    2.906545 ^ _884_/X (sky130_fd_sc_hd__a211o_1)
                                                         _366_ (net)
                      0.132455    0.000377    2.906922 ^ _885_/B1 (sky130_fd_sc_hd__a31o_1)
     1    0.005692    0.109647    0.221576    3.128498 ^ _885_/X (sky130_fd_sc_hd__a31o_1)
                                                         net27 (net)
                      0.109647    0.000178    3.128675 ^ output27/A (sky130_fd_sc_hd__buf_6)
     1    0.035007    0.125011    0.242194    3.370869 ^ output27/X (sky130_fd_sc_hd__buf_6)
                                                         op_out[6] (net)
                      0.125015    0.000899    3.371768 ^ op_out[6] (out)
                                              3.371768   data arrival time

                      0.000000    0.000000    0.000000   clock __VIRTUAL_CLK__ (rise edge)
                                  0.000000    0.000000   clock network delay (ideal)
                                  0.250000    0.250000   clock uncertainty
                                  0.000000    0.250000   clock reconvergence pessimism
                                 -2.000000   -1.750000   output external delay
                                             -1.750000   data required time
---------------------------------------------------------------------------------------------
                                             -1.750000   data required time
                                             -3.371768   data arrival time
---------------------------------------------------------------------------------------------
                                              5.121768   slack (MET)


Startpoint: inst[2] (input port clocked by __VIRTUAL_CLK__)
Endpoint: op_out[3] (output port clocked by __VIRTUAL_CLK__)
Path Group: __VIRTUAL_CLK__
Path Type: min

Fanout         Cap        Slew       Delay        Time   Description
---------------------------------------------------------------------------------------------
                      0.000000    0.000000    0.000000   clock __VIRTUAL_CLK__ (rise edge)
                                  0.000000    0.000000   clock network delay (ideal)
                                  2.000000    2.000000 ^ input external delay
     1    0.003448    0.036573    0.019218    2.019218 ^ inst[2] (in)
                                                         inst[2] (net)
                      0.036573    0.000000    2.019218 ^ input3/A (sky130_fd_sc_hd__clkbuf_2)
     8    0.028473    0.247907    0.304742    2.323961 ^ input3/X (sky130_fd_sc_hd__clkbuf_2)
                                                         net3 (net)
                      0.247992    0.001340    2.325301 ^ _690_/A (sky130_fd_sc_hd__or4b_4)
     8    0.036173    0.183624    0.407286    2.732586 ^ _690_/X (sky130_fd_sc_hd__or4b_4)
                                                         _161_ (net)
                      0.183635    0.001663    2.734250 ^ _749_/A (sky130_fd_sc_hd__or3b_1)
     1    0.002966    0.064483    0.225959    2.960208 ^ _749_/X (sky130_fd_sc_hd__or3b_1)
                                                         _221_ (net)
                      0.064483    0.000087    2.960295 ^ _770_/B (sky130_fd_sc_hd__nand2b_1)
     1    0.001982    0.064583    0.097974    3.058269 v _770_/Y (sky130_fd_sc_hd__nand2b_1)
                                                         net24 (net)
                      0.064583    0.000056    3.058325 v output24/A (sky130_fd_sc_hd__buf_2)
     1    0.034463    0.166748    0.342625    3.400950 v output24/X (sky130_fd_sc_hd__buf_2)
                                                         op_out[3] (net)
                      0.166749    0.000794    3.401744 v op_out[3] (out)
                                              3.401744   data arrival time

                      0.000000    0.000000    0.000000   clock __VIRTUAL_CLK__ (rise edge)
                                  0.000000    0.000000   clock network delay (ideal)
                                  0.250000    0.250000   clock uncertainty
                                  0.000000    0.250000   clock reconvergence pessimism
                                 -2.000000   -1.750000   output external delay
                                             -1.750000   data required time
---------------------------------------------------------------------------------------------
                                             -1.750000   data required time
                                             -3.401744   data arrival time
---------------------------------------------------------------------------------------------
                                              5.151744   slack (MET)


Startpoint: inst[2] (input port clocked by __VIRTUAL_CLK__)
Endpoint: op_out[2] (output port clocked by __VIRTUAL_CLK__)
Path Group: __VIRTUAL_CLK__
Path Type: min

Fanout         Cap        Slew       Delay        Time   Description
---------------------------------------------------------------------------------------------
                      0.000000    0.000000    0.000000   clock __VIRTUAL_CLK__ (rise edge)
                                  0.000000    0.000000   clock network delay (ideal)
                                  2.000000    2.000000 ^ input external delay
     1    0.003448    0.036573    0.019218    2.019218 ^ inst[2] (in)
                                                         inst[2] (net)
                      0.036573    0.000000    2.019218 ^ input3/A (sky130_fd_sc_hd__clkbuf_2)
     8    0.028473    0.247907    0.304742    2.323961 ^ input3/X (sky130_fd_sc_hd__clkbuf_2)
                                                         net3 (net)
                      0.247992    0.001340    2.325301 ^ _690_/A (sky130_fd_sc_hd__or4b_4)
     8    0.036173    0.183624    0.407286    2.732586 ^ _690_/X (sky130_fd_sc_hd__or4b_4)
                                                         _161_ (net)
                      0.183641    0.001921    2.734507 ^ _725_/B1 (sky130_fd_sc_hd__a31oi_1)
     1    0.002598    0.065609    0.111906    2.846413 v _725_/Y (sky130_fd_sc_hd__a31oi_1)
                                                         _195_ (net)
                      0.065609    0.000074    2.846488 v _741_/A2 (sky130_fd_sc_hd__a21o_1)
     1    0.004935    0.075348    0.332424    3.178912 v _741_/X (sky130_fd_sc_hd__a21o_1)
                                                         net23 (net)
                      0.075348    0.000148    3.179060 v output23/A (sky130_fd_sc_hd__buf_6)
     1    0.034343    0.076041    0.249396    3.428456 v output23/X (sky130_fd_sc_hd__buf_6)
                                                         op_out[2] (net)
                      0.076049    0.000770    3.429226 v op_out[2] (out)
                                              3.429226   data arrival time

                      0.000000    0.000000    0.000000   clock __VIRTUAL_CLK__ (rise edge)
                                  0.000000    0.000000   clock network delay (ideal)
                                  0.250000    0.250000   clock uncertainty
                                  0.000000    0.250000   clock reconvergence pessimism
                                 -2.000000   -1.750000   output external delay
                                             -1.750000   data required time
---------------------------------------------------------------------------------------------
                                             -1.750000   data required time
                                             -3.429226   data arrival time
---------------------------------------------------------------------------------------------
                                              5.179226   slack (MET)


Startpoint: op_a[1] (input port clocked by __VIRTUAL_CLK__)
Endpoint: op_out[1] (output port clocked by __VIRTUAL_CLK__)
Path Group: __VIRTUAL_CLK__
Path Type: min

Fanout         Cap        Slew       Delay        Time   Description
---------------------------------------------------------------------------------------------
                      0.000000    0.000000    0.000000   clock __VIRTUAL_CLK__ (rise edge)
                                  0.000000    0.000000   clock network delay (ideal)
                                  2.000000    2.000000 ^ input external delay
     1    0.002628    0.031119    0.014883    2.014883 ^ op_a[1] (in)
                                                         op_a[1] (net)
                      0.031119    0.000000    2.014883 ^ input6/A (sky130_fd_sc_hd__buf_1)
     3    0.020147    0.385680    0.356914    2.371797 ^ input6/X (sky130_fd_sc_hd__buf_1)
                                                         net6 (net)
                      0.385688    0.001488    2.373286 ^ _703_/A1 (sky130_fd_sc_hd__o22a_1)
     1    0.002726    0.071554    0.387648    2.760933 ^ _703_/X (sky130_fd_sc_hd__o22a_1)
                                                         _173_ (net)
                      0.071554    0.000081    2.761014 ^ _710_/A (sky130_fd_sc_hd__or3_1)
     1    0.009906    0.157343    0.244356    3.005370 ^ _710_/X (sky130_fd_sc_hd__or3_1)
                                                         _180_ (net)
                      0.157343    0.000357    3.005727 ^ _718_/B (sky130_fd_sc_hd__or2_4)
     1    0.007389    0.064823    0.244049    3.249776 ^ _718_/X (sky130_fd_sc_hd__or2_4)
                                                         net22 (net)
                      0.064823    0.000215    3.249991 ^ output22/A (sky130_fd_sc_hd__buf_8)
     1    0.034873    0.105904    0.203208    3.453199 ^ output22/X (sky130_fd_sc_hd__buf_8)
                                                         op_out[1] (net)
                      0.105910    0.000915    3.454114 ^ op_out[1] (out)
                                              3.454114   data arrival time

                      0.000000    0.000000    0.000000   clock __VIRTUAL_CLK__ (rise edge)
                                  0.000000    0.000000   clock network delay (ideal)
                                  0.250000    0.250000   clock uncertainty
                                  0.000000    0.250000   clock reconvergence pessimism
                                 -2.000000   -1.750000   output external delay
                                             -1.750000   data required time
---------------------------------------------------------------------------------------------
                                             -1.750000   data required time
                                             -3.454114   data arrival time
---------------------------------------------------------------------------------------------
                                              5.204114   slack (MET)


Startpoint: op_a[6] (input port clocked by __VIRTUAL_CLK__)
Endpoint: op_out[7] (output port clocked by __VIRTUAL_CLK__)
Path Group: __VIRTUAL_CLK__
Path Type: min

Fanout         Cap        Slew       Delay        Time   Description
---------------------------------------------------------------------------------------------
                      0.000000    0.000000    0.000000   clock __VIRTUAL_CLK__ (rise edge)
                                  0.000000    0.000000   clock network delay (ideal)
                                  2.000000    2.000000 ^ input external delay
     1    0.003060    0.033974    0.017170    2.017170 ^ op_a[6] (in)
                                                         op_a[6] (net)
                      0.033974    0.000000    2.017170 ^ input11/A (sky130_fd_sc_hd__buf_1)
     2    0.010775    0.215129    0.237940    2.255110 ^ input11/X (sky130_fd_sc_hd__buf_1)
                                                         net11 (net)
                      0.215131    0.000501    2.255611 ^ fanout68/A (sky130_fd_sc_hd__clkbuf_2)
     6    0.024493    0.215609    0.364235    2.619846 ^ fanout68/X (sky130_fd_sc_hd__clkbuf_2)
                                                         net68 (net)
                      0.215609    0.000682    2.620528 ^ _922_/A1 (sky130_fd_sc_hd__a211o_1)
     1    0.008887    0.135771    0.346450    2.966978 ^ _922_/X (sky130_fd_sc_hd__a211o_1)
                                                         _407_ (net)
                      0.135771    0.000300    2.967278 ^ _923_/B1 (sky130_fd_sc_hd__a311o_1)
     1    0.005637    0.120091    0.250638    3.217915 ^ _923_/X (sky130_fd_sc_hd__a311o_1)
                                                         net28 (net)
                      0.120091    0.000175    3.218091 ^ output28/A (sky130_fd_sc_hd__buf_6)
     1    0.033963    0.121962    0.244854    3.462945 ^ output28/X (sky130_fd_sc_hd__buf_6)
                                                         op_out[7] (net)
                      0.121963    0.000624    3.463569 ^ op_out[7] (out)
                                              3.463569   data arrival time

                      0.000000    0.000000    0.000000   clock __VIRTUAL_CLK__ (rise edge)
                                  0.000000    0.000000   clock network delay (ideal)
                                  0.250000    0.250000   clock uncertainty
                                  0.000000    0.250000   clock reconvergence pessimism
                                 -2.000000   -1.750000   output external delay
                                             -1.750000   data required time
---------------------------------------------------------------------------------------------
                                             -1.750000   data required time
                                             -3.463569   data arrival time
---------------------------------------------------------------------------------------------
                                              5.213569   slack (MET)



%OL_END_REPORT
%OL_CREATE_REPORT max.rpt

===========================================================================
report_checks -path_delay max (Setup)
============================================================================
======================= nom_ss_100C_1v60 Corner ===================================

Startpoint: op_b[7] (input port clocked by __VIRTUAL_CLK__)
Endpoint: op_out[0] (output port clocked by __VIRTUAL_CLK__)
Path Group: __VIRTUAL_CLK__
Path Type: max

Fanout         Cap        Slew       Delay        Time   Description
---------------------------------------------------------------------------------------------
                      0.000000    0.000000    0.000000   clock __VIRTUAL_CLK__ (rise edge)
                                  0.000000    0.000000   clock network delay (ideal)
                                  2.000000    2.000000 v input external delay
     1    0.002619    0.017774    0.008665    2.008665 v op_b[7] (in)
                                                         op_b[7] (net)
                      0.017774    0.000000    2.008665 v input20/A (sky130_fd_sc_hd__clkbuf_1)
     3    0.023642    0.271630    0.306135    2.314800 v input20/X (sky130_fd_sc_hd__clkbuf_1)
                                                         net20 (net)
                      0.271630    0.000910    2.315709 v fanout48/A (sky130_fd_sc_hd__buf_6)
     5    0.032370    0.074214    0.340657    2.656366 v fanout48/X (sky130_fd_sc_hd__buf_6)
                                                         net48 (net)
                      0.074304    0.001805    2.658171 v _469_/C (sky130_fd_sc_hd__or4_4)
     6    0.025897    0.225090    1.079728    3.737899 v _469_/X (sky130_fd_sc_hd__or4_4)
                                                         _306_ (net)
                      0.225090    0.000505    3.738404 v _474_/B1 (sky130_fd_sc_hd__a211o_1)
     3    0.007855    0.129774    0.611921    4.350325 v _474_/X (sky130_fd_sc_hd__a211o_1)
                                                         _360_ (net)
                      0.129774    0.000167    4.350492 v _481_/B1 (sky130_fd_sc_hd__a211o_1)
     4    0.012115    0.169027    0.617096    4.967588 v _481_/X (sky130_fd_sc_hd__a211o_1)
                                                         _410_ (net)
                      0.169027    0.000268    4.967856 v _484_/A1 (sky130_fd_sc_hd__a21o_1)
     4    0.014169    0.145562    0.416577    5.384433 v _484_/X (sky130_fd_sc_hd__a21o_1)
                                                         _413_ (net)
                      0.145562    0.000182    5.384614 v _494_/A2 (sky130_fd_sc_hd__a211o_1)
     3    0.011646    0.164708    0.658913    6.043528 v _494_/X (sky130_fd_sc_hd__a211o_1)
                                                         _423_ (net)
                      0.164708    0.000210    6.043738 v _496_/B1 (sky130_fd_sc_hd__a22o_1)
     3    0.011759    0.148148    0.444986    6.488724 v _496_/X (sky130_fd_sc_hd__a22o_1)
                                                         _425_ (net)
                      0.148148    0.000438    6.489162 v _499_/A (sky130_fd_sc_hd__and3_1)
     3    0.012268    0.148528    0.409277    6.898438 v _499_/X (sky130_fd_sc_hd__and3_1)
                                                         _428_ (net)
                      0.148528    0.000235    6.898674 v _509_/C1 (sky130_fd_sc_hd__a211o_4)
     3    0.015885    0.105410    0.551271    7.449944 v _509_/X (sky130_fd_sc_hd__a211o_4)
                                                         _438_ (net)
                      0.105410    0.000483    7.450428 v _515_/A2 (sky130_fd_sc_hd__a21oi_4)
     8    0.044471    0.527132    0.533323    7.983751 ^ _515_/Y (sky130_fd_sc_hd__a21oi_4)
                                                         _444_ (net)
                      0.527139    0.001607    7.985357 ^ _524_/S (sky130_fd_sc_hd__mux2_4)
     2    0.007501    0.093291    0.712596    8.697954 v _524_/X (sky130_fd_sc_hd__mux2_4)
                                                         _453_ (net)
                      0.093291    0.000203    8.698157 v _539_/A1 (sky130_fd_sc_hd__a221o_1)
     3    0.010223    0.163610    0.669657    9.367814 v _539_/X (sky130_fd_sc_hd__a221o_1)
                                                         _010_ (net)
                      0.163610    0.000274    9.368089 v _544_/A2 (sky130_fd_sc_hd__a311o_1)
     3    0.009420    0.155214    0.693137   10.061226 v _544_/X (sky130_fd_sc_hd__a311o_1)
                                                         _015_ (net)
                      0.155214    0.000257   10.061482 v _579_/A1 (sky130_fd_sc_hd__a21o_1)
     3    0.008423    0.103902    0.367410   10.428893 v _579_/X (sky130_fd_sc_hd__a21o_1)
                                                         _050_ (net)
                      0.103902    0.000214   10.429107 v _583_/B (sky130_fd_sc_hd__and3_1)
     2    0.005460    0.092762    0.373392   10.802499 v _583_/X (sky130_fd_sc_hd__and3_1)
                                                         _054_ (net)
                      0.092762    0.000122   10.802621 v _585_/A (sky130_fd_sc_hd__or4_4)
     1    0.003803    0.149088    1.042750   11.845370 v _585_/X (sky130_fd_sc_hd__or4_4)
                                                         _056_ (net)
                      0.149088    0.000122   11.845492 v _586_/B (sky130_fd_sc_hd__or4b_4)
     1    0.009263    0.171729    1.075794   12.921286 v _586_/X (sky130_fd_sc_hd__or4b_4)
                                                         _057_ (net)
                      0.171729    0.000295   12.921580 v _590_/A2 (sky130_fd_sc_hd__a311oi_4)
     4    0.016695    0.493287    0.599605   13.521186 ^ _590_/Y (sky130_fd_sc_hd__a311oi_4)
                                                         _061_ (net)
                      0.493288    0.000595   13.521781 ^ max_cap30/A (sky130_fd_sc_hd__buf_6)
     5    0.026445    0.105815    0.368487   13.890267 ^ max_cap30/X (sky130_fd_sc_hd__buf_6)
                                                         net30 (net)
                      0.105816    0.000540   13.890807 ^ _595_/S (sky130_fd_sc_hd__mux2_1)
     4    0.020563    0.260116    0.895517   14.786324 v _595_/X (sky130_fd_sc_hd__mux2_1)
                                                         _066_ (net)
                      0.260116    0.000465   14.786789 v _597_/B (sky130_fd_sc_hd__nor2_2)
     2    0.012252    0.255015    0.315094   15.101883 ^ _597_/Y (sky130_fd_sc_hd__nor2_2)
                                                         _068_ (net)
                      0.255015    0.000236   15.102119 ^ _608_/B1 (sky130_fd_sc_hd__a211oi_4)
     3    0.009824    0.114602    0.148651   15.250770 v _608_/Y (sky130_fd_sc_hd__a211oi_4)
                                                         _079_ (net)
                      0.114602    0.000371   15.251142 v rebuffer6/A (sky130_fd_sc_hd__buf_1)
     2    0.004564    0.068098    0.197524   15.448665 v rebuffer6/X (sky130_fd_sc_hd__buf_1)
                                                         net75 (net)
                      0.068098    0.000098   15.448763 v rebuffer5/A (sky130_fd_sc_hd__dlygate4sd1_1)
     1    0.004301    0.073792    0.487031   15.935794 v rebuffer5/X (sky130_fd_sc_hd__dlygate4sd1_1)
                                                         net74 (net)
                      0.073792    0.000108   15.935902 v _639_/A2 (sky130_fd_sc_hd__o32a_1)
     1    0.007158    0.160080    0.662514   16.598415 v _639_/X (sky130_fd_sc_hd__o32a_1)
                                                         _110_ (net)
                      0.160080    0.000286   16.598701 v _640_/B (sky130_fd_sc_hd__xor2_1)
     1    0.002981    0.113881    0.299540   16.898241 v _640_/X (sky130_fd_sc_hd__xor2_1)
                                                         _111_ (net)
                      0.113881    0.000092   16.898335 v _641_/A1 (sky130_fd_sc_hd__mux2_1)
     2    0.006565    0.146049    0.719901   17.618235 v _641_/X (sky130_fd_sc_hd__mux2_1)
                                                         _112_ (net)
                      0.146049    0.000153   17.618387 v _643_/B (sky130_fd_sc_hd__nand2_1)
     2    0.005871    0.154884    0.166805   17.785192 ^ _643_/Y (sky130_fd_sc_hd__nand2_1)
                                                         _114_ (net)
                      0.154884    0.000131   17.785324 ^ _648_/B (sky130_fd_sc_hd__nand4b_1)
     2    0.005300    0.237130    0.281609   18.066933 v _648_/Y (sky130_fd_sc_hd__nand4b_1)
                                                         _119_ (net)
                      0.237130    0.000103   18.067036 v _672_/B1 (sky130_fd_sc_hd__o221a_1)
     1    0.003661    0.101169    0.504553   18.571589 v _672_/X (sky130_fd_sc_hd__o221a_1)
                                                         _143_ (net)
                      0.101169    0.000117   18.571707 v _675_/A2 (sky130_fd_sc_hd__o21a_1)
     1    0.002475    0.062202    0.314438   18.886145 v _675_/X (sky130_fd_sc_hd__o21a_1)
                                                         _146_ (net)
                      0.062202    0.000046   18.886190 v _679_/A2 (sky130_fd_sc_hd__o21a_1)
     1    0.007938    0.109906    0.350951   19.237143 v _679_/X (sky130_fd_sc_hd__o21a_1)
                                                         _150_ (net)
                      0.109906    0.000357   19.237499 v _700_/C (sky130_fd_sc_hd__or3_4)
     1    0.009234    0.133317    0.687532   19.925032 v _700_/X (sky130_fd_sc_hd__or3_4)
                                                         net21 (net)
                      0.133317    0.000384   19.925415 v output21/A (sky130_fd_sc_hd__buf_8)
     1    0.034699    0.068052    0.269502   20.194916 v output21/X (sky130_fd_sc_hd__buf_8)
                                                         op_out[0] (net)
                      0.068063    0.000870   20.195787 v op_out[0] (out)
                                             20.195787   data arrival time

                      0.000000   10.000000   10.000000   clock __VIRTUAL_CLK__ (rise edge)
                                  0.000000   10.000000   clock network delay (ideal)
                                 -0.250000    9.750000   clock uncertainty
                                  0.000000    9.750000   clock reconvergence pessimism
                                 -2.000000    7.750000   output external delay
                                              7.750000   data required time
---------------------------------------------------------------------------------------------
                                              7.750000   data required time
                                            -20.195787   data arrival time
---------------------------------------------------------------------------------------------
                                            -12.445787   slack (VIOLATED)


Startpoint: op_b[7] (input port clocked by __VIRTUAL_CLK__)
Endpoint: op_out[1] (output port clocked by __VIRTUAL_CLK__)
Path Group: __VIRTUAL_CLK__
Path Type: max

Fanout         Cap        Slew       Delay        Time   Description
---------------------------------------------------------------------------------------------
                      0.000000    0.000000    0.000000   clock __VIRTUAL_CLK__ (rise edge)
                                  0.000000    0.000000   clock network delay (ideal)
                                  2.000000    2.000000 v input external delay
     1    0.002619    0.017774    0.008665    2.008665 v op_b[7] (in)
                                                         op_b[7] (net)
                      0.017774    0.000000    2.008665 v input20/A (sky130_fd_sc_hd__clkbuf_1)
     3    0.023642    0.271630    0.306135    2.314800 v input20/X (sky130_fd_sc_hd__clkbuf_1)
                                                         net20 (net)
                      0.271630    0.000910    2.315709 v fanout48/A (sky130_fd_sc_hd__buf_6)
     5    0.032370    0.074214    0.340657    2.656366 v fanout48/X (sky130_fd_sc_hd__buf_6)
                                                         net48 (net)
                      0.074304    0.001805    2.658171 v _469_/C (sky130_fd_sc_hd__or4_4)
     6    0.025897    0.225090    1.079728    3.737899 v _469_/X (sky130_fd_sc_hd__or4_4)
                                                         _306_ (net)
                      0.225090    0.000505    3.738404 v _474_/B1 (sky130_fd_sc_hd__a211o_1)
     3    0.007855    0.129774    0.611921    4.350325 v _474_/X (sky130_fd_sc_hd__a211o_1)
                                                         _360_ (net)
                      0.129774    0.000167    4.350492 v _481_/B1 (sky130_fd_sc_hd__a211o_1)
     4    0.012115    0.169027    0.617096    4.967588 v _481_/X (sky130_fd_sc_hd__a211o_1)
                                                         _410_ (net)
                      0.169027    0.000268    4.967856 v _484_/A1 (sky130_fd_sc_hd__a21o_1)
     4    0.014169    0.145562    0.416577    5.384433 v _484_/X (sky130_fd_sc_hd__a21o_1)
                                                         _413_ (net)
                      0.145562    0.000182    5.384614 v _494_/A2 (sky130_fd_sc_hd__a211o_1)
     3    0.011646    0.164708    0.658913    6.043528 v _494_/X (sky130_fd_sc_hd__a211o_1)
                                                         _423_ (net)
                      0.164708    0.000210    6.043738 v _496_/B1 (sky130_fd_sc_hd__a22o_1)
     3    0.011759    0.148148    0.444986    6.488724 v _496_/X (sky130_fd_sc_hd__a22o_1)
                                                         _425_ (net)
                      0.148148    0.000438    6.489162 v _499_/A (sky130_fd_sc_hd__and3_1)
     3    0.012268    0.148528    0.409277    6.898438 v _499_/X (sky130_fd_sc_hd__and3_1)
                                                         _428_ (net)
                      0.148528    0.000235    6.898674 v _509_/C1 (sky130_fd_sc_hd__a211o_4)
     3    0.015885    0.105410    0.551271    7.449944 v _509_/X (sky130_fd_sc_hd__a211o_4)
                                                         _438_ (net)
                      0.105410    0.000483    7.450428 v _515_/A2 (sky130_fd_sc_hd__a21oi_4)
     8    0.044471    0.527132    0.533323    7.983751 ^ _515_/Y (sky130_fd_sc_hd__a21oi_4)
                                                         _444_ (net)
                      0.527139    0.001607    7.985357 ^ _524_/S (sky130_fd_sc_hd__mux2_4)
     2    0.007501    0.093291    0.712596    8.697954 v _524_/X (sky130_fd_sc_hd__mux2_4)
                                                         _453_ (net)
                      0.093291    0.000203    8.698157 v _539_/A1 (sky130_fd_sc_hd__a221o_1)
     3    0.010223    0.163610    0.669657    9.367814 v _539_/X (sky130_fd_sc_hd__a221o_1)
                                                         _010_ (net)
                      0.163610    0.000274    9.368089 v _544_/A2 (sky130_fd_sc_hd__a311o_1)
     3    0.009420    0.155214    0.693137   10.061226 v _544_/X (sky130_fd_sc_hd__a311o_1)
                                                         _015_ (net)
                      0.155214    0.000257   10.061482 v _579_/A1 (sky130_fd_sc_hd__a21o_1)
     3    0.008423    0.103902    0.367410   10.428893 v _579_/X (sky130_fd_sc_hd__a21o_1)
                                                         _050_ (net)
                      0.103902    0.000214   10.429107 v _583_/B (sky130_fd_sc_hd__and3_1)
     2    0.005460    0.092762    0.373392   10.802499 v _583_/X (sky130_fd_sc_hd__and3_1)
                                                         _054_ (net)
                      0.092762    0.000122   10.802621 v _585_/A (sky130_fd_sc_hd__or4_4)
     1    0.003803    0.149088    1.042750   11.845370 v _585_/X (sky130_fd_sc_hd__or4_4)
                                                         _056_ (net)
                      0.149088    0.000122   11.845492 v _586_/B (sky130_fd_sc_hd__or4b_4)
     1    0.009263    0.171729    1.075794   12.921286 v _586_/X (sky130_fd_sc_hd__or4b_4)
                                                         _057_ (net)
                      0.171729    0.000295   12.921580 v _590_/A2 (sky130_fd_sc_hd__a311oi_4)
     4    0.016695    0.493287    0.599605   13.521186 ^ _590_/Y (sky130_fd_sc_hd__a311oi_4)
                                                         _061_ (net)
                      0.493287    0.000498   13.521684 ^ _593_/S (sky130_fd_sc_hd__mux2_2)
     3    0.010162    0.126665    0.866983   14.388667 v _593_/X (sky130_fd_sc_hd__mux2_2)
                                                         _064_ (net)
                      0.126665    0.000296   14.388963 v _610_/B (sky130_fd_sc_hd__xor2_1)
     4    0.011063    0.425528    0.415244   14.804206 ^ _610_/X (sky130_fd_sc_hd__xor2_1)
                                                         _081_ (net)
                      0.425528    0.000199   14.804405 ^ _624_/C_N (sky130_fd_sc_hd__or4bb_4)
     4    0.020712    0.208421    1.267603   16.072008 v _624_/X (sky130_fd_sc_hd__or4bb_4)
                                                         _095_ (net)
                      0.208421    0.000385   16.072393 v _628_/A2 (sky130_fd_sc_hd__a21oi_4)
     4    0.022419    0.311632    0.415595   16.487988 ^ _628_/Y (sky130_fd_sc_hd__a21oi_4)
                                                         _099_ (net)
                      0.311632    0.000684   16.488672 ^ clone9/A (sky130_fd_sc_hd__buf_6)
     5    0.020075    0.084889    0.289955   16.778627 ^ clone9/X (sky130_fd_sc_hd__buf_6)
                                                         net78 (net)
                      0.084890    0.000487   16.779114 ^ _717_/A1 (sky130_fd_sc_hd__a22o_1)
     1    0.005044    0.109696    0.290939   17.070053 ^ _717_/X (sky130_fd_sc_hd__a22o_1)
                                                         _187_ (net)
                      0.109696    0.000181   17.070234 ^ _718_/A (sky130_fd_sc_hd__or2_4)
     1    0.007389    0.065046    0.226374   17.296608 ^ _718_/X (sky130_fd_sc_hd__or2_4)
                                                         net22 (net)
                      0.065046    0.000215   17.296822 ^ output22/A (sky130_fd_sc_hd__buf_8)
     1    0.034873    0.105904    0.203308   17.500130 ^ output22/X (sky130_fd_sc_hd__buf_8)
                                                         op_out[1] (net)
                      0.105910    0.000915   17.501045 ^ op_out[1] (out)
                                             17.501045   data arrival time

                      0.000000   10.000000   10.000000   clock __VIRTUAL_CLK__ (rise edge)
                                  0.000000   10.000000   clock network delay (ideal)
                                 -0.250000    9.750000   clock uncertainty
                                  0.000000    9.750000   clock reconvergence pessimism
                                 -2.000000    7.750000   output external delay
                                              7.750000   data required time
---------------------------------------------------------------------------------------------
                                              7.750000   data required time
                                            -17.501045   data arrival time
---------------------------------------------------------------------------------------------
                                             -9.751044   slack (VIOLATED)


Startpoint: op_b[7] (input port clocked by __VIRTUAL_CLK__)
Endpoint: op_out[2] (output port clocked by __VIRTUAL_CLK__)
Path Group: __VIRTUAL_CLK__
Path Type: max

Fanout         Cap        Slew       Delay        Time   Description
---------------------------------------------------------------------------------------------
                      0.000000    0.000000    0.000000   clock __VIRTUAL_CLK__ (rise edge)
                                  0.000000    0.000000   clock network delay (ideal)
                                  2.000000    2.000000 v input external delay
     1    0.002619    0.017774    0.008665    2.008665 v op_b[7] (in)
                                                         op_b[7] (net)
                      0.017774    0.000000    2.008665 v input20/A (sky130_fd_sc_hd__clkbuf_1)
     3    0.023642    0.271630    0.306135    2.314800 v input20/X (sky130_fd_sc_hd__clkbuf_1)
                                                         net20 (net)
                      0.271630    0.000910    2.315709 v fanout48/A (sky130_fd_sc_hd__buf_6)
     5    0.032370    0.074214    0.340657    2.656366 v fanout48/X (sky130_fd_sc_hd__buf_6)
                                                         net48 (net)
                      0.074304    0.001805    2.658171 v _469_/C (sky130_fd_sc_hd__or4_4)
     6    0.025897    0.225090    1.079728    3.737899 v _469_/X (sky130_fd_sc_hd__or4_4)
                                                         _306_ (net)
                      0.225090    0.000505    3.738404 v _474_/B1 (sky130_fd_sc_hd__a211o_1)
     3    0.007855    0.129774    0.611921    4.350325 v _474_/X (sky130_fd_sc_hd__a211o_1)
                                                         _360_ (net)
                      0.129774    0.000167    4.350492 v _481_/B1 (sky130_fd_sc_hd__a211o_1)
     4    0.012115    0.169027    0.617096    4.967588 v _481_/X (sky130_fd_sc_hd__a211o_1)
                                                         _410_ (net)
                      0.169027    0.000268    4.967856 v _484_/A1 (sky130_fd_sc_hd__a21o_1)
     4    0.014169    0.145562    0.416577    5.384433 v _484_/X (sky130_fd_sc_hd__a21o_1)
                                                         _413_ (net)
                      0.145562    0.000182    5.384614 v _494_/A2 (sky130_fd_sc_hd__a211o_1)
     3    0.011646    0.164708    0.658913    6.043528 v _494_/X (sky130_fd_sc_hd__a211o_1)
                                                         _423_ (net)
                      0.164708    0.000210    6.043738 v _496_/B1 (sky130_fd_sc_hd__a22o_1)
     3    0.011759    0.148148    0.444986    6.488724 v _496_/X (sky130_fd_sc_hd__a22o_1)
                                                         _425_ (net)
                      0.148148    0.000438    6.489162 v _499_/A (sky130_fd_sc_hd__and3_1)
     3    0.012268    0.148528    0.409277    6.898438 v _499_/X (sky130_fd_sc_hd__and3_1)
                                                         _428_ (net)
                      0.148528    0.000235    6.898674 v _509_/C1 (sky130_fd_sc_hd__a211o_4)
     3    0.015885    0.105410    0.551271    7.449944 v _509_/X (sky130_fd_sc_hd__a211o_4)
                                                         _438_ (net)
                      0.105410    0.000483    7.450428 v _515_/A2 (sky130_fd_sc_hd__a21oi_4)
     8    0.044471    0.527132    0.533323    7.983751 ^ _515_/Y (sky130_fd_sc_hd__a21oi_4)
                                                         _444_ (net)
                      0.527139    0.001607    7.985357 ^ _524_/S (sky130_fd_sc_hd__mux2_4)
     2    0.007501    0.093291    0.712596    8.697954 v _524_/X (sky130_fd_sc_hd__mux2_4)
                                                         _453_ (net)
                      0.093291    0.000203    8.698157 v _539_/A1 (sky130_fd_sc_hd__a221o_1)
     3    0.010223    0.163610    0.669657    9.367814 v _539_/X (sky130_fd_sc_hd__a221o_1)
                                                         _010_ (net)
                      0.163610    0.000274    9.368089 v _544_/A2 (sky130_fd_sc_hd__a311o_1)
     3    0.009420    0.155214    0.693137   10.061226 v _544_/X (sky130_fd_sc_hd__a311o_1)
                                                         _015_ (net)
                      0.155214    0.000257   10.061482 v _579_/A1 (sky130_fd_sc_hd__a21o_1)
     3    0.008423    0.103902    0.367410   10.428893 v _579_/X (sky130_fd_sc_hd__a21o_1)
                                                         _050_ (net)
                      0.103902    0.000214   10.429107 v _583_/B (sky130_fd_sc_hd__and3_1)
     2    0.005460    0.092762    0.373392   10.802499 v _583_/X (sky130_fd_sc_hd__and3_1)
                                                         _054_ (net)
                      0.092762    0.000122   10.802621 v _585_/A (sky130_fd_sc_hd__or4_4)
     1    0.003803    0.149088    1.042750   11.845370 v _585_/X (sky130_fd_sc_hd__or4_4)
                                                         _056_ (net)
                      0.149088    0.000122   11.845492 v _586_/B (sky130_fd_sc_hd__or4b_4)
     1    0.009263    0.171729    1.075794   12.921286 v _586_/X (sky130_fd_sc_hd__or4b_4)
                                                         _057_ (net)
                      0.171729    0.000295   12.921580 v _590_/A2 (sky130_fd_sc_hd__a311oi_4)
     4    0.016695    0.493287    0.599605   13.521186 ^ _590_/Y (sky130_fd_sc_hd__a311oi_4)
                                                         _061_ (net)
                      0.493288    0.000595   13.521781 ^ max_cap30/A (sky130_fd_sc_hd__buf_6)
     5    0.026445    0.105815    0.368487   13.890267 ^ max_cap30/X (sky130_fd_sc_hd__buf_6)
                                                         net30 (net)
                      0.105816    0.000613   13.890880 ^ rebuffer3/A (sky130_fd_sc_hd__dlygate4sd1_1)
     1    0.005266    0.097778    0.412487   14.303367 ^ rebuffer3/X (sky130_fd_sc_hd__dlygate4sd1_1)
                                                         net72 (net)
                      0.097778    0.000197   14.303564 ^ _740_/A2 (sky130_fd_sc_hd__a211o_1)
     1    0.005053    0.096628    0.266288   14.569853 ^ _740_/X (sky130_fd_sc_hd__a211o_1)
                                                         _212_ (net)
                      0.096628    0.000187   14.570039 ^ _741_/B1 (sky130_fd_sc_hd__a21o_1)
     1    0.005314    0.094405    0.174341   14.744379 ^ _741_/X (sky130_fd_sc_hd__a21o_1)
                                                         net23 (net)
                      0.094405    0.000160   14.744539 ^ output23/A (sky130_fd_sc_hd__buf_6)
     1    0.034343    0.123009    0.233910   14.978449 ^ output23/X (sky130_fd_sc_hd__buf_6)
                                                         op_out[2] (net)
                      0.123012    0.000771   14.979220 ^ op_out[2] (out)
                                             14.979220   data arrival time

                      0.000000   10.000000   10.000000   clock __VIRTUAL_CLK__ (rise edge)
                                  0.000000   10.000000   clock network delay (ideal)
                                 -0.250000    9.750000   clock uncertainty
                                  0.000000    9.750000   clock reconvergence pessimism
                                 -2.000000    7.750000   output external delay
                                              7.750000   data required time
---------------------------------------------------------------------------------------------
                                              7.750000   data required time
                                            -14.979220   data arrival time
---------------------------------------------------------------------------------------------
                                             -7.229220   slack (VIOLATED)


Startpoint: op_b[7] (input port clocked by __VIRTUAL_CLK__)
Endpoint: op_out[3] (output port clocked by __VIRTUAL_CLK__)
Path Group: __VIRTUAL_CLK__
Path Type: max

Fanout         Cap        Slew       Delay        Time   Description
---------------------------------------------------------------------------------------------
                      0.000000    0.000000    0.000000   clock __VIRTUAL_CLK__ (rise edge)
                                  0.000000    0.000000   clock network delay (ideal)
                                  2.000000    2.000000 v input external delay
     1    0.002619    0.017774    0.008665    2.008665 v op_b[7] (in)
                                                         op_b[7] (net)
                      0.017774    0.000000    2.008665 v input20/A (sky130_fd_sc_hd__clkbuf_1)
     3    0.023642    0.271630    0.306135    2.314800 v input20/X (sky130_fd_sc_hd__clkbuf_1)
                                                         net20 (net)
                      0.271630    0.000910    2.315709 v fanout48/A (sky130_fd_sc_hd__buf_6)
     5    0.032370    0.074214    0.340657    2.656366 v fanout48/X (sky130_fd_sc_hd__buf_6)
                                                         net48 (net)
                      0.074304    0.001805    2.658171 v _469_/C (sky130_fd_sc_hd__or4_4)
     6    0.025897    0.225090    1.079728    3.737899 v _469_/X (sky130_fd_sc_hd__or4_4)
                                                         _306_ (net)
                      0.225090    0.000505    3.738404 v _474_/B1 (sky130_fd_sc_hd__a211o_1)
     3    0.007855    0.129774    0.611921    4.350325 v _474_/X (sky130_fd_sc_hd__a211o_1)
                                                         _360_ (net)
                      0.129774    0.000167    4.350492 v _481_/B1 (sky130_fd_sc_hd__a211o_1)
     4    0.012115    0.169027    0.617096    4.967588 v _481_/X (sky130_fd_sc_hd__a211o_1)
                                                         _410_ (net)
                      0.169027    0.000268    4.967856 v _484_/A1 (sky130_fd_sc_hd__a21o_1)
     4    0.014169    0.145562    0.416577    5.384433 v _484_/X (sky130_fd_sc_hd__a21o_1)
                                                         _413_ (net)
                      0.145562    0.000182    5.384614 v _494_/A2 (sky130_fd_sc_hd__a211o_1)
     3    0.011646    0.164708    0.658913    6.043528 v _494_/X (sky130_fd_sc_hd__a211o_1)
                                                         _423_ (net)
                      0.164708    0.000210    6.043738 v _496_/B1 (sky130_fd_sc_hd__a22o_1)
     3    0.011759    0.148148    0.444986    6.488724 v _496_/X (sky130_fd_sc_hd__a22o_1)
                                                         _425_ (net)
                      0.148148    0.000438    6.489162 v _499_/A (sky130_fd_sc_hd__and3_1)
     3    0.012268    0.148528    0.409277    6.898438 v _499_/X (sky130_fd_sc_hd__and3_1)
                                                         _428_ (net)
                      0.148528    0.000235    6.898674 v _509_/C1 (sky130_fd_sc_hd__a211o_4)
     3    0.015885    0.105410    0.551271    7.449944 v _509_/X (sky130_fd_sc_hd__a211o_4)
                                                         _438_ (net)
                      0.105410    0.000483    7.450428 v _515_/A2 (sky130_fd_sc_hd__a21oi_4)
     8    0.044471    0.527132    0.533323    7.983751 ^ _515_/Y (sky130_fd_sc_hd__a21oi_4)
                                                         _444_ (net)
                      0.527139    0.001607    7.985357 ^ _524_/S (sky130_fd_sc_hd__mux2_4)
     2    0.007501    0.093291    0.712596    8.697954 v _524_/X (sky130_fd_sc_hd__mux2_4)
                                                         _453_ (net)
                      0.093291    0.000203    8.698157 v _539_/A1 (sky130_fd_sc_hd__a221o_1)
     3    0.010223    0.163610    0.669657    9.367814 v _539_/X (sky130_fd_sc_hd__a221o_1)
                                                         _010_ (net)
                      0.163610    0.000216    9.368031 v _543_/A3 (sky130_fd_sc_hd__a311oi_2)
     4    0.016707    0.631584    0.737132   10.105163 ^ _543_/Y (sky130_fd_sc_hd__a311oi_2)
                                                         _014_ (net)
                      0.631584    0.000564   10.105726 ^ _548_/A (sky130_fd_sc_hd__nor2_2)
     2    0.018477    0.175818    0.330844   10.436570 v _548_/Y (sky130_fd_sc_hd__nor2_2)
                                                         _019_ (net)
                      0.175819    0.000748   10.437318 v _769_/A2 (sky130_fd_sc_hd__a211o_1)
     1    0.002305    0.080077    0.568752   11.006070 v _769_/X (sky130_fd_sc_hd__a211o_1)
                                                         _243_ (net)
                      0.080077    0.000067   11.006137 v _770_/A_N (sky130_fd_sc_hd__nand2b_1)
     1    0.001982    0.079359    0.280592   11.286729 v _770_/Y (sky130_fd_sc_hd__nand2b_1)
                                                         net24 (net)
                      0.079359    0.000056   11.286785 v output24/A (sky130_fd_sc_hd__buf_2)
     1    0.034463    0.166677    0.349397   11.636182 v output24/X (sky130_fd_sc_hd__buf_2)
                                                         op_out[3] (net)
                      0.166678    0.000794   11.636976 v op_out[3] (out)
                                             11.636976   data arrival time

                      0.000000   10.000000   10.000000   clock __VIRTUAL_CLK__ (rise edge)
                                  0.000000   10.000000   clock network delay (ideal)
                                 -0.250000    9.750000   clock uncertainty
                                  0.000000    9.750000   clock reconvergence pessimism
                                 -2.000000    7.750000   output external delay
                                              7.750000   data required time
---------------------------------------------------------------------------------------------
                                              7.750000   data required time
                                            -11.636976   data arrival time
---------------------------------------------------------------------------------------------
                                             -3.886976   slack (VIOLATED)


Startpoint: op_b[7] (input port clocked by __VIRTUAL_CLK__)
Endpoint: op_out[4] (output port clocked by __VIRTUAL_CLK__)
Path Group: __VIRTUAL_CLK__
Path Type: max

Fanout         Cap        Slew       Delay        Time   Description
---------------------------------------------------------------------------------------------
                      0.000000    0.000000    0.000000   clock __VIRTUAL_CLK__ (rise edge)
                                  0.000000    0.000000   clock network delay (ideal)
                                  2.000000    2.000000 v input external delay
     1    0.002619    0.017774    0.008665    2.008665 v op_b[7] (in)
                                                         op_b[7] (net)
                      0.017774    0.000000    2.008665 v input20/A (sky130_fd_sc_hd__clkbuf_1)
     3    0.023642    0.271630    0.306135    2.314800 v input20/X (sky130_fd_sc_hd__clkbuf_1)
                                                         net20 (net)
                      0.271630    0.000910    2.315709 v fanout48/A (sky130_fd_sc_hd__buf_6)
     5    0.032370    0.074214    0.340657    2.656366 v fanout48/X (sky130_fd_sc_hd__buf_6)
                                                         net48 (net)
                      0.074304    0.001805    2.658171 v _469_/C (sky130_fd_sc_hd__or4_4)
     6    0.025897    0.225090    1.079728    3.737899 v _469_/X (sky130_fd_sc_hd__or4_4)
                                                         _306_ (net)
                      0.225090    0.000505    3.738404 v _474_/B1 (sky130_fd_sc_hd__a211o_1)
     3    0.007855    0.129774    0.611921    4.350325 v _474_/X (sky130_fd_sc_hd__a211o_1)
                                                         _360_ (net)
                      0.129774    0.000167    4.350492 v _481_/B1 (sky130_fd_sc_hd__a211o_1)
     4    0.012115    0.169027    0.617096    4.967588 v _481_/X (sky130_fd_sc_hd__a211o_1)
                                                         _410_ (net)
                      0.169027    0.000268    4.967856 v _484_/A1 (sky130_fd_sc_hd__a21o_1)
     4    0.014169    0.145562    0.416577    5.384433 v _484_/X (sky130_fd_sc_hd__a21o_1)
                                                         _413_ (net)
                      0.145562    0.000182    5.384614 v _494_/A2 (sky130_fd_sc_hd__a211o_1)
     3    0.011646    0.164708    0.658913    6.043528 v _494_/X (sky130_fd_sc_hd__a211o_1)
                                                         _423_ (net)
                      0.164708    0.000210    6.043738 v _496_/B1 (sky130_fd_sc_hd__a22o_1)
     3    0.011759    0.148148    0.444986    6.488724 v _496_/X (sky130_fd_sc_hd__a22o_1)
                                                         _425_ (net)
                      0.148148    0.000438    6.489162 v _499_/A (sky130_fd_sc_hd__and3_1)
     3    0.012268    0.148528    0.409277    6.898438 v _499_/X (sky130_fd_sc_hd__and3_1)
                                                         _428_ (net)
                      0.148528    0.000235    6.898674 v _509_/C1 (sky130_fd_sc_hd__a211o_4)
     3    0.015885    0.105410    0.551271    7.449944 v _509_/X (sky130_fd_sc_hd__a211o_4)
                                                         _438_ (net)
                      0.105410    0.000483    7.450428 v _515_/A2 (sky130_fd_sc_hd__a21oi_4)
     8    0.044471    0.527132    0.533323    7.983751 ^ _515_/Y (sky130_fd_sc_hd__a21oi_4)
                                                         _444_ (net)
                      0.527143    0.001970    7.985721 ^ _797_/A2 (sky130_fd_sc_hd__a211oi_1)
     1    0.003542    0.154865    0.311980    8.297701 v _797_/Y (sky130_fd_sc_hd__a211oi_1)
                                                         _272_ (net)
                      0.154865    0.000113    8.297813 v _798_/B1 (sky130_fd_sc_hd__o31ai_1)
     1    0.005575    0.449075    0.171643    8.469457 ^ _798_/Y (sky130_fd_sc_hd__o31ai_1)
                                                         net25 (net)
                      0.449075    0.000220    8.469677 ^ output25/A (sky130_fd_sc_hd__buf_4)
     1    0.034524    0.168766    0.443307    8.912984 ^ output25/X (sky130_fd_sc_hd__buf_4)
                                                         op_out[4] (net)
                      0.168767    0.000819    8.913802 ^ op_out[4] (out)
                                              8.913802   data arrival time

                      0.000000   10.000000   10.000000   clock __VIRTUAL_CLK__ (rise edge)
                                  0.000000   10.000000   clock network delay (ideal)
                                 -0.250000    9.750000   clock uncertainty
                                  0.000000    9.750000   clock reconvergence pessimism
                                 -2.000000    7.750000   output external delay
                                              7.750000   data required time
---------------------------------------------------------------------------------------------
                                              7.750000   data required time
                                             -8.913802   data arrival time
---------------------------------------------------------------------------------------------
                                             -1.163802   slack (VIOLATED)


Startpoint: op_a[1] (input port clocked by __VIRTUAL_CLK__)
Endpoint: op_out[5] (output port clocked by __VIRTUAL_CLK__)
Path Group: __VIRTUAL_CLK__
Path Type: max

Fanout         Cap        Slew       Delay        Time   Description
---------------------------------------------------------------------------------------------
                      0.000000    0.000000    0.000000   clock __VIRTUAL_CLK__ (rise edge)
                                  0.000000    0.000000   clock network delay (ideal)
                                  2.000000    2.000000 ^ input external delay
     1    0.002628    0.031119    0.014883    2.014883 ^ op_a[1] (in)
                                                         op_a[1] (net)
                      0.031119    0.000000    2.014883 ^ input6/A (sky130_fd_sc_hd__buf_1)
     3    0.020147    0.385680    0.356914    2.371797 ^ input6/X (sky130_fd_sc_hd__buf_1)
                                                         net6 (net)
                      0.385682    0.000784    2.372581 ^ fanout43/A (sky130_fd_sc_hd__buf_4)
    10    0.053941    0.247265    0.473976    2.846558 ^ fanout43/X (sky130_fd_sc_hd__buf_4)
                                                         net43 (net)
                      0.247267    0.001427    2.847984 ^ fanout42/A (sky130_fd_sc_hd__buf_2)
    10    0.040201    0.316678    0.455924    3.303908 ^ fanout42/X (sky130_fd_sc_hd__buf_2)
                                                         net42 (net)
                      0.316681    0.001559    3.305467 ^ _701_/A (sky130_fd_sc_hd__and2_1)
     5    0.016721    0.275504    0.466757    3.772224 ^ _701_/X (sky130_fd_sc_hd__and2_1)
                                                         _171_ (net)
                      0.275504    0.000294    3.772517 ^ _728_/C (sky130_fd_sc_hd__and3_1)
     3    0.007013    0.144450    0.422668    4.195185 ^ _728_/X (sky130_fd_sc_hd__and3_1)
                                                         _198_ (net)
                      0.144450    0.000135    4.195320 ^ _730_/A_N (sky130_fd_sc_hd__and4b_1)
     2    0.005801    0.099868    0.446087    4.641407 v _730_/X (sky130_fd_sc_hd__and4b_1)
                                                         _201_ (net)
                      0.099868    0.000111    4.641519 v _750_/B (sky130_fd_sc_hd__nor2_1)
     2    0.008135    0.275091    0.263794    4.905312 ^ _750_/Y (sky130_fd_sc_hd__nor2_1)
                                                         _222_ (net)
                      0.275091    0.000254    4.905567 ^ _758_/A (sky130_fd_sc_hd__xnor2_1)
     2    0.004581    0.131160    0.232178    5.137745 v _758_/Y (sky130_fd_sc_hd__xnor2_1)
                                                         _230_ (net)
                      0.131160    0.000113    5.137858 v _759_/C (sky130_fd_sc_hd__and3_1)
     3    0.007774    0.111057    0.435072    5.572930 v _759_/X (sky130_fd_sc_hd__and3_1)
                                                         _232_ (net)
                      0.111057    0.000155    5.573084 v _788_/B (sky130_fd_sc_hd__or3_1)
     1    0.001986    0.126369    0.785334    6.358419 v _788_/X (sky130_fd_sc_hd__or3_1)
                                                         _262_ (net)
                      0.126369    0.000056    6.358475 v _789_/B (sky130_fd_sc_hd__and2_1)
     2    0.003873    0.076959    0.351772    6.710247 v _789_/X (sky130_fd_sc_hd__and2_1)
                                                         _264_ (net)
                      0.076959    0.000060    6.710307 v _791_/B (sky130_fd_sc_hd__nand2_1)
     4    0.013051    0.207277    0.205527    6.915834 ^ _791_/Y (sky130_fd_sc_hd__nand2_1)
                                                         _266_ (net)
                      0.207277    0.000332    6.916166 ^ _825_/A (sky130_fd_sc_hd__nand2_1)
     1    0.003407    0.091359    0.158182    7.074347 v _825_/Y (sky130_fd_sc_hd__nand2_1)
                                                         _302_ (net)
                      0.091359    0.000103    7.074450 v _840_/B1 (sky130_fd_sc_hd__a221o_1)
     1    0.006337    0.126028    0.592129    7.666579 v _840_/X (sky130_fd_sc_hd__a221o_1)
                                                         _319_ (net)
                      0.126028    0.000220    7.666799 v _842_/B (sky130_fd_sc_hd__or3_1)
     1    0.005769    0.167624    0.860214    8.527013 v _842_/X (sky130_fd_sc_hd__or3_1)
                                                         net26 (net)
                      0.167624    0.000240    8.527253 v output26/A (sky130_fd_sc_hd__buf_4)
     1    0.034541    0.103552    0.351215    8.878468 v output26/X (sky130_fd_sc_hd__buf_4)
                                                         op_out[5] (net)
                      0.103556    0.000820    8.879288 v op_out[5] (out)
                                              8.879288   data arrival time

                      0.000000   10.000000   10.000000   clock __VIRTUAL_CLK__ (rise edge)
                                  0.000000   10.000000   clock network delay (ideal)
                                 -0.250000    9.750000   clock uncertainty
                                  0.000000    9.750000   clock reconvergence pessimism
                                 -2.000000    7.750000   output external delay
                                              7.750000   data required time
---------------------------------------------------------------------------------------------
                                              7.750000   data required time
                                             -8.879288   data arrival time
---------------------------------------------------------------------------------------------
                                             -1.129288   slack (VIOLATED)


Startpoint: op_b[0] (input port clocked by __VIRTUAL_CLK__)
Endpoint: op_out[7] (output port clocked by __VIRTUAL_CLK__)
Path Group: __VIRTUAL_CLK__
Path Type: max

Fanout         Cap        Slew       Delay        Time   Description
---------------------------------------------------------------------------------------------
                      0.000000    0.000000    0.000000   clock __VIRTUAL_CLK__ (rise edge)
                                  0.000000    0.000000   clock network delay (ideal)
                                  2.000000    2.000000 v input external delay
     1    0.005122    0.027600    0.016542    2.016542 v op_b[0] (in)
                                                         op_b[0] (net)
                      0.027600    0.000000    2.016542 v input13/A (sky130_fd_sc_hd__buf_6)
     5    0.036276    0.078444    0.229171    2.245713 v input13/X (sky130_fd_sc_hd__buf_6)
                                                         net13 (net)
                      0.078485    0.001700    2.247412 v fanout66/A (sky130_fd_sc_hd__buf_8)
     5    0.040722    0.075492    0.250062    2.497475 v fanout66/X (sky130_fd_sc_hd__buf_8)
                                                         net66 (net)
                      0.075496    0.000688    2.498163 v fanout65/A (sky130_fd_sc_hd__buf_8)
    10    0.040635    0.075419    0.248557    2.746720 v fanout65/X (sky130_fd_sc_hd__buf_8)
                                                         net65 (net)
                      0.075464    0.001710    2.748430 v _458_/A (sky130_fd_sc_hd__inv_2)
     4    0.015136    0.117646    0.131709    2.880139 ^ _458_/Y (sky130_fd_sc_hd__inv_2)
                                                         _188_ (net)
                      0.117647    0.000225    2.880363 ^ fanout35/A (sky130_fd_sc_hd__clkbuf_4)
    10    0.050871    0.252075    0.403903    3.284267 ^ fanout35/X (sky130_fd_sc_hd__clkbuf_4)
                                                         net35 (net)
                      0.252075    0.001082    3.285349 ^ _536_/A (sky130_fd_sc_hd__nor2_4)
     4    0.017040    0.081925    0.159882    3.445231 v _536_/Y (sky130_fd_sc_hd__nor2_4)
                                                         _007_ (net)
                      0.081926    0.000401    3.445632 v _780_/A (sky130_fd_sc_hd__and3_1)
     2    0.011624    0.143990    0.372302    3.817934 v _780_/X (sky130_fd_sc_hd__and3_1)
                                                         _254_ (net)
                      0.143990    0.000463    3.818397 v _781_/B1 (sky130_fd_sc_hd__a21oi_4)
     2    0.013878    0.228081    0.269541    4.087938 ^ _781_/Y (sky130_fd_sc_hd__a21oi_4)
                                                         _255_ (net)
                      0.228081    0.000293    4.088231 ^ _805_/A3 (sky130_fd_sc_hd__a31oi_2)
     2    0.008322    0.192130    0.287340    4.375571 v _805_/Y (sky130_fd_sc_hd__a31oi_2)
                                                         _280_ (net)
                      0.192130    0.000222    4.375793 v _812_/A (sky130_fd_sc_hd__or3_1)
     2    0.006202    0.170659    0.940906    5.316699 v _812_/X (sky130_fd_sc_hd__or3_1)
                                                         _288_ (net)
                      0.170659    0.000153    5.316852 v _870_/A (sky130_fd_sc_hd__and3_1)
     2    0.006586    0.101475    0.373602    5.690454 v _870_/X (sky130_fd_sc_hd__and3_1)
                                                         _351_ (net)
                      0.101475    0.000168    5.690622 v _873_/B (sky130_fd_sc_hd__or3_4)
     3    0.013407    0.143216    0.772579    6.463201 v _873_/X (sky130_fd_sc_hd__or3_4)
                                                         _354_ (net)
                      0.143216    0.000314    6.463515 v _875_/C (sky130_fd_sc_hd__and3_1)
     1    0.005714    0.094708    0.423610    6.887126 v _875_/X (sky130_fd_sc_hd__and3_1)
                                                         _356_ (net)
                      0.094708    0.000137    6.887263 v _893_/B (sky130_fd_sc_hd__xnor2_1)
     1    0.005203    0.263289    0.281935    7.169199 ^ _893_/Y (sky130_fd_sc_hd__xnor2_1)
                                                         _375_ (net)
                      0.263289    0.000157    7.169355 ^ _916_/B (sky130_fd_sc_hd__xnor2_1)
     2    0.006931    0.150678    0.237506    7.406861 v _916_/Y (sky130_fd_sc_hd__xnor2_1)
                                                         _400_ (net)
                      0.150678    0.000222    7.407083 v _917_/B (sky130_fd_sc_hd__or2_1)
     1    0.003407    0.101798    0.496350    7.903433 v _917_/X (sky130_fd_sc_hd__or2_1)
                                                         _401_ (net)
                      0.101798    0.000105    7.903538 v _923_/A2 (sky130_fd_sc_hd__a311o_1)
     1    0.005258    0.116828    0.621844    8.525381 v _923_/X (sky130_fd_sc_hd__a311o_1)
                                                         net28 (net)
                      0.116828    0.000163    8.525544 v output28/A (sky130_fd_sc_hd__buf_6)
     1    0.033963    0.075557    0.269060    8.794604 v output28/X (sky130_fd_sc_hd__buf_6)
                                                         op_out[7] (net)
                      0.075561    0.000624    8.795229 v op_out[7] (out)
                                              8.795229   data arrival time

                      0.000000   10.000000   10.000000   clock __VIRTUAL_CLK__ (rise edge)
                                  0.000000   10.000000   clock network delay (ideal)
                                 -0.250000    9.750000   clock uncertainty
                                  0.000000    9.750000   clock reconvergence pessimism
                                 -2.000000    7.750000   output external delay
                                              7.750000   data required time
---------------------------------------------------------------------------------------------
                                              7.750000   data required time
                                             -8.795229   data arrival time
---------------------------------------------------------------------------------------------
                                             -1.045229   slack (VIOLATED)


Startpoint: op_a[1] (input port clocked by __VIRTUAL_CLK__)
Endpoint: op_out[6] (output port clocked by __VIRTUAL_CLK__)
Path Group: __VIRTUAL_CLK__
Path Type: max

Fanout         Cap        Slew       Delay        Time   Description
---------------------------------------------------------------------------------------------
                      0.000000    0.000000    0.000000   clock __VIRTUAL_CLK__ (rise edge)
                                  0.000000    0.000000   clock network delay (ideal)
                                  2.000000    2.000000 ^ input external delay
     1    0.002628    0.031119    0.014883    2.014883 ^ op_a[1] (in)
                                                         op_a[1] (net)
                      0.031119    0.000000    2.014883 ^ input6/A (sky130_fd_sc_hd__buf_1)
     3    0.020147    0.385680    0.356914    2.371797 ^ input6/X (sky130_fd_sc_hd__buf_1)
                                                         net6 (net)
                      0.385682    0.000784    2.372581 ^ fanout43/A (sky130_fd_sc_hd__buf_4)
    10    0.053941    0.247265    0.473976    2.846558 ^ fanout43/X (sky130_fd_sc_hd__buf_4)
                                                         net43 (net)
                      0.247267    0.001427    2.847984 ^ fanout42/A (sky130_fd_sc_hd__buf_2)
    10    0.040201    0.316678    0.455924    3.303908 ^ fanout42/X (sky130_fd_sc_hd__buf_2)
                                                         net42 (net)
                      0.316681    0.001559    3.305467 ^ _701_/A (sky130_fd_sc_hd__and2_1)
     5    0.016721    0.275504    0.466757    3.772224 ^ _701_/X (sky130_fd_sc_hd__and2_1)
                                                         _171_ (net)
                      0.275504    0.000294    3.772517 ^ _728_/C (sky130_fd_sc_hd__and3_1)
     3    0.007013    0.144450    0.422668    4.195185 ^ _728_/X (sky130_fd_sc_hd__and3_1)
                                                         _198_ (net)
                      0.144450    0.000135    4.195320 ^ _730_/A_N (sky130_fd_sc_hd__and4b_1)
     2    0.005801    0.099868    0.446087    4.641407 v _730_/X (sky130_fd_sc_hd__and4b_1)
                                                         _201_ (net)
                      0.099868    0.000111    4.641519 v _750_/B (sky130_fd_sc_hd__nor2_1)
     2    0.008135    0.275091    0.263794    4.905312 ^ _750_/Y (sky130_fd_sc_hd__nor2_1)
                                                         _222_ (net)
                      0.275091    0.000254    4.905567 ^ _758_/A (sky130_fd_sc_hd__xnor2_1)
     2    0.004581    0.131160    0.232178    5.137745 v _758_/Y (sky130_fd_sc_hd__xnor2_1)
                                                         _230_ (net)
                      0.131160    0.000113    5.137858 v _759_/C (sky130_fd_sc_hd__and3_1)
     3    0.007774    0.111057    0.435072    5.572930 v _759_/X (sky130_fd_sc_hd__and3_1)
                                                         _232_ (net)
                      0.111057    0.000155    5.573084 v _788_/B (sky130_fd_sc_hd__or3_1)
     1    0.001986    0.126369    0.785334    6.358419 v _788_/X (sky130_fd_sc_hd__or3_1)
                                                         _262_ (net)
                      0.126369    0.000056    6.358475 v _789_/B (sky130_fd_sc_hd__and2_1)
     2    0.003873    0.076959    0.351772    6.710247 v _789_/X (sky130_fd_sc_hd__and2_1)
                                                         _264_ (net)
                      0.076959    0.000060    6.710307 v _791_/B (sky130_fd_sc_hd__nand2_1)
     4    0.013051    0.207277    0.205527    6.915834 ^ _791_/Y (sky130_fd_sc_hd__nand2_1)
                                                         _266_ (net)
                      0.207277    0.000292    6.916126 ^ _826_/A (sky130_fd_sc_hd__nor2_1)
     3    0.009810    0.107211    0.187477    7.103603 v _826_/Y (sky130_fd_sc_hd__nor2_1)
                                                         _303_ (net)
                      0.107211    0.000218    7.103821 v _878_/A (sky130_fd_sc_hd__or2_1)
     1    0.003234    0.100036    0.514094    7.617916 v _878_/X (sky130_fd_sc_hd__or2_1)
                                                         _359_ (net)
                      0.100036    0.000101    7.618017 v _885_/A3 (sky130_fd_sc_hd__a31o_1)
     1    0.005313    0.087322    0.421472    8.039489 v _885_/X (sky130_fd_sc_hd__a31o_1)
                                                         net27 (net)
                      0.087322    0.000165    8.039654 v output27/A (sky130_fd_sc_hd__buf_6)
     1    0.035007    0.076886    0.255800    8.295453 v output27/X (sky130_fd_sc_hd__buf_6)
                                                         op_out[6] (net)
                      0.076897    0.000899    8.296352 v op_out[6] (out)
                                              8.296352   data arrival time

                      0.000000   10.000000   10.000000   clock __VIRTUAL_CLK__ (rise edge)
                                  0.000000   10.000000   clock network delay (ideal)
                                 -0.250000    9.750000   clock uncertainty
                                  0.000000    9.750000   clock reconvergence pessimism
                                 -2.000000    7.750000   output external delay
                                              7.750000   data required time
---------------------------------------------------------------------------------------------
                                              7.750000   data required time
                                             -8.296352   data arrival time
---------------------------------------------------------------------------------------------
                                             -0.546352   slack (VIOLATED)



%OL_END_REPORT
%OL_CREATE_REPORT checks.rpt

===========================================================================
report_checks -unconstrained
===========================================================================
======================= nom_ss_100C_1v60 Corner ===================================

Startpoint: op_b[7] (input port clocked by __VIRTUAL_CLK__)
Endpoint: op_out[0] (output port clocked by __VIRTUAL_CLK__)
Path Group: __VIRTUAL_CLK__
Path Type: max

Fanout         Cap        Slew       Delay        Time   Description
---------------------------------------------------------------------------------------------
                      0.000000    0.000000    0.000000   clock __VIRTUAL_CLK__ (rise edge)
                                  0.000000    0.000000   clock network delay (ideal)
                                  2.000000    2.000000 v input external delay
     1    0.002619    0.017774    0.008665    2.008665 v op_b[7] (in)
                                                         op_b[7] (net)
                      0.017774    0.000000    2.008665 v input20/A (sky130_fd_sc_hd__clkbuf_1)
     3    0.023642    0.271630    0.306135    2.314800 v input20/X (sky130_fd_sc_hd__clkbuf_1)
                                                         net20 (net)
                      0.271630    0.000910    2.315709 v fanout48/A (sky130_fd_sc_hd__buf_6)
     5    0.032370    0.074214    0.340657    2.656366 v fanout48/X (sky130_fd_sc_hd__buf_6)
                                                         net48 (net)
                      0.074304    0.001805    2.658171 v _469_/C (sky130_fd_sc_hd__or4_4)
     6    0.025897    0.225090    1.079728    3.737899 v _469_/X (sky130_fd_sc_hd__or4_4)
                                                         _306_ (net)
                      0.225090    0.000505    3.738404 v _474_/B1 (sky130_fd_sc_hd__a211o_1)
     3    0.007855    0.129774    0.611921    4.350325 v _474_/X (sky130_fd_sc_hd__a211o_1)
                                                         _360_ (net)
                      0.129774    0.000167    4.350492 v _481_/B1 (sky130_fd_sc_hd__a211o_1)
     4    0.012115    0.169027    0.617096    4.967588 v _481_/X (sky130_fd_sc_hd__a211o_1)
                                                         _410_ (net)
                      0.169027    0.000268    4.967856 v _484_/A1 (sky130_fd_sc_hd__a21o_1)
     4    0.014169    0.145562    0.416577    5.384433 v _484_/X (sky130_fd_sc_hd__a21o_1)
                                                         _413_ (net)
                      0.145562    0.000182    5.384614 v _494_/A2 (sky130_fd_sc_hd__a211o_1)
     3    0.011646    0.164708    0.658913    6.043528 v _494_/X (sky130_fd_sc_hd__a211o_1)
                                                         _423_ (net)
                      0.164708    0.000210    6.043738 v _496_/B1 (sky130_fd_sc_hd__a22o_1)
     3    0.011759    0.148148    0.444986    6.488724 v _496_/X (sky130_fd_sc_hd__a22o_1)
                                                         _425_ (net)
                      0.148148    0.000438    6.489162 v _499_/A (sky130_fd_sc_hd__and3_1)
     3    0.012268    0.148528    0.409277    6.898438 v _499_/X (sky130_fd_sc_hd__and3_1)
                                                         _428_ (net)
                      0.148528    0.000235    6.898674 v _509_/C1 (sky130_fd_sc_hd__a211o_4)
     3    0.015885    0.105410    0.551271    7.449944 v _509_/X (sky130_fd_sc_hd__a211o_4)
                                                         _438_ (net)
                      0.105410    0.000483    7.450428 v _515_/A2 (sky130_fd_sc_hd__a21oi_4)
     8    0.044471    0.527132    0.533323    7.983751 ^ _515_/Y (sky130_fd_sc_hd__a21oi_4)
                                                         _444_ (net)
                      0.527139    0.001607    7.985357 ^ _524_/S (sky130_fd_sc_hd__mux2_4)
     2    0.007501    0.093291    0.712596    8.697954 v _524_/X (sky130_fd_sc_hd__mux2_4)
                                                         _453_ (net)
                      0.093291    0.000203    8.698157 v _539_/A1 (sky130_fd_sc_hd__a221o_1)
     3    0.010223    0.163610    0.669657    9.367814 v _539_/X (sky130_fd_sc_hd__a221o_1)
                                                         _010_ (net)
                      0.163610    0.000274    9.368089 v _544_/A2 (sky130_fd_sc_hd__a311o_1)
     3    0.009420    0.155214    0.693137   10.061226 v _544_/X (sky130_fd_sc_hd__a311o_1)
                                                         _015_ (net)
                      0.155214    0.000257   10.061482 v _579_/A1 (sky130_fd_sc_hd__a21o_1)
     3    0.008423    0.103902    0.367410   10.428893 v _579_/X (sky130_fd_sc_hd__a21o_1)
                                                         _050_ (net)
                      0.103902    0.000214   10.429107 v _583_/B (sky130_fd_sc_hd__and3_1)
     2    0.005460    0.092762    0.373392   10.802499 v _583_/X (sky130_fd_sc_hd__and3_1)
                                                         _054_ (net)
                      0.092762    0.000122   10.802621 v _585_/A (sky130_fd_sc_hd__or4_4)
     1    0.003803    0.149088    1.042750   11.845370 v _585_/X (sky130_fd_sc_hd__or4_4)
                                                         _056_ (net)
                      0.149088    0.000122   11.845492 v _586_/B (sky130_fd_sc_hd__or4b_4)
     1    0.009263    0.171729    1.075794   12.921286 v _586_/X (sky130_fd_sc_hd__or4b_4)
                                                         _057_ (net)
                      0.171729    0.000295   12.921580 v _590_/A2 (sky130_fd_sc_hd__a311oi_4)
     4    0.016695    0.493287    0.599605   13.521186 ^ _590_/Y (sky130_fd_sc_hd__a311oi_4)
                                                         _061_ (net)
                      0.493288    0.000595   13.521781 ^ max_cap30/A (sky130_fd_sc_hd__buf_6)
     5    0.026445    0.105815    0.368487   13.890267 ^ max_cap30/X (sky130_fd_sc_hd__buf_6)
                                                         net30 (net)
                      0.105816    0.000540   13.890807 ^ _595_/S (sky130_fd_sc_hd__mux2_1)
     4    0.020563    0.260116    0.895517   14.786324 v _595_/X (sky130_fd_sc_hd__mux2_1)
                                                         _066_ (net)
                      0.260116    0.000465   14.786789 v _597_/B (sky130_fd_sc_hd__nor2_2)
     2    0.012252    0.255015    0.315094   15.101883 ^ _597_/Y (sky130_fd_sc_hd__nor2_2)
                                                         _068_ (net)
                      0.255015    0.000236   15.102119 ^ _608_/B1 (sky130_fd_sc_hd__a211oi_4)
     3    0.009824    0.114602    0.148651   15.250770 v _608_/Y (sky130_fd_sc_hd__a211oi_4)
                                                         _079_ (net)
                      0.114602    0.000371   15.251142 v rebuffer6/A (sky130_fd_sc_hd__buf_1)
     2    0.004564    0.068098    0.197524   15.448665 v rebuffer6/X (sky130_fd_sc_hd__buf_1)
                                                         net75 (net)
                      0.068098    0.000098   15.448763 v rebuffer5/A (sky130_fd_sc_hd__dlygate4sd1_1)
     1    0.004301    0.073792    0.487031   15.935794 v rebuffer5/X (sky130_fd_sc_hd__dlygate4sd1_1)
                                                         net74 (net)
                      0.073792    0.000108   15.935902 v _639_/A2 (sky130_fd_sc_hd__o32a_1)
     1    0.007158    0.160080    0.662514   16.598415 v _639_/X (sky130_fd_sc_hd__o32a_1)
                                                         _110_ (net)
                      0.160080    0.000286   16.598701 v _640_/B (sky130_fd_sc_hd__xor2_1)
     1    0.002981    0.113881    0.299540   16.898241 v _640_/X (sky130_fd_sc_hd__xor2_1)
                                                         _111_ (net)
                      0.113881    0.000092   16.898335 v _641_/A1 (sky130_fd_sc_hd__mux2_1)
     2    0.006565    0.146049    0.719901   17.618235 v _641_/X (sky130_fd_sc_hd__mux2_1)
                                                         _112_ (net)
                      0.146049    0.000153   17.618387 v _643_/B (sky130_fd_sc_hd__nand2_1)
     2    0.005871    0.154884    0.166805   17.785192 ^ _643_/Y (sky130_fd_sc_hd__nand2_1)
                                                         _114_ (net)
                      0.154884    0.000131   17.785324 ^ _648_/B (sky130_fd_sc_hd__nand4b_1)
     2    0.005300    0.237130    0.281609   18.066933 v _648_/Y (sky130_fd_sc_hd__nand4b_1)
                                                         _119_ (net)
                      0.237130    0.000103   18.067036 v _672_/B1 (sky130_fd_sc_hd__o221a_1)
     1    0.003661    0.101169    0.504553   18.571589 v _672_/X (sky130_fd_sc_hd__o221a_1)
                                                         _143_ (net)
                      0.101169    0.000117   18.571707 v _675_/A2 (sky130_fd_sc_hd__o21a_1)
     1    0.002475    0.062202    0.314438   18.886145 v _675_/X (sky130_fd_sc_hd__o21a_1)
                                                         _146_ (net)
                      0.062202    0.000046   18.886190 v _679_/A2 (sky130_fd_sc_hd__o21a_1)
     1    0.007938    0.109906    0.350951   19.237143 v _679_/X (sky130_fd_sc_hd__o21a_1)
                                                         _150_ (net)
                      0.109906    0.000357   19.237499 v _700_/C (sky130_fd_sc_hd__or3_4)
     1    0.009234    0.133317    0.687532   19.925032 v _700_/X (sky130_fd_sc_hd__or3_4)
                                                         net21 (net)
                      0.133317    0.000384   19.925415 v output21/A (sky130_fd_sc_hd__buf_8)
     1    0.034699    0.068052    0.269502   20.194916 v output21/X (sky130_fd_sc_hd__buf_8)
                                                         op_out[0] (net)
                      0.068063    0.000870   20.195787 v op_out[0] (out)
                                             20.195787   data arrival time

                      0.000000   10.000000   10.000000   clock __VIRTUAL_CLK__ (rise edge)
                                  0.000000   10.000000   clock network delay (ideal)
                                 -0.250000    9.750000   clock uncertainty
                                  0.000000    9.750000   clock reconvergence pessimism
                                 -2.000000    7.750000   output external delay
                                              7.750000   data required time
---------------------------------------------------------------------------------------------
                                              7.750000   data required time
                                            -20.195787   data arrival time
---------------------------------------------------------------------------------------------
                                            -12.445787   slack (VIOLATED)




===========================================================================
report_checks --slack_max -0.01
============================================================================
======================= nom_ss_100C_1v60 Corner ===================================

Startpoint: op_b[7] (input port clocked by __VIRTUAL_CLK__)
Endpoint: op_out[0] (output port clocked by __VIRTUAL_CLK__)
Path Group: __VIRTUAL_CLK__
Path Type: max

Fanout         Cap        Slew       Delay        Time   Description
---------------------------------------------------------------------------------------------
                      0.000000    0.000000    0.000000   clock __VIRTUAL_CLK__ (rise edge)
                                  0.000000    0.000000   clock network delay (ideal)
                                  2.000000    2.000000 v input external delay
     1    0.002619    0.017774    0.008665    2.008665 v op_b[7] (in)
                                                         op_b[7] (net)
                      0.017774    0.000000    2.008665 v input20/A (sky130_fd_sc_hd__clkbuf_1)
     3    0.023642    0.271630    0.306135    2.314800 v input20/X (sky130_fd_sc_hd__clkbuf_1)
                                                         net20 (net)
                      0.271630    0.000910    2.315709 v fanout48/A (sky130_fd_sc_hd__buf_6)
     5    0.032370    0.074214    0.340657    2.656366 v fanout48/X (sky130_fd_sc_hd__buf_6)
                                                         net48 (net)
                      0.074304    0.001805    2.658171 v _469_/C (sky130_fd_sc_hd__or4_4)
     6    0.025897    0.225090    1.079728    3.737899 v _469_/X (sky130_fd_sc_hd__or4_4)
                                                         _306_ (net)
                      0.225090    0.000505    3.738404 v _474_/B1 (sky130_fd_sc_hd__a211o_1)
     3    0.007855    0.129774    0.611921    4.350325 v _474_/X (sky130_fd_sc_hd__a211o_1)
                                                         _360_ (net)
                      0.129774    0.000167    4.350492 v _481_/B1 (sky130_fd_sc_hd__a211o_1)
     4    0.012115    0.169027    0.617096    4.967588 v _481_/X (sky130_fd_sc_hd__a211o_1)
                                                         _410_ (net)
                      0.169027    0.000268    4.967856 v _484_/A1 (sky130_fd_sc_hd__a21o_1)
     4    0.014169    0.145562    0.416577    5.384433 v _484_/X (sky130_fd_sc_hd__a21o_1)
                                                         _413_ (net)
                      0.145562    0.000182    5.384614 v _494_/A2 (sky130_fd_sc_hd__a211o_1)
     3    0.011646    0.164708    0.658913    6.043528 v _494_/X (sky130_fd_sc_hd__a211o_1)
                                                         _423_ (net)
                      0.164708    0.000210    6.043738 v _496_/B1 (sky130_fd_sc_hd__a22o_1)
     3    0.011759    0.148148    0.444986    6.488724 v _496_/X (sky130_fd_sc_hd__a22o_1)
                                                         _425_ (net)
                      0.148148    0.000438    6.489162 v _499_/A (sky130_fd_sc_hd__and3_1)
     3    0.012268    0.148528    0.409277    6.898438 v _499_/X (sky130_fd_sc_hd__and3_1)
                                                         _428_ (net)
                      0.148528    0.000235    6.898674 v _509_/C1 (sky130_fd_sc_hd__a211o_4)
     3    0.015885    0.105410    0.551271    7.449944 v _509_/X (sky130_fd_sc_hd__a211o_4)
                                                         _438_ (net)
                      0.105410    0.000483    7.450428 v _515_/A2 (sky130_fd_sc_hd__a21oi_4)
     8    0.044471    0.527132    0.533323    7.983751 ^ _515_/Y (sky130_fd_sc_hd__a21oi_4)
                                                         _444_ (net)
                      0.527139    0.001607    7.985357 ^ _524_/S (sky130_fd_sc_hd__mux2_4)
     2    0.007501    0.093291    0.712596    8.697954 v _524_/X (sky130_fd_sc_hd__mux2_4)
                                                         _453_ (net)
                      0.093291    0.000203    8.698157 v _539_/A1 (sky130_fd_sc_hd__a221o_1)
     3    0.010223    0.163610    0.669657    9.367814 v _539_/X (sky130_fd_sc_hd__a221o_1)
                                                         _010_ (net)
                      0.163610    0.000274    9.368089 v _544_/A2 (sky130_fd_sc_hd__a311o_1)
     3    0.009420    0.155214    0.693137   10.061226 v _544_/X (sky130_fd_sc_hd__a311o_1)
                                                         _015_ (net)
                      0.155214    0.000257   10.061482 v _579_/A1 (sky130_fd_sc_hd__a21o_1)
     3    0.008423    0.103902    0.367410   10.428893 v _579_/X (sky130_fd_sc_hd__a21o_1)
                                                         _050_ (net)
                      0.103902    0.000214   10.429107 v _583_/B (sky130_fd_sc_hd__and3_1)
     2    0.005460    0.092762    0.373392   10.802499 v _583_/X (sky130_fd_sc_hd__and3_1)
                                                         _054_ (net)
                      0.092762    0.000122   10.802621 v _585_/A (sky130_fd_sc_hd__or4_4)
     1    0.003803    0.149088    1.042750   11.845370 v _585_/X (sky130_fd_sc_hd__or4_4)
                                                         _056_ (net)
                      0.149088    0.000122   11.845492 v _586_/B (sky130_fd_sc_hd__or4b_4)
     1    0.009263    0.171729    1.075794   12.921286 v _586_/X (sky130_fd_sc_hd__or4b_4)
                                                         _057_ (net)
                      0.171729    0.000295   12.921580 v _590_/A2 (sky130_fd_sc_hd__a311oi_4)
     4    0.016695    0.493287    0.599605   13.521186 ^ _590_/Y (sky130_fd_sc_hd__a311oi_4)
                                                         _061_ (net)
                      0.493288    0.000595   13.521781 ^ max_cap30/A (sky130_fd_sc_hd__buf_6)
     5    0.026445    0.105815    0.368487   13.890267 ^ max_cap30/X (sky130_fd_sc_hd__buf_6)
                                                         net30 (net)
                      0.105816    0.000540   13.890807 ^ _595_/S (sky130_fd_sc_hd__mux2_1)
     4    0.020563    0.260116    0.895517   14.786324 v _595_/X (sky130_fd_sc_hd__mux2_1)
                                                         _066_ (net)
                      0.260116    0.000465   14.786789 v _597_/B (sky130_fd_sc_hd__nor2_2)
     2    0.012252    0.255015    0.315094   15.101883 ^ _597_/Y (sky130_fd_sc_hd__nor2_2)
                                                         _068_ (net)
                      0.255015    0.000236   15.102119 ^ _608_/B1 (sky130_fd_sc_hd__a211oi_4)
     3    0.009824    0.114602    0.148651   15.250770 v _608_/Y (sky130_fd_sc_hd__a211oi_4)
                                                         _079_ (net)
                      0.114602    0.000371   15.251142 v rebuffer6/A (sky130_fd_sc_hd__buf_1)
     2    0.004564    0.068098    0.197524   15.448665 v rebuffer6/X (sky130_fd_sc_hd__buf_1)
                                                         net75 (net)
                      0.068098    0.000098   15.448763 v rebuffer5/A (sky130_fd_sc_hd__dlygate4sd1_1)
     1    0.004301    0.073792    0.487031   15.935794 v rebuffer5/X (sky130_fd_sc_hd__dlygate4sd1_1)
                                                         net74 (net)
                      0.073792    0.000108   15.935902 v _639_/A2 (sky130_fd_sc_hd__o32a_1)
     1    0.007158    0.160080    0.662514   16.598415 v _639_/X (sky130_fd_sc_hd__o32a_1)
                                                         _110_ (net)
                      0.160080    0.000286   16.598701 v _640_/B (sky130_fd_sc_hd__xor2_1)
     1    0.002981    0.113881    0.299540   16.898241 v _640_/X (sky130_fd_sc_hd__xor2_1)
                                                         _111_ (net)
                      0.113881    0.000092   16.898335 v _641_/A1 (sky130_fd_sc_hd__mux2_1)
     2    0.006565    0.146049    0.719901   17.618235 v _641_/X (sky130_fd_sc_hd__mux2_1)
                                                         _112_ (net)
                      0.146049    0.000153   17.618387 v _643_/B (sky130_fd_sc_hd__nand2_1)
     2    0.005871    0.154884    0.166805   17.785192 ^ _643_/Y (sky130_fd_sc_hd__nand2_1)
                                                         _114_ (net)
                      0.154884    0.000131   17.785324 ^ _648_/B (sky130_fd_sc_hd__nand4b_1)
     2    0.005300    0.237130    0.281609   18.066933 v _648_/Y (sky130_fd_sc_hd__nand4b_1)
                                                         _119_ (net)
                      0.237130    0.000103   18.067036 v _672_/B1 (sky130_fd_sc_hd__o221a_1)
     1    0.003661    0.101169    0.504553   18.571589 v _672_/X (sky130_fd_sc_hd__o221a_1)
                                                         _143_ (net)
                      0.101169    0.000117   18.571707 v _675_/A2 (sky130_fd_sc_hd__o21a_1)
     1    0.002475    0.062202    0.314438   18.886145 v _675_/X (sky130_fd_sc_hd__o21a_1)
                                                         _146_ (net)
                      0.062202    0.000046   18.886190 v _679_/A2 (sky130_fd_sc_hd__o21a_1)
     1    0.007938    0.109906    0.350951   19.237143 v _679_/X (sky130_fd_sc_hd__o21a_1)
                                                         _150_ (net)
                      0.109906    0.000357   19.237499 v _700_/C (sky130_fd_sc_hd__or3_4)
     1    0.009234    0.133317    0.687532   19.925032 v _700_/X (sky130_fd_sc_hd__or3_4)
                                                         net21 (net)
                      0.133317    0.000384   19.925415 v output21/A (sky130_fd_sc_hd__buf_8)
     1    0.034699    0.068052    0.269502   20.194916 v output21/X (sky130_fd_sc_hd__buf_8)
                                                         op_out[0] (net)
                      0.068063    0.000870   20.195787 v op_out[0] (out)
                                             20.195787   data arrival time

                      0.000000   10.000000   10.000000   clock __VIRTUAL_CLK__ (rise edge)
                                  0.000000   10.000000   clock network delay (ideal)
                                 -0.250000    9.750000   clock uncertainty
                                  0.000000    9.750000   clock reconvergence pessimism
                                 -2.000000    7.750000   output external delay
                                              7.750000   data required time
---------------------------------------------------------------------------------------------
                                              7.750000   data required time
                                            -20.195787   data arrival time
---------------------------------------------------------------------------------------------
                                            -12.445787   slack (VIOLATED)




===========================================================================
 report_check_types -max_slew -max_cap -max_fanout -violators
============================================================================
======================= nom_ss_100C_1v60 Corner ===================================



===========================================================================
report_parasitic_annotation -report_unannotated
============================================================================
Found 0 unannotated drivers.
Found 0 partially unannotated drivers.

===========================================================================
max slew violation count 0
%OL_METRIC_I design__max_slew_violation__count__corner:nom_ss_100C_1v60 0
max fanout violation count 0
%OL_METRIC_I design__max_fanout_violation__count__corner:nom_ss_100C_1v60 0
max cap violation count 0
%OL_METRIC_I design__max_cap_violation__count__corner:nom_ss_100C_1v60 0
============================================================================

===========================================================================
check_setup -verbose -unconstrained_endpoints -multiple_clock -no_clock -no_input_delay -loops -generated_clocks
===========================================================================
%OL_END_REPORT
%OL_CREATE_REPORT power.rpt

===========================================================================
 report_power
============================================================================
======================= nom_ss_100C_1v60 Corner ===================================

Group                    Internal    Switching      Leakage        Total
                            Power        Power        Power        Power (Watts)
------------------------------------------------------------------------
Sequential           0.000000e+00 0.000000e+00 0.000000e+00 0.000000e+00   0.0%
Combinational        1.166649e-04 1.277578e-04 2.500150e-06 2.469228e-04 100.0%
Clock                -1.449512e-11 0.000000e+00 1.369114e-09 1.354619e-09   0.0%
Macro                0.000000e+00 0.000000e+00 0.000000e+00 0.000000e+00   0.0%
Pad                  0.000000e+00 0.000000e+00 0.000000e+00 0.000000e+00   0.0%
------------------------------------------------------------------------
Total                1.166649e-04 1.277578e-04 2.501519e-06 2.469242e-04 100.0%
                            47.2%        51.7%         1.0%
%OL_METRIC_F power__internal__total 0.00011666485079331324
%OL_METRIC_F power__switching__total 0.00012775779759977013
%OL_METRIC_F power__leakage__total 2.501519020370324e-6
%OL_METRIC_F power__total 0.0002469241735525429

%OL_END_REPORT
%OL_CREATE_REPORT skew.min.rpt

===========================================================================
Clock Skew (Hold)
============================================================================
%OL_METRIC_F clock__skew__worst_hold__corner:nom_ss_100C_1v60 0.0
======================= nom_ss_100C_1v60 Corner ===================================

Clock __VIRTUAL_CLK__
No launch/capture paths found.

%OL_END_REPORT
%OL_CREATE_REPORT skew.max.rpt

===========================================================================
Clock Skew (Setup)
============================================================================
%OL_METRIC_F clock__skew__worst_setup__corner:nom_ss_100C_1v60 0.0
======================= nom_ss_100C_1v60 Corner ===================================

Clock __VIRTUAL_CLK__
No launch/capture paths found.

%OL_END_REPORT
%OL_CREATE_REPORT ws.min.rpt

===========================================================================
Worst Slack (Hold)
============================================================================
%OL_METRIC_F timing__hold__ws__corner:nom_ss_100C_1v60 4.940420212765367
nom_ss_100C_1v60: 4.940420212765367
%OL_END_REPORT
%OL_CREATE_REPORT ws.max.rpt

===========================================================================
Worst Slack (Setup)
============================================================================
%OL_METRIC_F timing__setup__ws__corner:nom_ss_100C_1v60 -12.445786975507037
nom_ss_100C_1v60: -12.445786975507037
%OL_END_REPORT
%OL_CREATE_REPORT tns.min.rpt

===========================================================================
Total Negative Slack (Hold)
============================================================================
%OL_METRIC_F timing__hold__tns__corner:nom_ss_100C_1v60 0.0
nom_ss_100C_1v60: 0.0
%OL_END_REPORT
%OL_CREATE_REPORT tns.max.rpt

===========================================================================
Total Negative Slack (Setup)
============================================================================
%OL_METRIC_F timing__setup__tns__corner:nom_ss_100C_1v60 -37.1977019715008
nom_ss_100C_1v60: -37.1977019715008
%OL_END_REPORT
%OL_CREATE_REPORT wns.min.rpt

===========================================================================
Worst Negative Slack (Hold)
============================================================================
%OL_METRIC_F timing__hold__wns__corner:nom_ss_100C_1v60 0
nom_ss_100C_1v60: 0
%OL_END_REPORT
%OL_CREATE_REPORT wns.max.rpt

===========================================================================
Worst Negative Slack (Setup)
============================================================================
%OL_METRIC_F timing__setup__wns__corner:nom_ss_100C_1v60 -12.445786975507037
nom_ss_100C_1v60: -12.445786975507037
%OL_END_REPORT
%OL_CREATE_REPORT violator_list.rpt

===========================================================================
Violator List
============================================================================
[setup in-out] op_b[7] -> op_out[0] : -12.445787
[setup in-out] op_b[7] -> op_out[1] : -9.751044
[setup in-out] op_b[7] -> op_out[2] : -7.229220
[setup in-out] op_b[7] -> op_out[3] : -3.886976
[setup in-out] op_b[7] -> op_out[4] : -1.163802
[setup in-out] op_a[1] -> op_out[5] : -1.129288
[setup in-out] op_b[0] -> op_out[7] : -1.045229
[setup in-out] op_a[1] -> op_out[6] : -0.546352
%OL_METRIC_I timing__hold_vio__count__corner:nom_ss_100C_1v60 0
%OL_METRIC_F timing__hold_r2r__ws__corner:nom_ss_100C_1v60 inf
%OL_METRIC_I timing__hold_r2r_vio__count__corner:nom_ss_100C_1v60 0
%OL_METRIC_I timing__setup_vio__count__corner:nom_ss_100C_1v60 8
%OL_METRIC_F timing__setup_r2r__ws__corner:nom_ss_100C_1v60 inf
%OL_METRIC_I timing__setup_r2r_vio__count__corner:nom_ss_100C_1v60 0
%OL_END_REPORT
%OL_CREATE_REPORT unpropagated.rpt
__VIRTUAL_CLK__
%OL_END_REPORT
%OL_CREATE_REPORT clock.rpt
Clock: __VIRTUAL_CLK__
Sources: 
Generated: no
Virtual: yes
Propagated: no
Period: 10.000000

===========================================================================
report_clock_properties
============================================================================
Clock                   Period          Waveform
----------------------------------------------------
__VIRTUAL_CLK__      10.000000    0.000000  5.000000

===========================================================================
report_clock_latency
============================================================================
Clock __VIRTUAL_CLK__


===========================================================================
report_clock_min_period
============================================================================
__VIRTUAL_CLK__ period_min = 0.00 fmax = inf
%OL_END_REPORT
Writing SDF files for all corners…
Removing Clock latencies before writing libs…
Writing timing models for all corners…
Writing timing models for the nom_ss_100C_1v60 corner to /home/letienthanh/8bitalu/runs/RUN_2026-08-05_09-54-51/54-openroad-stapostpnr/nom_ss_100C_1v60/alu8bit__nom_ss_100C_1v60.lib…
