Reading OpenROAD database at '/home/letienthanh/8bitalu/runs/RUN_2026-08-05_13-37-55/35-openroad-resizertimingpostcts/alu8bit.odb'…
Reading library file at '/home/letienthanh/.volare/volare/sky130/versions/0fe599b2afb6708d281543108caf8310912f54af/sky130A/libs.ref/sky130_fd_sc_hd/lib/sky130_fd_sc_hd__tt_025C_1v80.lib'…
Reading design constraints file at '/nix/store/ss2cw3sxbrwwx9jl0rrppbw4kgcmgi2n-python3-3.11.9-env/lib/python3.11/site-packages/openlane/scripts/base.sdc'…
[WARNING STA-0366] port '__VIRTUAL_CLK__' not found.
[INFO] Using clock __VIRTUAL_CLK__…
[INFO] Setting output delay to: 2
[INFO] Setting input delay to: 2
[WARNING STA-0366] port '__VIRTUAL_CLK__' not found.
[INFO] Setting load to: 0.033442
[INFO] Setting clock uncertainty to: 0.25
[INFO] Setting clock transition to: 0.1499999999999999944488848768742172978818416595458984375
[WARNING STA-0419] transition time can not be specified for virtual clocks.
[INFO] Setting timing derate to: 5%
[WARNING STA-0450] virtual clock __VIRTUAL_CLK__ can not be propagated.
[INFO] Setting RC values…
[WARNING GRT-0097] No global routing found for nets.
%OL_CREATE_REPORT min.rpt

===========================================================================
report_checks -path_delay min (Hold)
============================================================================
======================= nom_tt_025C_1v80 Corner ===================================

Startpoint: op_b[4] (input port clocked by __VIRTUAL_CLK__)
Endpoint: op_out[4] (output port clocked by __VIRTUAL_CLK__)
Path Group: __VIRTUAL_CLK__
Path Type: min

Fanout         Cap        Slew       Delay        Time   Description
---------------------------------------------------------------------------------------------
                      0.000000    0.000000    0.000000   clock __VIRTUAL_CLK__ (rise edge)
                                  0.000000    0.000000   clock network delay (ideal)
                                  2.000000    2.000000 ^ input external delay
     1    0.005462    0.031311    0.019309    2.019309 ^ op_b[4] (in)
                                                         op_b[4] (net)
                      0.031311    0.000000    2.019309 ^ input17/A (sky130_fd_sc_hd__buf_6)
     6    0.028642    0.066393    0.112535    2.131843 ^ input17/X (sky130_fd_sc_hd__buf_6)
                                                         net17 (net)
                      0.066395    0.000431    2.132274 ^ _795_/A2 (sky130_fd_sc_hd__a32o_1)
     1    0.002698    0.051586    0.155128    2.287402 ^ _795_/X (sky130_fd_sc_hd__a32o_1)
                                                         _270_ (net)
                      0.051586    0.000002    2.287403 ^ _797_/B1 (sky130_fd_sc_hd__a211oi_1)
     1    0.003354    0.034587    0.047395    2.334798 v _797_/Y (sky130_fd_sc_hd__a211oi_1)
                                                         _272_ (net)
                      0.034587    0.000021    2.334819 v _798_/B1 (sky130_fd_sc_hd__o31ai_1)
     1    0.003805    0.063861    0.062755    2.397574 ^ _798_/Y (sky130_fd_sc_hd__o31ai_1)
                                                         net25 (net)
                      0.063861    0.000027    2.397602 ^ output25/A (sky130_fd_sc_hd__buf_4)
     1    0.034461    0.102976    0.163346    2.560948 ^ output25/X (sky130_fd_sc_hd__buf_4)
                                                         op_out[4] (net)
                      0.102976    0.000222    2.561170 ^ op_out[4] (out)
                                              2.561170   data arrival time

                      0.000000    0.000000    0.000000   clock __VIRTUAL_CLK__ (rise edge)
                                  0.000000    0.000000   clock network delay (ideal)
                                  0.250000    0.250000   clock uncertainty
                                  0.000000    0.250000   clock reconvergence pessimism
                                 -2.000000   -1.750000   output external delay
                                             -1.750000   data required time
---------------------------------------------------------------------------------------------
                                             -1.750000   data required time
                                             -2.561170   data arrival time
---------------------------------------------------------------------------------------------
                                              4.311170   slack (MET)


Startpoint: inst[3] (input port clocked by __VIRTUAL_CLK__)
Endpoint: op_out[6] (output port clocked by __VIRTUAL_CLK__)
Path Group: __VIRTUAL_CLK__
Path Type: min

Fanout         Cap        Slew       Delay        Time   Description
---------------------------------------------------------------------------------------------
                      0.000000    0.000000    0.000000   clock __VIRTUAL_CLK__ (rise edge)
                                  0.000000    0.000000   clock network delay (ideal)
                                  2.000000    2.000000 ^ input external delay
     1    0.004037    0.025101    0.014633    2.014633 ^ inst[3] (in)
                                                         inst[3] (net)
                      0.025101    0.000000    2.014633 ^ input4/A (sky130_fd_sc_hd__buf_1)
     2    0.013013    0.162272    0.154611    2.169244 ^ input4/X (sky130_fd_sc_hd__buf_1)
                                                         net4 (net)
                      0.162272    0.000055    2.169299 ^ _694_/B (sky130_fd_sc_hd__nor3_4)
     8    0.025179    0.049120    0.090420    2.259719 v _694_/Y (sky130_fd_sc_hd__nor3_4)
                                                         _165_ (net)
                      0.049120    0.000226    2.259946 v _885_/A1 (sky130_fd_sc_hd__a31o_1)
     1    0.002419    0.033134    0.167437    2.427383 v _885_/X (sky130_fd_sc_hd__a31o_1)
                                                         net27 (net)
                      0.033134    0.000006    2.427389 v output27/A (sky130_fd_sc_hd__clkbuf_4)
     1    0.034240    0.079473    0.177591    2.604980 v output27/X (sky130_fd_sc_hd__clkbuf_4)
                                                         op_out[6] (net)
                      0.079473    0.000138    2.605119 v op_out[6] (out)
                                              2.605119   data arrival time

                      0.000000    0.000000    0.000000   clock __VIRTUAL_CLK__ (rise edge)
                                  0.000000    0.000000   clock network delay (ideal)
                                  0.250000    0.250000   clock uncertainty
                                  0.000000    0.250000   clock reconvergence pessimism
                                 -2.000000   -1.750000   output external delay
                                             -1.750000   data required time
---------------------------------------------------------------------------------------------
                                             -1.750000   data required time
                                             -2.605119   data arrival time
---------------------------------------------------------------------------------------------
                                              4.355119   slack (MET)


Startpoint: op_a[1] (input port clocked by __VIRTUAL_CLK__)
Endpoint: op_out[2] (output port clocked by __VIRTUAL_CLK__)
Path Group: __VIRTUAL_CLK__
Path Type: min

Fanout         Cap        Slew       Delay        Time   Description
---------------------------------------------------------------------------------------------
                      0.000000    0.000000    0.000000   clock __VIRTUAL_CLK__ (rise edge)
                                  0.000000    0.000000   clock network delay (ideal)
                                  2.000000    2.000000 v input external delay
     1    0.002704    0.008409    0.004250    2.004250 v op_a[1] (in)
                                                         op_a[1] (net)
                      0.008409    0.000000    2.004250 v input6/A (sky130_fd_sc_hd__clkbuf_2)
     3    0.019564    0.080354    0.132328    2.136578 v input6/X (sky130_fd_sc_hd__clkbuf_2)
                                                         net6 (net)
                      0.080359    0.000727    2.137305 v _713_/A (sky130_fd_sc_hd__nand2_1)
     2    0.005402    0.064455    0.085422    2.222727 ^ _713_/Y (sky130_fd_sc_hd__nand2_1)
                                                         _183_ (net)
                      0.064455    0.000011    2.222737 ^ _725_/A1 (sky130_fd_sc_hd__a31oi_1)
     1    0.002668    0.036487    0.070356    2.293093 v _725_/Y (sky130_fd_sc_hd__a31oi_1)
                                                         _195_ (net)
                      0.036487    0.000006    2.293099 v _741_/A2 (sky130_fd_sc_hd__a21o_1)
     1    0.001947    0.028279    0.161783    2.454882 v _741_/X (sky130_fd_sc_hd__a21o_1)
                                                         net23 (net)
                      0.028279    0.000003    2.454886 v output23/A (sky130_fd_sc_hd__buf_2)
     1    0.034383    0.089676    0.173472    2.628357 v output23/X (sky130_fd_sc_hd__buf_2)
                                                         op_out[2] (net)
                      0.089676    0.000211    2.628569 v op_out[2] (out)
                                              2.628569   data arrival time

                      0.000000    0.000000    0.000000   clock __VIRTUAL_CLK__ (rise edge)
                                  0.000000    0.000000   clock network delay (ideal)
                                  0.250000    0.250000   clock uncertainty
                                  0.000000    0.250000   clock reconvergence pessimism
                                 -2.000000   -1.750000   output external delay
                                             -1.750000   data required time
---------------------------------------------------------------------------------------------
                                             -1.750000   data required time
                                             -2.628569   data arrival time
---------------------------------------------------------------------------------------------
                                              4.378569   slack (MET)


Startpoint: op_a[5] (input port clocked by __VIRTUAL_CLK__)
Endpoint: op_out[5] (output port clocked by __VIRTUAL_CLK__)
Path Group: __VIRTUAL_CLK__
Path Type: min

Fanout         Cap        Slew       Delay        Time   Description
---------------------------------------------------------------------------------------------
                      0.000000    0.000000    0.000000   clock __VIRTUAL_CLK__ (rise edge)
                                  0.000000    0.000000   clock network delay (ideal)
                                  2.000000    2.000000 ^ input external delay
     1    0.003129    0.021152    0.011448    2.011448 ^ op_a[5] (in)
                                                         op_a[5] (net)
                      0.021152    0.000000    2.011448 ^ input10/A (sky130_fd_sc_hd__clkbuf_2)
     5    0.025619    0.143761    0.166867    2.178315 ^ input10/X (sky130_fd_sc_hd__clkbuf_2)
                                                         net10 (net)
                      0.143769    0.000911    2.179226 ^ _839_/A1 (sky130_fd_sc_hd__a32o_1)
     1    0.001767    0.042659    0.162287    2.341513 ^ _839_/X (sky130_fd_sc_hd__a32o_1)
                                                         _318_ (net)
                      0.042659    0.000000    2.341513 ^ _842_/A (sky130_fd_sc_hd__or3_1)
     1    0.004214    0.049243    0.102740    2.444253 ^ _842_/X (sky130_fd_sc_hd__or3_1)
                                                         net26 (net)
                      0.049243    0.000043    2.444297 ^ output26/A (sky130_fd_sc_hd__clkbuf_4)
     1    0.034856    0.114001    0.187544    2.631840 ^ output26/X (sky130_fd_sc_hd__clkbuf_4)
                                                         op_out[5] (net)
                      0.114001    0.000280    2.632121 ^ op_out[5] (out)
                                              2.632121   data arrival time

                      0.000000    0.000000    0.000000   clock __VIRTUAL_CLK__ (rise edge)
                                  0.000000    0.000000   clock network delay (ideal)
                                  0.250000    0.250000   clock uncertainty
                                  0.000000    0.250000   clock reconvergence pessimism
                                 -2.000000   -1.750000   output external delay
                                             -1.750000   data required time
---------------------------------------------------------------------------------------------
                                             -1.750000   data required time
                                             -2.632121   data arrival time
---------------------------------------------------------------------------------------------
                                              4.382121   slack (MET)


Startpoint: inst[2] (input port clocked by __VIRTUAL_CLK__)
Endpoint: op_out[0] (output port clocked by __VIRTUAL_CLK__)
Path Group: __VIRTUAL_CLK__
Path Type: min

Fanout         Cap        Slew       Delay        Time   Description
---------------------------------------------------------------------------------------------
                      0.000000    0.000000    0.000000   clock __VIRTUAL_CLK__ (rise edge)
                                  0.000000    0.000000   clock network delay (ideal)
                                  2.000000    2.000000 v input external delay
     1    0.003302    0.009798    0.005265    2.005265 v inst[2] (in)
                                                         inst[2] (net)
                      0.009798    0.000000    2.005265 v input3/A (sky130_fd_sc_hd__buf_2)
     8    0.027049    0.073854    0.152221    2.157486 v input3/X (sky130_fd_sc_hd__buf_2)
                                                         net3 (net)
                      0.073854    0.000174    2.157660 v _459_/A (sky130_fd_sc_hd__inv_2)
     4    0.009122    0.052896    0.072908    2.230569 ^ _459_/Y (sky130_fd_sc_hd__inv_2)
                                                         _199_ (net)
                      0.052896    0.000006    2.230574 ^ _685_/B1 (sky130_fd_sc_hd__o2111a_1)
     1    0.003639    0.057768    0.185526    2.416101 ^ _685_/X (sky130_fd_sc_hd__o2111a_1)
                                                         _156_ (net)
                      0.057768    0.000016    2.416116 ^ _700_/A (sky130_fd_sc_hd__or3_4)
     1    0.008057    0.038916    0.121651    2.537767 ^ _700_/X (sky130_fd_sc_hd__or3_4)
                                                         net21 (net)
                      0.038916    0.000028    2.537795 ^ output21/A (sky130_fd_sc_hd__buf_8)
     1    0.034731    0.066347    0.114310    2.652105 ^ output21/X (sky130_fd_sc_hd__buf_8)
                                                         op_out[0] (net)
                      0.066347    0.000261    2.652366 ^ op_out[0] (out)
                                              2.652366   data arrival time

                      0.000000    0.000000    0.000000   clock __VIRTUAL_CLK__ (rise edge)
                                  0.000000    0.000000   clock network delay (ideal)
                                  0.250000    0.250000   clock uncertainty
                                  0.000000    0.250000   clock reconvergence pessimism
                                 -2.000000   -1.750000   output external delay
                                             -1.750000   data required time
---------------------------------------------------------------------------------------------
                                             -1.750000   data required time
                                             -2.652366   data arrival time
---------------------------------------------------------------------------------------------
                                              4.402366   slack (MET)


Startpoint: inst[3] (input port clocked by __VIRTUAL_CLK__)
Endpoint: op_out[7] (output port clocked by __VIRTUAL_CLK__)
Path Group: __VIRTUAL_CLK__
Path Type: min

Fanout         Cap        Slew       Delay        Time   Description
---------------------------------------------------------------------------------------------
                      0.000000    0.000000    0.000000   clock __VIRTUAL_CLK__ (rise edge)
                                  0.000000    0.000000   clock network delay (ideal)
                                  2.000000    2.000000 ^ input external delay
     1    0.004037    0.025101    0.014633    2.014633 ^ inst[3] (in)
                                                         inst[3] (net)
                      0.025101    0.000000    2.014633 ^ input4/A (sky130_fd_sc_hd__buf_1)
     2    0.013013    0.162272    0.154611    2.169244 ^ input4/X (sky130_fd_sc_hd__buf_1)
                                                         net4 (net)
                      0.162272    0.000055    2.169299 ^ _694_/B (sky130_fd_sc_hd__nor3_4)
     8    0.025179    0.049120    0.090420    2.259719 v _694_/Y (sky130_fd_sc_hd__nor3_4)
                                                         _165_ (net)
                      0.049120    0.000223    2.259942 v _923_/A1 (sky130_fd_sc_hd__a311o_1)
     1    0.001696    0.039856    0.248590    2.508533 v _923_/X (sky130_fd_sc_hd__a311o_1)
                                                         net28 (net)
                      0.039856    0.000000    2.508533 v output28/A (sky130_fd_sc_hd__buf_2)
     1    0.034100    0.088937    0.178013    2.686546 v output28/X (sky130_fd_sc_hd__buf_2)
                                                         op_out[7] (net)
                      0.088937    0.000108    2.686654 v op_out[7] (out)
                                              2.686654   data arrival time

                      0.000000    0.000000    0.000000   clock __VIRTUAL_CLK__ (rise edge)
                                  0.000000    0.000000   clock network delay (ideal)
                                  0.250000    0.250000   clock uncertainty
                                  0.000000    0.250000   clock reconvergence pessimism
                                 -2.000000   -1.750000   output external delay
                                             -1.750000   data required time
---------------------------------------------------------------------------------------------
                                             -1.750000   data required time
                                             -2.686654   data arrival time
---------------------------------------------------------------------------------------------
                                              4.436654   slack (MET)


Startpoint: inst[2] (input port clocked by __VIRTUAL_CLK__)
Endpoint: op_out[3] (output port clocked by __VIRTUAL_CLK__)
Path Group: __VIRTUAL_CLK__
Path Type: min

Fanout         Cap        Slew       Delay        Time   Description
---------------------------------------------------------------------------------------------
                      0.000000    0.000000    0.000000   clock __VIRTUAL_CLK__ (rise edge)
                                  0.000000    0.000000   clock network delay (ideal)
                                  2.000000    2.000000 ^ input external delay
     1    0.003462    0.022600    0.012618    2.012618 ^ inst[2] (in)
                                                         inst[2] (net)
                      0.022600    0.000000    2.012618 ^ input3/A (sky130_fd_sc_hd__buf_2)
     8    0.029432    0.147596    0.173746    2.186364 ^ input3/X (sky130_fd_sc_hd__buf_2)
                                                         net3 (net)
                      0.147596    0.000111    2.186475 ^ _690_/A (sky130_fd_sc_hd__or4b_4)
     8    0.026939    0.088949    0.200175    2.386650 ^ _690_/X (sky130_fd_sc_hd__or4b_4)
                                                         _161_ (net)
                      0.088949    0.000152    2.386802 ^ _749_/A (sky130_fd_sc_hd__or3b_1)
     1    0.002709    0.038286    0.110467    2.497268 ^ _749_/X (sky130_fd_sc_hd__or3b_1)
                                                         _221_ (net)
                      0.038286    0.000004    2.497272 ^ _770_/B (sky130_fd_sc_hd__nand2b_1)
     1    0.002064    0.029480    0.044054    2.541326 v _770_/Y (sky130_fd_sc_hd__nand2b_1)
                                                         net24 (net)
                      0.029480    0.000004    2.541330 v output24/A (sky130_fd_sc_hd__buf_2)
     1    0.034432    0.089775    0.174074    2.715405 v output24/X (sky130_fd_sc_hd__buf_2)
                                                         op_out[3] (net)
                      0.089775    0.000218    2.715623 v op_out[3] (out)
                                              2.715623   data arrival time

                      0.000000    0.000000    0.000000   clock __VIRTUAL_CLK__ (rise edge)
                                  0.000000    0.000000   clock network delay (ideal)
                                  0.250000    0.250000   clock uncertainty
                                  0.000000    0.250000   clock reconvergence pessimism
                                 -2.000000   -1.750000   output external delay
                                             -1.750000   data required time
---------------------------------------------------------------------------------------------
                                             -1.750000   data required time
                                             -2.715623   data arrival time
---------------------------------------------------------------------------------------------
                                              4.465623   slack (MET)


Startpoint: op_a[1] (input port clocked by __VIRTUAL_CLK__)
Endpoint: op_out[1] (output port clocked by __VIRTUAL_CLK__)
Path Group: __VIRTUAL_CLK__
Path Type: min

Fanout         Cap        Slew       Delay        Time   Description
---------------------------------------------------------------------------------------------
                      0.000000    0.000000    0.000000   clock __VIRTUAL_CLK__ (rise edge)
                                  0.000000    0.000000   clock network delay (ideal)
                                  2.000000    2.000000 ^ input external delay
     1    0.002934    0.020307    0.010761    2.010761 ^ op_a[1] (in)
                                                         op_a[1] (net)
                      0.020307    0.000000    2.010761 ^ input6/A (sky130_fd_sc_hd__clkbuf_2)
     3    0.020183    0.115514    0.147008    2.157769 ^ input6/X (sky130_fd_sc_hd__clkbuf_2)
                                                         net6 (net)
                      0.115563    0.000782    2.158551 ^ _714_/A (sky130_fd_sc_hd__xnor2_1)
     2    0.004364    0.048562    0.092316    2.250868 v _714_/Y (sky130_fd_sc_hd__xnor2_1)
                                                         _184_ (net)
                      0.048562    0.000010    2.250878 v _716_/A2 (sky130_fd_sc_hd__a21oi_1)
     1    0.002768    0.089107    0.136062    2.386940 ^ _716_/Y (sky130_fd_sc_hd__a21oi_1)
                                                         _186_ (net)
                      0.089107    0.000005    2.386945 ^ _717_/B2 (sky130_fd_sc_hd__a22o_1)
     1    0.003191    0.046497    0.130709    2.517653 ^ _717_/X (sky130_fd_sc_hd__a22o_1)
                                                         _187_ (net)
                      0.046497    0.000016    2.517669 ^ _718_/B (sky130_fd_sc_hd__or2_1)
     1    0.002529    0.038475    0.086464    2.604134 ^ _718_/X (sky130_fd_sc_hd__or2_1)
                                                         net22 (net)
                      0.038475    0.000008    2.604141 ^ output22/A (sky130_fd_sc_hd__buf_2)
     1    0.034856    0.172863    0.197672    2.801813 ^ output22/X (sky130_fd_sc_hd__buf_2)
                                                         op_out[1] (net)
                      0.172863    0.000300    2.802113 ^ op_out[1] (out)
                                              2.802113   data arrival time

                      0.000000    0.000000    0.000000   clock __VIRTUAL_CLK__ (rise edge)
                                  0.000000    0.000000   clock network delay (ideal)
                                  0.250000    0.250000   clock uncertainty
                                  0.000000    0.250000   clock reconvergence pessimism
                                 -2.000000   -1.750000   output external delay
                                             -1.750000   data required time
---------------------------------------------------------------------------------------------
                                             -1.750000   data required time
                                             -2.802113   data arrival time
---------------------------------------------------------------------------------------------
                                              4.552114   slack (MET)



%OL_END_REPORT
%OL_CREATE_REPORT max.rpt

===========================================================================
report_checks -path_delay max (Setup)
============================================================================
======================= nom_tt_025C_1v80 Corner ===================================

Startpoint: op_b[0] (input port clocked by __VIRTUAL_CLK__)
Endpoint: op_out[0] (output port clocked by __VIRTUAL_CLK__)
Path Group: __VIRTUAL_CLK__
Path Type: max

Fanout         Cap        Slew       Delay        Time   Description
---------------------------------------------------------------------------------------------
                      0.000000    0.000000    0.000000   clock __VIRTUAL_CLK__ (rise edge)
                                  0.000000    0.000000   clock network delay (ideal)
                                  2.000000    2.000000 ^ input external delay
     1    0.003129    0.021152    0.011448    2.011448 ^ op_b[0] (in)
                                                         op_b[0] (net)
                      0.021152    0.000000    2.011448 ^ input13/A (sky130_fd_sc_hd__clkbuf_2)
     4    0.019204    0.110426    0.143796    2.155244 ^ input13/X (sky130_fd_sc_hd__clkbuf_2)
                                                         net13 (net)
                      0.110426    0.000258    2.155502 ^ fanout66/A (sky130_fd_sc_hd__buf_4)
    10    0.032128    0.096930    0.175979    2.331481 ^ fanout66/X (sky130_fd_sc_hd__buf_4)
                                                         net66 (net)
                      0.096930    0.000180    2.331661 ^ fanout65/A (sky130_fd_sc_hd__clkbuf_4)
    10    0.028775    0.097193    0.192898    2.524559 ^ fanout65/X (sky130_fd_sc_hd__clkbuf_4)
                                                         net65 (net)
                      0.097193    0.000028    2.524587 ^ _458_/A (sky130_fd_sc_hd__inv_2)
     4    0.010494    0.039008    0.055390    2.579977 v _458_/Y (sky130_fd_sc_hd__inv_2)
                                                         _188_ (net)
                      0.039008    0.000036    2.580012 v fanout34/A (sky130_fd_sc_hd__clkbuf_4)
    10    0.039228    0.088300    0.187927    2.767939 v fanout34/X (sky130_fd_sc_hd__clkbuf_4)
                                                         net34 (net)
                      0.088300    0.000071    2.768010 v _472_/A1 (sky130_fd_sc_hd__o41ai_4)
     5    0.015440    0.365902    0.452207    3.220217 ^ _472_/Y (sky130_fd_sc_hd__o41ai_4)
                                                         _338_ (net)
                      0.365902    0.000060    3.220277 ^ _481_/A2 (sky130_fd_sc_hd__a211o_1)
     4    0.009904    0.099977    0.226538    3.446815 ^ _481_/X (sky130_fd_sc_hd__a211o_1)
                                                         _410_ (net)
                      0.099977    0.000028    3.446843 ^ _484_/A1 (sky130_fd_sc_hd__a21o_1)
     4    0.012957    0.121819    0.177987    3.624830 ^ _484_/X (sky130_fd_sc_hd__a21o_1)
                                                         _413_ (net)
                      0.121819    0.000028    3.624858 ^ _493_/A1 (sky130_fd_sc_hd__a211oi_2)
     3    0.008723    0.070883    0.097709    3.722567 v _493_/Y (sky130_fd_sc_hd__a211oi_2)
                                                         _422_ (net)
                      0.070883    0.000076    3.722643 v _503_/D (sky130_fd_sc_hd__or4_4)
     3    0.007390    0.090672    0.428333    4.150976 v _503_/X (sky130_fd_sc_hd__or4_4)
                                                         _432_ (net)
                      0.090672    0.000012    4.150988 v _507_/A1 (sky130_fd_sc_hd__a31o_1)
     2    0.007713    0.060104    0.212454    4.363442 v _507_/X (sky130_fd_sc_hd__a31o_1)
                                                         _436_ (net)
                      0.060104    0.000022    4.363464 v _509_/A2 (sky130_fd_sc_hd__a211o_4)
     3    0.014214    0.066959    0.356264    4.719729 v _509_/X (sky130_fd_sc_hd__a211o_4)
                                                         _438_ (net)
                      0.066959    0.000021    4.719749 v _515_/A2 (sky130_fd_sc_hd__a21oi_4)
     8    0.033629    0.276243    0.277722    4.997472 ^ _515_/Y (sky130_fd_sc_hd__a21oi_4)
                                                         _444_ (net)
                      0.276243    0.000069    4.997541 ^ _524_/S (sky130_fd_sc_hd__mux2_4)
     2    0.006835    0.055325    0.339029    5.336570 v _524_/X (sky130_fd_sc_hd__mux2_4)
                                                         _453_ (net)
                      0.055325    0.000034    5.336605 v _539_/A1 (sky130_fd_sc_hd__a221o_1)
     3    0.009286    0.086858    0.353051    5.689656 v _539_/X (sky130_fd_sc_hd__a221o_1)
                                                         _010_ (net)
                      0.086858    0.000026    5.689682 v _544_/A2 (sky130_fd_sc_hd__a311o_1)
     3    0.007151    0.077142    0.348654    6.038336 v _544_/X (sky130_fd_sc_hd__a311o_1)
                                                         _015_ (net)
                      0.077142    0.000008    6.038344 v _579_/A1 (sky130_fd_sc_hd__a21o_1)
     3    0.006044    0.048116    0.178653    6.216997 v _579_/X (sky130_fd_sc_hd__a21o_1)
                                                         _050_ (net)
                      0.048116    0.000012    6.217010 v _583_/B (sky130_fd_sc_hd__and3_1)
     2    0.005340    0.049298    0.172862    6.389872 v _583_/X (sky130_fd_sc_hd__and3_1)
                                                         _054_ (net)
                      0.049298    0.000006    6.389878 v _585_/A (sky130_fd_sc_hd__or4_4)
     1    0.002953    0.079459    0.518466    6.908343 v _585_/X (sky130_fd_sc_hd__or4_4)
                                                         _056_ (net)
                      0.079459    0.000012    6.908355 v _586_/B (sky130_fd_sc_hd__or4b_4)
     1    0.008526    0.093319    0.534136    7.442491 v _586_/X (sky130_fd_sc_hd__or4b_4)
                                                         _057_ (net)
                      0.093319    0.000019    7.442510 v _590_/A2 (sky130_fd_sc_hd__a311oi_4)
     2    0.010239    0.265577    0.307026    7.749536 ^ _590_/Y (sky130_fd_sc_hd__a311oi_4)
                                                         _061_ (net)
                      0.265577    0.000013    7.749549 ^ rebuffer6/A (sky130_fd_sc_hd__buf_6)
     3    0.017799    0.049828    0.158853    7.908402 ^ rebuffer6/X (sky130_fd_sc_hd__buf_6)
                                                         net75 (net)
                      0.049828    0.000096    7.908498 ^ _615_/S (sky130_fd_sc_hd__mux2_4)
     4    0.012907    0.063586    0.315343    8.223842 v _615_/X (sky130_fd_sc_hd__mux2_4)
                                                         _086_ (net)
                      0.063586    0.000112    8.223953 v _623_/A2 (sky130_fd_sc_hd__o22a_1)
     2    0.005131    0.056488    0.209306    8.433260 v _623_/X (sky130_fd_sc_hd__o22a_1)
                                                         _094_ (net)
                      0.056488    0.000006    8.433266 v _624_/B (sky130_fd_sc_hd__or4bb_4)
     4    0.016362    0.109331    0.555322    8.988588 v _624_/X (sky130_fd_sc_hd__or4bb_4)
                                                         _095_ (net)
                      0.109331    0.000021    8.988609 v _628_/A1 (sky130_fd_sc_hd__a21oi_4)
     3    0.012061    0.136186    0.171808    9.160418 ^ _628_/Y (sky130_fd_sc_hd__a21oi_4)
                                                         _099_ (net)
                      0.136186    0.000043    9.160460 ^ fanout29/A (sky130_fd_sc_hd__buf_6)
    10    0.035155    0.078843    0.155636    9.316095 ^ fanout29/X (sky130_fd_sc_hd__buf_6)
                                                         net29 (net)
                      0.078843    0.000080    9.316175 ^ _665_/S (sky130_fd_sc_hd__mux2_2)
     3    0.007337    0.062714    0.351016    9.667192 v _665_/X (sky130_fd_sc_hd__mux2_2)
                                                         _136_ (net)
                      0.062714    0.000008    9.667200 v _669_/A2 (sky130_fd_sc_hd__a21o_1)
     1    0.002618    0.033336    0.176663    9.843863 v _669_/X (sky130_fd_sc_hd__a21o_1)
                                                         _140_ (net)
                      0.033336    0.000004    9.843866 v _671_/A1 (sky130_fd_sc_hd__o211a_1)
     1    0.003216    0.040541    0.213830   10.057696 v _671_/X (sky130_fd_sc_hd__o211a_1)
                                                         _142_ (net)
                      0.040541    0.000016   10.057713 v _672_/B2 (sky130_fd_sc_hd__o221a_1)
     1    0.002366    0.043833    0.195020   10.252732 v _672_/X (sky130_fd_sc_hd__o221a_1)
                                                         _143_ (net)
                      0.043833    0.000000   10.252733 v _675_/A2 (sky130_fd_sc_hd__o21a_1)
     1    0.002671    0.035463    0.160800   10.413533 v _675_/X (sky130_fd_sc_hd__o21a_1)
                                                         _146_ (net)
                      0.035463    0.000005   10.413539 v _679_/A2 (sky130_fd_sc_hd__o21a_1)
     1    0.004780    0.043977    0.169560   10.583099 v _679_/X (sky130_fd_sc_hd__o21a_1)
                                                         _150_ (net)
                      0.043977    0.000037   10.583137 v _700_/B (sky130_fd_sc_hd__or3_4)
     1    0.007396    0.070609    0.368032   10.951168 v _700_/X (sky130_fd_sc_hd__or3_4)
                                                         net21 (net)
                      0.070609    0.000026   10.951194 v output21/A (sky130_fd_sc_hd__buf_8)
     1    0.034731    0.040037    0.145664   11.096858 v output21/X (sky130_fd_sc_hd__buf_8)
                                                         op_out[0] (net)
                      0.040038    0.000261   11.097119 v op_out[0] (out)
                                             11.097119   data arrival time

                      0.000000   10.000000   10.000000   clock __VIRTUAL_CLK__ (rise edge)
                                  0.000000   10.000000   clock network delay (ideal)
                                 -0.250000    9.750000   clock uncertainty
                                  0.000000    9.750000   clock reconvergence pessimism
                                 -2.000000    7.750000   output external delay
                                              7.750000   data required time
---------------------------------------------------------------------------------------------
                                              7.750000   data required time
                                            -11.097119   data arrival time
---------------------------------------------------------------------------------------------
                                             -3.347119   slack (VIOLATED)


Startpoint: op_b[0] (input port clocked by __VIRTUAL_CLK__)
Endpoint: op_out[1] (output port clocked by __VIRTUAL_CLK__)
Path Group: __VIRTUAL_CLK__
Path Type: max

Fanout         Cap        Slew       Delay        Time   Description
---------------------------------------------------------------------------------------------
                      0.000000    0.000000    0.000000   clock __VIRTUAL_CLK__ (rise edge)
                                  0.000000    0.000000   clock network delay (ideal)
                                  2.000000    2.000000 ^ input external delay
     1    0.003129    0.021152    0.011448    2.011448 ^ op_b[0] (in)
                                                         op_b[0] (net)
                      0.021152    0.000000    2.011448 ^ input13/A (sky130_fd_sc_hd__clkbuf_2)
     4    0.019204    0.110426    0.143796    2.155244 ^ input13/X (sky130_fd_sc_hd__clkbuf_2)
                                                         net13 (net)
                      0.110426    0.000258    2.155502 ^ fanout66/A (sky130_fd_sc_hd__buf_4)
    10    0.032128    0.096930    0.175979    2.331481 ^ fanout66/X (sky130_fd_sc_hd__buf_4)
                                                         net66 (net)
                      0.096930    0.000180    2.331661 ^ fanout65/A (sky130_fd_sc_hd__clkbuf_4)
    10    0.028775    0.097193    0.192898    2.524559 ^ fanout65/X (sky130_fd_sc_hd__clkbuf_4)
                                                         net65 (net)
                      0.097193    0.000028    2.524587 ^ _458_/A (sky130_fd_sc_hd__inv_2)
     4    0.010494    0.039008    0.055390    2.579977 v _458_/Y (sky130_fd_sc_hd__inv_2)
                                                         _188_ (net)
                      0.039008    0.000036    2.580012 v fanout34/A (sky130_fd_sc_hd__clkbuf_4)
    10    0.039228    0.088300    0.187927    2.767939 v fanout34/X (sky130_fd_sc_hd__clkbuf_4)
                                                         net34 (net)
                      0.088300    0.000071    2.768010 v _472_/A1 (sky130_fd_sc_hd__o41ai_4)
     5    0.015440    0.365902    0.452207    3.220217 ^ _472_/Y (sky130_fd_sc_hd__o41ai_4)
                                                         _338_ (net)
                      0.365902    0.000060    3.220277 ^ _481_/A2 (sky130_fd_sc_hd__a211o_1)
     4    0.009904    0.099977    0.226538    3.446815 ^ _481_/X (sky130_fd_sc_hd__a211o_1)
                                                         _410_ (net)
                      0.099977    0.000028    3.446843 ^ _484_/A1 (sky130_fd_sc_hd__a21o_1)
     4    0.012957    0.121819    0.177987    3.624830 ^ _484_/X (sky130_fd_sc_hd__a21o_1)
                                                         _413_ (net)
                      0.121819    0.000028    3.624858 ^ _493_/A1 (sky130_fd_sc_hd__a211oi_2)
     3    0.008723    0.070883    0.097709    3.722567 v _493_/Y (sky130_fd_sc_hd__a211oi_2)
                                                         _422_ (net)
                      0.070883    0.000076    3.722643 v _503_/D (sky130_fd_sc_hd__or4_4)
     3    0.007390    0.090672    0.428333    4.150976 v _503_/X (sky130_fd_sc_hd__or4_4)
                                                         _432_ (net)
                      0.090672    0.000012    4.150988 v _507_/A1 (sky130_fd_sc_hd__a31o_1)
     2    0.007713    0.060104    0.212454    4.363442 v _507_/X (sky130_fd_sc_hd__a31o_1)
                                                         _436_ (net)
                      0.060104    0.000022    4.363464 v _509_/A2 (sky130_fd_sc_hd__a211o_4)
     3    0.014214    0.066959    0.356264    4.719729 v _509_/X (sky130_fd_sc_hd__a211o_4)
                                                         _438_ (net)
                      0.066959    0.000021    4.719749 v _515_/A2 (sky130_fd_sc_hd__a21oi_4)
     8    0.033629    0.276243    0.277722    4.997472 ^ _515_/Y (sky130_fd_sc_hd__a21oi_4)
                                                         _444_ (net)
                      0.276243    0.000069    4.997541 ^ _524_/S (sky130_fd_sc_hd__mux2_4)
     2    0.006835    0.055325    0.339029    5.336570 v _524_/X (sky130_fd_sc_hd__mux2_4)
                                                         _453_ (net)
                      0.055325    0.000034    5.336605 v _539_/A1 (sky130_fd_sc_hd__a221o_1)
     3    0.009286    0.086858    0.353051    5.689656 v _539_/X (sky130_fd_sc_hd__a221o_1)
                                                         _010_ (net)
                      0.086858    0.000026    5.689682 v _544_/A2 (sky130_fd_sc_hd__a311o_1)
     3    0.007151    0.077142    0.348654    6.038336 v _544_/X (sky130_fd_sc_hd__a311o_1)
                                                         _015_ (net)
                      0.077142    0.000008    6.038344 v _579_/A1 (sky130_fd_sc_hd__a21o_1)
     3    0.006044    0.048116    0.178653    6.216997 v _579_/X (sky130_fd_sc_hd__a21o_1)
                                                         _050_ (net)
                      0.048116    0.000012    6.217010 v _583_/B (sky130_fd_sc_hd__and3_1)
     2    0.005340    0.049298    0.172862    6.389872 v _583_/X (sky130_fd_sc_hd__and3_1)
                                                         _054_ (net)
                      0.049298    0.000006    6.389878 v _585_/A (sky130_fd_sc_hd__or4_4)
     1    0.002953    0.079459    0.518466    6.908343 v _585_/X (sky130_fd_sc_hd__or4_4)
                                                         _056_ (net)
                      0.079459    0.000012    6.908355 v _586_/B (sky130_fd_sc_hd__or4b_4)
     1    0.008526    0.093319    0.534136    7.442491 v _586_/X (sky130_fd_sc_hd__or4b_4)
                                                         _057_ (net)
                      0.093319    0.000019    7.442510 v _590_/A2 (sky130_fd_sc_hd__a311oi_4)
     2    0.010239    0.265577    0.307026    7.749536 ^ _590_/Y (sky130_fd_sc_hd__a311oi_4)
                                                         _061_ (net)
                      0.265577    0.000023    7.749558 ^ max_cap30/A (sky130_fd_sc_hd__buf_6)
     5    0.018780    0.051525    0.160420    7.909979 ^ max_cap30/X (sky130_fd_sc_hd__buf_6)
                                                         net30 (net)
                      0.051525    0.000157    7.910136 ^ _601_/S (sky130_fd_sc_hd__mux2_4)
     4    0.017317    0.070856    0.326440    8.236576 v _601_/X (sky130_fd_sc_hd__mux2_4)
                                                         _072_ (net)
                      0.070856    0.000028    8.236604 v _604_/B (sky130_fd_sc_hd__xnor2_2)
     4    0.016198    0.100076    0.174675    8.411279 v _604_/Y (sky130_fd_sc_hd__xnor2_2)
                                                         _075_ (net)
                      0.100076    0.000027    8.411305 v _608_/A2 (sky130_fd_sc_hd__a211oi_4)
     2    0.006120    0.176613    0.256898    8.668203 ^ _608_/Y (sky130_fd_sc_hd__a211oi_4)
                                                         _079_ (net)
                      0.176613    0.000028    8.668231 ^ _627_/A3 (sky130_fd_sc_hd__o31a_1)
     4    0.018582    0.202708    0.251442    8.919672 ^ _627_/X (sky130_fd_sc_hd__o31a_1)
                                                         _098_ (net)
                      0.202708    0.000020    8.919693 ^ _628_/A2 (sky130_fd_sc_hd__a21oi_4)
     3    0.011069    0.058587    0.092204    9.011896 v _628_/Y (sky130_fd_sc_hd__a21oi_4)
                                                         _099_ (net)
                      0.058587    0.000039    9.011935 v fanout29/A (sky130_fd_sc_hd__buf_6)
    10    0.032542    0.042252    0.141616    9.153552 v fanout29/X (sky130_fd_sc_hd__buf_6)
                                                         net29 (net)
                      0.042252    0.000090    9.153642 v _717_/A2 (sky130_fd_sc_hd__a22o_1)
     1    0.003016    0.041201    0.222455    9.376097 v _717_/X (sky130_fd_sc_hd__a22o_1)
                                                         _187_ (net)
                      0.041201    0.000015    9.376112 v _718_/B (sky130_fd_sc_hd__or2_1)
     1    0.002369    0.046674    0.196767    9.572879 v _718_/X (sky130_fd_sc_hd__or2_1)
                                                         net22 (net)
                      0.046674    0.000007    9.572886 v output22/A (sky130_fd_sc_hd__buf_2)
     1    0.034856    0.090599    0.182209    9.755095 v output22/X (sky130_fd_sc_hd__buf_2)
                                                         op_out[1] (net)
                      0.090599    0.000300    9.755395 v op_out[1] (out)
                                              9.755395   data arrival time

                      0.000000   10.000000   10.000000   clock __VIRTUAL_CLK__ (rise edge)
                                  0.000000   10.000000   clock network delay (ideal)
                                 -0.250000    9.750000   clock uncertainty
                                  0.000000    9.750000   clock reconvergence pessimism
                                 -2.000000    7.750000   output external delay
                                              7.750000   data required time
---------------------------------------------------------------------------------------------
                                              7.750000   data required time
                                             -9.755395   data arrival time
---------------------------------------------------------------------------------------------
                                             -2.005395   slack (VIOLATED)


Startpoint: op_b[0] (input port clocked by __VIRTUAL_CLK__)
Endpoint: op_out[2] (output port clocked by __VIRTUAL_CLK__)
Path Group: __VIRTUAL_CLK__
Path Type: max

Fanout         Cap        Slew       Delay        Time   Description
---------------------------------------------------------------------------------------------
                      0.000000    0.000000    0.000000   clock __VIRTUAL_CLK__ (rise edge)
                                  0.000000    0.000000   clock network delay (ideal)
                                  2.000000    2.000000 ^ input external delay
     1    0.003129    0.021152    0.011448    2.011448 ^ op_b[0] (in)
                                                         op_b[0] (net)
                      0.021152    0.000000    2.011448 ^ input13/A (sky130_fd_sc_hd__clkbuf_2)
     4    0.019204    0.110426    0.143796    2.155244 ^ input13/X (sky130_fd_sc_hd__clkbuf_2)
                                                         net13 (net)
                      0.110426    0.000258    2.155502 ^ fanout66/A (sky130_fd_sc_hd__buf_4)
    10    0.032128    0.096930    0.175979    2.331481 ^ fanout66/X (sky130_fd_sc_hd__buf_4)
                                                         net66 (net)
                      0.096930    0.000180    2.331661 ^ fanout65/A (sky130_fd_sc_hd__clkbuf_4)
    10    0.028775    0.097193    0.192898    2.524559 ^ fanout65/X (sky130_fd_sc_hd__clkbuf_4)
                                                         net65 (net)
                      0.097193    0.000028    2.524587 ^ _458_/A (sky130_fd_sc_hd__inv_2)
     4    0.010494    0.039008    0.055390    2.579977 v _458_/Y (sky130_fd_sc_hd__inv_2)
                                                         _188_ (net)
                      0.039008    0.000036    2.580012 v fanout34/A (sky130_fd_sc_hd__clkbuf_4)
    10    0.039228    0.088300    0.187927    2.767939 v fanout34/X (sky130_fd_sc_hd__clkbuf_4)
                                                         net34 (net)
                      0.088300    0.000071    2.768010 v _472_/A1 (sky130_fd_sc_hd__o41ai_4)
     5    0.015440    0.365902    0.452207    3.220217 ^ _472_/Y (sky130_fd_sc_hd__o41ai_4)
                                                         _338_ (net)
                      0.365902    0.000060    3.220277 ^ _481_/A2 (sky130_fd_sc_hd__a211o_1)
     4    0.009904    0.099977    0.226538    3.446815 ^ _481_/X (sky130_fd_sc_hd__a211o_1)
                                                         _410_ (net)
                      0.099977    0.000028    3.446843 ^ _484_/A1 (sky130_fd_sc_hd__a21o_1)
     4    0.012957    0.121819    0.177987    3.624830 ^ _484_/X (sky130_fd_sc_hd__a21o_1)
                                                         _413_ (net)
                      0.121819    0.000028    3.624858 ^ _493_/A1 (sky130_fd_sc_hd__a211oi_2)
     3    0.008723    0.070883    0.097709    3.722567 v _493_/Y (sky130_fd_sc_hd__a211oi_2)
                                                         _422_ (net)
                      0.070883    0.000076    3.722643 v _503_/D (sky130_fd_sc_hd__or4_4)
     3    0.007390    0.090672    0.428333    4.150976 v _503_/X (sky130_fd_sc_hd__or4_4)
                                                         _432_ (net)
                      0.090672    0.000012    4.150988 v _507_/A1 (sky130_fd_sc_hd__a31o_1)
     2    0.007713    0.060104    0.212454    4.363442 v _507_/X (sky130_fd_sc_hd__a31o_1)
                                                         _436_ (net)
                      0.060104    0.000022    4.363464 v _509_/A2 (sky130_fd_sc_hd__a211o_4)
     3    0.014214    0.066959    0.356264    4.719729 v _509_/X (sky130_fd_sc_hd__a211o_4)
                                                         _438_ (net)
                      0.066959    0.000021    4.719749 v _515_/A2 (sky130_fd_sc_hd__a21oi_4)
     8    0.033629    0.276243    0.277722    4.997472 ^ _515_/Y (sky130_fd_sc_hd__a21oi_4)
                                                         _444_ (net)
                      0.276243    0.000069    4.997541 ^ _524_/S (sky130_fd_sc_hd__mux2_4)
     2    0.006835    0.055325    0.339029    5.336570 v _524_/X (sky130_fd_sc_hd__mux2_4)
                                                         _453_ (net)
                      0.055325    0.000034    5.336605 v _539_/A1 (sky130_fd_sc_hd__a221o_1)
     3    0.009286    0.086858    0.353051    5.689656 v _539_/X (sky130_fd_sc_hd__a221o_1)
                                                         _010_ (net)
                      0.086858    0.000026    5.689682 v _544_/A2 (sky130_fd_sc_hd__a311o_1)
     3    0.007151    0.077142    0.348654    6.038336 v _544_/X (sky130_fd_sc_hd__a311o_1)
                                                         _015_ (net)
                      0.077142    0.000008    6.038344 v _579_/A1 (sky130_fd_sc_hd__a21o_1)
     3    0.006044    0.048116    0.178653    6.216997 v _579_/X (sky130_fd_sc_hd__a21o_1)
                                                         _050_ (net)
                      0.048116    0.000012    6.217010 v _583_/B (sky130_fd_sc_hd__and3_1)
     2    0.005340    0.049298    0.172862    6.389872 v _583_/X (sky130_fd_sc_hd__and3_1)
                                                         _054_ (net)
                      0.049298    0.000006    6.389878 v _585_/A (sky130_fd_sc_hd__or4_4)
     1    0.002953    0.079459    0.518466    6.908343 v _585_/X (sky130_fd_sc_hd__or4_4)
                                                         _056_ (net)
                      0.079459    0.000012    6.908355 v _586_/B (sky130_fd_sc_hd__or4b_4)
     1    0.008526    0.093319    0.534136    7.442491 v _586_/X (sky130_fd_sc_hd__or4b_4)
                                                         _057_ (net)
                      0.093319    0.000019    7.442510 v _590_/A2 (sky130_fd_sc_hd__a311oi_4)
     2    0.010239    0.265577    0.307026    7.749536 ^ _590_/Y (sky130_fd_sc_hd__a311oi_4)
                                                         _061_ (net)
                      0.265577    0.000023    7.749558 ^ max_cap30/A (sky130_fd_sc_hd__buf_6)
     5    0.018780    0.051525    0.160420    7.909979 ^ max_cap30/X (sky130_fd_sc_hd__buf_6)
                                                         net30 (net)
                      0.051525    0.000165    7.910144 ^ _740_/A2 (sky130_fd_sc_hd__a211o_1)
     1    0.005186    0.058782    0.128274    8.038418 ^ _740_/X (sky130_fd_sc_hd__a211o_1)
                                                         _212_ (net)
                      0.058782    0.000068    8.038486 ^ _741_/B1 (sky130_fd_sc_hd__a21o_1)
     1    0.002107    0.033855    0.075527    8.114013 ^ _741_/X (sky130_fd_sc_hd__a21o_1)
                                                         net23 (net)
                      0.033855    0.000004    8.114017 ^ output23/A (sky130_fd_sc_hd__buf_2)
     1    0.034383    0.170662    0.194395    8.308411 ^ output23/X (sky130_fd_sc_hd__buf_2)
                                                         op_out[2] (net)
                      0.170662    0.000211    8.308622 ^ op_out[2] (out)
                                              8.308622   data arrival time

                      0.000000   10.000000   10.000000   clock __VIRTUAL_CLK__ (rise edge)
                                  0.000000   10.000000   clock network delay (ideal)
                                 -0.250000    9.750000   clock uncertainty
                                  0.000000    9.750000   clock reconvergence pessimism
                                 -2.000000    7.750000   output external delay
                                              7.750000   data required time
---------------------------------------------------------------------------------------------
                                              7.750000   data required time
                                             -8.308622   data arrival time
---------------------------------------------------------------------------------------------
                                             -0.558622   slack (VIOLATED)


Startpoint: op_b[0] (input port clocked by __VIRTUAL_CLK__)
Endpoint: op_out[3] (output port clocked by __VIRTUAL_CLK__)
Path Group: __VIRTUAL_CLK__
Path Type: max

Fanout         Cap        Slew       Delay        Time   Description
---------------------------------------------------------------------------------------------
                      0.000000    0.000000    0.000000   clock __VIRTUAL_CLK__ (rise edge)
                                  0.000000    0.000000   clock network delay (ideal)
                                  2.000000    2.000000 ^ input external delay
     1    0.003129    0.021152    0.011448    2.011448 ^ op_b[0] (in)
                                                         op_b[0] (net)
                      0.021152    0.000000    2.011448 ^ input13/A (sky130_fd_sc_hd__clkbuf_2)
     4    0.019204    0.110426    0.143796    2.155244 ^ input13/X (sky130_fd_sc_hd__clkbuf_2)
                                                         net13 (net)
                      0.110426    0.000258    2.155502 ^ fanout66/A (sky130_fd_sc_hd__buf_4)
    10    0.032128    0.096930    0.175979    2.331481 ^ fanout66/X (sky130_fd_sc_hd__buf_4)
                                                         net66 (net)
                      0.096930    0.000180    2.331661 ^ fanout65/A (sky130_fd_sc_hd__clkbuf_4)
    10    0.028775    0.097193    0.192898    2.524559 ^ fanout65/X (sky130_fd_sc_hd__clkbuf_4)
                                                         net65 (net)
                      0.097193    0.000028    2.524587 ^ _458_/A (sky130_fd_sc_hd__inv_2)
     4    0.010494    0.039008    0.055390    2.579977 v _458_/Y (sky130_fd_sc_hd__inv_2)
                                                         _188_ (net)
                      0.039008    0.000036    2.580012 v fanout34/A (sky130_fd_sc_hd__clkbuf_4)
    10    0.039228    0.088300    0.187927    2.767939 v fanout34/X (sky130_fd_sc_hd__clkbuf_4)
                                                         net34 (net)
                      0.088300    0.000071    2.768010 v _472_/A1 (sky130_fd_sc_hd__o41ai_4)
     5    0.015440    0.365902    0.452207    3.220217 ^ _472_/Y (sky130_fd_sc_hd__o41ai_4)
                                                         _338_ (net)
                      0.365902    0.000060    3.220277 ^ _481_/A2 (sky130_fd_sc_hd__a211o_1)
     4    0.009904    0.099977    0.226538    3.446815 ^ _481_/X (sky130_fd_sc_hd__a211o_1)
                                                         _410_ (net)
                      0.099977    0.000028    3.446843 ^ _484_/A1 (sky130_fd_sc_hd__a21o_1)
     4    0.012957    0.121819    0.177987    3.624830 ^ _484_/X (sky130_fd_sc_hd__a21o_1)
                                                         _413_ (net)
                      0.121819    0.000028    3.624858 ^ _493_/A1 (sky130_fd_sc_hd__a211oi_2)
     3    0.008723    0.070883    0.097709    3.722567 v _493_/Y (sky130_fd_sc_hd__a211oi_2)
                                                         _422_ (net)
                      0.070883    0.000076    3.722643 v _503_/D (sky130_fd_sc_hd__or4_4)
     3    0.007390    0.090672    0.428333    4.150976 v _503_/X (sky130_fd_sc_hd__or4_4)
                                                         _432_ (net)
                      0.090672    0.000012    4.150988 v _507_/A1 (sky130_fd_sc_hd__a31o_1)
     2    0.007713    0.060104    0.212454    4.363442 v _507_/X (sky130_fd_sc_hd__a31o_1)
                                                         _436_ (net)
                      0.060104    0.000022    4.363464 v _509_/A2 (sky130_fd_sc_hd__a211o_4)
     3    0.014214    0.066959    0.356264    4.719729 v _509_/X (sky130_fd_sc_hd__a211o_4)
                                                         _438_ (net)
                      0.066959    0.000021    4.719749 v _515_/A2 (sky130_fd_sc_hd__a21oi_4)
     8    0.033629    0.276243    0.277722    4.997472 ^ _515_/Y (sky130_fd_sc_hd__a21oi_4)
                                                         _444_ (net)
                      0.276243    0.000069    4.997541 ^ _524_/S (sky130_fd_sc_hd__mux2_4)
     2    0.006835    0.055325    0.339029    5.336570 v _524_/X (sky130_fd_sc_hd__mux2_4)
                                                         _453_ (net)
                      0.055325    0.000034    5.336605 v _539_/A1 (sky130_fd_sc_hd__a221o_1)
     3    0.009286    0.086858    0.353051    5.689656 v _539_/X (sky130_fd_sc_hd__a221o_1)
                                                         _010_ (net)
                      0.086858    0.000023    5.689678 v _543_/A3 (sky130_fd_sc_hd__a311oi_2)
     4    0.011521    0.322865    0.369848    6.059526 ^ _543_/Y (sky130_fd_sc_hd__a311oi_2)
                                                         _014_ (net)
                      0.322865    0.000049    6.059575 ^ _548_/A (sky130_fd_sc_hd__nor2_1)
     2    0.007475    0.091523    0.123727    6.183301 v _548_/Y (sky130_fd_sc_hd__nor2_1)
                                                         _019_ (net)
                      0.091523    0.000056    6.183358 v _769_/A2 (sky130_fd_sc_hd__a211o_1)
     1    0.003910    0.053167    0.308792    6.492150 v _769_/X (sky130_fd_sc_hd__a211o_1)
                                                         _243_ (net)
                      0.053167    0.000045    6.492196 v _770_/A_N (sky130_fd_sc_hd__nand2b_1)
     1    0.002064    0.038158    0.133517    6.625712 v _770_/Y (sky130_fd_sc_hd__nand2b_1)
                                                         net24 (net)
                      0.038158    0.000004    6.625717 v output24/A (sky130_fd_sc_hd__buf_2)
     1    0.034432    0.089712    0.177813    6.803530 v output24/X (sky130_fd_sc_hd__buf_2)
                                                         op_out[3] (net)
                      0.089712    0.000218    6.803748 v op_out[3] (out)
                                              6.803748   data arrival time

                      0.000000   10.000000   10.000000   clock __VIRTUAL_CLK__ (rise edge)
                                  0.000000   10.000000   clock network delay (ideal)
                                 -0.250000    9.750000   clock uncertainty
                                  0.000000    9.750000   clock reconvergence pessimism
                                 -2.000000    7.750000   output external delay
                                              7.750000   data required time
---------------------------------------------------------------------------------------------
                                              7.750000   data required time
                                             -6.803748   data arrival time
---------------------------------------------------------------------------------------------
                                              0.946252   slack (MET)


Startpoint: op_b[0] (input port clocked by __VIRTUAL_CLK__)
Endpoint: op_out[5] (output port clocked by __VIRTUAL_CLK__)
Path Group: __VIRTUAL_CLK__
Path Type: max

Fanout         Cap        Slew       Delay        Time   Description
---------------------------------------------------------------------------------------------
                      0.000000    0.000000    0.000000   clock __VIRTUAL_CLK__ (rise edge)
                                  0.000000    0.000000   clock network delay (ideal)
                                  2.000000    2.000000 ^ input external delay
     1    0.003129    0.021152    0.011448    2.011448 ^ op_b[0] (in)
                                                         op_b[0] (net)
                      0.021152    0.000000    2.011448 ^ input13/A (sky130_fd_sc_hd__clkbuf_2)
     4    0.019204    0.110426    0.143796    2.155244 ^ input13/X (sky130_fd_sc_hd__clkbuf_2)
                                                         net13 (net)
                      0.110426    0.000258    2.155502 ^ fanout66/A (sky130_fd_sc_hd__buf_4)
    10    0.032128    0.096930    0.175979    2.331481 ^ fanout66/X (sky130_fd_sc_hd__buf_4)
                                                         net66 (net)
                      0.096930    0.000180    2.331661 ^ fanout65/A (sky130_fd_sc_hd__clkbuf_4)
    10    0.028775    0.097193    0.192898    2.524559 ^ fanout65/X (sky130_fd_sc_hd__clkbuf_4)
                                                         net65 (net)
                      0.097193    0.000028    2.524587 ^ _458_/A (sky130_fd_sc_hd__inv_2)
     4    0.010494    0.039008    0.055390    2.579977 v _458_/Y (sky130_fd_sc_hd__inv_2)
                                                         _188_ (net)
                      0.039008    0.000036    2.580012 v fanout34/A (sky130_fd_sc_hd__clkbuf_4)
    10    0.039228    0.088300    0.187927    2.767939 v fanout34/X (sky130_fd_sc_hd__clkbuf_4)
                                                         net34 (net)
                      0.088300    0.000126    2.768065 v _536_/A (sky130_fd_sc_hd__nor2_4)
     4    0.012246    0.103676    0.144481    2.912546 ^ _536_/Y (sky130_fd_sc_hd__nor2_4)
                                                         _007_ (net)
                      0.103676    0.000114    2.912660 ^ _780_/C (sky130_fd_sc_hd__and3_1)
     2    0.006748    0.086173    0.189919    3.102580 ^ _780_/X (sky130_fd_sc_hd__and3_1)
                                                         _254_ (net)
                      0.086173    0.000008    3.102587 ^ _781_/B1 (sky130_fd_sc_hd__a21oi_2)
     2    0.006739    0.049742    0.046282    3.148869 v _781_/Y (sky130_fd_sc_hd__a21oi_2)
                                                         _255_ (net)
                      0.049742    0.000013    3.148882 v rebuffer18/A (sky130_fd_sc_hd__buf_2)
     1    0.008948    0.036928    0.132860    3.281742 v rebuffer18/X (sky130_fd_sc_hd__buf_2)
                                                         net87 (net)
                      0.036928    0.000050    3.281792 v _782_/B (sky130_fd_sc_hd__xnor2_2)
     2    0.012143    0.208129    0.184508    3.466300 ^ _782_/Y (sky130_fd_sc_hd__xnor2_2)
                                                         _256_ (net)
                      0.208129    0.000050    3.466350 ^ _784_/B (sky130_fd_sc_hd__xnor2_2)
     2    0.008338    0.164211    0.150626    3.616977 ^ _784_/Y (sky130_fd_sc_hd__xnor2_2)
                                                         _258_ (net)
                      0.164211    0.000024    3.617001 ^ _785_/B (sky130_fd_sc_hd__nand2b_1)
     2    0.004295    0.058137    0.085107    3.702108 v _785_/Y (sky130_fd_sc_hd__nand2b_1)
                                                         _259_ (net)
                      0.058137    0.000004    3.702112 v _817_/B (sky130_fd_sc_hd__and3_1)
     1    0.002861    0.038215    0.164248    3.866361 v _817_/X (sky130_fd_sc_hd__and3_1)
                                                         _293_ (net)
                      0.038215    0.000008    3.866368 v _819_/A (sky130_fd_sc_hd__nor2_1)
     2    0.007576    0.158384    0.152798    4.019166 ^ _819_/Y (sky130_fd_sc_hd__nor2_1)
                                                         _296_ (net)
                      0.158384    0.000011    4.019176 ^ _820_/B (sky130_fd_sc_hd__xnor2_1)
     2    0.006276    0.189054    0.160943    4.180120 ^ _820_/Y (sky130_fd_sc_hd__xnor2_1)
                                                         _297_ (net)
                      0.189054    0.000044    4.180163 ^ _821_/B (sky130_fd_sc_hd__or2_4)
     3    0.012619    0.053278    0.167942    4.348105 ^ _821_/X (sky130_fd_sc_hd__or2_4)
                                                         _298_ (net)
                      0.053278    0.000025    4.348130 ^ _824_/A (sky130_fd_sc_hd__nand2_1)
     3    0.008281    0.065992    0.075413    4.423543 v _824_/Y (sky130_fd_sc_hd__nand2_1)
                                                         _301_ (net)
                      0.065992    0.000044    4.423587 v _827_/A2 (sky130_fd_sc_hd__o21a_1)
     1    0.002685    0.035520    0.169489    4.593076 v _827_/X (sky130_fd_sc_hd__o21a_1)
                                                         _304_ (net)
                      0.035520    0.000005    4.593081 v _840_/B2 (sky130_fd_sc_hd__a221o_1)
     1    0.002033    0.048746    0.301052    4.894133 v _840_/X (sky130_fd_sc_hd__a221o_1)
                                                         _319_ (net)
                      0.048746    0.000004    4.894137 v _842_/B (sky130_fd_sc_hd__or3_1)
     1    0.003970    0.072116    0.350053    5.244190 v _842_/X (sky130_fd_sc_hd__or3_1)
                                                         net26 (net)
                      0.072116    0.000040    5.244230 v output26/A (sky130_fd_sc_hd__clkbuf_4)
     1    0.034856    0.080462    0.195876    5.440106 v output26/X (sky130_fd_sc_hd__clkbuf_4)
                                                         op_out[5] (net)
                      0.080462    0.000280    5.440386 v op_out[5] (out)
                                              5.440386   data arrival time

                      0.000000   10.000000   10.000000   clock __VIRTUAL_CLK__ (rise edge)
                                  0.000000   10.000000   clock network delay (ideal)
                                 -0.250000    9.750000   clock uncertainty
                                  0.000000    9.750000   clock reconvergence pessimism
                                 -2.000000    7.750000   output external delay
                                              7.750000   data required time
---------------------------------------------------------------------------------------------
                                              7.750000   data required time
                                             -5.440386   data arrival time
---------------------------------------------------------------------------------------------
                                              2.309613   slack (MET)


Startpoint: op_b[0] (input port clocked by __VIRTUAL_CLK__)
Endpoint: op_out[4] (output port clocked by __VIRTUAL_CLK__)
Path Group: __VIRTUAL_CLK__
Path Type: max

Fanout         Cap        Slew       Delay        Time   Description
---------------------------------------------------------------------------------------------
                      0.000000    0.000000    0.000000   clock __VIRTUAL_CLK__ (rise edge)
                                  0.000000    0.000000   clock network delay (ideal)
                                  2.000000    2.000000 ^ input external delay
     1    0.003129    0.021152    0.011448    2.011448 ^ op_b[0] (in)
                                                         op_b[0] (net)
                      0.021152    0.000000    2.011448 ^ input13/A (sky130_fd_sc_hd__clkbuf_2)
     4    0.019204    0.110426    0.143796    2.155244 ^ input13/X (sky130_fd_sc_hd__clkbuf_2)
                                                         net13 (net)
                      0.110426    0.000258    2.155502 ^ fanout66/A (sky130_fd_sc_hd__buf_4)
    10    0.032128    0.096930    0.175979    2.331481 ^ fanout66/X (sky130_fd_sc_hd__buf_4)
                                                         net66 (net)
                      0.096930    0.000180    2.331661 ^ fanout65/A (sky130_fd_sc_hd__clkbuf_4)
    10    0.028775    0.097193    0.192898    2.524559 ^ fanout65/X (sky130_fd_sc_hd__clkbuf_4)
                                                         net65 (net)
                      0.097193    0.000028    2.524587 ^ _458_/A (sky130_fd_sc_hd__inv_2)
     4    0.010494    0.039008    0.055390    2.579977 v _458_/Y (sky130_fd_sc_hd__inv_2)
                                                         _188_ (net)
                      0.039008    0.000036    2.580012 v fanout34/A (sky130_fd_sc_hd__clkbuf_4)
    10    0.039228    0.088300    0.187927    2.767939 v fanout34/X (sky130_fd_sc_hd__clkbuf_4)
                                                         net34 (net)
                      0.088300    0.000071    2.768010 v _472_/A1 (sky130_fd_sc_hd__o41ai_4)
     5    0.015440    0.365902    0.452207    3.220217 ^ _472_/Y (sky130_fd_sc_hd__o41ai_4)
                                                         _338_ (net)
                      0.365902    0.000060    3.220277 ^ _481_/A2 (sky130_fd_sc_hd__a211o_1)
     4    0.009904    0.099977    0.226538    3.446815 ^ _481_/X (sky130_fd_sc_hd__a211o_1)
                                                         _410_ (net)
                      0.099977    0.000028    3.446843 ^ _484_/A1 (sky130_fd_sc_hd__a21o_1)
     4    0.012957    0.121819    0.177987    3.624830 ^ _484_/X (sky130_fd_sc_hd__a21o_1)
                                                         _413_ (net)
                      0.121819    0.000028    3.624858 ^ _493_/A1 (sky130_fd_sc_hd__a211oi_2)
     3    0.008723    0.070883    0.097709    3.722567 v _493_/Y (sky130_fd_sc_hd__a211oi_2)
                                                         _422_ (net)
                      0.070883    0.000076    3.722643 v _503_/D (sky130_fd_sc_hd__or4_4)
     3    0.007390    0.090672    0.428333    4.150976 v _503_/X (sky130_fd_sc_hd__or4_4)
                                                         _432_ (net)
                      0.090672    0.000012    4.150988 v _507_/A1 (sky130_fd_sc_hd__a31o_1)
     2    0.007713    0.060104    0.212454    4.363442 v _507_/X (sky130_fd_sc_hd__a31o_1)
                                                         _436_ (net)
                      0.060104    0.000022    4.363464 v _509_/A2 (sky130_fd_sc_hd__a211o_4)
     3    0.014214    0.066959    0.356264    4.719729 v _509_/X (sky130_fd_sc_hd__a211o_4)
                                                         _438_ (net)
                      0.066959    0.000021    4.719749 v _515_/A2 (sky130_fd_sc_hd__a21oi_4)
     8    0.033629    0.276243    0.277722    4.997472 ^ _515_/Y (sky130_fd_sc_hd__a21oi_4)
                                                         _444_ (net)
                      0.276243    0.000146    4.997618 ^ _797_/A2 (sky130_fd_sc_hd__a211oi_1)
     1    0.003354    0.079432    0.124155    5.121772 v _797_/Y (sky130_fd_sc_hd__a211oi_1)
                                                         _272_ (net)
                      0.079432    0.000021    5.121793 v _798_/B1 (sky130_fd_sc_hd__o31ai_1)
     1    0.003805    0.220425    0.082566    5.204360 ^ _798_/Y (sky130_fd_sc_hd__o31ai_1)
                                                         net25 (net)
                      0.220425    0.000028    5.204387 ^ output25/A (sky130_fd_sc_hd__buf_4)
     1    0.034461    0.104056    0.211481    5.415867 ^ output25/X (sky130_fd_sc_hd__buf_4)
                                                         op_out[4] (net)
                      0.104056    0.000222    5.416090 ^ op_out[4] (out)
                                              5.416090   data arrival time

                      0.000000   10.000000   10.000000   clock __VIRTUAL_CLK__ (rise edge)
                                  0.000000   10.000000   clock network delay (ideal)
                                 -0.250000    9.750000   clock uncertainty
                                  0.000000    9.750000   clock reconvergence pessimism
                                 -2.000000    7.750000   output external delay
                                              7.750000   data required time
---------------------------------------------------------------------------------------------
                                              7.750000   data required time
                                             -5.416090   data arrival time
---------------------------------------------------------------------------------------------
                                              2.333910   slack (MET)


Startpoint: op_b[0] (input port clocked by __VIRTUAL_CLK__)
Endpoint: op_out[7] (output port clocked by __VIRTUAL_CLK__)
Path Group: __VIRTUAL_CLK__
Path Type: max

Fanout         Cap        Slew       Delay        Time   Description
---------------------------------------------------------------------------------------------
                      0.000000    0.000000    0.000000   clock __VIRTUAL_CLK__ (rise edge)
                                  0.000000    0.000000   clock network delay (ideal)
                                  2.000000    2.000000 ^ input external delay
     1    0.003129    0.021152    0.011448    2.011448 ^ op_b[0] (in)
                                                         op_b[0] (net)
                      0.021152    0.000000    2.011448 ^ input13/A (sky130_fd_sc_hd__clkbuf_2)
     4    0.019204    0.110426    0.143796    2.155244 ^ input13/X (sky130_fd_sc_hd__clkbuf_2)
                                                         net13 (net)
                      0.110426    0.000258    2.155502 ^ fanout66/A (sky130_fd_sc_hd__buf_4)
    10    0.032128    0.096930    0.175979    2.331481 ^ fanout66/X (sky130_fd_sc_hd__buf_4)
                                                         net66 (net)
                      0.096930    0.000180    2.331661 ^ fanout65/A (sky130_fd_sc_hd__clkbuf_4)
    10    0.028775    0.097193    0.192898    2.524559 ^ fanout65/X (sky130_fd_sc_hd__clkbuf_4)
                                                         net65 (net)
                      0.097193    0.000028    2.524587 ^ _458_/A (sky130_fd_sc_hd__inv_2)
     4    0.010494    0.039008    0.055390    2.579977 v _458_/Y (sky130_fd_sc_hd__inv_2)
                                                         _188_ (net)
                      0.039008    0.000036    2.580012 v fanout34/A (sky130_fd_sc_hd__clkbuf_4)
    10    0.039228    0.088300    0.187927    2.767939 v fanout34/X (sky130_fd_sc_hd__clkbuf_4)
                                                         net34 (net)
                      0.088300    0.000126    2.768065 v _536_/A (sky130_fd_sc_hd__nor2_4)
     4    0.012246    0.103676    0.144481    2.912546 ^ _536_/Y (sky130_fd_sc_hd__nor2_4)
                                                         _007_ (net)
                      0.103676    0.000114    2.912660 ^ _780_/C (sky130_fd_sc_hd__and3_1)
     2    0.006748    0.086173    0.189919    3.102580 ^ _780_/X (sky130_fd_sc_hd__and3_1)
                                                         _254_ (net)
                      0.086173    0.000000    3.102580 ^ rebuffer23/A (sky130_fd_sc_hd__dlymetal6s2s_1)
     1    0.005099    0.079685    0.125602    3.228182 ^ rebuffer23/X (sky130_fd_sc_hd__dlymetal6s2s_1)
                                                         net92 (net)
                      0.079685    0.000011    3.228193 ^ _805_/B1 (sky130_fd_sc_hd__a31oi_2)
     2    0.006834    0.084106    0.049269    3.277462 v _805_/Y (sky130_fd_sc_hd__a31oi_2)
                                                         _280_ (net)
                      0.084106    0.000027    3.277489 v _812_/A (sky130_fd_sc_hd__or3_1)
     2    0.004834    0.078836    0.391531    3.669020 v _812_/X (sky130_fd_sc_hd__or3_1)
                                                         _288_ (net)
                      0.078836    0.000016    3.669036 v _870_/A (sky130_fd_sc_hd__and3_1)
     2    0.004358    0.045044    0.161680    3.830715 v _870_/X (sky130_fd_sc_hd__and3_1)
                                                         _351_ (net)
                      0.045044    0.000005    3.830721 v _873_/B (sky130_fd_sc_hd__or3_1)
     3    0.006501    0.088350    0.368344    4.199064 v _873_/X (sky130_fd_sc_hd__or3_1)
                                                         _354_ (net)
                      0.088350    0.000007    4.199071 v _894_/B (sky130_fd_sc_hd__and2b_1)
     1    0.008685    0.059936    0.198185    4.397256 v _894_/X (sky130_fd_sc_hd__and2b_1)
                                                         _376_ (net)
                      0.059936    0.000013    4.397269 v _915_/A (sky130_fd_sc_hd__xnor2_2)
     1    0.005361    0.057441    0.139517    4.536786 v _915_/Y (sky130_fd_sc_hd__xnor2_2)
                                                         _399_ (net)
                      0.057441    0.000031    4.536817 v _916_/A (sky130_fd_sc_hd__xnor2_1)
     2    0.007726    0.079344    0.152563    4.689380 v _916_/Y (sky130_fd_sc_hd__xnor2_1)
                                                         _400_ (net)
                      0.079344    0.000150    4.689530 v _917_/B (sky130_fd_sc_hd__or2_1)
     1    0.002707    0.048655    0.213423    4.902952 v _917_/X (sky130_fd_sc_hd__or2_1)
                                                         _401_ (net)
                      0.048655    0.000007    4.902959 v _923_/A2 (sky130_fd_sc_hd__a311o_1)
     1    0.001696    0.047287    0.293964    5.196923 v _923_/X (sky130_fd_sc_hd__a311o_1)
                                                         net28 (net)
                      0.047287    0.000000    5.196923 v output28/A (sky130_fd_sc_hd__buf_2)
     1    0.034100    0.088884    0.181215    5.378138 v output28/X (sky130_fd_sc_hd__buf_2)
                                                         op_out[7] (net)
                      0.088884    0.000108    5.378245 v op_out[7] (out)
                                              5.378245   data arrival time

                      0.000000   10.000000   10.000000   clock __VIRTUAL_CLK__ (rise edge)
                                  0.000000   10.000000   clock network delay (ideal)
                                 -0.250000    9.750000   clock uncertainty
                                  0.000000    9.750000   clock reconvergence pessimism
                                 -2.000000    7.750000   output external delay
                                              7.750000   data required time
---------------------------------------------------------------------------------------------
                                              7.750000   data required time
                                             -5.378245   data arrival time
---------------------------------------------------------------------------------------------
                                              2.371754   slack (MET)


Startpoint: op_b[0] (input port clocked by __VIRTUAL_CLK__)
Endpoint: op_out[6] (output port clocked by __VIRTUAL_CLK__)
Path Group: __VIRTUAL_CLK__
Path Type: max

Fanout         Cap        Slew       Delay        Time   Description
---------------------------------------------------------------------------------------------
                      0.000000    0.000000    0.000000   clock __VIRTUAL_CLK__ (rise edge)
                                  0.000000    0.000000   clock network delay (ideal)
                                  2.000000    2.000000 ^ input external delay
     1    0.003129    0.021152    0.011448    2.011448 ^ op_b[0] (in)
                                                         op_b[0] (net)
                      0.021152    0.000000    2.011448 ^ input13/A (sky130_fd_sc_hd__clkbuf_2)
     4    0.019204    0.110426    0.143796    2.155244 ^ input13/X (sky130_fd_sc_hd__clkbuf_2)
                                                         net13 (net)
                      0.110426    0.000258    2.155502 ^ fanout66/A (sky130_fd_sc_hd__buf_4)
    10    0.032128    0.096930    0.175979    2.331481 ^ fanout66/X (sky130_fd_sc_hd__buf_4)
                                                         net66 (net)
                      0.096930    0.000180    2.331661 ^ fanout65/A (sky130_fd_sc_hd__clkbuf_4)
    10    0.028775    0.097193    0.192898    2.524559 ^ fanout65/X (sky130_fd_sc_hd__clkbuf_4)
                                                         net65 (net)
                      0.097193    0.000028    2.524587 ^ _458_/A (sky130_fd_sc_hd__inv_2)
     4    0.010494    0.039008    0.055390    2.579977 v _458_/Y (sky130_fd_sc_hd__inv_2)
                                                         _188_ (net)
                      0.039008    0.000036    2.580012 v fanout34/A (sky130_fd_sc_hd__clkbuf_4)
    10    0.039228    0.088300    0.187927    2.767939 v fanout34/X (sky130_fd_sc_hd__clkbuf_4)
                                                         net34 (net)
                      0.088300    0.000126    2.768065 v _536_/A (sky130_fd_sc_hd__nor2_4)
     4    0.012246    0.103676    0.144481    2.912546 ^ _536_/Y (sky130_fd_sc_hd__nor2_4)
                                                         _007_ (net)
                      0.103676    0.000114    2.912660 ^ _780_/C (sky130_fd_sc_hd__and3_1)
     2    0.006748    0.086173    0.189919    3.102580 ^ _780_/X (sky130_fd_sc_hd__and3_1)
                                                         _254_ (net)
                      0.086173    0.000000    3.102580 ^ rebuffer23/A (sky130_fd_sc_hd__dlymetal6s2s_1)
     1    0.005099    0.079685    0.125602    3.228182 ^ rebuffer23/X (sky130_fd_sc_hd__dlymetal6s2s_1)
                                                         net92 (net)
                      0.079685    0.000011    3.228193 ^ _805_/B1 (sky130_fd_sc_hd__a31oi_2)
     2    0.006834    0.084106    0.049269    3.277462 v _805_/Y (sky130_fd_sc_hd__a31oi_2)
                                                         _280_ (net)
                      0.084106    0.000027    3.277489 v _812_/A (sky130_fd_sc_hd__or3_1)
     2    0.004834    0.078836    0.391531    3.669020 v _812_/X (sky130_fd_sc_hd__or3_1)
                                                         _288_ (net)
                      0.078836    0.000016    3.669036 v _870_/A (sky130_fd_sc_hd__and3_1)
     2    0.004358    0.045044    0.161680    3.830715 v _870_/X (sky130_fd_sc_hd__and3_1)
                                                         _351_ (net)
                      0.045044    0.000005    3.830721 v _873_/B (sky130_fd_sc_hd__or3_1)
     3    0.006501    0.088350    0.368344    4.199064 v _873_/X (sky130_fd_sc_hd__or3_1)
                                                         _354_ (net)
                      0.088350    0.000017    4.199081 v _874_/B (sky130_fd_sc_hd__nand2_1)
     1    0.005782    0.070724    0.099236    4.298317 ^ _874_/Y (sky130_fd_sc_hd__nand2_1)
                                                         _355_ (net)
                      0.070724    0.000039    4.298357 ^ _876_/B (sky130_fd_sc_hd__xnor2_1)
     2    0.009254    0.241292    0.161247    4.459603 ^ _876_/Y (sky130_fd_sc_hd__xnor2_1)
                                                         _357_ (net)
                      0.241292    0.000128    4.459732 ^ _877_/A (sky130_fd_sc_hd__xnor2_1)
     2    0.004227    0.071864    0.117766    4.577497 v _877_/Y (sky130_fd_sc_hd__xnor2_1)
                                                         _358_ (net)
                      0.071864    0.000013    4.577510 v _878_/B (sky130_fd_sc_hd__or2_1)
     1    0.002596    0.047914    0.209575    4.787086 v _878_/X (sky130_fd_sc_hd__or2_1)
                                                         _359_ (net)
                      0.047914    0.000004    4.787090 v _885_/A2 (sky130_fd_sc_hd__a31o_1)
     1    0.002419    0.036130    0.196614    4.983705 v _885_/X (sky130_fd_sc_hd__a31o_1)
                                                         net27 (net)
                      0.036130    0.000006    4.983711 v output27/A (sky130_fd_sc_hd__clkbuf_4)
     1    0.034240    0.079455    0.178916    5.162626 v output27/X (sky130_fd_sc_hd__clkbuf_4)
                                                         op_out[6] (net)
                      0.079455    0.000138    5.162765 v op_out[6] (out)
                                              5.162765   data arrival time

                      0.000000   10.000000   10.000000   clock __VIRTUAL_CLK__ (rise edge)
                                  0.000000   10.000000   clock network delay (ideal)
                                 -0.250000    9.750000   clock uncertainty
                                  0.000000    9.750000   clock reconvergence pessimism
                                 -2.000000    7.750000   output external delay
                                              7.750000   data required time
---------------------------------------------------------------------------------------------
                                              7.750000   data required time
                                             -5.162765   data arrival time
---------------------------------------------------------------------------------------------
                                              2.587235   slack (MET)



%OL_END_REPORT
%OL_CREATE_REPORT checks.rpt

===========================================================================
report_checks -unconstrained
===========================================================================
======================= nom_tt_025C_1v80 Corner ===================================

Startpoint: op_b[0] (input port clocked by __VIRTUAL_CLK__)
Endpoint: op_out[0] (output port clocked by __VIRTUAL_CLK__)
Path Group: __VIRTUAL_CLK__
Path Type: max

Fanout         Cap        Slew       Delay        Time   Description
---------------------------------------------------------------------------------------------
                      0.000000    0.000000    0.000000   clock __VIRTUAL_CLK__ (rise edge)
                                  0.000000    0.000000   clock network delay (ideal)
                                  2.000000    2.000000 ^ input external delay
     1    0.003129    0.021152    0.011448    2.011448 ^ op_b[0] (in)
                                                         op_b[0] (net)
                      0.021152    0.000000    2.011448 ^ input13/A (sky130_fd_sc_hd__clkbuf_2)
     4    0.019204    0.110426    0.143796    2.155244 ^ input13/X (sky130_fd_sc_hd__clkbuf_2)
                                                         net13 (net)
                      0.110426    0.000258    2.155502 ^ fanout66/A (sky130_fd_sc_hd__buf_4)
    10    0.032128    0.096930    0.175979    2.331481 ^ fanout66/X (sky130_fd_sc_hd__buf_4)
                                                         net66 (net)
                      0.096930    0.000180    2.331661 ^ fanout65/A (sky130_fd_sc_hd__clkbuf_4)
    10    0.028775    0.097193    0.192898    2.524559 ^ fanout65/X (sky130_fd_sc_hd__clkbuf_4)
                                                         net65 (net)
                      0.097193    0.000028    2.524587 ^ _458_/A (sky130_fd_sc_hd__inv_2)
     4    0.010494    0.039008    0.055390    2.579977 v _458_/Y (sky130_fd_sc_hd__inv_2)
                                                         _188_ (net)
                      0.039008    0.000036    2.580012 v fanout34/A (sky130_fd_sc_hd__clkbuf_4)
    10    0.039228    0.088300    0.187927    2.767939 v fanout34/X (sky130_fd_sc_hd__clkbuf_4)
                                                         net34 (net)
                      0.088300    0.000071    2.768010 v _472_/A1 (sky130_fd_sc_hd__o41ai_4)
     5    0.015440    0.365902    0.452207    3.220217 ^ _472_/Y (sky130_fd_sc_hd__o41ai_4)
                                                         _338_ (net)
                      0.365902    0.000060    3.220277 ^ _481_/A2 (sky130_fd_sc_hd__a211o_1)
     4    0.009904    0.099977    0.226538    3.446815 ^ _481_/X (sky130_fd_sc_hd__a211o_1)
                                                         _410_ (net)
                      0.099977    0.000028    3.446843 ^ _484_/A1 (sky130_fd_sc_hd__a21o_1)
     4    0.012957    0.121819    0.177987    3.624830 ^ _484_/X (sky130_fd_sc_hd__a21o_1)
                                                         _413_ (net)
                      0.121819    0.000028    3.624858 ^ _493_/A1 (sky130_fd_sc_hd__a211oi_2)
     3    0.008723    0.070883    0.097709    3.722567 v _493_/Y (sky130_fd_sc_hd__a211oi_2)
                                                         _422_ (net)
                      0.070883    0.000076    3.722643 v _503_/D (sky130_fd_sc_hd__or4_4)
     3    0.007390    0.090672    0.428333    4.150976 v _503_/X (sky130_fd_sc_hd__or4_4)
                                                         _432_ (net)
                      0.090672    0.000012    4.150988 v _507_/A1 (sky130_fd_sc_hd__a31o_1)
     2    0.007713    0.060104    0.212454    4.363442 v _507_/X (sky130_fd_sc_hd__a31o_1)
                                                         _436_ (net)
                      0.060104    0.000022    4.363464 v _509_/A2 (sky130_fd_sc_hd__a211o_4)
     3    0.014214    0.066959    0.356264    4.719729 v _509_/X (sky130_fd_sc_hd__a211o_4)
                                                         _438_ (net)
                      0.066959    0.000021    4.719749 v _515_/A2 (sky130_fd_sc_hd__a21oi_4)
     8    0.033629    0.276243    0.277722    4.997472 ^ _515_/Y (sky130_fd_sc_hd__a21oi_4)
                                                         _444_ (net)
                      0.276243    0.000069    4.997541 ^ _524_/S (sky130_fd_sc_hd__mux2_4)
     2    0.006835    0.055325    0.339029    5.336570 v _524_/X (sky130_fd_sc_hd__mux2_4)
                                                         _453_ (net)
                      0.055325    0.000034    5.336605 v _539_/A1 (sky130_fd_sc_hd__a221o_1)
     3    0.009286    0.086858    0.353051    5.689656 v _539_/X (sky130_fd_sc_hd__a221o_1)
                                                         _010_ (net)
                      0.086858    0.000026    5.689682 v _544_/A2 (sky130_fd_sc_hd__a311o_1)
     3    0.007151    0.077142    0.348654    6.038336 v _544_/X (sky130_fd_sc_hd__a311o_1)
                                                         _015_ (net)
                      0.077142    0.000008    6.038344 v _579_/A1 (sky130_fd_sc_hd__a21o_1)
     3    0.006044    0.048116    0.178653    6.216997 v _579_/X (sky130_fd_sc_hd__a21o_1)
                                                         _050_ (net)
                      0.048116    0.000012    6.217010 v _583_/B (sky130_fd_sc_hd__and3_1)
     2    0.005340    0.049298    0.172862    6.389872 v _583_/X (sky130_fd_sc_hd__and3_1)
                                                         _054_ (net)
                      0.049298    0.000006    6.389878 v _585_/A (sky130_fd_sc_hd__or4_4)
     1    0.002953    0.079459    0.518466    6.908343 v _585_/X (sky130_fd_sc_hd__or4_4)
                                                         _056_ (net)
                      0.079459    0.000012    6.908355 v _586_/B (sky130_fd_sc_hd__or4b_4)
     1    0.008526    0.093319    0.534136    7.442491 v _586_/X (sky130_fd_sc_hd__or4b_4)
                                                         _057_ (net)
                      0.093319    0.000019    7.442510 v _590_/A2 (sky130_fd_sc_hd__a311oi_4)
     2    0.010239    0.265577    0.307026    7.749536 ^ _590_/Y (sky130_fd_sc_hd__a311oi_4)
                                                         _061_ (net)
                      0.265577    0.000013    7.749549 ^ rebuffer6/A (sky130_fd_sc_hd__buf_6)
     3    0.017799    0.049828    0.158853    7.908402 ^ rebuffer6/X (sky130_fd_sc_hd__buf_6)
                                                         net75 (net)
                      0.049828    0.000096    7.908498 ^ _615_/S (sky130_fd_sc_hd__mux2_4)
     4    0.012907    0.063586    0.315343    8.223842 v _615_/X (sky130_fd_sc_hd__mux2_4)
                                                         _086_ (net)
                      0.063586    0.000112    8.223953 v _623_/A2 (sky130_fd_sc_hd__o22a_1)
     2    0.005131    0.056488    0.209306    8.433260 v _623_/X (sky130_fd_sc_hd__o22a_1)
                                                         _094_ (net)
                      0.056488    0.000006    8.433266 v _624_/B (sky130_fd_sc_hd__or4bb_4)
     4    0.016362    0.109331    0.555322    8.988588 v _624_/X (sky130_fd_sc_hd__or4bb_4)
                                                         _095_ (net)
                      0.109331    0.000021    8.988609 v _628_/A1 (sky130_fd_sc_hd__a21oi_4)
     3    0.012061    0.136186    0.171808    9.160418 ^ _628_/Y (sky130_fd_sc_hd__a21oi_4)
                                                         _099_ (net)
                      0.136186    0.000043    9.160460 ^ fanout29/A (sky130_fd_sc_hd__buf_6)
    10    0.035155    0.078843    0.155636    9.316095 ^ fanout29/X (sky130_fd_sc_hd__buf_6)
                                                         net29 (net)
                      0.078843    0.000080    9.316175 ^ _665_/S (sky130_fd_sc_hd__mux2_2)
     3    0.007337    0.062714    0.351016    9.667192 v _665_/X (sky130_fd_sc_hd__mux2_2)
                                                         _136_ (net)
                      0.062714    0.000008    9.667200 v _669_/A2 (sky130_fd_sc_hd__a21o_1)
     1    0.002618    0.033336    0.176663    9.843863 v _669_/X (sky130_fd_sc_hd__a21o_1)
                                                         _140_ (net)
                      0.033336    0.000004    9.843866 v _671_/A1 (sky130_fd_sc_hd__o211a_1)
     1    0.003216    0.040541    0.213830   10.057696 v _671_/X (sky130_fd_sc_hd__o211a_1)
                                                         _142_ (net)
                      0.040541    0.000016   10.057713 v _672_/B2 (sky130_fd_sc_hd__o221a_1)
     1    0.002366    0.043833    0.195020   10.252732 v _672_/X (sky130_fd_sc_hd__o221a_1)
                                                         _143_ (net)
                      0.043833    0.000000   10.252733 v _675_/A2 (sky130_fd_sc_hd__o21a_1)
     1    0.002671    0.035463    0.160800   10.413533 v _675_/X (sky130_fd_sc_hd__o21a_1)
                                                         _146_ (net)
                      0.035463    0.000005   10.413539 v _679_/A2 (sky130_fd_sc_hd__o21a_1)
     1    0.004780    0.043977    0.169560   10.583099 v _679_/X (sky130_fd_sc_hd__o21a_1)
                                                         _150_ (net)
                      0.043977    0.000037   10.583137 v _700_/B (sky130_fd_sc_hd__or3_4)
     1    0.007396    0.070609    0.368032   10.951168 v _700_/X (sky130_fd_sc_hd__or3_4)
                                                         net21 (net)
                      0.070609    0.000026   10.951194 v output21/A (sky130_fd_sc_hd__buf_8)
     1    0.034731    0.040037    0.145664   11.096858 v output21/X (sky130_fd_sc_hd__buf_8)
                                                         op_out[0] (net)
                      0.040038    0.000261   11.097119 v op_out[0] (out)
                                             11.097119   data arrival time

                      0.000000   10.000000   10.000000   clock __VIRTUAL_CLK__ (rise edge)
                                  0.000000   10.000000   clock network delay (ideal)
                                 -0.250000    9.750000   clock uncertainty
                                  0.000000    9.750000   clock reconvergence pessimism
                                 -2.000000    7.750000   output external delay
                                              7.750000   data required time
---------------------------------------------------------------------------------------------
                                              7.750000   data required time
                                            -11.097119   data arrival time
---------------------------------------------------------------------------------------------
                                             -3.347119   slack (VIOLATED)




===========================================================================
report_checks --slack_max -0.01
============================================================================
======================= nom_tt_025C_1v80 Corner ===================================

Startpoint: op_b[0] (input port clocked by __VIRTUAL_CLK__)
Endpoint: op_out[0] (output port clocked by __VIRTUAL_CLK__)
Path Group: __VIRTUAL_CLK__
Path Type: max

Fanout         Cap        Slew       Delay        Time   Description
---------------------------------------------------------------------------------------------
                      0.000000    0.000000    0.000000   clock __VIRTUAL_CLK__ (rise edge)
                                  0.000000    0.000000   clock network delay (ideal)
                                  2.000000    2.000000 ^ input external delay
     1    0.003129    0.021152    0.011448    2.011448 ^ op_b[0] (in)
                                                         op_b[0] (net)
                      0.021152    0.000000    2.011448 ^ input13/A (sky130_fd_sc_hd__clkbuf_2)
     4    0.019204    0.110426    0.143796    2.155244 ^ input13/X (sky130_fd_sc_hd__clkbuf_2)
                                                         net13 (net)
                      0.110426    0.000258    2.155502 ^ fanout66/A (sky130_fd_sc_hd__buf_4)
    10    0.032128    0.096930    0.175979    2.331481 ^ fanout66/X (sky130_fd_sc_hd__buf_4)
                                                         net66 (net)
                      0.096930    0.000180    2.331661 ^ fanout65/A (sky130_fd_sc_hd__clkbuf_4)
    10    0.028775    0.097193    0.192898    2.524559 ^ fanout65/X (sky130_fd_sc_hd__clkbuf_4)
                                                         net65 (net)
                      0.097193    0.000028    2.524587 ^ _458_/A (sky130_fd_sc_hd__inv_2)
     4    0.010494    0.039008    0.055390    2.579977 v _458_/Y (sky130_fd_sc_hd__inv_2)
                                                         _188_ (net)
                      0.039008    0.000036    2.580012 v fanout34/A (sky130_fd_sc_hd__clkbuf_4)
    10    0.039228    0.088300    0.187927    2.767939 v fanout34/X (sky130_fd_sc_hd__clkbuf_4)
                                                         net34 (net)
                      0.088300    0.000071    2.768010 v _472_/A1 (sky130_fd_sc_hd__o41ai_4)
     5    0.015440    0.365902    0.452207    3.220217 ^ _472_/Y (sky130_fd_sc_hd__o41ai_4)
                                                         _338_ (net)
                      0.365902    0.000060    3.220277 ^ _481_/A2 (sky130_fd_sc_hd__a211o_1)
     4    0.009904    0.099977    0.226538    3.446815 ^ _481_/X (sky130_fd_sc_hd__a211o_1)
                                                         _410_ (net)
                      0.099977    0.000028    3.446843 ^ _484_/A1 (sky130_fd_sc_hd__a21o_1)
     4    0.012957    0.121819    0.177987    3.624830 ^ _484_/X (sky130_fd_sc_hd__a21o_1)
                                                         _413_ (net)
                      0.121819    0.000028    3.624858 ^ _493_/A1 (sky130_fd_sc_hd__a211oi_2)
     3    0.008723    0.070883    0.097709    3.722567 v _493_/Y (sky130_fd_sc_hd__a211oi_2)
                                                         _422_ (net)
                      0.070883    0.000076    3.722643 v _503_/D (sky130_fd_sc_hd__or4_4)
     3    0.007390    0.090672    0.428333    4.150976 v _503_/X (sky130_fd_sc_hd__or4_4)
                                                         _432_ (net)
                      0.090672    0.000012    4.150988 v _507_/A1 (sky130_fd_sc_hd__a31o_1)
     2    0.007713    0.060104    0.212454    4.363442 v _507_/X (sky130_fd_sc_hd__a31o_1)
                                                         _436_ (net)
                      0.060104    0.000022    4.363464 v _509_/A2 (sky130_fd_sc_hd__a211o_4)
     3    0.014214    0.066959    0.356264    4.719729 v _509_/X (sky130_fd_sc_hd__a211o_4)
                                                         _438_ (net)
                      0.066959    0.000021    4.719749 v _515_/A2 (sky130_fd_sc_hd__a21oi_4)
     8    0.033629    0.276243    0.277722    4.997472 ^ _515_/Y (sky130_fd_sc_hd__a21oi_4)
                                                         _444_ (net)
                      0.276243    0.000069    4.997541 ^ _524_/S (sky130_fd_sc_hd__mux2_4)
     2    0.006835    0.055325    0.339029    5.336570 v _524_/X (sky130_fd_sc_hd__mux2_4)
                                                         _453_ (net)
                      0.055325    0.000034    5.336605 v _539_/A1 (sky130_fd_sc_hd__a221o_1)
     3    0.009286    0.086858    0.353051    5.689656 v _539_/X (sky130_fd_sc_hd__a221o_1)
                                                         _010_ (net)
                      0.086858    0.000026    5.689682 v _544_/A2 (sky130_fd_sc_hd__a311o_1)
     3    0.007151    0.077142    0.348654    6.038336 v _544_/X (sky130_fd_sc_hd__a311o_1)
                                                         _015_ (net)
                      0.077142    0.000008    6.038344 v _579_/A1 (sky130_fd_sc_hd__a21o_1)
     3    0.006044    0.048116    0.178653    6.216997 v _579_/X (sky130_fd_sc_hd__a21o_1)
                                                         _050_ (net)
                      0.048116    0.000012    6.217010 v _583_/B (sky130_fd_sc_hd__and3_1)
     2    0.005340    0.049298    0.172862    6.389872 v _583_/X (sky130_fd_sc_hd__and3_1)
                                                         _054_ (net)
                      0.049298    0.000006    6.389878 v _585_/A (sky130_fd_sc_hd__or4_4)
     1    0.002953    0.079459    0.518466    6.908343 v _585_/X (sky130_fd_sc_hd__or4_4)
                                                         _056_ (net)
                      0.079459    0.000012    6.908355 v _586_/B (sky130_fd_sc_hd__or4b_4)
     1    0.008526    0.093319    0.534136    7.442491 v _586_/X (sky130_fd_sc_hd__or4b_4)
                                                         _057_ (net)
                      0.093319    0.000019    7.442510 v _590_/A2 (sky130_fd_sc_hd__a311oi_4)
     2    0.010239    0.265577    0.307026    7.749536 ^ _590_/Y (sky130_fd_sc_hd__a311oi_4)
                                                         _061_ (net)
                      0.265577    0.000013    7.749549 ^ rebuffer6/A (sky130_fd_sc_hd__buf_6)
     3    0.017799    0.049828    0.158853    7.908402 ^ rebuffer6/X (sky130_fd_sc_hd__buf_6)
                                                         net75 (net)
                      0.049828    0.000096    7.908498 ^ _615_/S (sky130_fd_sc_hd__mux2_4)
     4    0.012907    0.063586    0.315343    8.223842 v _615_/X (sky130_fd_sc_hd__mux2_4)
                                                         _086_ (net)
                      0.063586    0.000112    8.223953 v _623_/A2 (sky130_fd_sc_hd__o22a_1)
     2    0.005131    0.056488    0.209306    8.433260 v _623_/X (sky130_fd_sc_hd__o22a_1)
                                                         _094_ (net)
                      0.056488    0.000006    8.433266 v _624_/B (sky130_fd_sc_hd__or4bb_4)
     4    0.016362    0.109331    0.555322    8.988588 v _624_/X (sky130_fd_sc_hd__or4bb_4)
                                                         _095_ (net)
                      0.109331    0.000021    8.988609 v _628_/A1 (sky130_fd_sc_hd__a21oi_4)
     3    0.012061    0.136186    0.171808    9.160418 ^ _628_/Y (sky130_fd_sc_hd__a21oi_4)
                                                         _099_ (net)
                      0.136186    0.000043    9.160460 ^ fanout29/A (sky130_fd_sc_hd__buf_6)
    10    0.035155    0.078843    0.155636    9.316095 ^ fanout29/X (sky130_fd_sc_hd__buf_6)
                                                         net29 (net)
                      0.078843    0.000080    9.316175 ^ _665_/S (sky130_fd_sc_hd__mux2_2)
     3    0.007337    0.062714    0.351016    9.667192 v _665_/X (sky130_fd_sc_hd__mux2_2)
                                                         _136_ (net)
                      0.062714    0.000008    9.667200 v _669_/A2 (sky130_fd_sc_hd__a21o_1)
     1    0.002618    0.033336    0.176663    9.843863 v _669_/X (sky130_fd_sc_hd__a21o_1)
                                                         _140_ (net)
                      0.033336    0.000004    9.843866 v _671_/A1 (sky130_fd_sc_hd__o211a_1)
     1    0.003216    0.040541    0.213830   10.057696 v _671_/X (sky130_fd_sc_hd__o211a_1)
                                                         _142_ (net)
                      0.040541    0.000016   10.057713 v _672_/B2 (sky130_fd_sc_hd__o221a_1)
     1    0.002366    0.043833    0.195020   10.252732 v _672_/X (sky130_fd_sc_hd__o221a_1)
                                                         _143_ (net)
                      0.043833    0.000000   10.252733 v _675_/A2 (sky130_fd_sc_hd__o21a_1)
     1    0.002671    0.035463    0.160800   10.413533 v _675_/X (sky130_fd_sc_hd__o21a_1)
                                                         _146_ (net)
                      0.035463    0.000005   10.413539 v _679_/A2 (sky130_fd_sc_hd__o21a_1)
     1    0.004780    0.043977    0.169560   10.583099 v _679_/X (sky130_fd_sc_hd__o21a_1)
                                                         _150_ (net)
                      0.043977    0.000037   10.583137 v _700_/B (sky130_fd_sc_hd__or3_4)
     1    0.007396    0.070609    0.368032   10.951168 v _700_/X (sky130_fd_sc_hd__or3_4)
                                                         net21 (net)
                      0.070609    0.000026   10.951194 v output21/A (sky130_fd_sc_hd__buf_8)
     1    0.034731    0.040037    0.145664   11.096858 v output21/X (sky130_fd_sc_hd__buf_8)
                                                         op_out[0] (net)
                      0.040038    0.000261   11.097119 v op_out[0] (out)
                                             11.097119   data arrival time

                      0.000000   10.000000   10.000000   clock __VIRTUAL_CLK__ (rise edge)
                                  0.000000   10.000000   clock network delay (ideal)
                                 -0.250000    9.750000   clock uncertainty
                                  0.000000    9.750000   clock reconvergence pessimism
                                 -2.000000    7.750000   output external delay
                                              7.750000   data required time
---------------------------------------------------------------------------------------------
                                              7.750000   data required time
                                            -11.097119   data arrival time
---------------------------------------------------------------------------------------------
                                             -3.347119   slack (VIOLATED)




===========================================================================
 report_check_types -max_slew -max_cap -max_fanout -violators
============================================================================
======================= nom_tt_025C_1v80 Corner ===================================



===========================================================================
report_parasitic_annotation -report_unannotated
============================================================================
Found 0 unannotated drivers.
Found 0 partially unannotated drivers.

===========================================================================
max slew violation count 0
Writing metric design__max_slew_violation__count__corner:nom_tt_025C_1v80: 0
max fanout violation count 0
Writing metric design__max_fanout_violation__count__corner:nom_tt_025C_1v80: 0
max cap violation count 0
Writing metric design__max_cap_violation__count__corner:nom_tt_025C_1v80: 0
============================================================================

===========================================================================
check_setup -verbose -unconstrained_endpoints -multiple_clock -no_clock -no_input_delay -loops -generated_clocks
===========================================================================
%OL_END_REPORT
%OL_CREATE_REPORT power.rpt

===========================================================================
 report_power
============================================================================
======================= nom_tt_025C_1v80 Corner ===================================

Group                    Internal    Switching      Leakage        Total
                            Power        Power        Power        Power (Watts)
------------------------------------------------------------------------
Sequential           0.000000e+00 0.000000e+00 0.000000e+00 0.000000e+00   0.0%
Combinational        1.330639e-04 1.352264e-04 1.926989e-09 2.682922e-04 100.0%
Clock                0.000000e+00 0.000000e+00 2.462428e-10 2.462428e-10   0.0%
Macro                0.000000e+00 0.000000e+00 0.000000e+00 0.000000e+00   0.0%
Pad                  0.000000e+00 0.000000e+00 0.000000e+00 0.000000e+00   0.0%
------------------------------------------------------------------------
Total                1.330639e-04 1.352264e-04 2.173234e-09 2.682925e-04 100.0%
                            49.6%        50.4%         0.0%
Writing metric power__internal__total: 0.00013306386244948953
Writing metric power__switching__total: 0.00013522642257157713
Writing metric power__leakage__total: 2.173234259217338e-9
Writing metric power__total: 0.0002682924678083509

%OL_END_REPORT
%OL_CREATE_REPORT skew.min.rpt

===========================================================================
Clock Skew (Hold)
============================================================================
Writing metric clock__skew__worst_hold__corner:nom_tt_025C_1v80: 0.0
======================= nom_tt_025C_1v80 Corner ===================================

Clock __VIRTUAL_CLK__
No launch/capture paths found.

%OL_END_REPORT
%OL_CREATE_REPORT skew.max.rpt

===========================================================================
Clock Skew (Setup)
============================================================================
Writing metric clock__skew__worst_setup__corner:nom_tt_025C_1v80: 0.0
======================= nom_tt_025C_1v80 Corner ===================================

Clock __VIRTUAL_CLK__
No launch/capture paths found.

%OL_END_REPORT
%OL_CREATE_REPORT ws.min.rpt

===========================================================================
Worst Slack (Hold)
============================================================================
Writing metric timing__hold__ws__corner:nom_tt_025C_1v80: 4.3111702095179645
nom_tt_025C_1v80: 4.3111702095179645
%OL_END_REPORT
%OL_CREATE_REPORT ws.max.rpt

===========================================================================
Worst Slack (Setup)
============================================================================
Writing metric timing__setup__ws__corner:nom_tt_025C_1v80: -3.347119121049729
nom_tt_025C_1v80: -3.347119121049729
%OL_END_REPORT
%OL_CREATE_REPORT tns.min.rpt

===========================================================================
Total Negative Slack (Hold)
============================================================================
Writing metric timing__hold__tns__corner:nom_tt_025C_1v80: 0.0
nom_tt_025C_1v80: 0.0
%OL_END_REPORT
%OL_CREATE_REPORT tns.max.rpt

===========================================================================
Total Negative Slack (Setup)
============================================================================
Writing metric timing__setup__tns__corner:nom_tt_025C_1v80: -5.91113663637275
nom_tt_025C_1v80: -5.91113663637275
%OL_END_REPORT
%OL_CREATE_REPORT wns.min.rpt

===========================================================================
Worst Negative Slack (Hold)
============================================================================
Writing metric timing__hold__wns__corner:nom_tt_025C_1v80: 0
nom_tt_025C_1v80: 0
%OL_END_REPORT
%OL_CREATE_REPORT wns.max.rpt

===========================================================================
Worst Negative Slack (Setup)
============================================================================
Writing metric timing__setup__wns__corner:nom_tt_025C_1v80: -3.347119121049729
nom_tt_025C_1v80: -3.347119121049729
%OL_END_REPORT
%OL_CREATE_REPORT violator_list.rpt

===========================================================================
Violator List
============================================================================
[setup in-out] op_b[0] -> op_out[0] : -3.347119
[setup in-out] op_b[0] -> op_out[1] : -2.005395
[setup in-out] op_b[0] -> op_out[2] : -0.558622
Writing metric timing__hold_vio__count__corner:nom_tt_025C_1v80: 0
Writing metric timing__hold_r2r__ws__corner:nom_tt_025C_1v80: 1e30
Writing metric timing__hold_r2r_vio__count__corner:nom_tt_025C_1v80: 0
Writing metric timing__setup_vio__count__corner:nom_tt_025C_1v80: 3
Writing metric timing__setup_r2r__ws__corner:nom_tt_025C_1v80: 1e30
Writing metric timing__setup_r2r_vio__count__corner:nom_tt_025C_1v80: 0
%OL_END_REPORT
%OL_CREATE_REPORT unpropagated.rpt
__VIRTUAL_CLK__
%OL_END_REPORT
%OL_CREATE_REPORT clock.rpt
Clock: __VIRTUAL_CLK__
Sources: 
Generated: no
Virtual: yes
Propagated: no
Period: 10.000000

===========================================================================
report_clock_properties
============================================================================
Clock                   Period          Waveform
----------------------------------------------------
__VIRTUAL_CLK__      10.000000    0.000000  5.000000

===========================================================================
report_clock_latency
============================================================================
Clock __VIRTUAL_CLK__


===========================================================================
report_clock_min_period
============================================================================
__VIRTUAL_CLK__ period_min = 0.00 fmax = inf
%OL_END_REPORT
