Reading timing models for corner nom_ss_100C_1v60…
Reading cell library for the 'nom_ss_100C_1v60' corner at '/home/letienthanh/.volare/volare/sky130/versions/0fe599b2afb6708d281543108caf8310912f54af/sky130A/libs.ref/sky130_fd_sc_hd/lib/sky130_fd_sc_hd__ss_100C_1v60.lib'…
Reading top-level netlist at '/home/letienthanh/8bitalu/runs/RUN_2026-08-05_13-37-55/50-openroad-fillinsertion/alu8bit.nl.v'…
Linking design 'alu8bit' from netlist…
Warning: /home/letienthanh/8bitalu/runs/RUN_2026-08-05_13-37-55/50-openroad-fillinsertion/alu8bit.nl.v line 2393, module sky130_fd_sc_hd__tapvpwrvgnd_1 not found. Creating black box for TAP_TAPCELL_ROW_0_76.
Warning: /home/letienthanh/8bitalu/runs/RUN_2026-08-05_13-37-55/50-openroad-fillinsertion/alu8bit.nl.v line 2695, module sky130_ef_sc_hd__decap_12 not found. Creating black box for FILLER_0_3.
Warning: /home/letienthanh/8bitalu/runs/RUN_2026-08-05_13-37-55/50-openroad-fillinsertion/alu8bit.nl.v line 2697, module sky130_fd_sc_hd__fill_1 not found. Creating black box for FILLER_0_27.
Warning: /home/letienthanh/8bitalu/runs/RUN_2026-08-05_13-37-55/50-openroad-fillinsertion/alu8bit.nl.v line 2704, module sky130_fd_sc_hd__fill_2 not found. Creating black box for FILLER_0_85.
Reading design constraints file at '/nix/store/ss2cw3sxbrwwx9jl0rrppbw4kgcmgi2n-python3-3.11.9-env/lib/python3.11/site-packages/openlane/scripts/base.sdc'…
Warning: base.sdc line 15, port '__VIRTUAL_CLK__' not found.
[INFO] Using clock __VIRTUAL_CLK__…
[INFO] Setting output delay to: 2
[INFO] Setting input delay to: 2
Warning: base.sdc line 32, port '__VIRTUAL_CLK__' not found.
[INFO] Setting load to: 0.033442
[INFO] Setting clock uncertainty to: 0.25
[INFO] Setting clock transition to: 0.1499999999999999944488848768742172978818416595458984375
Warning: base.sdc line 69, transition time can not be specified for virtual clocks.
[INFO] Setting timing derate to: 5%
Warning: base.sdc line 79, virtual clock __VIRTUAL_CLK__ can not be propagated.
Reading top-level design parasitics for the 'nom_ss_100C_1v60' corner at '/home/letienthanh/8bitalu/runs/RUN_2026-08-05_13-37-55/52-openroad-rcx/nom/alu8bit.nom.spef'…
%OL_CREATE_REPORT min.rpt

===========================================================================
report_checks -path_delay min (Hold)
============================================================================
======================= nom_ss_100C_1v60 Corner ===================================

Startpoint: op_b[4] (input port clocked by __VIRTUAL_CLK__)
Endpoint: op_out[4] (output port clocked by __VIRTUAL_CLK__)
Path Group: __VIRTUAL_CLK__
Path Type: min

Fanout         Cap        Slew       Delay        Time   Description
---------------------------------------------------------------------------------------------
                      0.000000    0.000000    0.000000   clock __VIRTUAL_CLK__ (rise edge)
                                  0.000000    0.000000   clock network delay (ideal)
                                  2.000000    2.000000 ^ input external delay
     1    0.005497    0.050577    0.030025    2.030025 ^ op_b[4] (in)
                                                         op_b[4] (net)
                      0.050577    0.000000    2.030025 ^ input17/A (sky130_fd_sc_hd__buf_6)
     6    0.039741    0.138500    0.224784    2.254809 ^ input17/X (sky130_fd_sc_hd__buf_6)
                                                         net17 (net)
                      0.138617    0.002176    2.256985 ^ _795_/A2 (sky130_fd_sc_hd__a32o_1)
     1    0.002804    0.094454    0.352675    2.609660 ^ _795_/X (sky130_fd_sc_hd__a32o_1)
                                                         _270_ (net)
                      0.094454    0.000055    2.609715 ^ _797_/B1 (sky130_fd_sc_hd__a211oi_1)
     1    0.004920    0.073957    0.104553    2.714268 v _797_/Y (sky130_fd_sc_hd__a211oi_1)
                                                         _272_ (net)
                      0.073957    0.000186    2.714455 v _798_/B1 (sky130_fd_sc_hd__o31ai_1)
     1    0.004891    0.118425    0.125609    2.840064 ^ _798_/Y (sky130_fd_sc_hd__o31ai_1)
                                                         net25 (net)
                      0.118425    0.000181    2.840244 ^ output25/A (sky130_fd_sc_hd__buf_4)
     1    0.034539    0.166325    0.303515    3.143759 ^ output25/X (sky130_fd_sc_hd__buf_4)
                                                         op_out[4] (net)
                      0.166326    0.000822    3.144582 ^ op_out[4] (out)
                                              3.144582   data arrival time

                      0.000000    0.000000    0.000000   clock __VIRTUAL_CLK__ (rise edge)
                                  0.000000    0.000000   clock network delay (ideal)
                                  0.250000    0.250000   clock uncertainty
                                  0.000000    0.250000   clock reconvergence pessimism
                                 -2.000000   -1.750000   output external delay
                                             -1.750000   data required time
---------------------------------------------------------------------------------------------
                                             -1.750000   data required time
                                             -3.144582   data arrival time
---------------------------------------------------------------------------------------------
                                              4.894582   slack (MET)


Startpoint: inst[3] (input port clocked by __VIRTUAL_CLK__)
Endpoint: op_out[6] (output port clocked by __VIRTUAL_CLK__)
Path Group: __VIRTUAL_CLK__
Path Type: min

Fanout         Cap        Slew       Delay        Time   Description
---------------------------------------------------------------------------------------------
                      0.000000    0.000000    0.000000   clock __VIRTUAL_CLK__ (rise edge)
                                  0.000000    0.000000   clock network delay (ideal)
                                  2.000000    2.000000 ^ input external delay
     1    0.005000    0.047188    0.027428    2.027428 ^ inst[3] (in)
                                                         inst[3] (net)
                      0.047188    0.000000    2.027428 ^ input4/A (sky130_fd_sc_hd__buf_1)
     2    0.014063    0.275029    0.286622    2.314050 ^ input4/X (sky130_fd_sc_hd__buf_1)
                                                         net4 (net)
                      0.275030    0.000420    2.314470 ^ _694_/B (sky130_fd_sc_hd__nor3_4)
     8    0.032216    0.096339    0.201145    2.515615 v _694_/Y (sky130_fd_sc_hd__nor3_4)
                                                         _165_ (net)
                      0.096425    0.001768    2.517384 v _885_/A1 (sky130_fd_sc_hd__a31o_1)
     1    0.002639    0.060827    0.326134    2.843518 v _885_/X (sky130_fd_sc_hd__a31o_1)
                                                         net27 (net)
                      0.060827    0.000077    2.843594 v output27/A (sky130_fd_sc_hd__clkbuf_4)
     1    0.034221    0.138777    0.320694    3.164289 v output27/X (sky130_fd_sc_hd__clkbuf_4)
                                                         op_out[6] (net)
                      0.138778    0.000705    3.164993 v op_out[6] (out)
                                              3.164993   data arrival time

                      0.000000    0.000000    0.000000   clock __VIRTUAL_CLK__ (rise edge)
                                  0.000000    0.000000   clock network delay (ideal)
                                  0.250000    0.250000   clock uncertainty
                                  0.000000    0.250000   clock reconvergence pessimism
                                 -2.000000   -1.750000   output external delay
                                             -1.750000   data required time
---------------------------------------------------------------------------------------------
                                             -1.750000   data required time
                                             -3.164993   data arrival time
---------------------------------------------------------------------------------------------
                                              4.914993   slack (MET)


Startpoint: op_a[5] (input port clocked by __VIRTUAL_CLK__)
Endpoint: op_out[5] (output port clocked by __VIRTUAL_CLK__)
Path Group: __VIRTUAL_CLK__
Path Type: min

Fanout         Cap        Slew       Delay        Time   Description
---------------------------------------------------------------------------------------------
                      0.000000    0.000000    0.000000   clock __VIRTUAL_CLK__ (rise edge)
                                  0.000000    0.000000   clock network delay (ideal)
                                  2.000000    2.000000 ^ input external delay
     1    0.003145    0.034541    0.017616    2.017616 ^ op_a[5] (in)
                                                         op_a[5] (net)
                      0.034541    0.000000    2.017616 ^ input10/A (sky130_fd_sc_hd__clkbuf_2)
     5    0.033951    0.292425    0.334342    2.351958 ^ input10/X (sky130_fd_sc_hd__clkbuf_2)
                                                         net10 (net)
                      0.292464    0.002785    2.354743 ^ _839_/A1 (sky130_fd_sc_hd__a32o_1)
     1    0.001811    0.080845    0.375168    2.729911 ^ _839_/X (sky130_fd_sc_hd__a32o_1)
                                                         _318_ (net)
                      0.080845    0.000035    2.729945 ^ _842_/A (sky130_fd_sc_hd__or3_1)
     1    0.005780    0.101214    0.206961    2.936906 ^ _842_/X (sky130_fd_sc_hd__or3_1)
                                                         net26 (net)
                      0.101214    0.000233    2.937139 ^ output26/A (sky130_fd_sc_hd__clkbuf_4)
     1    0.035132    0.183385    0.345499    3.282638 ^ output26/X (sky130_fd_sc_hd__clkbuf_4)
                                                         op_out[5] (net)
                      0.183386    0.000930    3.283568 ^ op_out[5] (out)
                                              3.283568   data arrival time

                      0.000000    0.000000    0.000000   clock __VIRTUAL_CLK__ (rise edge)
                                  0.000000    0.000000   clock network delay (ideal)
                                  0.250000    0.250000   clock uncertainty
                                  0.000000    0.250000   clock reconvergence pessimism
                                 -2.000000   -1.750000   output external delay
                                             -1.750000   data required time
---------------------------------------------------------------------------------------------
                                             -1.750000   data required time
                                             -3.283568   data arrival time
---------------------------------------------------------------------------------------------
                                              5.033567   slack (MET)


Startpoint: op_a[1] (input port clocked by __VIRTUAL_CLK__)
Endpoint: op_out[2] (output port clocked by __VIRTUAL_CLK__)
Path Group: __VIRTUAL_CLK__
Path Type: min

Fanout         Cap        Slew       Delay        Time   Description
---------------------------------------------------------------------------------------------
                      0.000000    0.000000    0.000000   clock __VIRTUAL_CLK__ (rise edge)
                                  0.000000    0.000000   clock network delay (ideal)
                                  2.000000    2.000000 v input external delay
     1    0.002719    0.018151    0.008979    2.008980 v op_a[1] (in)
                                                         op_a[1] (net)
                      0.018151    0.000000    2.008980 v input6/A (sky130_fd_sc_hd__clkbuf_2)
     3    0.029121    0.207721    0.286686    2.295666 v input6/X (sky130_fd_sc_hd__clkbuf_2)
                                                         net6 (net)
                      0.207842    0.002898    2.298564 v _713_/A (sky130_fd_sc_hd__nand2_1)
     2    0.005880    0.114074    0.184498    2.483063 ^ _713_/Y (sky130_fd_sc_hd__nand2_1)
                                                         _183_ (net)
                      0.114074    0.000145    2.483207 ^ _725_/A1 (sky130_fd_sc_hd__a31oi_1)
     1    0.002982    0.068660    0.175207    2.658415 v _725_/Y (sky130_fd_sc_hd__a31oi_1)
                                                         _195_ (net)
                      0.068660    0.000089    2.658503 v _741_/A2 (sky130_fd_sc_hd__a21o_1)
     1    0.002096    0.052264    0.304662    2.963165 v _741_/X (sky130_fd_sc_hd__a21o_1)
                                                         net23 (net)
                      0.052264    0.000059    2.963224 v output23/A (sky130_fd_sc_hd__buf_2)
     1    0.034354    0.166368    0.336642    3.299867 v output23/X (sky130_fd_sc_hd__buf_2)
                                                         op_out[2] (net)
                      0.166369    0.000774    3.300641 v op_out[2] (out)
                                              3.300641   data arrival time

                      0.000000    0.000000    0.000000   clock __VIRTUAL_CLK__ (rise edge)
                                  0.000000    0.000000   clock network delay (ideal)
                                  0.250000    0.250000   clock uncertainty
                                  0.000000    0.250000   clock reconvergence pessimism
                                 -2.000000   -1.750000   output external delay
                                             -1.750000   data required time
---------------------------------------------------------------------------------------------
                                             -1.750000   data required time
                                             -3.300641   data arrival time
---------------------------------------------------------------------------------------------
                                              5.050641   slack (MET)


Startpoint: op_b[0] (input port clocked by __VIRTUAL_CLK__)
Endpoint: op_out[0] (output port clocked by __VIRTUAL_CLK__)
Path Group: __VIRTUAL_CLK__
Path Type: min

Fanout         Cap        Slew       Delay        Time   Description
---------------------------------------------------------------------------------------------
                      0.000000    0.000000    0.000000   clock __VIRTUAL_CLK__ (rise edge)
                                  0.000000    0.000000   clock network delay (ideal)
                                  2.000000    2.000000 ^ input external delay
     1    0.003145    0.034541    0.017616    2.017616 ^ op_b[0] (in)
                                                         op_b[0] (net)
                      0.034541    0.000000    2.017616 ^ input13/A (sky130_fd_sc_hd__clkbuf_2)
     4    0.027355    0.238964    0.296936    2.314553 ^ input13/X (sky130_fd_sc_hd__clkbuf_2)
                                                         net13 (net)
                      0.239082    0.002534    2.317086 ^ _698_/A1 (sky130_fd_sc_hd__a32o_1)
     1    0.003067    0.096988    0.375846    2.692932 ^ _698_/X (sky130_fd_sc_hd__a32o_1)
                                                         _169_ (net)
                      0.096988    0.000088    2.693020 ^ _699_/B1 (sky130_fd_sc_hd__a311o_1)
     1    0.004986    0.110132    0.225201    2.918221 ^ _699_/X (sky130_fd_sc_hd__a311o_1)
                                                         _170_ (net)
                      0.110132    0.000184    2.918405 ^ _700_/C (sky130_fd_sc_hd__or3_4)
     1    0.008314    0.068101    0.233855    3.152260 ^ _700_/X (sky130_fd_sc_hd__or3_4)
                                                         net21 (net)
                      0.068123    0.000277    3.152537 ^ output21/A (sky130_fd_sc_hd__buf_8)
     1    0.035047    0.106304    0.205010    3.357547 ^ output21/X (sky130_fd_sc_hd__buf_8)
                                                         op_out[0] (net)
                      0.106310    0.000908    3.358456 ^ op_out[0] (out)
                                              3.358456   data arrival time

                      0.000000    0.000000    0.000000   clock __VIRTUAL_CLK__ (rise edge)
                                  0.000000    0.000000   clock network delay (ideal)
                                  0.250000    0.250000   clock uncertainty
                                  0.000000    0.250000   clock reconvergence pessimism
                                 -2.000000   -1.750000   output external delay
                                             -1.750000   data required time
---------------------------------------------------------------------------------------------
                                             -1.750000   data required time
                                             -3.358456   data arrival time
---------------------------------------------------------------------------------------------
                                              5.108456   slack (MET)


Startpoint: inst[3] (input port clocked by __VIRTUAL_CLK__)
Endpoint: op_out[7] (output port clocked by __VIRTUAL_CLK__)
Path Group: __VIRTUAL_CLK__
Path Type: min

Fanout         Cap        Slew       Delay        Time   Description
---------------------------------------------------------------------------------------------
                      0.000000    0.000000    0.000000   clock __VIRTUAL_CLK__ (rise edge)
                                  0.000000    0.000000   clock network delay (ideal)
                                  2.000000    2.000000 ^ input external delay
     1    0.005000    0.047188    0.027428    2.027428 ^ inst[3] (in)
                                                         inst[3] (net)
                      0.047188    0.000000    2.027428 ^ input4/A (sky130_fd_sc_hd__buf_1)
     2    0.014063    0.275029    0.286622    2.314050 ^ input4/X (sky130_fd_sc_hd__buf_1)
                                                         net4 (net)
                      0.275030    0.000420    2.314470 ^ _694_/B (sky130_fd_sc_hd__nor3_4)
     8    0.032216    0.096339    0.201145    2.515615 v _694_/Y (sky130_fd_sc_hd__nor3_4)
                                                         _165_ (net)
                      0.096427    0.001803    2.517419 v _923_/A1 (sky130_fd_sc_hd__a311o_1)
     1    0.001782    0.075258    0.495909    3.013328 v _923_/X (sky130_fd_sc_hd__a311o_1)
                                                         net28 (net)
                      0.075258    0.000034    3.013362 v output28/A (sky130_fd_sc_hd__buf_2)
     1    0.034113    0.165271    0.346491    3.359853 v output28/X (sky130_fd_sc_hd__buf_2)
                                                         op_out[7] (net)
                      0.165271    0.000655    3.360507 v op_out[7] (out)
                                              3.360507   data arrival time

                      0.000000    0.000000    0.000000   clock __VIRTUAL_CLK__ (rise edge)
                                  0.000000    0.000000   clock network delay (ideal)
                                  0.250000    0.250000   clock uncertainty
                                  0.000000    0.250000   clock reconvergence pessimism
                                 -2.000000   -1.750000   output external delay
                                             -1.750000   data required time
---------------------------------------------------------------------------------------------
                                             -1.750000   data required time
                                             -3.360507   data arrival time
---------------------------------------------------------------------------------------------
                                              5.110507   slack (MET)


Startpoint: inst[2] (input port clocked by __VIRTUAL_CLK__)
Endpoint: op_out[3] (output port clocked by __VIRTUAL_CLK__)
Path Group: __VIRTUAL_CLK__
Path Type: min

Fanout         Cap        Slew       Delay        Time   Description
---------------------------------------------------------------------------------------------
                      0.000000    0.000000    0.000000   clock __VIRTUAL_CLK__ (rise edge)
                                  0.000000    0.000000   clock network delay (ideal)
                                  2.000000    2.000000 ^ input external delay
     1    0.004460    0.043490    0.024573    2.024573 ^ inst[2] (in)
                                                         inst[2] (net)
                      0.043490    0.000000    2.024573 ^ input3/A (sky130_fd_sc_hd__buf_2)
     8    0.034896    0.276808    0.334521    2.359093 ^ input3/X (sky130_fd_sc_hd__buf_2)
                                                         net3 (net)
                      0.276808    0.000672    2.359765 ^ _690_/A (sky130_fd_sc_hd__or4b_4)
     8    0.036841    0.186403    0.422571    2.782336 ^ _690_/X (sky130_fd_sc_hd__or4b_4)
                                                         _161_ (net)
                      0.186406    0.001062    2.783399 ^ _749_/A (sky130_fd_sc_hd__or3b_1)
     1    0.002876    0.063359    0.226255    3.009654 ^ _749_/X (sky130_fd_sc_hd__or3b_1)
                                                         _221_ (net)
                      0.063359    0.000083    3.009736 ^ _770_/B (sky130_fd_sc_hd__nand2b_1)
     1    0.002326    0.069817    0.101883    3.111619 v _770_/Y (sky130_fd_sc_hd__nand2b_1)
                                                         net24 (net)
                      0.069817    0.000068    3.111688 v output24/A (sky130_fd_sc_hd__buf_2)
     1    0.034665    0.167532    0.345645    3.457333 v output24/X (sky130_fd_sc_hd__buf_2)
                                                         op_out[3] (net)
                      0.167533    0.000828    3.458160 v op_out[3] (out)
                                              3.458160   data arrival time

                      0.000000    0.000000    0.000000   clock __VIRTUAL_CLK__ (rise edge)
                                  0.000000    0.000000   clock network delay (ideal)
                                  0.250000    0.250000   clock uncertainty
                                  0.000000    0.250000   clock reconvergence pessimism
                                 -2.000000   -1.750000   output external delay
                                             -1.750000   data required time
---------------------------------------------------------------------------------------------
                                             -1.750000   data required time
                                             -3.458160   data arrival time
---------------------------------------------------------------------------------------------
                                              5.208160   slack (MET)


Startpoint: op_a[1] (input port clocked by __VIRTUAL_CLK__)
Endpoint: op_out[1] (output port clocked by __VIRTUAL_CLK__)
Path Group: __VIRTUAL_CLK__
Path Type: min

Fanout         Cap        Slew       Delay        Time   Description
---------------------------------------------------------------------------------------------
                      0.000000    0.000000    0.000000   clock __VIRTUAL_CLK__ (rise edge)
                                  0.000000    0.000000   clock network delay (ideal)
                                  2.000000    2.000000 ^ input external delay
     1    0.002904    0.032942    0.016341    2.016341 ^ op_a[1] (in)
                                                         op_a[1] (net)
                      0.032942    0.000000    2.016341 ^ input6/A (sky130_fd_sc_hd__clkbuf_2)
     3    0.029620    0.257334    0.308884    2.325225 ^ input6/X (sky130_fd_sc_hd__clkbuf_2)
                                                         net6 (net)
                      0.257388    0.003081    2.328306 ^ _714_/A (sky130_fd_sc_hd__xnor2_1)
     2    0.004945    0.104882    0.230890    2.559196 v _714_/Y (sky130_fd_sc_hd__xnor2_1)
                                                         _184_ (net)
                      0.104882    0.000121    2.559317 v _716_/A2 (sky130_fd_sc_hd__a21oi_1)
     1    0.003021    0.151458    0.245590    2.804907 ^ _716_/Y (sky130_fd_sc_hd__a21oi_1)
                                                         _186_ (net)
                      0.151458    0.000088    2.804995 ^ _717_/B2 (sky130_fd_sc_hd__a22o_1)
     1    0.004807    0.102220    0.296312    3.101306 ^ _717_/X (sky130_fd_sc_hd__a22o_1)
                                                         _187_ (net)
                      0.102220    0.000133    3.101439 ^ _718_/B (sky130_fd_sc_hd__or2_1)
     1    0.003413    0.073150    0.179819    3.281259 ^ _718_/X (sky130_fd_sc_hd__or2_1)
                                                         net22 (net)
                      0.073150    0.000107    3.281365 ^ output22/A (sky130_fd_sc_hd__buf_2)
     1    0.035479    0.281209    0.351129    3.632494 ^ output22/X (sky130_fd_sc_hd__buf_2)
                                                         op_out[1] (net)
                      0.281209    0.001017    3.633512 ^ op_out[1] (out)
                                              3.633512   data arrival time

                      0.000000    0.000000    0.000000   clock __VIRTUAL_CLK__ (rise edge)
                                  0.000000    0.000000   clock network delay (ideal)
                                  0.250000    0.250000   clock uncertainty
                                  0.000000    0.250000   clock reconvergence pessimism
                                 -2.000000   -1.750000   output external delay
                                             -1.750000   data required time
---------------------------------------------------------------------------------------------
                                             -1.750000   data required time
                                             -3.633512   data arrival time
---------------------------------------------------------------------------------------------
                                              5.383512   slack (MET)



%OL_END_REPORT
%OL_CREATE_REPORT max.rpt

===========================================================================
report_checks -path_delay max (Setup)
============================================================================
======================= nom_ss_100C_1v60 Corner ===================================

Startpoint: op_b[6] (input port clocked by __VIRTUAL_CLK__)
Endpoint: op_out[0] (output port clocked by __VIRTUAL_CLK__)
Path Group: __VIRTUAL_CLK__
Path Type: max

Fanout         Cap        Slew       Delay        Time   Description
---------------------------------------------------------------------------------------------
                      0.000000    0.000000    0.000000   clock __VIRTUAL_CLK__ (rise edge)
                                  0.000000    0.000000   clock network delay (ideal)
                                  2.000000    2.000000 v input external delay
     1    0.002662    0.017937    0.008803    2.008803 v op_b[6] (in)
                                                         op_b[6] (net)
                      0.017937    0.000000    2.008803 v input19/A (sky130_fd_sc_hd__buf_1)
     2    0.021207    0.245051    0.287102    2.295905 v input19/X (sky130_fd_sc_hd__buf_1)
                                                         net19 (net)
                      0.245051    0.000448    2.296353 v fanout50/A (sky130_fd_sc_hd__buf_4)
    10    0.084767    0.204331    0.472821    2.769174 v fanout50/X (sky130_fd_sc_hd__buf_4)
                                                         net50 (net)
                      0.204433    0.004203    2.773377 v _469_/D (sky130_fd_sc_hd__or4_4)
     6    0.025876    0.225041    1.003993    3.777370 v _469_/X (sky130_fd_sc_hd__or4_4)
                                                         _306_ (net)
                      0.225041    0.000768    3.778139 v _474_/B1 (sky130_fd_sc_hd__a211o_1)
     3    0.010631    0.155094    0.639238    4.417377 v _474_/X (sky130_fd_sc_hd__a211o_1)
                                                         _360_ (net)
                      0.155094    0.000292    4.417669 v _481_/B1 (sky130_fd_sc_hd__a211o_1)
     4    0.010407    0.152832    0.609989    5.027658 v _481_/X (sky130_fd_sc_hd__a211o_1)
                                                         _410_ (net)
                      0.152832    0.000295    5.027953 v _484_/A1 (sky130_fd_sc_hd__a21o_1)
     4    0.013373    0.141312    0.403900    5.431853 v _484_/X (sky130_fd_sc_hd__a21o_1)
                                                         _413_ (net)
                      0.141312    0.000179    5.432032 v _494_/A2 (sky130_fd_sc_hd__a211o_1)
     3    0.013528    0.175372    0.675758    6.107790 v _494_/X (sky130_fd_sc_hd__a211o_1)
                                                         _423_ (net)
                      0.175372    0.000328    6.108117 v _496_/B1 (sky130_fd_sc_hd__a22o_1)
     3    0.009331    0.126447    0.427946    6.536063 v _496_/X (sky130_fd_sc_hd__a22o_1)
                                                         _425_ (net)
                      0.126447    0.000309    6.536372 v _499_/A (sky130_fd_sc_hd__and3_1)
     3    0.011657    0.144302    0.393798    6.930170 v _499_/X (sky130_fd_sc_hd__and3_1)
                                                         _428_ (net)
                      0.144302    0.000440    6.930610 v _509_/C1 (sky130_fd_sc_hd__a211o_4)
     3    0.015662    0.104766    0.548960    7.479570 v _509_/X (sky130_fd_sc_hd__a211o_4)
                                                         _438_ (net)
                      0.104766    0.000294    7.479864 v _515_/A2 (sky130_fd_sc_hd__a21oi_4)
     8    0.039552    0.478016    0.496889    7.976753 ^ _515_/Y (sky130_fd_sc_hd__a21oi_4)
                                                         _444_ (net)
                      0.478019    0.000876    7.977629 ^ _524_/S (sky130_fd_sc_hd__mux2_4)
     2    0.009190    0.097076    0.705980    8.683609 v _524_/X (sky130_fd_sc_hd__mux2_4)
                                                         _453_ (net)
                      0.097076    0.000246    8.683855 v _539_/A1 (sky130_fd_sc_hd__a221o_1)
     3    0.010209    0.163434    0.670998    9.354854 v _539_/X (sky130_fd_sc_hd__a221o_1)
                                                         _010_ (net)
                      0.163434    0.000236    9.355089 v _543_/A3 (sky130_fd_sc_hd__a311oi_2)
     4    0.014525    0.576486    0.693713   10.048802 ^ _543_/Y (sky130_fd_sc_hd__a311oi_2)
                                                         _014_ (net)
                      0.576486    0.000259   10.049062 ^ _572_/A (sky130_fd_sc_hd__or3_4)
     4    0.011723    0.086539    0.453013   10.502074 ^ _572_/X (sky130_fd_sc_hd__or3_4)
                                                         _043_ (net)
                      0.086539    0.000256   10.502330 ^ _574_/B (sky130_fd_sc_hd__and3_1)
     3    0.008097    0.157787    0.360964   10.863294 ^ _574_/X (sky130_fd_sc_hd__and3_1)
                                                         _045_ (net)
                      0.157787    0.000231   10.863524 ^ rebuffer9/A (sky130_fd_sc_hd__dlygate4sd3_1)
     1    0.003104    0.095308    1.080481   11.944005 ^ rebuffer9/X (sky130_fd_sc_hd__dlygate4sd3_1)
                                                         net78 (net)
                      0.095308    0.000090   11.944095 ^ _587_/B1 (sky130_fd_sc_hd__a21o_1)
     2    0.004882    0.091806    0.169791   12.113886 ^ _587_/X (sky130_fd_sc_hd__a21o_1)
                                                         _058_ (net)
                      0.091806    0.000135   12.114021 ^ _588_/C_N (sky130_fd_sc_hd__or3b_1)
     1    0.009639    0.208691    0.902479   13.016500 v _588_/X (sky130_fd_sc_hd__or3b_1)
                                                         _059_ (net)
                      0.208691    0.000317   13.016817 v _590_/A1 (sky130_fd_sc_hd__a311oi_4)
     2    0.010720    0.405557    0.466247   13.483064 ^ _590_/Y (sky130_fd_sc_hd__a311oi_4)
                                                         _061_ (net)
                      0.405557    0.000234   13.483298 ^ rebuffer6/A (sky130_fd_sc_hd__buf_6)
     3    0.019186    0.084040    0.320029   13.803328 ^ rebuffer6/X (sky130_fd_sc_hd__buf_6)
                                                         net75 (net)
                      0.084043    0.000599   13.803926 ^ _615_/S (sky130_fd_sc_hd__mux2_4)
     4    0.016723    0.116596    0.608858   14.412785 v _615_/X (sky130_fd_sc_hd__mux2_4)
                                                         _086_ (net)
                      0.116597    0.000579   14.413363 v _623_/A2 (sky130_fd_sc_hd__o22a_1)
     2    0.006059    0.115916    0.413221   14.826584 v _623_/X (sky130_fd_sc_hd__o22a_1)
                                                         _094_ (net)
                      0.115916    0.000139   14.826722 v _624_/B (sky130_fd_sc_hd__or4bb_4)
     4    0.018697    0.200507    1.121260   15.947983 v _624_/X (sky130_fd_sc_hd__or4bb_4)
                                                         _095_ (net)
                      0.200507    0.000291   15.948275 v _628_/A1 (sky130_fd_sc_hd__a21oi_4)
     3    0.015227    0.240823    0.324478   16.272753 ^ _628_/Y (sky130_fd_sc_hd__a21oi_4)
                                                         _099_ (net)
                      0.240823    0.000313   16.273066 ^ fanout29/A (sky130_fd_sc_hd__buf_6)
    10    0.044073    0.151919    0.318812   16.591877 ^ fanout29/X (sky130_fd_sc_hd__buf_6)
                                                         net29 (net)
                      0.151982    0.002908   16.594784 ^ _665_/S (sky130_fd_sc_hd__mux2_2)
     3    0.008322    0.117333    0.743480   17.338264 v _665_/X (sky130_fd_sc_hd__mux2_2)
                                                         _136_ (net)
                      0.117333    0.000174   17.338438 v _669_/A2 (sky130_fd_sc_hd__a21o_1)
     1    0.002926    0.060819    0.334305   17.672743 v _669_/X (sky130_fd_sc_hd__a21o_1)
                                                         _140_ (net)
                      0.060819    0.000062   17.672806 v _671_/A1 (sky130_fd_sc_hd__o211a_1)
     1    0.004230    0.084800    0.414655   18.087461 v _671_/X (sky130_fd_sc_hd__o211a_1)
                                                         _142_ (net)
                      0.084800    0.000174   18.087635 v _672_/B2 (sky130_fd_sc_hd__o221a_1)
     1    0.002514    0.088255    0.393179   18.480814 v _672_/X (sky130_fd_sc_hd__o221a_1)
                                                         _143_ (net)
                      0.088255    0.000048   18.480862 v _675_/A2 (sky130_fd_sc_hd__o21a_1)
     1    0.003044    0.067319    0.315467   18.796329 v _675_/X (sky130_fd_sc_hd__o21a_1)
                                                         _146_ (net)
                      0.067319    0.000089   18.796417 v _679_/A2 (sky130_fd_sc_hd__o21a_1)
     1    0.007770    0.108397    0.351481   19.147898 v _679_/X (sky130_fd_sc_hd__o21a_1)
                                                         _150_ (net)
                      0.108397    0.000306   19.148203 v _700_/B (sky130_fd_sc_hd__or3_4)
     1    0.007713    0.129700    0.747372   19.895576 v _700_/X (sky130_fd_sc_hd__or3_4)
                                                         net21 (net)
                      0.129700    0.000256   19.895832 v output21/A (sky130_fd_sc_hd__buf_8)
     1    0.035047    0.068481    0.268150   20.163980 v output21/X (sky130_fd_sc_hd__buf_8)
                                                         op_out[0] (net)
                      0.068493    0.000908   20.164888 v op_out[0] (out)
                                             20.164888   data arrival time

                      0.000000   10.000000   10.000000   clock __VIRTUAL_CLK__ (rise edge)
                                  0.000000   10.000000   clock network delay (ideal)
                                 -0.250000    9.750000   clock uncertainty
                                  0.000000    9.750000   clock reconvergence pessimism
                                 -2.000000    7.750000   output external delay
                                              7.750000   data required time
---------------------------------------------------------------------------------------------
                                              7.750000   data required time
                                            -20.164888   data arrival time
---------------------------------------------------------------------------------------------
                                            -12.414889   slack (VIOLATED)


Startpoint: op_b[6] (input port clocked by __VIRTUAL_CLK__)
Endpoint: op_out[1] (output port clocked by __VIRTUAL_CLK__)
Path Group: __VIRTUAL_CLK__
Path Type: max

Fanout         Cap        Slew       Delay        Time   Description
---------------------------------------------------------------------------------------------
                      0.000000    0.000000    0.000000   clock __VIRTUAL_CLK__ (rise edge)
                                  0.000000    0.000000   clock network delay (ideal)
                                  2.000000    2.000000 v input external delay
     1    0.002662    0.017937    0.008803    2.008803 v op_b[6] (in)
                                                         op_b[6] (net)
                      0.017937    0.000000    2.008803 v input19/A (sky130_fd_sc_hd__buf_1)
     2    0.021207    0.245051    0.287102    2.295905 v input19/X (sky130_fd_sc_hd__buf_1)
                                                         net19 (net)
                      0.245051    0.000448    2.296353 v fanout50/A (sky130_fd_sc_hd__buf_4)
    10    0.084767    0.204331    0.472821    2.769174 v fanout50/X (sky130_fd_sc_hd__buf_4)
                                                         net50 (net)
                      0.204433    0.004203    2.773377 v _469_/D (sky130_fd_sc_hd__or4_4)
     6    0.025876    0.225041    1.003993    3.777370 v _469_/X (sky130_fd_sc_hd__or4_4)
                                                         _306_ (net)
                      0.225041    0.000768    3.778139 v _474_/B1 (sky130_fd_sc_hd__a211o_1)
     3    0.010631    0.155094    0.639238    4.417377 v _474_/X (sky130_fd_sc_hd__a211o_1)
                                                         _360_ (net)
                      0.155094    0.000292    4.417669 v _481_/B1 (sky130_fd_sc_hd__a211o_1)
     4    0.010407    0.152832    0.609989    5.027658 v _481_/X (sky130_fd_sc_hd__a211o_1)
                                                         _410_ (net)
                      0.152832    0.000295    5.027953 v _484_/A1 (sky130_fd_sc_hd__a21o_1)
     4    0.013373    0.141312    0.403900    5.431853 v _484_/X (sky130_fd_sc_hd__a21o_1)
                                                         _413_ (net)
                      0.141312    0.000179    5.432032 v _494_/A2 (sky130_fd_sc_hd__a211o_1)
     3    0.013528    0.175372    0.675758    6.107790 v _494_/X (sky130_fd_sc_hd__a211o_1)
                                                         _423_ (net)
                      0.175372    0.000328    6.108117 v _496_/B1 (sky130_fd_sc_hd__a22o_1)
     3    0.009331    0.126447    0.427946    6.536063 v _496_/X (sky130_fd_sc_hd__a22o_1)
                                                         _425_ (net)
                      0.126447    0.000309    6.536372 v _499_/A (sky130_fd_sc_hd__and3_1)
     3    0.011657    0.144302    0.393798    6.930170 v _499_/X (sky130_fd_sc_hd__and3_1)
                                                         _428_ (net)
                      0.144302    0.000440    6.930610 v _509_/C1 (sky130_fd_sc_hd__a211o_4)
     3    0.015662    0.104766    0.548960    7.479570 v _509_/X (sky130_fd_sc_hd__a211o_4)
                                                         _438_ (net)
                      0.104766    0.000294    7.479864 v _515_/A2 (sky130_fd_sc_hd__a21oi_4)
     8    0.039552    0.478016    0.496889    7.976753 ^ _515_/Y (sky130_fd_sc_hd__a21oi_4)
                                                         _444_ (net)
                      0.478019    0.000876    7.977629 ^ _524_/S (sky130_fd_sc_hd__mux2_4)
     2    0.009190    0.097076    0.705980    8.683609 v _524_/X (sky130_fd_sc_hd__mux2_4)
                                                         _453_ (net)
                      0.097076    0.000246    8.683855 v _539_/A1 (sky130_fd_sc_hd__a221o_1)
     3    0.010209    0.163434    0.670998    9.354854 v _539_/X (sky130_fd_sc_hd__a221o_1)
                                                         _010_ (net)
                      0.163434    0.000236    9.355089 v _543_/A3 (sky130_fd_sc_hd__a311oi_2)
     4    0.014525    0.576486    0.693713   10.048802 ^ _543_/Y (sky130_fd_sc_hd__a311oi_2)
                                                         _014_ (net)
                      0.576486    0.000259   10.049062 ^ _572_/A (sky130_fd_sc_hd__or3_4)
     4    0.011723    0.086539    0.453013   10.502074 ^ _572_/X (sky130_fd_sc_hd__or3_4)
                                                         _043_ (net)
                      0.086539    0.000256   10.502330 ^ _574_/B (sky130_fd_sc_hd__and3_1)
     3    0.008097    0.157787    0.360964   10.863294 ^ _574_/X (sky130_fd_sc_hd__and3_1)
                                                         _045_ (net)
                      0.157787    0.000231   10.863524 ^ rebuffer9/A (sky130_fd_sc_hd__dlygate4sd3_1)
     1    0.003104    0.095308    1.080481   11.944005 ^ rebuffer9/X (sky130_fd_sc_hd__dlygate4sd3_1)
                                                         net78 (net)
                      0.095308    0.000090   11.944095 ^ _587_/B1 (sky130_fd_sc_hd__a21o_1)
     2    0.004882    0.091806    0.169791   12.113886 ^ _587_/X (sky130_fd_sc_hd__a21o_1)
                                                         _058_ (net)
                      0.091806    0.000135   12.114021 ^ _588_/C_N (sky130_fd_sc_hd__or3b_1)
     1    0.009639    0.208691    0.902479   13.016500 v _588_/X (sky130_fd_sc_hd__or3b_1)
                                                         _059_ (net)
                      0.208691    0.000317   13.016817 v _590_/A1 (sky130_fd_sc_hd__a311oi_4)
     2    0.010720    0.405557    0.466247   13.483064 ^ _590_/Y (sky130_fd_sc_hd__a311oi_4)
                                                         _061_ (net)
                      0.405557    0.000262   13.483326 ^ max_cap30/A (sky130_fd_sc_hd__buf_6)
     5    0.021298    0.089966    0.325140   13.808466 ^ max_cap30/X (sky130_fd_sc_hd__buf_6)
                                                         net30 (net)
                      0.089974    0.000881   13.809347 ^ _601_/S (sky130_fd_sc_hd__mux2_4)
     4    0.018440    0.121001    0.618131   14.427478 v _601_/X (sky130_fd_sc_hd__mux2_4)
                                                         _072_ (net)
                      0.121001    0.000368   14.427846 v _604_/B (sky130_fd_sc_hd__xnor2_2)
     4    0.017888    0.208907    0.342336   14.770182 v _604_/Y (sky130_fd_sc_hd__xnor2_2)
                                                         _075_ (net)
                      0.208907    0.000438   14.770619 v _608_/A2 (sky130_fd_sc_hd__a211oi_4)
     2    0.007411    0.298416    0.473340   15.243959 ^ _608_/Y (sky130_fd_sc_hd__a211oi_4)
                                                         _079_ (net)
                      0.298416    0.000263   15.244223 ^ _627_/A3 (sky130_fd_sc_hd__o31a_1)
     4    0.020502    0.352158    0.502219   15.746441 ^ _627_/X (sky130_fd_sc_hd__o31a_1)
                                                         _098_ (net)
                      0.352158    0.000634   15.747075 ^ _628_/A2 (sky130_fd_sc_hd__a21oi_4)
     3    0.014435    0.113484    0.228153   15.975228 v _628_/Y (sky130_fd_sc_hd__a21oi_4)
                                                         _099_ (net)
                      0.113484    0.000293   15.975522 v fanout29/A (sky130_fd_sc_hd__buf_6)
    10    0.041939    0.085850    0.275872   16.251394 v fanout29/X (sky130_fd_sc_hd__buf_6)
                                                         net29 (net)
                      0.085968    0.002782   16.254175 v _717_/A2 (sky130_fd_sc_hd__a22o_1)
     1    0.004679    0.088473    0.435257   16.689432 v _717_/X (sky130_fd_sc_hd__a22o_1)
                                                         _187_ (net)
                      0.088473    0.000128   16.689560 v _718_/B (sky130_fd_sc_hd__or2_1)
     1    0.003285    0.100789    0.469054   17.158615 v _718_/X (sky130_fd_sc_hd__or2_1)
                                                         net22 (net)
                      0.100789    0.000103   17.158718 v output22/A (sky130_fd_sc_hd__buf_2)
     1    0.035479    0.170791    0.362828   17.521545 v output22/X (sky130_fd_sc_hd__buf_2)
                                                         op_out[1] (net)
                      0.170795    0.001018   17.522564 v op_out[1] (out)
                                             17.522564   data arrival time

                      0.000000   10.000000   10.000000   clock __VIRTUAL_CLK__ (rise edge)
                                  0.000000   10.000000   clock network delay (ideal)
                                 -0.250000    9.750000   clock uncertainty
                                  0.000000    9.750000   clock reconvergence pessimism
                                 -2.000000    7.750000   output external delay
                                              7.750000   data required time
---------------------------------------------------------------------------------------------
                                              7.750000   data required time
                                            -17.522564   data arrival time
---------------------------------------------------------------------------------------------
                                             -9.772564   slack (VIOLATED)


Startpoint: op_b[6] (input port clocked by __VIRTUAL_CLK__)
Endpoint: op_out[2] (output port clocked by __VIRTUAL_CLK__)
Path Group: __VIRTUAL_CLK__
Path Type: max

Fanout         Cap        Slew       Delay        Time   Description
---------------------------------------------------------------------------------------------
                      0.000000    0.000000    0.000000   clock __VIRTUAL_CLK__ (rise edge)
                                  0.000000    0.000000   clock network delay (ideal)
                                  2.000000    2.000000 v input external delay
     1    0.002662    0.017937    0.008803    2.008803 v op_b[6] (in)
                                                         op_b[6] (net)
                      0.017937    0.000000    2.008803 v input19/A (sky130_fd_sc_hd__buf_1)
     2    0.021207    0.245051    0.287102    2.295905 v input19/X (sky130_fd_sc_hd__buf_1)
                                                         net19 (net)
                      0.245051    0.000448    2.296353 v fanout50/A (sky130_fd_sc_hd__buf_4)
    10    0.084767    0.204331    0.472821    2.769174 v fanout50/X (sky130_fd_sc_hd__buf_4)
                                                         net50 (net)
                      0.204433    0.004203    2.773377 v _469_/D (sky130_fd_sc_hd__or4_4)
     6    0.025876    0.225041    1.003993    3.777370 v _469_/X (sky130_fd_sc_hd__or4_4)
                                                         _306_ (net)
                      0.225041    0.000768    3.778139 v _474_/B1 (sky130_fd_sc_hd__a211o_1)
     3    0.010631    0.155094    0.639238    4.417377 v _474_/X (sky130_fd_sc_hd__a211o_1)
                                                         _360_ (net)
                      0.155094    0.000292    4.417669 v _481_/B1 (sky130_fd_sc_hd__a211o_1)
     4    0.010407    0.152832    0.609989    5.027658 v _481_/X (sky130_fd_sc_hd__a211o_1)
                                                         _410_ (net)
                      0.152832    0.000295    5.027953 v _484_/A1 (sky130_fd_sc_hd__a21o_1)
     4    0.013373    0.141312    0.403900    5.431853 v _484_/X (sky130_fd_sc_hd__a21o_1)
                                                         _413_ (net)
                      0.141312    0.000179    5.432032 v _494_/A2 (sky130_fd_sc_hd__a211o_1)
     3    0.013528    0.175372    0.675758    6.107790 v _494_/X (sky130_fd_sc_hd__a211o_1)
                                                         _423_ (net)
                      0.175372    0.000328    6.108117 v _496_/B1 (sky130_fd_sc_hd__a22o_1)
     3    0.009331    0.126447    0.427946    6.536063 v _496_/X (sky130_fd_sc_hd__a22o_1)
                                                         _425_ (net)
                      0.126447    0.000309    6.536372 v _499_/A (sky130_fd_sc_hd__and3_1)
     3    0.011657    0.144302    0.393798    6.930170 v _499_/X (sky130_fd_sc_hd__and3_1)
                                                         _428_ (net)
                      0.144302    0.000440    6.930610 v _509_/C1 (sky130_fd_sc_hd__a211o_4)
     3    0.015662    0.104766    0.548960    7.479570 v _509_/X (sky130_fd_sc_hd__a211o_4)
                                                         _438_ (net)
                      0.104766    0.000294    7.479864 v _515_/A2 (sky130_fd_sc_hd__a21oi_4)
     8    0.039552    0.478016    0.496889    7.976753 ^ _515_/Y (sky130_fd_sc_hd__a21oi_4)
                                                         _444_ (net)
                      0.478019    0.000876    7.977629 ^ _524_/S (sky130_fd_sc_hd__mux2_4)
     2    0.009190    0.097076    0.705980    8.683609 v _524_/X (sky130_fd_sc_hd__mux2_4)
                                                         _453_ (net)
                      0.097076    0.000246    8.683855 v _539_/A1 (sky130_fd_sc_hd__a221o_1)
     3    0.010209    0.163434    0.670998    9.354854 v _539_/X (sky130_fd_sc_hd__a221o_1)
                                                         _010_ (net)
                      0.163434    0.000236    9.355089 v _543_/A3 (sky130_fd_sc_hd__a311oi_2)
     4    0.014525    0.576486    0.693713   10.048802 ^ _543_/Y (sky130_fd_sc_hd__a311oi_2)
                                                         _014_ (net)
                      0.576486    0.000259   10.049062 ^ _572_/A (sky130_fd_sc_hd__or3_4)
     4    0.011723    0.086539    0.453013   10.502074 ^ _572_/X (sky130_fd_sc_hd__or3_4)
                                                         _043_ (net)
                      0.086539    0.000256   10.502330 ^ _574_/B (sky130_fd_sc_hd__and3_1)
     3    0.008097    0.157787    0.360964   10.863294 ^ _574_/X (sky130_fd_sc_hd__and3_1)
                                                         _045_ (net)
                      0.157787    0.000231   10.863524 ^ rebuffer9/A (sky130_fd_sc_hd__dlygate4sd3_1)
     1    0.003104    0.095308    1.080481   11.944005 ^ rebuffer9/X (sky130_fd_sc_hd__dlygate4sd3_1)
                                                         net78 (net)
                      0.095308    0.000090   11.944095 ^ _587_/B1 (sky130_fd_sc_hd__a21o_1)
     2    0.004882    0.091806    0.169791   12.113886 ^ _587_/X (sky130_fd_sc_hd__a21o_1)
                                                         _058_ (net)
                      0.091806    0.000135   12.114021 ^ _588_/C_N (sky130_fd_sc_hd__or3b_1)
     1    0.009639    0.208691    0.902479   13.016500 v _588_/X (sky130_fd_sc_hd__or3b_1)
                                                         _059_ (net)
                      0.208691    0.000317   13.016817 v _590_/A1 (sky130_fd_sc_hd__a311oi_4)
     2    0.010720    0.405557    0.466247   13.483064 ^ _590_/Y (sky130_fd_sc_hd__a311oi_4)
                                                         _061_ (net)
                      0.405557    0.000262   13.483326 ^ max_cap30/A (sky130_fd_sc_hd__buf_6)
     5    0.021298    0.089966    0.325140   13.808466 ^ max_cap30/X (sky130_fd_sc_hd__buf_6)
                                                         net30 (net)
                      0.089974    0.000894   13.809361 ^ _740_/A2 (sky130_fd_sc_hd__a211o_1)
     1    0.007471    0.126694    0.287372   14.096732 ^ _740_/X (sky130_fd_sc_hd__a211o_1)
                                                         _212_ (net)
                      0.126694    0.000328   14.097060 ^ _741_/B1 (sky130_fd_sc_hd__a21o_1)
     1    0.002224    0.058211    0.155938   14.252998 ^ _741_/X (sky130_fd_sc_hd__a21o_1)
                                                         net23 (net)
                      0.058211    0.000063   14.253061 ^ output23/A (sky130_fd_sc_hd__buf_2)
     1    0.034354    0.272786    0.338479   14.591540 ^ output23/X (sky130_fd_sc_hd__buf_2)
                                                         op_out[2] (net)
                      0.272786    0.000774   14.592315 ^ op_out[2] (out)
                                             14.592315   data arrival time

                      0.000000   10.000000   10.000000   clock __VIRTUAL_CLK__ (rise edge)
                                  0.000000   10.000000   clock network delay (ideal)
                                 -0.250000    9.750000   clock uncertainty
                                  0.000000    9.750000   clock reconvergence pessimism
                                 -2.000000    7.750000   output external delay
                                              7.750000   data required time
---------------------------------------------------------------------------------------------
                                              7.750000   data required time
                                            -14.592315   data arrival time
---------------------------------------------------------------------------------------------
                                             -6.842314   slack (VIOLATED)


Startpoint: op_b[6] (input port clocked by __VIRTUAL_CLK__)
Endpoint: op_out[3] (output port clocked by __VIRTUAL_CLK__)
Path Group: __VIRTUAL_CLK__
Path Type: max

Fanout         Cap        Slew       Delay        Time   Description
---------------------------------------------------------------------------------------------
                      0.000000    0.000000    0.000000   clock __VIRTUAL_CLK__ (rise edge)
                                  0.000000    0.000000   clock network delay (ideal)
                                  2.000000    2.000000 v input external delay
     1    0.002662    0.017937    0.008803    2.008803 v op_b[6] (in)
                                                         op_b[6] (net)
                      0.017937    0.000000    2.008803 v input19/A (sky130_fd_sc_hd__buf_1)
     2    0.021207    0.245051    0.287102    2.295905 v input19/X (sky130_fd_sc_hd__buf_1)
                                                         net19 (net)
                      0.245051    0.000448    2.296353 v fanout50/A (sky130_fd_sc_hd__buf_4)
    10    0.084767    0.204331    0.472821    2.769174 v fanout50/X (sky130_fd_sc_hd__buf_4)
                                                         net50 (net)
                      0.204433    0.004203    2.773377 v _469_/D (sky130_fd_sc_hd__or4_4)
     6    0.025876    0.225041    1.003993    3.777370 v _469_/X (sky130_fd_sc_hd__or4_4)
                                                         _306_ (net)
                      0.225041    0.000768    3.778139 v _474_/B1 (sky130_fd_sc_hd__a211o_1)
     3    0.010631    0.155094    0.639238    4.417377 v _474_/X (sky130_fd_sc_hd__a211o_1)
                                                         _360_ (net)
                      0.155094    0.000292    4.417669 v _481_/B1 (sky130_fd_sc_hd__a211o_1)
     4    0.010407    0.152832    0.609989    5.027658 v _481_/X (sky130_fd_sc_hd__a211o_1)
                                                         _410_ (net)
                      0.152832    0.000295    5.027953 v _484_/A1 (sky130_fd_sc_hd__a21o_1)
     4    0.013373    0.141312    0.403900    5.431853 v _484_/X (sky130_fd_sc_hd__a21o_1)
                                                         _413_ (net)
                      0.141312    0.000179    5.432032 v _494_/A2 (sky130_fd_sc_hd__a211o_1)
     3    0.013528    0.175372    0.675758    6.107790 v _494_/X (sky130_fd_sc_hd__a211o_1)
                                                         _423_ (net)
                      0.175372    0.000328    6.108117 v _496_/B1 (sky130_fd_sc_hd__a22o_1)
     3    0.009331    0.126447    0.427946    6.536063 v _496_/X (sky130_fd_sc_hd__a22o_1)
                                                         _425_ (net)
                      0.126447    0.000309    6.536372 v _499_/A (sky130_fd_sc_hd__and3_1)
     3    0.011657    0.144302    0.393798    6.930170 v _499_/X (sky130_fd_sc_hd__and3_1)
                                                         _428_ (net)
                      0.144302    0.000440    6.930610 v _509_/C1 (sky130_fd_sc_hd__a211o_4)
     3    0.015662    0.104766    0.548960    7.479570 v _509_/X (sky130_fd_sc_hd__a211o_4)
                                                         _438_ (net)
                      0.104766    0.000294    7.479864 v _515_/A2 (sky130_fd_sc_hd__a21oi_4)
     8    0.039552    0.478016    0.496889    7.976753 ^ _515_/Y (sky130_fd_sc_hd__a21oi_4)
                                                         _444_ (net)
                      0.478019    0.000876    7.977629 ^ _524_/S (sky130_fd_sc_hd__mux2_4)
     2    0.009190    0.097076    0.705980    8.683609 v _524_/X (sky130_fd_sc_hd__mux2_4)
                                                         _453_ (net)
                      0.097076    0.000246    8.683855 v _539_/A1 (sky130_fd_sc_hd__a221o_1)
     3    0.010209    0.163434    0.670998    9.354854 v _539_/X (sky130_fd_sc_hd__a221o_1)
                                                         _010_ (net)
                      0.163434    0.000236    9.355089 v _543_/A3 (sky130_fd_sc_hd__a311oi_2)
     4    0.014525    0.576486    0.693713   10.048802 ^ _543_/Y (sky130_fd_sc_hd__a311oi_2)
                                                         _014_ (net)
                      0.576486    0.000376   10.049178 ^ _548_/A (sky130_fd_sc_hd__nor2_1)
     2    0.010801    0.179952    0.340978   10.390156 v _548_/Y (sky130_fd_sc_hd__nor2_1)
                                                         _019_ (net)
                      0.179952    0.000460   10.390615 v _769_/A2 (sky130_fd_sc_hd__a211o_1)
     1    0.006767    0.120401    0.624562   11.015178 v _769_/X (sky130_fd_sc_hd__a211o_1)
                                                         _243_ (net)
                      0.120401    0.000281   11.015458 v _770_/A_N (sky130_fd_sc_hd__nand2b_1)
     1    0.002326    0.083773    0.305597   11.321055 v _770_/Y (sky130_fd_sc_hd__nand2b_1)
                                                         net24 (net)
                      0.083773    0.000068   11.321124 v output24/A (sky130_fd_sc_hd__buf_2)
     1    0.034665    0.167492    0.352147   11.673270 v output24/X (sky130_fd_sc_hd__buf_2)
                                                         op_out[3] (net)
                      0.167493    0.000828   11.674098 v op_out[3] (out)
                                             11.674098   data arrival time

                      0.000000   10.000000   10.000000   clock __VIRTUAL_CLK__ (rise edge)
                                  0.000000   10.000000   clock network delay (ideal)
                                 -0.250000    9.750000   clock uncertainty
                                  0.000000    9.750000   clock reconvergence pessimism
                                 -2.000000    7.750000   output external delay
                                              7.750000   data required time
---------------------------------------------------------------------------------------------
                                              7.750000   data required time
                                            -11.674098   data arrival time
---------------------------------------------------------------------------------------------
                                             -3.924098   slack (VIOLATED)


Startpoint: op_b[0] (input port clocked by __VIRTUAL_CLK__)
Endpoint: op_out[7] (output port clocked by __VIRTUAL_CLK__)
Path Group: __VIRTUAL_CLK__
Path Type: max

Fanout         Cap        Slew       Delay        Time   Description
---------------------------------------------------------------------------------------------
                      0.000000    0.000000    0.000000   clock __VIRTUAL_CLK__ (rise edge)
                                  0.000000    0.000000   clock network delay (ideal)
                                  2.000000    2.000000 ^ input external delay
     1    0.003145    0.034541    0.017616    2.017616 ^ op_b[0] (in)
                                                         op_b[0] (net)
                      0.034541    0.000000    2.017616 ^ input13/A (sky130_fd_sc_hd__clkbuf_2)
     4    0.027355    0.238964    0.296936    2.314553 ^ input13/X (sky130_fd_sc_hd__clkbuf_2)
                                                         net13 (net)
                      0.239050    0.001113    2.315665 ^ fanout66/A (sky130_fd_sc_hd__buf_4)
    10    0.040643    0.191823    0.377166    2.692831 ^ fanout66/X (sky130_fd_sc_hd__buf_4)
                                                         net66 (net)
                      0.191827    0.001256    2.694087 ^ fanout65/A (sky130_fd_sc_hd__clkbuf_4)
    10    0.034900    0.182381    0.386676    3.080763 ^ fanout65/X (sky130_fd_sc_hd__clkbuf_4)
                                                         net65 (net)
                      0.182381    0.000423    3.081185 ^ _458_/A (sky130_fd_sc_hd__inv_2)
     4    0.014486    0.082114    0.140273    3.221458 v _458_/Y (sky130_fd_sc_hd__inv_2)
                                                         _188_ (net)
                      0.082115    0.000315    3.221773 v fanout34/A (sky130_fd_sc_hd__clkbuf_4)
    10    0.046925    0.179176    0.362324    3.584097 v fanout34/X (sky130_fd_sc_hd__clkbuf_4)
                                                         net34 (net)
                      0.179187    0.001579    3.585675 v _536_/A (sky130_fd_sc_hd__nor2_4)
     4    0.016734    0.209070    0.292378    3.878053 ^ _536_/Y (sky130_fd_sc_hd__nor2_4)
                                                         _007_ (net)
                      0.209141    0.000616    3.878669 ^ _780_/C (sky130_fd_sc_hd__and3_1)
     2    0.006956    0.141894    0.402136    4.280805 ^ _780_/X (sky130_fd_sc_hd__and3_1)
                                                         _254_ (net)
                      0.141894    0.000084    4.280889 ^ rebuffer23/A (sky130_fd_sc_hd__dlymetal6s2s_1)
     1    0.005274    0.119160    0.230152    4.511041 ^ rebuffer23/X (sky130_fd_sc_hd__dlymetal6s2s_1)
                                                         net92 (net)
                      0.119160    0.000161    4.511202 ^ _805_/B1 (sky130_fd_sc_hd__a31oi_2)
     2    0.007203    0.180316    0.095573    4.606776 v _805_/Y (sky130_fd_sc_hd__a31oi_2)
                                                         _280_ (net)
                      0.180316    0.000175    4.606950 v _812_/A (sky130_fd_sc_hd__or3_1)
     2    0.005803    0.167264    0.931006    5.537956 v _812_/X (sky130_fd_sc_hd__or3_1)
                                                         _288_ (net)
                      0.167264    0.000112    5.538069 v _870_/A (sky130_fd_sc_hd__and3_1)
     2    0.004882    0.088514    0.358080    5.896149 v _870_/X (sky130_fd_sc_hd__and3_1)
                                                         _351_ (net)
                      0.088514    0.000075    5.896224 v _873_/B (sky130_fd_sc_hd__or3_1)
     3    0.007486    0.183854    0.869615    6.765840 v _873_/X (sky130_fd_sc_hd__or3_1)
                                                         _354_ (net)
                      0.183854    0.000152    6.765992 v _894_/B (sky130_fd_sc_hd__and2b_1)
     1    0.008889    0.114880    0.425397    7.191389 v _894_/X (sky130_fd_sc_hd__and2b_1)
                                                         _376_ (net)
                      0.114880    0.000195    7.191583 v _915_/A (sky130_fd_sc_hd__xnor2_2)
     1    0.005987    0.108223    0.264353    7.455936 v _915_/Y (sky130_fd_sc_hd__xnor2_2)
                                                         _399_ (net)
                      0.108223    0.000215    7.456151 v _916_/A (sky130_fd_sc_hd__xnor2_1)
     2    0.010423    0.203618    0.319350    7.775501 v _916_/Y (sky130_fd_sc_hd__xnor2_1)
                                                         _400_ (net)
                      0.203618    0.000563    7.776064 v _917_/B (sky130_fd_sc_hd__or2_1)
     1    0.003051    0.099007    0.512775    8.288839 v _917_/X (sky130_fd_sc_hd__or2_1)
                                                         _401_ (net)
                      0.099007    0.000092    8.288932 v _923_/A2 (sky130_fd_sc_hd__a311o_1)
     1    0.001782    0.083067    0.572451    8.861382 v _923_/X (sky130_fd_sc_hd__a311o_1)
                                                         net28 (net)
                      0.083067    0.000034    8.861416 v output28/A (sky130_fd_sc_hd__buf_2)
     1    0.034113    0.165256    0.350157    9.211573 v output28/X (sky130_fd_sc_hd__buf_2)
                                                         op_out[7] (net)
                      0.165256    0.000655    9.212228 v op_out[7] (out)
                                              9.212228   data arrival time

                      0.000000   10.000000   10.000000   clock __VIRTUAL_CLK__ (rise edge)
                                  0.000000   10.000000   clock network delay (ideal)
                                 -0.250000    9.750000   clock uncertainty
                                  0.000000    9.750000   clock reconvergence pessimism
                                 -2.000000    7.750000   output external delay
                                              7.750000   data required time
---------------------------------------------------------------------------------------------
                                              7.750000   data required time
                                             -9.212228   data arrival time
---------------------------------------------------------------------------------------------
                                             -1.462228   slack (VIOLATED)


Startpoint: op_b[0] (input port clocked by __VIRTUAL_CLK__)
Endpoint: op_out[5] (output port clocked by __VIRTUAL_CLK__)
Path Group: __VIRTUAL_CLK__
Path Type: max

Fanout         Cap        Slew       Delay        Time   Description
---------------------------------------------------------------------------------------------
                      0.000000    0.000000    0.000000   clock __VIRTUAL_CLK__ (rise edge)
                                  0.000000    0.000000   clock network delay (ideal)
                                  2.000000    2.000000 ^ input external delay
     1    0.003145    0.034541    0.017616    2.017616 ^ op_b[0] (in)
                                                         op_b[0] (net)
                      0.034541    0.000000    2.017616 ^ input13/A (sky130_fd_sc_hd__clkbuf_2)
     4    0.027355    0.238964    0.296936    2.314553 ^ input13/X (sky130_fd_sc_hd__clkbuf_2)
                                                         net13 (net)
                      0.239050    0.001113    2.315665 ^ fanout66/A (sky130_fd_sc_hd__buf_4)
    10    0.040643    0.191823    0.377166    2.692831 ^ fanout66/X (sky130_fd_sc_hd__buf_4)
                                                         net66 (net)
                      0.191827    0.001256    2.694087 ^ fanout65/A (sky130_fd_sc_hd__clkbuf_4)
    10    0.034900    0.182381    0.386676    3.080763 ^ fanout65/X (sky130_fd_sc_hd__clkbuf_4)
                                                         net65 (net)
                      0.182381    0.000423    3.081185 ^ _458_/A (sky130_fd_sc_hd__inv_2)
     4    0.014486    0.082114    0.140273    3.221458 v _458_/Y (sky130_fd_sc_hd__inv_2)
                                                         _188_ (net)
                      0.082115    0.000315    3.221773 v fanout34/A (sky130_fd_sc_hd__clkbuf_4)
    10    0.046925    0.179176    0.362324    3.584097 v fanout34/X (sky130_fd_sc_hd__clkbuf_4)
                                                         net34 (net)
                      0.179187    0.001579    3.585675 v _536_/A (sky130_fd_sc_hd__nor2_4)
     4    0.016734    0.209070    0.292378    3.878053 ^ _536_/Y (sky130_fd_sc_hd__nor2_4)
                                                         _007_ (net)
                      0.209141    0.000616    3.878669 ^ _780_/C (sky130_fd_sc_hd__and3_1)
     2    0.006956    0.141894    0.402136    4.280805 ^ _780_/X (sky130_fd_sc_hd__and3_1)
                                                         _254_ (net)
                      0.141894    0.000176    4.280981 ^ _781_/B1 (sky130_fd_sc_hd__a21oi_2)
     2    0.007473    0.098373    0.098627    4.379608 v _781_/Y (sky130_fd_sc_hd__a21oi_2)
                                                         _255_ (net)
                      0.098373    0.000145    4.379754 v rebuffer18/A (sky130_fd_sc_hd__buf_2)
     1    0.009558    0.070539    0.270552    4.650305 v rebuffer18/X (sky130_fd_sc_hd__buf_2)
                                                         net87 (net)
                      0.070539    0.000339    4.650644 v _782_/B (sky130_fd_sc_hd__xnor2_2)
     2    0.013419    0.335623    0.322030    4.972675 ^ _782_/Y (sky130_fd_sc_hd__xnor2_2)
                                                         _256_ (net)
                      0.335623    0.000412    4.973087 ^ _784_/B (sky130_fd_sc_hd__xnor2_2)
     2    0.009217    0.262424    0.314855    5.287942 ^ _784_/Y (sky130_fd_sc_hd__xnor2_2)
                                                         _258_ (net)
                      0.262424    0.000167    5.288108 ^ _785_/B (sky130_fd_sc_hd__nand2b_1)
     2    0.004895    0.119096    0.203629    5.491737 v _785_/Y (sky130_fd_sc_hd__nand2b_1)
                                                         _259_ (net)
                      0.119096    0.000106    5.491843 v _817_/B (sky130_fd_sc_hd__and3_1)
     1    0.003406    0.075763    0.360277    5.852120 v _817_/X (sky130_fd_sc_hd__and3_1)
                                                         _293_ (net)
                      0.075763    0.000100    5.852220 v _819_/A (sky130_fd_sc_hd__nor2_1)
     2    0.007921    0.268984    0.276144    6.128364 ^ _819_/Y (sky130_fd_sc_hd__nor2_1)
                                                         _296_ (net)
                      0.268984    0.000190    6.128554 ^ _820_/B (sky130_fd_sc_hd__xnor2_1)
     2    0.007161    0.326373    0.317941    6.446495 ^ _820_/Y (sky130_fd_sc_hd__xnor2_1)
                                                         _297_ (net)
                      0.326373    0.000227    6.446723 ^ _821_/B (sky130_fd_sc_hd__or2_4)
     3    0.013179    0.090096    0.337816    6.784539 ^ _821_/X (sky130_fd_sc_hd__or2_4)
                                                         _298_ (net)
                      0.090096    0.000250    6.784789 ^ _824_/A (sky130_fd_sc_hd__nand2_1)
     3    0.009297    0.169017    0.181488    6.966277 v _824_/Y (sky130_fd_sc_hd__nand2_1)
                                                         _301_ (net)
                      0.169017    0.000277    6.966553 v _827_/A2 (sky130_fd_sc_hd__o21a_1)
     1    0.003141    0.068032    0.350986    7.317539 v _827_/X (sky130_fd_sc_hd__o21a_1)
                                                         _304_ (net)
                      0.068032    0.000070    7.317609 v _840_/B2 (sky130_fd_sc_hd__a221o_1)
     1    0.002474    0.088454    0.579611    7.897220 v _840_/X (sky130_fd_sc_hd__a221o_1)
                                                         _319_ (net)
                      0.088454    0.000052    7.897272 v _842_/B (sky130_fd_sc_hd__or3_1)
     1    0.005568    0.165846    0.843766    8.741037 v _842_/X (sky130_fd_sc_hd__or3_1)
                                                         net26 (net)
                      0.165846    0.000222    8.741260 v output26/A (sky130_fd_sc_hd__clkbuf_4)
     1    0.035132    0.141859    0.372443    9.113702 v output26/X (sky130_fd_sc_hd__clkbuf_4)
                                                         op_out[5] (net)
                      0.141863    0.000930    9.114632 v op_out[5] (out)
                                              9.114632   data arrival time

                      0.000000   10.000000   10.000000   clock __VIRTUAL_CLK__ (rise edge)
                                  0.000000   10.000000   clock network delay (ideal)
                                 -0.250000    9.750000   clock uncertainty
                                  0.000000    9.750000   clock reconvergence pessimism
                                 -2.000000    7.750000   output external delay
                                              7.750000   data required time
---------------------------------------------------------------------------------------------
                                              7.750000   data required time
                                             -9.114632   data arrival time
---------------------------------------------------------------------------------------------
                                             -1.364632   slack (VIOLATED)


Startpoint: op_b[6] (input port clocked by __VIRTUAL_CLK__)
Endpoint: op_out[4] (output port clocked by __VIRTUAL_CLK__)
Path Group: __VIRTUAL_CLK__
Path Type: max

Fanout         Cap        Slew       Delay        Time   Description
---------------------------------------------------------------------------------------------
                      0.000000    0.000000    0.000000   clock __VIRTUAL_CLK__ (rise edge)
                                  0.000000    0.000000   clock network delay (ideal)
                                  2.000000    2.000000 v input external delay
     1    0.002662    0.017937    0.008803    2.008803 v op_b[6] (in)
                                                         op_b[6] (net)
                      0.017937    0.000000    2.008803 v input19/A (sky130_fd_sc_hd__buf_1)
     2    0.021207    0.245051    0.287102    2.295905 v input19/X (sky130_fd_sc_hd__buf_1)
                                                         net19 (net)
                      0.245051    0.000448    2.296353 v fanout50/A (sky130_fd_sc_hd__buf_4)
    10    0.084767    0.204331    0.472821    2.769174 v fanout50/X (sky130_fd_sc_hd__buf_4)
                                                         net50 (net)
                      0.204433    0.004203    2.773377 v _469_/D (sky130_fd_sc_hd__or4_4)
     6    0.025876    0.225041    1.003993    3.777370 v _469_/X (sky130_fd_sc_hd__or4_4)
                                                         _306_ (net)
                      0.225041    0.000768    3.778139 v _474_/B1 (sky130_fd_sc_hd__a211o_1)
     3    0.010631    0.155094    0.639238    4.417377 v _474_/X (sky130_fd_sc_hd__a211o_1)
                                                         _360_ (net)
                      0.155094    0.000292    4.417669 v _481_/B1 (sky130_fd_sc_hd__a211o_1)
     4    0.010407    0.152832    0.609989    5.027658 v _481_/X (sky130_fd_sc_hd__a211o_1)
                                                         _410_ (net)
                      0.152832    0.000295    5.027953 v _484_/A1 (sky130_fd_sc_hd__a21o_1)
     4    0.013373    0.141312    0.403900    5.431853 v _484_/X (sky130_fd_sc_hd__a21o_1)
                                                         _413_ (net)
                      0.141312    0.000179    5.432032 v _494_/A2 (sky130_fd_sc_hd__a211o_1)
     3    0.013528    0.175372    0.675758    6.107790 v _494_/X (sky130_fd_sc_hd__a211o_1)
                                                         _423_ (net)
                      0.175372    0.000328    6.108117 v _496_/B1 (sky130_fd_sc_hd__a22o_1)
     3    0.009331    0.126447    0.427946    6.536063 v _496_/X (sky130_fd_sc_hd__a22o_1)
                                                         _425_ (net)
                      0.126447    0.000309    6.536372 v _499_/A (sky130_fd_sc_hd__and3_1)
     3    0.011657    0.144302    0.393798    6.930170 v _499_/X (sky130_fd_sc_hd__and3_1)
                                                         _428_ (net)
                      0.144302    0.000440    6.930610 v _509_/C1 (sky130_fd_sc_hd__a211o_4)
     3    0.015662    0.104766    0.548960    7.479570 v _509_/X (sky130_fd_sc_hd__a211o_4)
                                                         _438_ (net)
                      0.104766    0.000294    7.479864 v _515_/A2 (sky130_fd_sc_hd__a21oi_4)
     8    0.039552    0.478016    0.496889    7.976753 ^ _515_/Y (sky130_fd_sc_hd__a21oi_4)
                                                         _444_ (net)
                      0.478021    0.001203    7.977956 ^ _797_/A2 (sky130_fd_sc_hd__a211oi_1)
     1    0.004920    0.166650    0.314463    8.292419 v _797_/Y (sky130_fd_sc_hd__a211oi_1)
                                                         _272_ (net)
                      0.166650    0.000187    8.292606 v _798_/B1 (sky130_fd_sc_hd__o31ai_1)
     1    0.004891    0.417670    0.169745    8.462351 ^ _798_/Y (sky130_fd_sc_hd__o31ai_1)
                                                         net25 (net)
                      0.417670    0.000180    8.462531 ^ output25/A (sky130_fd_sc_hd__buf_4)
     1    0.034539    0.168494    0.430748    8.893279 ^ output25/X (sky130_fd_sc_hd__buf_4)
                                                         op_out[4] (net)
                      0.168495    0.000822    8.894102 ^ op_out[4] (out)
                                              8.894102   data arrival time

                      0.000000   10.000000   10.000000   clock __VIRTUAL_CLK__ (rise edge)
                                  0.000000   10.000000   clock network delay (ideal)
                                 -0.250000    9.750000   clock uncertainty
                                  0.000000    9.750000   clock reconvergence pessimism
                                 -2.000000    7.750000   output external delay
                                              7.750000   data required time
---------------------------------------------------------------------------------------------
                                              7.750000   data required time
                                             -8.894102   data arrival time
---------------------------------------------------------------------------------------------
                                             -1.144102   slack (VIOLATED)


Startpoint: op_b[0] (input port clocked by __VIRTUAL_CLK__)
Endpoint: op_out[6] (output port clocked by __VIRTUAL_CLK__)
Path Group: __VIRTUAL_CLK__
Path Type: max

Fanout         Cap        Slew       Delay        Time   Description
---------------------------------------------------------------------------------------------
                      0.000000    0.000000    0.000000   clock __VIRTUAL_CLK__ (rise edge)
                                  0.000000    0.000000   clock network delay (ideal)
                                  2.000000    2.000000 ^ input external delay
     1    0.003145    0.034541    0.017616    2.017616 ^ op_b[0] (in)
                                                         op_b[0] (net)
                      0.034541    0.000000    2.017616 ^ input13/A (sky130_fd_sc_hd__clkbuf_2)
     4    0.027355    0.238964    0.296936    2.314553 ^ input13/X (sky130_fd_sc_hd__clkbuf_2)
                                                         net13 (net)
                      0.239050    0.001113    2.315665 ^ fanout66/A (sky130_fd_sc_hd__buf_4)
    10    0.040643    0.191823    0.377166    2.692831 ^ fanout66/X (sky130_fd_sc_hd__buf_4)
                                                         net66 (net)
                      0.191827    0.001256    2.694087 ^ fanout65/A (sky130_fd_sc_hd__clkbuf_4)
    10    0.034900    0.182381    0.386676    3.080763 ^ fanout65/X (sky130_fd_sc_hd__clkbuf_4)
                                                         net65 (net)
                      0.182381    0.000423    3.081185 ^ _458_/A (sky130_fd_sc_hd__inv_2)
     4    0.014486    0.082114    0.140273    3.221458 v _458_/Y (sky130_fd_sc_hd__inv_2)
                                                         _188_ (net)
                      0.082115    0.000315    3.221773 v fanout34/A (sky130_fd_sc_hd__clkbuf_4)
    10    0.046925    0.179176    0.362324    3.584097 v fanout34/X (sky130_fd_sc_hd__clkbuf_4)
                                                         net34 (net)
                      0.179187    0.001579    3.585675 v _536_/A (sky130_fd_sc_hd__nor2_4)
     4    0.016734    0.209070    0.292378    3.878053 ^ _536_/Y (sky130_fd_sc_hd__nor2_4)
                                                         _007_ (net)
                      0.209141    0.000616    3.878669 ^ _780_/C (sky130_fd_sc_hd__and3_1)
     2    0.006956    0.141894    0.402136    4.280805 ^ _780_/X (sky130_fd_sc_hd__and3_1)
                                                         _254_ (net)
                      0.141894    0.000084    4.280889 ^ rebuffer23/A (sky130_fd_sc_hd__dlymetal6s2s_1)
     1    0.005274    0.119160    0.230152    4.511041 ^ rebuffer23/X (sky130_fd_sc_hd__dlymetal6s2s_1)
                                                         net92 (net)
                      0.119160    0.000161    4.511202 ^ _805_/B1 (sky130_fd_sc_hd__a31oi_2)
     2    0.007203    0.180316    0.095573    4.606776 v _805_/Y (sky130_fd_sc_hd__a31oi_2)
                                                         _280_ (net)
                      0.180316    0.000175    4.606950 v _812_/A (sky130_fd_sc_hd__or3_1)
     2    0.005803    0.167264    0.931006    5.537956 v _812_/X (sky130_fd_sc_hd__or3_1)
                                                         _288_ (net)
                      0.167264    0.000112    5.538069 v _870_/A (sky130_fd_sc_hd__and3_1)
     2    0.004882    0.088514    0.358080    5.896149 v _870_/X (sky130_fd_sc_hd__and3_1)
                                                         _351_ (net)
                      0.088514    0.000075    5.896224 v _873_/B (sky130_fd_sc_hd__or3_1)
     3    0.007486    0.183854    0.869615    6.765840 v _873_/X (sky130_fd_sc_hd__or3_1)
                                                         _354_ (net)
                      0.183854    0.000200    6.766039 v _874_/B (sky130_fd_sc_hd__nand2_1)
     1    0.006714    0.127234    0.193144    6.959183 ^ _874_/Y (sky130_fd_sc_hd__nand2_1)
                                                         _355_ (net)
                      0.127234    0.000261    6.959444 ^ _876_/B (sky130_fd_sc_hd__xnor2_1)
     2    0.010957    0.450501    0.303088    7.262532 ^ _876_/Y (sky130_fd_sc_hd__xnor2_1)
                                                         _357_ (net)
                      0.450501    0.000469    7.263001 ^ _877_/A (sky130_fd_sc_hd__xnor2_1)
     2    0.004715    0.139339    0.291376    7.554377 v _877_/Y (sky130_fd_sc_hd__xnor2_1)
                                                         _358_ (net)
                      0.139339    0.000118    7.554495 v _878_/B (sky130_fd_sc_hd__or2_1)
     1    0.002892    0.097130    0.484088    8.038584 v _878_/X (sky130_fd_sc_hd__or2_1)
                                                         _359_ (net)
                      0.097130    0.000083    8.038667 v _885_/A2 (sky130_fd_sc_hd__a31o_1)
     1    0.002639    0.064386    0.373483    8.412149 v _885_/X (sky130_fd_sc_hd__a31o_1)
                                                         net27 (net)
                      0.064386    0.000076    8.412226 v output27/A (sky130_fd_sc_hd__clkbuf_4)
     1    0.034221    0.138794    0.322393    8.734618 v output27/X (sky130_fd_sc_hd__clkbuf_4)
                                                         op_out[6] (net)
                      0.138795    0.000704    8.735323 v op_out[6] (out)
                                              8.735323   data arrival time

                      0.000000   10.000000   10.000000   clock __VIRTUAL_CLK__ (rise edge)
                                  0.000000   10.000000   clock network delay (ideal)
                                 -0.250000    9.750000   clock uncertainty
                                  0.000000    9.750000   clock reconvergence pessimism
                                 -2.000000    7.750000   output external delay
                                              7.750000   data required time
---------------------------------------------------------------------------------------------
                                              7.750000   data required time
                                             -8.735323   data arrival time
---------------------------------------------------------------------------------------------
                                             -0.985323   slack (VIOLATED)



%OL_END_REPORT
%OL_CREATE_REPORT checks.rpt

===========================================================================
report_checks -unconstrained
===========================================================================
======================= nom_ss_100C_1v60 Corner ===================================

Startpoint: op_b[6] (input port clocked by __VIRTUAL_CLK__)
Endpoint: op_out[0] (output port clocked by __VIRTUAL_CLK__)
Path Group: __VIRTUAL_CLK__
Path Type: max

Fanout         Cap        Slew       Delay        Time   Description
---------------------------------------------------------------------------------------------
                      0.000000    0.000000    0.000000   clock __VIRTUAL_CLK__ (rise edge)
                                  0.000000    0.000000   clock network delay (ideal)
                                  2.000000    2.000000 v input external delay
     1    0.002662    0.017937    0.008803    2.008803 v op_b[6] (in)
                                                         op_b[6] (net)
                      0.017937    0.000000    2.008803 v input19/A (sky130_fd_sc_hd__buf_1)
     2    0.021207    0.245051    0.287102    2.295905 v input19/X (sky130_fd_sc_hd__buf_1)
                                                         net19 (net)
                      0.245051    0.000448    2.296353 v fanout50/A (sky130_fd_sc_hd__buf_4)
    10    0.084767    0.204331    0.472821    2.769174 v fanout50/X (sky130_fd_sc_hd__buf_4)
                                                         net50 (net)
                      0.204433    0.004203    2.773377 v _469_/D (sky130_fd_sc_hd__or4_4)
     6    0.025876    0.225041    1.003993    3.777370 v _469_/X (sky130_fd_sc_hd__or4_4)
                                                         _306_ (net)
                      0.225041    0.000768    3.778139 v _474_/B1 (sky130_fd_sc_hd__a211o_1)
     3    0.010631    0.155094    0.639238    4.417377 v _474_/X (sky130_fd_sc_hd__a211o_1)
                                                         _360_ (net)
                      0.155094    0.000292    4.417669 v _481_/B1 (sky130_fd_sc_hd__a211o_1)
     4    0.010407    0.152832    0.609989    5.027658 v _481_/X (sky130_fd_sc_hd__a211o_1)
                                                         _410_ (net)
                      0.152832    0.000295    5.027953 v _484_/A1 (sky130_fd_sc_hd__a21o_1)
     4    0.013373    0.141312    0.403900    5.431853 v _484_/X (sky130_fd_sc_hd__a21o_1)
                                                         _413_ (net)
                      0.141312    0.000179    5.432032 v _494_/A2 (sky130_fd_sc_hd__a211o_1)
     3    0.013528    0.175372    0.675758    6.107790 v _494_/X (sky130_fd_sc_hd__a211o_1)
                                                         _423_ (net)
                      0.175372    0.000328    6.108117 v _496_/B1 (sky130_fd_sc_hd__a22o_1)
     3    0.009331    0.126447    0.427946    6.536063 v _496_/X (sky130_fd_sc_hd__a22o_1)
                                                         _425_ (net)
                      0.126447    0.000309    6.536372 v _499_/A (sky130_fd_sc_hd__and3_1)
     3    0.011657    0.144302    0.393798    6.930170 v _499_/X (sky130_fd_sc_hd__and3_1)
                                                         _428_ (net)
                      0.144302    0.000440    6.930610 v _509_/C1 (sky130_fd_sc_hd__a211o_4)
     3    0.015662    0.104766    0.548960    7.479570 v _509_/X (sky130_fd_sc_hd__a211o_4)
                                                         _438_ (net)
                      0.104766    0.000294    7.479864 v _515_/A2 (sky130_fd_sc_hd__a21oi_4)
     8    0.039552    0.478016    0.496889    7.976753 ^ _515_/Y (sky130_fd_sc_hd__a21oi_4)
                                                         _444_ (net)
                      0.478019    0.000876    7.977629 ^ _524_/S (sky130_fd_sc_hd__mux2_4)
     2    0.009190    0.097076    0.705980    8.683609 v _524_/X (sky130_fd_sc_hd__mux2_4)
                                                         _453_ (net)
                      0.097076    0.000246    8.683855 v _539_/A1 (sky130_fd_sc_hd__a221o_1)
     3    0.010209    0.163434    0.670998    9.354854 v _539_/X (sky130_fd_sc_hd__a221o_1)
                                                         _010_ (net)
                      0.163434    0.000236    9.355089 v _543_/A3 (sky130_fd_sc_hd__a311oi_2)
     4    0.014525    0.576486    0.693713   10.048802 ^ _543_/Y (sky130_fd_sc_hd__a311oi_2)
                                                         _014_ (net)
                      0.576486    0.000259   10.049062 ^ _572_/A (sky130_fd_sc_hd__or3_4)
     4    0.011723    0.086539    0.453013   10.502074 ^ _572_/X (sky130_fd_sc_hd__or3_4)
                                                         _043_ (net)
                      0.086539    0.000256   10.502330 ^ _574_/B (sky130_fd_sc_hd__and3_1)
     3    0.008097    0.157787    0.360964   10.863294 ^ _574_/X (sky130_fd_sc_hd__and3_1)
                                                         _045_ (net)
                      0.157787    0.000231   10.863524 ^ rebuffer9/A (sky130_fd_sc_hd__dlygate4sd3_1)
     1    0.003104    0.095308    1.080481   11.944005 ^ rebuffer9/X (sky130_fd_sc_hd__dlygate4sd3_1)
                                                         net78 (net)
                      0.095308    0.000090   11.944095 ^ _587_/B1 (sky130_fd_sc_hd__a21o_1)
     2    0.004882    0.091806    0.169791   12.113886 ^ _587_/X (sky130_fd_sc_hd__a21o_1)
                                                         _058_ (net)
                      0.091806    0.000135   12.114021 ^ _588_/C_N (sky130_fd_sc_hd__or3b_1)
     1    0.009639    0.208691    0.902479   13.016500 v _588_/X (sky130_fd_sc_hd__or3b_1)
                                                         _059_ (net)
                      0.208691    0.000317   13.016817 v _590_/A1 (sky130_fd_sc_hd__a311oi_4)
     2    0.010720    0.405557    0.466247   13.483064 ^ _590_/Y (sky130_fd_sc_hd__a311oi_4)
                                                         _061_ (net)
                      0.405557    0.000234   13.483298 ^ rebuffer6/A (sky130_fd_sc_hd__buf_6)
     3    0.019186    0.084040    0.320029   13.803328 ^ rebuffer6/X (sky130_fd_sc_hd__buf_6)
                                                         net75 (net)
                      0.084043    0.000599   13.803926 ^ _615_/S (sky130_fd_sc_hd__mux2_4)
     4    0.016723    0.116596    0.608858   14.412785 v _615_/X (sky130_fd_sc_hd__mux2_4)
                                                         _086_ (net)
                      0.116597    0.000579   14.413363 v _623_/A2 (sky130_fd_sc_hd__o22a_1)
     2    0.006059    0.115916    0.413221   14.826584 v _623_/X (sky130_fd_sc_hd__o22a_1)
                                                         _094_ (net)
                      0.115916    0.000139   14.826722 v _624_/B (sky130_fd_sc_hd__or4bb_4)
     4    0.018697    0.200507    1.121260   15.947983 v _624_/X (sky130_fd_sc_hd__or4bb_4)
                                                         _095_ (net)
                      0.200507    0.000291   15.948275 v _628_/A1 (sky130_fd_sc_hd__a21oi_4)
     3    0.015227    0.240823    0.324478   16.272753 ^ _628_/Y (sky130_fd_sc_hd__a21oi_4)
                                                         _099_ (net)
                      0.240823    0.000313   16.273066 ^ fanout29/A (sky130_fd_sc_hd__buf_6)
    10    0.044073    0.151919    0.318812   16.591877 ^ fanout29/X (sky130_fd_sc_hd__buf_6)
                                                         net29 (net)
                      0.151982    0.002908   16.594784 ^ _665_/S (sky130_fd_sc_hd__mux2_2)
     3    0.008322    0.117333    0.743480   17.338264 v _665_/X (sky130_fd_sc_hd__mux2_2)
                                                         _136_ (net)
                      0.117333    0.000174   17.338438 v _669_/A2 (sky130_fd_sc_hd__a21o_1)
     1    0.002926    0.060819    0.334305   17.672743 v _669_/X (sky130_fd_sc_hd__a21o_1)
                                                         _140_ (net)
                      0.060819    0.000062   17.672806 v _671_/A1 (sky130_fd_sc_hd__o211a_1)
     1    0.004230    0.084800    0.414655   18.087461 v _671_/X (sky130_fd_sc_hd__o211a_1)
                                                         _142_ (net)
                      0.084800    0.000174   18.087635 v _672_/B2 (sky130_fd_sc_hd__o221a_1)
     1    0.002514    0.088255    0.393179   18.480814 v _672_/X (sky130_fd_sc_hd__o221a_1)
                                                         _143_ (net)
                      0.088255    0.000048   18.480862 v _675_/A2 (sky130_fd_sc_hd__o21a_1)
     1    0.003044    0.067319    0.315467   18.796329 v _675_/X (sky130_fd_sc_hd__o21a_1)
                                                         _146_ (net)
                      0.067319    0.000089   18.796417 v _679_/A2 (sky130_fd_sc_hd__o21a_1)
     1    0.007770    0.108397    0.351481   19.147898 v _679_/X (sky130_fd_sc_hd__o21a_1)
                                                         _150_ (net)
                      0.108397    0.000306   19.148203 v _700_/B (sky130_fd_sc_hd__or3_4)
     1    0.007713    0.129700    0.747372   19.895576 v _700_/X (sky130_fd_sc_hd__or3_4)
                                                         net21 (net)
                      0.129700    0.000256   19.895832 v output21/A (sky130_fd_sc_hd__buf_8)
     1    0.035047    0.068481    0.268150   20.163980 v output21/X (sky130_fd_sc_hd__buf_8)
                                                         op_out[0] (net)
                      0.068493    0.000908   20.164888 v op_out[0] (out)
                                             20.164888   data arrival time

                      0.000000   10.000000   10.000000   clock __VIRTUAL_CLK__ (rise edge)
                                  0.000000   10.000000   clock network delay (ideal)
                                 -0.250000    9.750000   clock uncertainty
                                  0.000000    9.750000   clock reconvergence pessimism
                                 -2.000000    7.750000   output external delay
                                              7.750000   data required time
---------------------------------------------------------------------------------------------
                                              7.750000   data required time
                                            -20.164888   data arrival time
---------------------------------------------------------------------------------------------
                                            -12.414889   slack (VIOLATED)




===========================================================================
report_checks --slack_max -0.01
============================================================================
======================= nom_ss_100C_1v60 Corner ===================================

Startpoint: op_b[6] (input port clocked by __VIRTUAL_CLK__)
Endpoint: op_out[0] (output port clocked by __VIRTUAL_CLK__)
Path Group: __VIRTUAL_CLK__
Path Type: max

Fanout         Cap        Slew       Delay        Time   Description
---------------------------------------------------------------------------------------------
                      0.000000    0.000000    0.000000   clock __VIRTUAL_CLK__ (rise edge)
                                  0.000000    0.000000   clock network delay (ideal)
                                  2.000000    2.000000 v input external delay
     1    0.002662    0.017937    0.008803    2.008803 v op_b[6] (in)
                                                         op_b[6] (net)
                      0.017937    0.000000    2.008803 v input19/A (sky130_fd_sc_hd__buf_1)
     2    0.021207    0.245051    0.287102    2.295905 v input19/X (sky130_fd_sc_hd__buf_1)
                                                         net19 (net)
                      0.245051    0.000448    2.296353 v fanout50/A (sky130_fd_sc_hd__buf_4)
    10    0.084767    0.204331    0.472821    2.769174 v fanout50/X (sky130_fd_sc_hd__buf_4)
                                                         net50 (net)
                      0.204433    0.004203    2.773377 v _469_/D (sky130_fd_sc_hd__or4_4)
     6    0.025876    0.225041    1.003993    3.777370 v _469_/X (sky130_fd_sc_hd__or4_4)
                                                         _306_ (net)
                      0.225041    0.000768    3.778139 v _474_/B1 (sky130_fd_sc_hd__a211o_1)
     3    0.010631    0.155094    0.639238    4.417377 v _474_/X (sky130_fd_sc_hd__a211o_1)
                                                         _360_ (net)
                      0.155094    0.000292    4.417669 v _481_/B1 (sky130_fd_sc_hd__a211o_1)
     4    0.010407    0.152832    0.609989    5.027658 v _481_/X (sky130_fd_sc_hd__a211o_1)
                                                         _410_ (net)
                      0.152832    0.000295    5.027953 v _484_/A1 (sky130_fd_sc_hd__a21o_1)
     4    0.013373    0.141312    0.403900    5.431853 v _484_/X (sky130_fd_sc_hd__a21o_1)
                                                         _413_ (net)
                      0.141312    0.000179    5.432032 v _494_/A2 (sky130_fd_sc_hd__a211o_1)
     3    0.013528    0.175372    0.675758    6.107790 v _494_/X (sky130_fd_sc_hd__a211o_1)
                                                         _423_ (net)
                      0.175372    0.000328    6.108117 v _496_/B1 (sky130_fd_sc_hd__a22o_1)
     3    0.009331    0.126447    0.427946    6.536063 v _496_/X (sky130_fd_sc_hd__a22o_1)
                                                         _425_ (net)
                      0.126447    0.000309    6.536372 v _499_/A (sky130_fd_sc_hd__and3_1)
     3    0.011657    0.144302    0.393798    6.930170 v _499_/X (sky130_fd_sc_hd__and3_1)
                                                         _428_ (net)
                      0.144302    0.000440    6.930610 v _509_/C1 (sky130_fd_sc_hd__a211o_4)
     3    0.015662    0.104766    0.548960    7.479570 v _509_/X (sky130_fd_sc_hd__a211o_4)
                                                         _438_ (net)
                      0.104766    0.000294    7.479864 v _515_/A2 (sky130_fd_sc_hd__a21oi_4)
     8    0.039552    0.478016    0.496889    7.976753 ^ _515_/Y (sky130_fd_sc_hd__a21oi_4)
                                                         _444_ (net)
                      0.478019    0.000876    7.977629 ^ _524_/S (sky130_fd_sc_hd__mux2_4)
     2    0.009190    0.097076    0.705980    8.683609 v _524_/X (sky130_fd_sc_hd__mux2_4)
                                                         _453_ (net)
                      0.097076    0.000246    8.683855 v _539_/A1 (sky130_fd_sc_hd__a221o_1)
     3    0.010209    0.163434    0.670998    9.354854 v _539_/X (sky130_fd_sc_hd__a221o_1)
                                                         _010_ (net)
                      0.163434    0.000236    9.355089 v _543_/A3 (sky130_fd_sc_hd__a311oi_2)
     4    0.014525    0.576486    0.693713   10.048802 ^ _543_/Y (sky130_fd_sc_hd__a311oi_2)
                                                         _014_ (net)
                      0.576486    0.000259   10.049062 ^ _572_/A (sky130_fd_sc_hd__or3_4)
     4    0.011723    0.086539    0.453013   10.502074 ^ _572_/X (sky130_fd_sc_hd__or3_4)
                                                         _043_ (net)
                      0.086539    0.000256   10.502330 ^ _574_/B (sky130_fd_sc_hd__and3_1)
     3    0.008097    0.157787    0.360964   10.863294 ^ _574_/X (sky130_fd_sc_hd__and3_1)
                                                         _045_ (net)
                      0.157787    0.000231   10.863524 ^ rebuffer9/A (sky130_fd_sc_hd__dlygate4sd3_1)
     1    0.003104    0.095308    1.080481   11.944005 ^ rebuffer9/X (sky130_fd_sc_hd__dlygate4sd3_1)
                                                         net78 (net)
                      0.095308    0.000090   11.944095 ^ _587_/B1 (sky130_fd_sc_hd__a21o_1)
     2    0.004882    0.091806    0.169791   12.113886 ^ _587_/X (sky130_fd_sc_hd__a21o_1)
                                                         _058_ (net)
                      0.091806    0.000135   12.114021 ^ _588_/C_N (sky130_fd_sc_hd__or3b_1)
     1    0.009639    0.208691    0.902479   13.016500 v _588_/X (sky130_fd_sc_hd__or3b_1)
                                                         _059_ (net)
                      0.208691    0.000317   13.016817 v _590_/A1 (sky130_fd_sc_hd__a311oi_4)
     2    0.010720    0.405557    0.466247   13.483064 ^ _590_/Y (sky130_fd_sc_hd__a311oi_4)
                                                         _061_ (net)
                      0.405557    0.000234   13.483298 ^ rebuffer6/A (sky130_fd_sc_hd__buf_6)
     3    0.019186    0.084040    0.320029   13.803328 ^ rebuffer6/X (sky130_fd_sc_hd__buf_6)
                                                         net75 (net)
                      0.084043    0.000599   13.803926 ^ _615_/S (sky130_fd_sc_hd__mux2_4)
     4    0.016723    0.116596    0.608858   14.412785 v _615_/X (sky130_fd_sc_hd__mux2_4)
                                                         _086_ (net)
                      0.116597    0.000579   14.413363 v _623_/A2 (sky130_fd_sc_hd__o22a_1)
     2    0.006059    0.115916    0.413221   14.826584 v _623_/X (sky130_fd_sc_hd__o22a_1)
                                                         _094_ (net)
                      0.115916    0.000139   14.826722 v _624_/B (sky130_fd_sc_hd__or4bb_4)
     4    0.018697    0.200507    1.121260   15.947983 v _624_/X (sky130_fd_sc_hd__or4bb_4)
                                                         _095_ (net)
                      0.200507    0.000291   15.948275 v _628_/A1 (sky130_fd_sc_hd__a21oi_4)
     3    0.015227    0.240823    0.324478   16.272753 ^ _628_/Y (sky130_fd_sc_hd__a21oi_4)
                                                         _099_ (net)
                      0.240823    0.000313   16.273066 ^ fanout29/A (sky130_fd_sc_hd__buf_6)
    10    0.044073    0.151919    0.318812   16.591877 ^ fanout29/X (sky130_fd_sc_hd__buf_6)
                                                         net29 (net)
                      0.151982    0.002908   16.594784 ^ _665_/S (sky130_fd_sc_hd__mux2_2)
     3    0.008322    0.117333    0.743480   17.338264 v _665_/X (sky130_fd_sc_hd__mux2_2)
                                                         _136_ (net)
                      0.117333    0.000174   17.338438 v _669_/A2 (sky130_fd_sc_hd__a21o_1)
     1    0.002926    0.060819    0.334305   17.672743 v _669_/X (sky130_fd_sc_hd__a21o_1)
                                                         _140_ (net)
                      0.060819    0.000062   17.672806 v _671_/A1 (sky130_fd_sc_hd__o211a_1)
     1    0.004230    0.084800    0.414655   18.087461 v _671_/X (sky130_fd_sc_hd__o211a_1)
                                                         _142_ (net)
                      0.084800    0.000174   18.087635 v _672_/B2 (sky130_fd_sc_hd__o221a_1)
     1    0.002514    0.088255    0.393179   18.480814 v _672_/X (sky130_fd_sc_hd__o221a_1)
                                                         _143_ (net)
                      0.088255    0.000048   18.480862 v _675_/A2 (sky130_fd_sc_hd__o21a_1)
     1    0.003044    0.067319    0.315467   18.796329 v _675_/X (sky130_fd_sc_hd__o21a_1)
                                                         _146_ (net)
                      0.067319    0.000089   18.796417 v _679_/A2 (sky130_fd_sc_hd__o21a_1)
     1    0.007770    0.108397    0.351481   19.147898 v _679_/X (sky130_fd_sc_hd__o21a_1)
                                                         _150_ (net)
                      0.108397    0.000306   19.148203 v _700_/B (sky130_fd_sc_hd__or3_4)
     1    0.007713    0.129700    0.747372   19.895576 v _700_/X (sky130_fd_sc_hd__or3_4)
                                                         net21 (net)
                      0.129700    0.000256   19.895832 v output21/A (sky130_fd_sc_hd__buf_8)
     1    0.035047    0.068481    0.268150   20.163980 v output21/X (sky130_fd_sc_hd__buf_8)
                                                         op_out[0] (net)
                      0.068493    0.000908   20.164888 v op_out[0] (out)
                                             20.164888   data arrival time

                      0.000000   10.000000   10.000000   clock __VIRTUAL_CLK__ (rise edge)
                                  0.000000   10.000000   clock network delay (ideal)
                                 -0.250000    9.750000   clock uncertainty
                                  0.000000    9.750000   clock reconvergence pessimism
                                 -2.000000    7.750000   output external delay
                                              7.750000   data required time
---------------------------------------------------------------------------------------------
                                              7.750000   data required time
                                            -20.164888   data arrival time
---------------------------------------------------------------------------------------------
                                            -12.414889   slack (VIOLATED)




===========================================================================
 report_check_types -max_slew -max_cap -max_fanout -violators
============================================================================
======================= nom_ss_100C_1v60 Corner ===================================

max slew

Pin                                        Limit        Slew       Slack
------------------------------------------------------------------------
_546_/Y                                 0.750000    0.788493   -0.038493 (VIOLATED)
_571_/A2                                0.750000    0.788493   -0.038493 (VIOLATED)
_579_/A2                                0.750000    0.788493   -0.038493 (VIOLATED)
max_cap31/A                             0.750000    0.788493   -0.038493 (VIOLATED)



===========================================================================
report_parasitic_annotation -report_unannotated
============================================================================
Found 0 unannotated drivers.
Found 0 partially unannotated drivers.

===========================================================================
max slew violation count 4
%OL_METRIC_I design__max_slew_violation__count__corner:nom_ss_100C_1v60 4
max fanout violation count 0
%OL_METRIC_I design__max_fanout_violation__count__corner:nom_ss_100C_1v60 0
max cap violation count 0
%OL_METRIC_I design__max_cap_violation__count__corner:nom_ss_100C_1v60 0
============================================================================

===========================================================================
check_setup -verbose -unconstrained_endpoints -multiple_clock -no_clock -no_input_delay -loops -generated_clocks
===========================================================================
%OL_END_REPORT
%OL_CREATE_REPORT power.rpt

===========================================================================
 report_power
============================================================================
======================= nom_ss_100C_1v60 Corner ===================================

Group                    Internal    Switching      Leakage        Total
                            Power        Power        Power        Power (Watts)
------------------------------------------------------------------------
Sequential           0.000000e+00 0.000000e+00 0.000000e+00 0.000000e+00   0.0%
Combinational        1.088056e-04 1.247463e-04 2.430227e-06 2.359821e-04 100.0%
Clock                0.000000e+00 0.000000e+00 1.159359e-09 1.159359e-09   0.0%
Macro                0.000000e+00 0.000000e+00 0.000000e+00 0.000000e+00   0.0%
Pad                  0.000000e+00 0.000000e+00 0.000000e+00 0.000000e+00   0.0%
------------------------------------------------------------------------
Total                1.088056e-04 1.247463e-04 2.431387e-06 2.359833e-04 100.0%
                            46.1%        52.9%         1.0%
%OL_METRIC_F power__internal__total 0.0001088055651052855
%OL_METRIC_F power__switching__total 0.00012474633695092052
%OL_METRIC_F power__leakage__total 2.4313867470482364e-6
%OL_METRIC_F power__total 0.00023598328698426485

%OL_END_REPORT
%OL_CREATE_REPORT skew.min.rpt

===========================================================================
Clock Skew (Hold)
============================================================================
%OL_METRIC_F clock__skew__worst_hold__corner:nom_ss_100C_1v60 0.0
======================= nom_ss_100C_1v60 Corner ===================================

Clock __VIRTUAL_CLK__
No launch/capture paths found.

%OL_END_REPORT
%OL_CREATE_REPORT skew.max.rpt

===========================================================================
Clock Skew (Setup)
============================================================================
%OL_METRIC_F clock__skew__worst_setup__corner:nom_ss_100C_1v60 0.0
======================= nom_ss_100C_1v60 Corner ===================================

Clock __VIRTUAL_CLK__
No launch/capture paths found.

%OL_END_REPORT
%OL_CREATE_REPORT ws.min.rpt

===========================================================================
Worst Slack (Hold)
============================================================================
%OL_METRIC_F timing__hold__ws__corner:nom_ss_100C_1v60 4.894581767317454
nom_ss_100C_1v60: 4.894581767317454
%OL_END_REPORT
%OL_CREATE_REPORT ws.max.rpt

===========================================================================
Worst Slack (Setup)
============================================================================
%OL_METRIC_F timing__setup__ws__corner:nom_ss_100C_1v60 -12.414889023768655
nom_ss_100C_1v60: -12.414889023768655
%OL_END_REPORT
%OL_CREATE_REPORT tns.min.rpt

===========================================================================
Total Negative Slack (Hold)
============================================================================
%OL_METRIC_F timing__hold__tns__corner:nom_ss_100C_1v60 0.0
nom_ss_100C_1v60: 0.0
%OL_END_REPORT
%OL_CREATE_REPORT tns.max.rpt

===========================================================================
Total Negative Slack (Setup)
============================================================================
%OL_METRIC_F timing__setup__tns__corner:nom_ss_100C_1v60 -37.91014898194211
nom_ss_100C_1v60: -37.91014898194211
%OL_END_REPORT
%OL_CREATE_REPORT wns.min.rpt

===========================================================================
Worst Negative Slack (Hold)
============================================================================
%OL_METRIC_F timing__hold__wns__corner:nom_ss_100C_1v60 0
nom_ss_100C_1v60: 0
%OL_END_REPORT
%OL_CREATE_REPORT wns.max.rpt

===========================================================================
Worst Negative Slack (Setup)
============================================================================
%OL_METRIC_F timing__setup__wns__corner:nom_ss_100C_1v60 -12.414889023768655
nom_ss_100C_1v60: -12.414889023768655
%OL_END_REPORT
%OL_CREATE_REPORT violator_list.rpt

===========================================================================
Violator List
============================================================================
[setup in-out] op_b[6] -> op_out[0] : -12.414889
[setup in-out] op_b[6] -> op_out[1] : -9.772564
[setup in-out] op_b[6] -> op_out[2] : -6.842314
[setup in-out] op_b[6] -> op_out[3] : -3.924098
[setup in-out] op_b[0] -> op_out[7] : -1.462228
[setup in-out] op_b[0] -> op_out[5] : -1.364632
[setup in-out] op_b[6] -> op_out[4] : -1.144102
[setup in-out] op_b[0] -> op_out[6] : -0.985323
%OL_METRIC_I timing__hold_vio__count__corner:nom_ss_100C_1v60 0
%OL_METRIC_F timing__hold_r2r__ws__corner:nom_ss_100C_1v60 inf
%OL_METRIC_I timing__hold_r2r_vio__count__corner:nom_ss_100C_1v60 0
%OL_METRIC_I timing__setup_vio__count__corner:nom_ss_100C_1v60 8
%OL_METRIC_F timing__setup_r2r__ws__corner:nom_ss_100C_1v60 inf
%OL_METRIC_I timing__setup_r2r_vio__count__corner:nom_ss_100C_1v60 0
%OL_END_REPORT
%OL_CREATE_REPORT unpropagated.rpt
__VIRTUAL_CLK__
%OL_END_REPORT
%OL_CREATE_REPORT clock.rpt
Clock: __VIRTUAL_CLK__
Sources: 
Generated: no
Virtual: yes
Propagated: no
Period: 10.000000

===========================================================================
report_clock_properties
============================================================================
Clock                   Period          Waveform
----------------------------------------------------
__VIRTUAL_CLK__      10.000000    0.000000  5.000000

===========================================================================
report_clock_latency
============================================================================
Clock __VIRTUAL_CLK__


===========================================================================
report_clock_min_period
============================================================================
__VIRTUAL_CLK__ period_min = 0.00 fmax = inf
%OL_END_REPORT
Writing SDF files for all corners…
Removing Clock latencies before writing libs…
Writing timing models for all corners…
Writing timing models for the nom_ss_100C_1v60 corner to /home/letienthanh/8bitalu/runs/RUN_2026-08-05_13-37-55/53-openroad-stapostpnr/nom_ss_100C_1v60/alu8bit__nom_ss_100C_1v60.lib…
