Reading timing models for corner nom_ff_n40C_1v95…
Reading cell library for the 'nom_ff_n40C_1v95' corner at '/home/letienthanh/.volare/volare/sky130/versions/0fe599b2afb6708d281543108caf8310912f54af/sky130A/libs.ref/sky130_fd_sc_hd/lib/sky130_fd_sc_hd__ff_n40C_1v95.lib'…
Reading top-level netlist at '/home/letienthanh/8bitalu/runs/RUN_2026-08-05_09-54-51/51-openroad-fillinsertion/alu8bit.nl.v'…
Linking design 'alu8bit' from netlist…
Warning: /home/letienthanh/8bitalu/runs/RUN_2026-08-05_09-54-51/51-openroad-fillinsertion/alu8bit.nl.v line 2408, module sky130_fd_sc_hd__tapvpwrvgnd_1 not found. Creating black box for TAP_TAPCELL_ROW_0_88.
Warning: /home/letienthanh/8bitalu/runs/RUN_2026-08-05_09-54-51/51-openroad-fillinsertion/alu8bit.nl.v line 2784, module sky130_ef_sc_hd__decap_12 not found. Creating black box for FILLER_0_3.
Warning: /home/letienthanh/8bitalu/runs/RUN_2026-08-05_09-54-51/51-openroad-fillinsertion/alu8bit.nl.v line 2786, module sky130_fd_sc_hd__fill_1 not found. Creating black box for FILLER_0_27.
Warning: /home/letienthanh/8bitalu/runs/RUN_2026-08-05_09-54-51/51-openroad-fillinsertion/alu8bit.nl.v line 2839, module sky130_fd_sc_hd__fill_2 not found. Creating black box for FILLER_1_257.
Reading design constraints file at '/nix/store/ss2cw3sxbrwwx9jl0rrppbw4kgcmgi2n-python3-3.11.9-env/lib/python3.11/site-packages/openlane/scripts/base.sdc'…
Warning: base.sdc line 15, port '__VIRTUAL_CLK__' not found.
[INFO] Using clock __VIRTUAL_CLK__…
[INFO] Setting output delay to: 2
[INFO] Setting input delay to: 2
Warning: base.sdc line 32, port '__VIRTUAL_CLK__' not found.
[INFO] Setting load to: 0.033442
[INFO] Setting clock uncertainty to: 0.25
[INFO] Setting clock transition to: 0.1499999999999999944488848768742172978818416595458984375
Warning: base.sdc line 69, transition time can not be specified for virtual clocks.
[INFO] Setting timing derate to: 5%
Warning: base.sdc line 79, virtual clock __VIRTUAL_CLK__ can not be propagated.
Reading top-level design parasitics for the 'nom_ff_n40C_1v95' corner at '/home/letienthanh/8bitalu/runs/RUN_2026-08-05_09-54-51/53-openroad-rcx/nom/alu8bit.nom.spef'…
%OL_CREATE_REPORT min.rpt

===========================================================================
report_checks -path_delay min (Hold)
============================================================================
======================= nom_ff_n40C_1v95 Corner ===================================

Startpoint: op_a[5] (input port clocked by __VIRTUAL_CLK__)
Endpoint: op_out[5] (output port clocked by __VIRTUAL_CLK__)
Path Group: __VIRTUAL_CLK__
Path Type: min

Fanout         Cap        Slew       Delay        Time   Description
---------------------------------------------------------------------------------------------
                      0.000000    0.000000    0.000000   clock __VIRTUAL_CLK__ (rise edge)
                                  0.000000    0.000000   clock network delay (ideal)
                                  2.000000    2.000000 ^ input external delay
     1    0.002832    0.014030    0.007321    2.007321 ^ op_a[5] (in)
                                                         op_a[5] (net)
                      0.014030    0.000000    2.007321 ^ input10/A (sky130_fd_sc_hd__clkbuf_2)
     5    0.028569    0.122206    0.124534    2.131855 ^ input10/X (sky130_fd_sc_hd__clkbuf_2)
                                                         net10 (net)
                      0.122279    0.002444    2.134298 ^ _839_/A1 (sky130_fd_sc_hd__a32o_1)
     1    0.002253    0.028653    0.092278    2.226577 ^ _839_/X (sky130_fd_sc_hd__a32o_1)
                                                         _318_ (net)
                      0.028653    0.000064    2.226640 ^ _842_/A (sky130_fd_sc_hd__or3_1)
     1    0.006013    0.048051    0.076749    2.303389 ^ _842_/X (sky130_fd_sc_hd__or3_1)
                                                         net26 (net)
                      0.048051    0.000251    2.303640 ^ output26/A (sky130_fd_sc_hd__buf_4)
     1    0.034541    0.077109    0.110931    2.414571 ^ output26/X (sky130_fd_sc_hd__buf_4)
                                                         op_out[5] (net)
                      0.077116    0.000819    2.415390 ^ op_out[5] (out)
                                              2.415390   data arrival time

                      0.000000    0.000000    0.000000   clock __VIRTUAL_CLK__ (rise edge)
                                  0.000000    0.000000   clock network delay (ideal)
                                  0.250000    0.250000   clock uncertainty
                                  0.000000    0.250000   clock reconvergence pessimism
                                 -2.000000   -1.750000   output external delay
                                             -1.750000   data required time
---------------------------------------------------------------------------------------------
                                             -1.750000   data required time
                                             -2.415390   data arrival time
---------------------------------------------------------------------------------------------
                                              4.165390   slack (MET)


Startpoint: inst[2] (input port clocked by __VIRTUAL_CLK__)
Endpoint: op_out[0] (output port clocked by __VIRTUAL_CLK__)
Path Group: __VIRTUAL_CLK__
Path Type: min

Fanout         Cap        Slew       Delay        Time   Description
---------------------------------------------------------------------------------------------
                      0.000000    0.000000    0.000000   clock __VIRTUAL_CLK__ (rise edge)
                                  0.000000    0.000000   clock network delay (ideal)
                                  2.000000    2.000000 v input external delay
     1    0.003278    0.005418    0.002706    2.002706 v inst[2] (in)
                                                         inst[2] (net)
                      0.005419    0.000000    2.002706 v input3/A (sky130_fd_sc_hd__clkbuf_2)
     8    0.027269    0.074515    0.103606    2.106312 v input3/X (sky130_fd_sc_hd__clkbuf_2)
                                                         net3 (net)
                      0.074580    0.001491    2.107804 v _459_/A (sky130_fd_sc_hd__inv_2)
     4    0.011735    0.049539    0.066227    2.174031 ^ _459_/Y (sky130_fd_sc_hd__inv_2)
                                                         _199_ (net)
                      0.049539    0.000249    2.174279 ^ _685_/B1 (sky130_fd_sc_hd__o2111a_1)
     1    0.003299    0.034773    0.088386    2.262666 ^ _685_/X (sky130_fd_sc_hd__o2111a_1)
                                                         _156_ (net)
                      0.034773    0.000071    2.262737 ^ _700_/B (sky130_fd_sc_hd__or3_4)
     1    0.010055    0.031806    0.081571    2.344307 ^ _700_/X (sky130_fd_sc_hd__or3_4)
                                                         net21 (net)
                      0.031813    0.000420    2.344727 ^ output21/A (sky130_fd_sc_hd__buf_8)
     1    0.034699    0.049755    0.079091    2.423818 ^ output21/X (sky130_fd_sc_hd__buf_8)
                                                         op_out[0] (net)
                      0.049799    0.000870    2.424688 ^ op_out[0] (out)
                                              2.424688   data arrival time

                      0.000000    0.000000    0.000000   clock __VIRTUAL_CLK__ (rise edge)
                                  0.000000    0.000000   clock network delay (ideal)
                                  0.250000    0.250000   clock uncertainty
                                  0.000000    0.250000   clock reconvergence pessimism
                                 -2.000000   -1.750000   output external delay
                                             -1.750000   data required time
---------------------------------------------------------------------------------------------
                                             -1.750000   data required time
                                             -2.424688   data arrival time
---------------------------------------------------------------------------------------------
                                              4.174687   slack (MET)


Startpoint: inst[2] (input port clocked by __VIRTUAL_CLK__)
Endpoint: op_out[4] (output port clocked by __VIRTUAL_CLK__)
Path Group: __VIRTUAL_CLK__
Path Type: min

Fanout         Cap        Slew       Delay        Time   Description
---------------------------------------------------------------------------------------------
                      0.000000    0.000000    0.000000   clock __VIRTUAL_CLK__ (rise edge)
                                  0.000000    0.000000   clock network delay (ideal)
                                  2.000000    2.000000 ^ input external delay
     1    0.003507    0.016455    0.009102    2.009102 ^ inst[2] (in)
                                                         inst[2] (net)
                      0.016456    0.000000    2.009102 ^ input3/A (sky130_fd_sc_hd__clkbuf_2)
     8    0.029052    0.124188    0.127030    2.136132 ^ input3/X (sky130_fd_sc_hd__clkbuf_2)
                                                         net3 (net)
                      0.124210    0.001361    2.137492 ^ _690_/A (sky130_fd_sc_hd__or4b_4)
     8    0.036738    0.085972    0.148844    2.286336 ^ _690_/X (sky130_fd_sc_hd__or4b_4)
                                                         _161_ (net)
                      0.086039    0.002196    2.288532 ^ _798_/A1 (sky130_fd_sc_hd__o31ai_1)
     1    0.005365    0.036965    0.060557    2.349089 v _798_/Y (sky130_fd_sc_hd__o31ai_1)
                                                         net25 (net)
                      0.036966    0.000210    2.349299 v output25/A (sky130_fd_sc_hd__buf_4)
     1    0.034524    0.042999    0.113678    2.462977 v output25/X (sky130_fd_sc_hd__buf_4)
                                                         op_out[4] (net)
                      0.043017    0.000818    2.463795 v op_out[4] (out)
                                              2.463795   data arrival time

                      0.000000    0.000000    0.000000   clock __VIRTUAL_CLK__ (rise edge)
                                  0.000000    0.000000   clock network delay (ideal)
                                  0.250000    0.250000   clock uncertainty
                                  0.000000    0.250000   clock reconvergence pessimism
                                 -2.000000   -1.750000   output external delay
                                             -1.750000   data required time
---------------------------------------------------------------------------------------------
                                             -1.750000   data required time
                                             -2.463795   data arrival time
---------------------------------------------------------------------------------------------
                                              4.213795   slack (MET)


Startpoint: op_a[7] (input port clocked by __VIRTUAL_CLK__)
Endpoint: op_out[6] (output port clocked by __VIRTUAL_CLK__)
Path Group: __VIRTUAL_CLK__
Path Type: min

Fanout         Cap        Slew       Delay        Time   Description
---------------------------------------------------------------------------------------------
                      0.000000    0.000000    0.000000   clock __VIRTUAL_CLK__ (rise edge)
                                  0.000000    0.000000   clock network delay (ideal)
                                  2.000000    2.000000 ^ input external delay
     1    0.003575    0.016700    0.009281    2.009281 ^ op_a[7] (in)
                                                         op_a[7] (net)
                      0.016701    0.000000    2.009281 ^ input12/A (sky130_fd_sc_hd__clkbuf_4)
     9    0.047882    0.113697    0.140919    2.150199 ^ input12/X (sky130_fd_sc_hd__clkbuf_4)
                                                         net12 (net)
                      0.113771    0.002387    2.152587 ^ _883_/A1 (sky130_fd_sc_hd__a211o_1)
     1    0.004687    0.037350    0.091066    2.243652 ^ _883_/X (sky130_fd_sc_hd__a211o_1)
                                                         _365_ (net)
                      0.037350    0.000200    2.243853 ^ _884_/C1 (sky130_fd_sc_hd__a211o_1)
     1    0.008703    0.062681    0.080745    2.324597 ^ _884_/X (sky130_fd_sc_hd__a211o_1)
                                                         _366_ (net)
                      0.062706    0.000381    2.324978 ^ _885_/B1 (sky130_fd_sc_hd__a31o_1)
     1    0.005783    0.047443    0.070851    2.395829 ^ _885_/X (sky130_fd_sc_hd__a31o_1)
                                                         net27 (net)
                      0.047443    0.000181    2.396010 ^ output27/A (sky130_fd_sc_hd__buf_6)
     1    0.035007    0.058380    0.090001    2.486011 ^ output27/X (sky130_fd_sc_hd__buf_6)
                                                         op_out[6] (net)
                      0.058424    0.000898    2.486909 ^ op_out[6] (out)
                                              2.486909   data arrival time

                      0.000000    0.000000    0.000000   clock __VIRTUAL_CLK__ (rise edge)
                                  0.000000    0.000000   clock network delay (ideal)
                                  0.250000    0.250000   clock uncertainty
                                  0.000000    0.250000   clock reconvergence pessimism
                                 -2.000000   -1.750000   output external delay
                                             -1.750000   data required time
---------------------------------------------------------------------------------------------
                                             -1.750000   data required time
                                             -2.486909   data arrival time
---------------------------------------------------------------------------------------------
                                              4.236909   slack (MET)


Startpoint: inst[2] (input port clocked by __VIRTUAL_CLK__)
Endpoint: op_out[3] (output port clocked by __VIRTUAL_CLK__)
Path Group: __VIRTUAL_CLK__
Path Type: min

Fanout         Cap        Slew       Delay        Time   Description
---------------------------------------------------------------------------------------------
                      0.000000    0.000000    0.000000   clock __VIRTUAL_CLK__ (rise edge)
                                  0.000000    0.000000   clock network delay (ideal)
                                  2.000000    2.000000 ^ input external delay
     1    0.003507    0.016455    0.009102    2.009102 ^ inst[2] (in)
                                                         inst[2] (net)
                      0.016456    0.000000    2.009102 ^ input3/A (sky130_fd_sc_hd__clkbuf_2)
     8    0.029052    0.124188    0.127030    2.136132 ^ input3/X (sky130_fd_sc_hd__clkbuf_2)
                                                         net3 (net)
                      0.124210    0.001361    2.137492 ^ _690_/A (sky130_fd_sc_hd__or4b_4)
     8    0.036738    0.085972    0.148844    2.286336 ^ _690_/X (sky130_fd_sc_hd__or4b_4)
                                                         _161_ (net)
                      0.086008    0.001691    2.288027 ^ _749_/A (sky130_fd_sc_hd__or3b_1)
     1    0.002962    0.028442    0.076995    2.365022 ^ _749_/X (sky130_fd_sc_hd__or3b_1)
                                                         _221_ (net)
                      0.028442    0.000086    2.365109 ^ _770_/B (sky130_fd_sc_hd__nand2b_1)
     1    0.002076    0.017951    0.026171    2.391280 v _770_/Y (sky130_fd_sc_hd__nand2b_1)
                                                         net24 (net)
                      0.017951    0.000059    2.391338 v output24/A (sky130_fd_sc_hd__buf_2)
     1    0.034463    0.063083    0.112772    2.504110 v output24/X (sky130_fd_sc_hd__buf_2)
                                                         op_out[3] (net)
                      0.063094    0.000793    2.504903 v op_out[3] (out)
                                              2.504903   data arrival time

                      0.000000    0.000000    0.000000   clock __VIRTUAL_CLK__ (rise edge)
                                  0.000000    0.000000   clock network delay (ideal)
                                  0.250000    0.250000   clock uncertainty
                                  0.000000    0.250000   clock reconvergence pessimism
                                 -2.000000   -1.750000   output external delay
                                             -1.750000   data required time
---------------------------------------------------------------------------------------------
                                             -1.750000   data required time
                                             -2.504903   data arrival time
---------------------------------------------------------------------------------------------
                                              4.254903   slack (MET)


Startpoint: op_a[7] (input port clocked by __VIRTUAL_CLK__)
Endpoint: op_out[7] (output port clocked by __VIRTUAL_CLK__)
Path Group: __VIRTUAL_CLK__
Path Type: min

Fanout         Cap        Slew       Delay        Time   Description
---------------------------------------------------------------------------------------------
                      0.000000    0.000000    0.000000   clock __VIRTUAL_CLK__ (rise edge)
                                  0.000000    0.000000   clock network delay (ideal)
                                  2.000000    2.000000 ^ input external delay
     1    0.003575    0.016700    0.009281    2.009281 ^ op_a[7] (in)
                                                         op_a[7] (net)
                      0.016701    0.000000    2.009281 ^ input12/A (sky130_fd_sc_hd__clkbuf_4)
     9    0.047882    0.113697    0.140919    2.150199 ^ input12/X (sky130_fd_sc_hd__clkbuf_4)
                                                         net12 (net)
                      0.113769    0.002351    2.152550 ^ _921_/A1 (sky130_fd_sc_hd__a32o_1)
     1    0.003492    0.035381    0.098172    2.250722 ^ _921_/X (sky130_fd_sc_hd__a32o_1)
                                                         _406_ (net)
                      0.035381    0.000103    2.250825 ^ _922_/C1 (sky130_fd_sc_hd__a211o_1)
     1    0.008943    0.064187    0.081431    2.332256 ^ _922_/X (sky130_fd_sc_hd__a211o_1)
                                                         _407_ (net)
                      0.064212    0.000302    2.332558 ^ _923_/B1 (sky130_fd_sc_hd__a311o_1)
     1    0.005728    0.053060    0.083902    2.416460 ^ _923_/X (sky130_fd_sc_hd__a311o_1)
                                                         net28 (net)
                      0.053060    0.000178    2.416638 ^ output28/A (sky130_fd_sc_hd__buf_6)
     1    0.033963    0.056958    0.090563    2.507202 ^ output28/X (sky130_fd_sc_hd__buf_6)
                                                         op_out[7] (net)
                      0.056964    0.000624    2.507826 ^ op_out[7] (out)
                                              2.507826   data arrival time

                      0.000000    0.000000    0.000000   clock __VIRTUAL_CLK__ (rise edge)
                                  0.000000    0.000000   clock network delay (ideal)
                                  0.250000    0.250000   clock uncertainty
                                  0.000000    0.250000   clock reconvergence pessimism
                                 -2.000000   -1.750000   output external delay
                                             -1.750000   data required time
---------------------------------------------------------------------------------------------
                                             -1.750000   data required time
                                             -2.507826   data arrival time
---------------------------------------------------------------------------------------------
                                              4.257825   slack (MET)


Startpoint: op_a[1] (input port clocked by __VIRTUAL_CLK__)
Endpoint: op_out[1] (output port clocked by __VIRTUAL_CLK__)
Path Group: __VIRTUAL_CLK__
Path Type: min

Fanout         Cap        Slew       Delay        Time   Description
---------------------------------------------------------------------------------------------
                      0.000000    0.000000    0.000000   clock __VIRTUAL_CLK__ (rise edge)
                                  0.000000    0.000000   clock network delay (ideal)
                                  2.000000    2.000000 ^ input external delay
     1    0.002761    0.013778    0.007135    2.007135 ^ op_a[1] (in)
                                                         op_a[1] (net)
                      0.013778    0.000000    2.007135 ^ input6/A (sky130_fd_sc_hd__buf_1)
     3    0.020236    0.179835    0.148817    2.155952 ^ input6/X (sky130_fd_sc_hd__buf_1)
                                                         net6 (net)
                      0.179853    0.001493    2.157446 ^ _703_/A1 (sky130_fd_sc_hd__o22a_1)
     1    0.002925    0.028765    0.093933    2.251379 ^ _703_/X (sky130_fd_sc_hd__o22a_1)
                                                         _173_ (net)
                      0.028765    0.000088    2.251467 ^ _710_/A (sky130_fd_sc_hd__or3_1)
     1    0.009942    0.074031    0.095135    2.346602 ^ _710_/X (sky130_fd_sc_hd__or3_1)
                                                         _180_ (net)
                      0.074058    0.000359    2.346961 ^ _718_/B (sky130_fd_sc_hd__or2_4)
     1    0.007609    0.028368    0.082952    2.429913 ^ _718_/X (sky130_fd_sc_hd__or2_4)
                                                         net22 (net)
                      0.028369    0.000221    2.430135 ^ output22/A (sky130_fd_sc_hd__buf_8)
     1    0.034873    0.049924    0.078454    2.508589 ^ output22/X (sky130_fd_sc_hd__buf_8)
                                                         op_out[1] (net)
                      0.049971    0.000914    2.509502 ^ op_out[1] (out)
                                              2.509502   data arrival time

                      0.000000    0.000000    0.000000   clock __VIRTUAL_CLK__ (rise edge)
                                  0.000000    0.000000   clock network delay (ideal)
                                  0.250000    0.250000   clock uncertainty
                                  0.000000    0.250000   clock reconvergence pessimism
                                 -2.000000   -1.750000   output external delay
                                             -1.750000   data required time
---------------------------------------------------------------------------------------------
                                             -1.750000   data required time
                                             -2.509502   data arrival time
---------------------------------------------------------------------------------------------
                                              4.259502   slack (MET)


Startpoint: inst[2] (input port clocked by __VIRTUAL_CLK__)
Endpoint: op_out[2] (output port clocked by __VIRTUAL_CLK__)
Path Group: __VIRTUAL_CLK__
Path Type: min

Fanout         Cap        Slew       Delay        Time   Description
---------------------------------------------------------------------------------------------
                      0.000000    0.000000    0.000000   clock __VIRTUAL_CLK__ (rise edge)
                                  0.000000    0.000000   clock network delay (ideal)
                                  2.000000    2.000000 ^ input external delay
     1    0.003507    0.016455    0.009102    2.009102 ^ inst[2] (in)
                                                         inst[2] (net)
                      0.016456    0.000000    2.009102 ^ input3/A (sky130_fd_sc_hd__clkbuf_2)
     8    0.029052    0.124188    0.127030    2.136132 ^ input3/X (sky130_fd_sc_hd__clkbuf_2)
                                                         net3 (net)
                      0.124210    0.001361    2.137492 ^ _690_/A (sky130_fd_sc_hd__or4b_4)
     8    0.036738    0.085972    0.148844    2.286336 ^ _690_/X (sky130_fd_sc_hd__or4b_4)
                                                         _161_ (net)
                      0.086023    0.001950    2.288286 ^ _725_/B1 (sky130_fd_sc_hd__a31oi_1)
     1    0.002577    0.026457    0.024733    2.313019 v _725_/Y (sky130_fd_sc_hd__a31oi_1)
                                                         _195_ (net)
                      0.026457    0.000073    2.313093 v _741_/A2 (sky130_fd_sc_hd__a21o_1)
     1    0.004917    0.025054    0.115487    2.428580 v _741_/X (sky130_fd_sc_hd__a21o_1)
                                                         net23 (net)
                      0.025055    0.000147    2.428727 v output23/A (sky130_fd_sc_hd__buf_6)
     1    0.034343    0.032174    0.088023    2.516750 v output23/X (sky130_fd_sc_hd__buf_6)
                                                         op_out[2] (net)
                      0.032196    0.000769    2.517519 v op_out[2] (out)
                                              2.517519   data arrival time

                      0.000000    0.000000    0.000000   clock __VIRTUAL_CLK__ (rise edge)
                                  0.000000    0.000000   clock network delay (ideal)
                                  0.250000    0.250000   clock uncertainty
                                  0.000000    0.250000   clock reconvergence pessimism
                                 -2.000000   -1.750000   output external delay
                                             -1.750000   data required time
---------------------------------------------------------------------------------------------
                                             -1.750000   data required time
                                             -2.517519   data arrival time
---------------------------------------------------------------------------------------------
                                              4.267519   slack (MET)



%OL_END_REPORT
%OL_CREATE_REPORT max.rpt

===========================================================================
report_checks -path_delay max (Setup)
============================================================================
======================= nom_ff_n40C_1v95 Corner ===================================

Startpoint: op_b[3] (input port clocked by __VIRTUAL_CLK__)
Endpoint: op_out[0] (output port clocked by __VIRTUAL_CLK__)
Path Group: __VIRTUAL_CLK__
Path Type: max

Fanout         Cap        Slew       Delay        Time   Description
---------------------------------------------------------------------------------------------
                      0.000000    0.000000    0.000000   clock __VIRTUAL_CLK__ (rise edge)
                                  0.000000    0.000000   clock network delay (ideal)
                                  2.000000    2.000000 v input external delay
     1    0.002649    0.004500    0.002145    2.002145 v op_b[3] (in)
                                                         op_b[3] (net)
                      0.004500    0.000000    2.002145 v input16/A (sky130_fd_sc_hd__clkbuf_1)
     1    0.008040    0.037149    0.063098    2.065243 v input16/X (sky130_fd_sc_hd__clkbuf_1)
                                                         net16 (net)
                      0.037151    0.000304    2.065547 v fanout58/A (sky130_fd_sc_hd__clkbuf_4)
     9    0.056056    0.083900    0.147559    2.213106 v fanout58/X (sky130_fd_sc_hd__clkbuf_4)
                                                         net58 (net)
                      0.083997    0.002559    2.215665 v fanout56/A (sky130_fd_sc_hd__buf_2)
    10    0.039981    0.071336    0.145508    2.361173 v fanout56/X (sky130_fd_sc_hd__buf_2)
                                                         net56 (net)
                      0.071363    0.001322    2.362495 v _470_/A (sky130_fd_sc_hd__or2_4)
     4    0.015731    0.044506    0.182218    2.544713 v _470_/X (sky130_fd_sc_hd__or2_4)
                                                         _317_ (net)
                      0.044509    0.000371    2.545084 v _472_/A3 (sky130_fd_sc_hd__o41ai_4)
     5    0.016790    0.274154    0.272643    2.817727 ^ _472_/Y (sky130_fd_sc_hd__o41ai_4)
                                                         _338_ (net)
                      0.274154    0.000371    2.818098 ^ _481_/A2 (sky130_fd_sc_hd__a211o_1)
     4    0.013008    0.091417    0.141788    2.959886 ^ _481_/X (sky130_fd_sc_hd__a211o_1)
                                                         _410_ (net)
                      0.091417    0.000286    2.960172 ^ _484_/A1 (sky130_fd_sc_hd__a21o_1)
     4    0.014987    0.102671    0.126551    3.086723 ^ _484_/X (sky130_fd_sc_hd__a21o_1)
                                                         _413_ (net)
                      0.102671    0.000293    3.087016 ^ _493_/A1 (sky130_fd_sc_hd__a211oi_2)
     3    0.009347    0.055001    0.059542    3.146559 v _493_/Y (sky130_fd_sc_hd__a211oi_2)
                                                         _422_ (net)
                      0.055001    0.000225    3.146784 v _503_/D (sky130_fd_sc_hd__or4_4)
     3    0.008002    0.062708    0.254629    3.401412 v _503_/X (sky130_fd_sc_hd__or4_4)
                                                         _432_ (net)
                      0.062708    0.000176    3.401588 v _507_/A1 (sky130_fd_sc_hd__a31o_1)
     2    0.007917    0.043101    0.136441    3.538029 v _507_/X (sky130_fd_sc_hd__a31o_1)
                                                         _436_ (net)
                      0.043102    0.000208    3.538237 v _509_/A2 (sky130_fd_sc_hd__a211o_4)
     3    0.015725    0.048012    0.224593    3.762830 v _509_/X (sky130_fd_sc_hd__a211o_4)
                                                         _438_ (net)
                      0.048017    0.000478    3.763308 v _515_/A2 (sky130_fd_sc_hd__a21oi_4)
     8    0.045075    0.253408    0.235017    3.998325 ^ _515_/Y (sky130_fd_sc_hd__a21oi_4)
                                                         _444_ (net)
                      0.253424    0.001630    3.999955 ^ _524_/S (sky130_fd_sc_hd__mux2_4)
     2    0.007515    0.041760    0.192518    4.192473 v _524_/X (sky130_fd_sc_hd__mux2_4)
                                                         _453_ (net)
                      0.041760    0.000203    4.192676 v _539_/A1 (sky130_fd_sc_hd__a221o_1)
     3    0.010135    0.057135    0.192678    4.385354 v _539_/X (sky130_fd_sc_hd__a221o_1)
                                                         _010_ (net)
                      0.057135    0.000272    4.385626 v _544_/A2 (sky130_fd_sc_hd__a311o_1)
     3    0.009562    0.062770    0.226982    4.612608 v _544_/X (sky130_fd_sc_hd__a311o_1)
                                                         _015_ (net)
                      0.062770    0.000217    4.612825 v rebuffer4/A (sky130_fd_sc_hd__dlygate4sd1_1)
     3    0.009030    0.040801    0.175406    4.788231 v rebuffer4/X (sky130_fd_sc_hd__dlygate4sd1_1)
                                                         net73 (net)
                      0.040802    0.000188    4.788420 v _550_/A1 (sky130_fd_sc_hd__a21o_1)
     3    0.008570    0.041129    0.116635    4.905055 v _550_/X (sky130_fd_sc_hd__a21o_1)
                                                         _021_ (net)
                      0.041130    0.000222    4.905277 v _555_/C (sky130_fd_sc_hd__and3_1)
     2    0.008324    0.043693    0.133570    5.038847 v _555_/X (sky130_fd_sc_hd__and3_1)
                                                         _026_ (net)
                      0.043693    0.000215    5.039062 v _559_/A1 (sky130_fd_sc_hd__o21ai_2)
     4    0.017479    0.164317    0.162970    5.202032 ^ _559_/Y (sky130_fd_sc_hd__o21ai_2)
                                                         _030_ (net)
                      0.164323    0.000756    5.202788 ^ _586_/D_N (sky130_fd_sc_hd__or4b_4)
     1    0.009159    0.064209    0.288793    5.491581 v _586_/X (sky130_fd_sc_hd__or4b_4)
                                                         _057_ (net)
                      0.064209    0.000291    5.491872 v _590_/A2 (sky130_fd_sc_hd__a311oi_4)
     4    0.017400    0.248021    0.250653    5.742525 ^ _590_/Y (sky130_fd_sc_hd__a311oi_4)
                                                         _061_ (net)
                      0.248022    0.000618    5.743143 ^ max_cap30/A (sky130_fd_sc_hd__buf_6)
     5    0.027313    0.050416    0.099452    5.842595 ^ max_cap30/X (sky130_fd_sc_hd__buf_6)
                                                         net30 (net)
                      0.050420    0.000448    5.843043 ^ _619_/S (sky130_fd_sc_hd__mux2_4)
     5    0.021313    0.057635    0.211382    6.054425 v _619_/X (sky130_fd_sc_hd__mux2_4)
                                                         _090_ (net)
                      0.057638    0.000728    6.055152 v _620_/B (sky130_fd_sc_hd__xnor2_1)
     2    0.009882    0.180175    0.169140    6.224293 ^ _620_/Y (sky130_fd_sc_hd__xnor2_1)
                                                         _091_ (net)
                      0.180176    0.000237    6.224530 ^ _622_/D (sky130_fd_sc_hd__nand4_1)
     1    0.005414    0.076142    0.073816    6.298345 v _622_/Y (sky130_fd_sc_hd__nand4_1)
                                                         _093_ (net)
                      0.076142    0.000188    6.298533 v _627_/A2 (sky130_fd_sc_hd__o31a_1)
     4    0.019658    0.083100    0.236862    6.535395 v _627_/X (sky130_fd_sc_hd__o31a_1)
                                                         _098_ (net)
                      0.083101    0.000379    6.535774 v _628_/A1 (sky130_fd_sc_hd__a21oi_4)
     4    0.022666    0.149881    0.158241    6.694015 ^ _628_/Y (sky130_fd_sc_hd__a21oi_4)
                                                         _099_ (net)
                      0.149882    0.000604    6.694619 ^ fanout29/A (sky130_fd_sc_hd__buf_6)
     5    0.029432    0.051797    0.097469    6.792088 ^ fanout29/X (sky130_fd_sc_hd__buf_6)
                                                         net29 (net)
                      0.051885    0.001396    6.793484 ^ _665_/S (sky130_fd_sc_hd__mux2_4)
     3    0.008397    0.042668    0.191431    6.984915 v _665_/X (sky130_fd_sc_hd__mux2_4)
                                                         _136_ (net)
                      0.042668    0.000103    6.985019 v _669_/A2 (sky130_fd_sc_hd__a21o_1)
     1    0.003507    0.026149    0.116603    7.101622 v _669_/X (sky130_fd_sc_hd__a21o_1)
                                                         _140_ (net)
                      0.026162    0.000105    7.101727 v _671_/A1 (sky130_fd_sc_hd__o211a_1)
     1    0.002962    0.028562    0.135127    7.236854 v _671_/X (sky130_fd_sc_hd__o211a_1)
                                                         _142_ (net)
                      0.028562    0.000084    7.236938 v _672_/B2 (sky130_fd_sc_hd__o221a_1)
     1    0.003647    0.035908    0.123284    7.360222 v _672_/X (sky130_fd_sc_hd__o221a_1)
                                                         _143_ (net)
                      0.035908    0.000116    7.360338 v _675_/A2 (sky130_fd_sc_hd__o21a_1)
     1    0.002461    0.023857    0.101691    7.462029 v _675_/X (sky130_fd_sc_hd__o21a_1)
                                                         _146_ (net)
                      0.023857    0.000046    7.462076 v _679_/A2 (sky130_fd_sc_hd__o21a_1)
     1    0.007892    0.040857    0.116814    7.578890 v _679_/X (sky130_fd_sc_hd__o21a_1)
                                                         _150_ (net)
                      0.040859    0.000353    7.579243 v _700_/C (sky130_fd_sc_hd__or3_4)
     1    0.009388    0.051285    0.204086    7.783329 v _700_/X (sky130_fd_sc_hd__or3_4)
                                                         net21 (net)
                      0.051285    0.000391    7.783720 v output21/A (sky130_fd_sc_hd__buf_8)
     1    0.034699    0.029999    0.097419    7.881139 v output21/X (sky130_fd_sc_hd__buf_8)
                                                         op_out[0] (net)
                      0.030030    0.000869    7.882007 v op_out[0] (out)
                                              7.882007   data arrival time

                      0.000000   10.000000   10.000000   clock __VIRTUAL_CLK__ (rise edge)
                                  0.000000   10.000000   clock network delay (ideal)
                                 -0.250000    9.750000   clock uncertainty
                                  0.000000    9.750000   clock reconvergence pessimism
                                 -2.000000    7.750000   output external delay
                                              7.750000   data required time
---------------------------------------------------------------------------------------------
                                              7.750000   data required time
                                             -7.882007   data arrival time
---------------------------------------------------------------------------------------------
                                             -0.132007   slack (VIOLATED)


Startpoint: op_b[3] (input port clocked by __VIRTUAL_CLK__)
Endpoint: op_out[1] (output port clocked by __VIRTUAL_CLK__)
Path Group: __VIRTUAL_CLK__
Path Type: max

Fanout         Cap        Slew       Delay        Time   Description
---------------------------------------------------------------------------------------------
                      0.000000    0.000000    0.000000   clock __VIRTUAL_CLK__ (rise edge)
                                  0.000000    0.000000   clock network delay (ideal)
                                  2.000000    2.000000 v input external delay
     1    0.002649    0.004500    0.002145    2.002145 v op_b[3] (in)
                                                         op_b[3] (net)
                      0.004500    0.000000    2.002145 v input16/A (sky130_fd_sc_hd__clkbuf_1)
     1    0.008040    0.037149    0.063098    2.065243 v input16/X (sky130_fd_sc_hd__clkbuf_1)
                                                         net16 (net)
                      0.037151    0.000304    2.065547 v fanout58/A (sky130_fd_sc_hd__clkbuf_4)
     9    0.056056    0.083900    0.147559    2.213106 v fanout58/X (sky130_fd_sc_hd__clkbuf_4)
                                                         net58 (net)
                      0.083997    0.002559    2.215665 v fanout56/A (sky130_fd_sc_hd__buf_2)
    10    0.039981    0.071336    0.145508    2.361173 v fanout56/X (sky130_fd_sc_hd__buf_2)
                                                         net56 (net)
                      0.071363    0.001322    2.362495 v _470_/A (sky130_fd_sc_hd__or2_4)
     4    0.015731    0.044506    0.182218    2.544713 v _470_/X (sky130_fd_sc_hd__or2_4)
                                                         _317_ (net)
                      0.044509    0.000371    2.545084 v _472_/A3 (sky130_fd_sc_hd__o41ai_4)
     5    0.016790    0.274154    0.272643    2.817727 ^ _472_/Y (sky130_fd_sc_hd__o41ai_4)
                                                         _338_ (net)
                      0.274154    0.000371    2.818098 ^ _481_/A2 (sky130_fd_sc_hd__a211o_1)
     4    0.013008    0.091417    0.141788    2.959886 ^ _481_/X (sky130_fd_sc_hd__a211o_1)
                                                         _410_ (net)
                      0.091417    0.000286    2.960172 ^ _484_/A1 (sky130_fd_sc_hd__a21o_1)
     4    0.014987    0.102671    0.126551    3.086723 ^ _484_/X (sky130_fd_sc_hd__a21o_1)
                                                         _413_ (net)
                      0.102671    0.000293    3.087016 ^ _493_/A1 (sky130_fd_sc_hd__a211oi_2)
     3    0.009347    0.055001    0.059542    3.146559 v _493_/Y (sky130_fd_sc_hd__a211oi_2)
                                                         _422_ (net)
                      0.055001    0.000225    3.146784 v _503_/D (sky130_fd_sc_hd__or4_4)
     3    0.008002    0.062708    0.254629    3.401412 v _503_/X (sky130_fd_sc_hd__or4_4)
                                                         _432_ (net)
                      0.062708    0.000176    3.401588 v _507_/A1 (sky130_fd_sc_hd__a31o_1)
     2    0.007917    0.043101    0.136441    3.538029 v _507_/X (sky130_fd_sc_hd__a31o_1)
                                                         _436_ (net)
                      0.043102    0.000208    3.538237 v _509_/A2 (sky130_fd_sc_hd__a211o_4)
     3    0.015725    0.048012    0.224593    3.762830 v _509_/X (sky130_fd_sc_hd__a211o_4)
                                                         _438_ (net)
                      0.048017    0.000478    3.763308 v _515_/A2 (sky130_fd_sc_hd__a21oi_4)
     8    0.045075    0.253408    0.235017    3.998325 ^ _515_/Y (sky130_fd_sc_hd__a21oi_4)
                                                         _444_ (net)
                      0.253424    0.001630    3.999955 ^ _524_/S (sky130_fd_sc_hd__mux2_4)
     2    0.007515    0.041760    0.192518    4.192473 v _524_/X (sky130_fd_sc_hd__mux2_4)
                                                         _453_ (net)
                      0.041760    0.000203    4.192676 v _539_/A1 (sky130_fd_sc_hd__a221o_1)
     3    0.010135    0.057135    0.192678    4.385354 v _539_/X (sky130_fd_sc_hd__a221o_1)
                                                         _010_ (net)
                      0.057135    0.000272    4.385626 v _544_/A2 (sky130_fd_sc_hd__a311o_1)
     3    0.009562    0.062770    0.226982    4.612608 v _544_/X (sky130_fd_sc_hd__a311o_1)
                                                         _015_ (net)
                      0.062770    0.000217    4.612825 v rebuffer4/A (sky130_fd_sc_hd__dlygate4sd1_1)
     3    0.009030    0.040801    0.175406    4.788231 v rebuffer4/X (sky130_fd_sc_hd__dlygate4sd1_1)
                                                         net73 (net)
                      0.040802    0.000188    4.788420 v _550_/A1 (sky130_fd_sc_hd__a21o_1)
     3    0.008570    0.041129    0.116635    4.905055 v _550_/X (sky130_fd_sc_hd__a21o_1)
                                                         _021_ (net)
                      0.041130    0.000222    4.905277 v _555_/C (sky130_fd_sc_hd__and3_1)
     2    0.008324    0.043693    0.133570    5.038847 v _555_/X (sky130_fd_sc_hd__and3_1)
                                                         _026_ (net)
                      0.043693    0.000215    5.039062 v _559_/A1 (sky130_fd_sc_hd__o21ai_2)
     4    0.017479    0.164317    0.162970    5.202032 ^ _559_/Y (sky130_fd_sc_hd__o21ai_2)
                                                         _030_ (net)
                      0.164323    0.000756    5.202788 ^ _586_/D_N (sky130_fd_sc_hd__or4b_4)
     1    0.009159    0.064209    0.288793    5.491581 v _586_/X (sky130_fd_sc_hd__or4b_4)
                                                         _057_ (net)
                      0.064209    0.000291    5.491872 v _590_/A2 (sky130_fd_sc_hd__a311oi_4)
     4    0.017400    0.248021    0.250653    5.742525 ^ _590_/Y (sky130_fd_sc_hd__a311oi_4)
                                                         _061_ (net)
                      0.248022    0.000618    5.743143 ^ max_cap30/A (sky130_fd_sc_hd__buf_6)
     5    0.027313    0.050416    0.099452    5.842595 ^ max_cap30/X (sky130_fd_sc_hd__buf_6)
                                                         net30 (net)
                      0.050426    0.000671    5.843266 ^ _601_/S (sky130_fd_sc_hd__mux2_4)
     4    0.026173    0.061918    0.216745    6.060011 v _601_/X (sky130_fd_sc_hd__mux2_4)
                                                         _072_ (net)
                      0.061921    0.000478    6.060490 v _604_/A (sky130_fd_sc_hd__xnor2_4)
     4    0.016840    0.052386    0.117589    6.178079 v _604_/Y (sky130_fd_sc_hd__xnor2_4)
                                                         _075_ (net)
                      0.052387    0.000413    6.178493 v _608_/A2 (sky130_fd_sc_hd__a211oi_4)
     3    0.010673    0.160006    0.191536    6.370028 ^ _608_/Y (sky130_fd_sc_hd__a211oi_4)
                                                         _079_ (net)
                      0.160007    0.000394    6.370422 ^ _627_/A3 (sky130_fd_sc_hd__o31a_1)
     4    0.021169    0.167063    0.178444    6.548867 ^ _627_/X (sky130_fd_sc_hd__o31a_1)
                                                         _098_ (net)
                      0.167064    0.000409    6.549275 ^ _628_/A1 (sky130_fd_sc_hd__a21oi_4)
     4    0.021074    0.062383    0.058392    6.607668 v _628_/Y (sky130_fd_sc_hd__a21oi_4)
                                                         _099_ (net)
                      0.062413    0.000640    6.608308 v clone9/A (sky130_fd_sc_hd__buf_6)
     5    0.019108    0.024510    0.095093    6.703402 v clone9/X (sky130_fd_sc_hd__buf_6)
                                                         net78 (net)
                      0.024520    0.000462    6.703864 v _717_/A1 (sky130_fd_sc_hd__a22o_1)
     1    0.004803    0.032880    0.109164    6.813028 v _717_/X (sky130_fd_sc_hd__a22o_1)
                                                         _187_ (net)
                      0.032881    0.000171    6.813200 v _718_/A (sky130_fd_sc_hd__or2_4)
     1    0.006942    0.035513    0.154516    6.967715 v _718_/X (sky130_fd_sc_hd__or2_4)
                                                         net22 (net)
                      0.035513    0.000202    6.967916 v output22/A (sky130_fd_sc_hd__buf_8)
     1    0.034873    0.030099    0.090729    7.058646 v output22/X (sky130_fd_sc_hd__buf_8)
                                                         op_out[1] (net)
                      0.030133    0.000912    7.059558 v op_out[1] (out)
                                              7.059558   data arrival time

                      0.000000   10.000000   10.000000   clock __VIRTUAL_CLK__ (rise edge)
                                  0.000000   10.000000   clock network delay (ideal)
                                 -0.250000    9.750000   clock uncertainty
                                  0.000000    9.750000   clock reconvergence pessimism
                                 -2.000000    7.750000   output external delay
                                              7.750000   data required time
---------------------------------------------------------------------------------------------
                                              7.750000   data required time
                                             -7.059558   data arrival time
---------------------------------------------------------------------------------------------
                                              0.690442   slack (MET)


Startpoint: op_b[3] (input port clocked by __VIRTUAL_CLK__)
Endpoint: op_out[2] (output port clocked by __VIRTUAL_CLK__)
Path Group: __VIRTUAL_CLK__
Path Type: max

Fanout         Cap        Slew       Delay        Time   Description
---------------------------------------------------------------------------------------------
                      0.000000    0.000000    0.000000   clock __VIRTUAL_CLK__ (rise edge)
                                  0.000000    0.000000   clock network delay (ideal)
                                  2.000000    2.000000 v input external delay
     1    0.002649    0.004500    0.002145    2.002145 v op_b[3] (in)
                                                         op_b[3] (net)
                      0.004500    0.000000    2.002145 v input16/A (sky130_fd_sc_hd__clkbuf_1)
     1    0.008040    0.037149    0.063098    2.065243 v input16/X (sky130_fd_sc_hd__clkbuf_1)
                                                         net16 (net)
                      0.037151    0.000304    2.065547 v fanout58/A (sky130_fd_sc_hd__clkbuf_4)
     9    0.056056    0.083900    0.147559    2.213106 v fanout58/X (sky130_fd_sc_hd__clkbuf_4)
                                                         net58 (net)
                      0.083997    0.002559    2.215665 v fanout56/A (sky130_fd_sc_hd__buf_2)
    10    0.039981    0.071336    0.145508    2.361173 v fanout56/X (sky130_fd_sc_hd__buf_2)
                                                         net56 (net)
                      0.071363    0.001322    2.362495 v _470_/A (sky130_fd_sc_hd__or2_4)
     4    0.015731    0.044506    0.182218    2.544713 v _470_/X (sky130_fd_sc_hd__or2_4)
                                                         _317_ (net)
                      0.044509    0.000371    2.545084 v _472_/A3 (sky130_fd_sc_hd__o41ai_4)
     5    0.016790    0.274154    0.272643    2.817727 ^ _472_/Y (sky130_fd_sc_hd__o41ai_4)
                                                         _338_ (net)
                      0.274154    0.000371    2.818098 ^ _481_/A2 (sky130_fd_sc_hd__a211o_1)
     4    0.013008    0.091417    0.141788    2.959886 ^ _481_/X (sky130_fd_sc_hd__a211o_1)
                                                         _410_ (net)
                      0.091417    0.000286    2.960172 ^ _484_/A1 (sky130_fd_sc_hd__a21o_1)
     4    0.014987    0.102671    0.126551    3.086723 ^ _484_/X (sky130_fd_sc_hd__a21o_1)
                                                         _413_ (net)
                      0.102671    0.000293    3.087016 ^ _493_/A1 (sky130_fd_sc_hd__a211oi_2)
     3    0.009347    0.055001    0.059542    3.146559 v _493_/Y (sky130_fd_sc_hd__a211oi_2)
                                                         _422_ (net)
                      0.055001    0.000225    3.146784 v _503_/D (sky130_fd_sc_hd__or4_4)
     3    0.008002    0.062708    0.254629    3.401412 v _503_/X (sky130_fd_sc_hd__or4_4)
                                                         _432_ (net)
                      0.062708    0.000176    3.401588 v _507_/A1 (sky130_fd_sc_hd__a31o_1)
     2    0.007917    0.043101    0.136441    3.538029 v _507_/X (sky130_fd_sc_hd__a31o_1)
                                                         _436_ (net)
                      0.043102    0.000208    3.538237 v _509_/A2 (sky130_fd_sc_hd__a211o_4)
     3    0.015725    0.048012    0.224593    3.762830 v _509_/X (sky130_fd_sc_hd__a211o_4)
                                                         _438_ (net)
                      0.048017    0.000478    3.763308 v _515_/A2 (sky130_fd_sc_hd__a21oi_4)
     8    0.045075    0.253408    0.235017    3.998325 ^ _515_/Y (sky130_fd_sc_hd__a21oi_4)
                                                         _444_ (net)
                      0.253424    0.001630    3.999955 ^ _524_/S (sky130_fd_sc_hd__mux2_4)
     2    0.007515    0.041760    0.192518    4.192473 v _524_/X (sky130_fd_sc_hd__mux2_4)
                                                         _453_ (net)
                      0.041760    0.000203    4.192676 v _539_/A1 (sky130_fd_sc_hd__a221o_1)
     3    0.010135    0.057135    0.192678    4.385354 v _539_/X (sky130_fd_sc_hd__a221o_1)
                                                         _010_ (net)
                      0.057135    0.000272    4.385626 v _544_/A2 (sky130_fd_sc_hd__a311o_1)
     3    0.009562    0.062770    0.226982    4.612608 v _544_/X (sky130_fd_sc_hd__a311o_1)
                                                         _015_ (net)
                      0.062770    0.000217    4.612825 v rebuffer4/A (sky130_fd_sc_hd__dlygate4sd1_1)
     3    0.009030    0.040801    0.175406    4.788231 v rebuffer4/X (sky130_fd_sc_hd__dlygate4sd1_1)
                                                         net73 (net)
                      0.040802    0.000188    4.788420 v _550_/A1 (sky130_fd_sc_hd__a21o_1)
     3    0.008570    0.041129    0.116635    4.905055 v _550_/X (sky130_fd_sc_hd__a21o_1)
                                                         _021_ (net)
                      0.041130    0.000222    4.905277 v _555_/C (sky130_fd_sc_hd__and3_1)
     2    0.008324    0.043693    0.133570    5.038847 v _555_/X (sky130_fd_sc_hd__and3_1)
                                                         _026_ (net)
                      0.043693    0.000215    5.039062 v _559_/A1 (sky130_fd_sc_hd__o21ai_2)
     4    0.017479    0.164317    0.162970    5.202032 ^ _559_/Y (sky130_fd_sc_hd__o21ai_2)
                                                         _030_ (net)
                      0.164323    0.000756    5.202788 ^ _586_/D_N (sky130_fd_sc_hd__or4b_4)
     1    0.009159    0.064209    0.288793    5.491581 v _586_/X (sky130_fd_sc_hd__or4b_4)
                                                         _057_ (net)
                      0.064209    0.000291    5.491872 v _590_/A2 (sky130_fd_sc_hd__a311oi_4)
     4    0.017400    0.248021    0.250653    5.742525 ^ _590_/Y (sky130_fd_sc_hd__a311oi_4)
                                                         _061_ (net)
                      0.248022    0.000618    5.743143 ^ max_cap30/A (sky130_fd_sc_hd__buf_6)
     5    0.027313    0.050416    0.099452    5.842595 ^ max_cap30/X (sky130_fd_sc_hd__buf_6)
                                                         net30 (net)
                      0.050425    0.000638    5.843233 ^ rebuffer3/A (sky130_fd_sc_hd__dlygate4sd1_1)
     1    0.005298    0.046504    0.139641    5.982873 ^ rebuffer3/X (sky130_fd_sc_hd__dlygate4sd1_1)
                                                         net72 (net)
                      0.046504    0.000198    5.983071 ^ _740_/A2 (sky130_fd_sc_hd__a211o_1)
     1    0.005138    0.042988    0.083558    6.066630 ^ _740_/X (sky130_fd_sc_hd__a211o_1)
                                                         _212_ (net)
                      0.042988    0.000190    6.066820 ^ _741_/B1 (sky130_fd_sc_hd__a21o_1)
     1    0.005405    0.042865    0.059946    6.126766 ^ _741_/X (sky130_fd_sc_hd__a21o_1)
                                                         net23 (net)
                      0.042865    0.000163    6.126928 ^ output23/A (sky130_fd_sc_hd__buf_6)
     1    0.034343    0.057430    0.088222    6.215151 ^ output23/X (sky130_fd_sc_hd__buf_6)
                                                         op_out[2] (net)
                      0.057440    0.000770    6.215921 ^ op_out[2] (out)
                                              6.215921   data arrival time

                      0.000000   10.000000   10.000000   clock __VIRTUAL_CLK__ (rise edge)
                                  0.000000   10.000000   clock network delay (ideal)
                                 -0.250000    9.750000   clock uncertainty
                                  0.000000    9.750000   clock reconvergence pessimism
                                 -2.000000    7.750000   output external delay
                                              7.750000   data required time
---------------------------------------------------------------------------------------------
                                              7.750000   data required time
                                             -6.215921   data arrival time
---------------------------------------------------------------------------------------------
                                              1.534079   slack (MET)


Startpoint: op_b[3] (input port clocked by __VIRTUAL_CLK__)
Endpoint: op_out[3] (output port clocked by __VIRTUAL_CLK__)
Path Group: __VIRTUAL_CLK__
Path Type: max

Fanout         Cap        Slew       Delay        Time   Description
---------------------------------------------------------------------------------------------
                      0.000000    0.000000    0.000000   clock __VIRTUAL_CLK__ (rise edge)
                                  0.000000    0.000000   clock network delay (ideal)
                                  2.000000    2.000000 v input external delay
     1    0.002649    0.004500    0.002145    2.002145 v op_b[3] (in)
                                                         op_b[3] (net)
                      0.004500    0.000000    2.002145 v input16/A (sky130_fd_sc_hd__clkbuf_1)
     1    0.008040    0.037149    0.063098    2.065243 v input16/X (sky130_fd_sc_hd__clkbuf_1)
                                                         net16 (net)
                      0.037151    0.000304    2.065547 v fanout58/A (sky130_fd_sc_hd__clkbuf_4)
     9    0.056056    0.083900    0.147559    2.213106 v fanout58/X (sky130_fd_sc_hd__clkbuf_4)
                                                         net58 (net)
                      0.083997    0.002559    2.215665 v fanout56/A (sky130_fd_sc_hd__buf_2)
    10    0.039981    0.071336    0.145508    2.361173 v fanout56/X (sky130_fd_sc_hd__buf_2)
                                                         net56 (net)
                      0.071363    0.001322    2.362495 v _470_/A (sky130_fd_sc_hd__or2_4)
     4    0.015731    0.044506    0.182218    2.544713 v _470_/X (sky130_fd_sc_hd__or2_4)
                                                         _317_ (net)
                      0.044509    0.000371    2.545084 v _472_/A3 (sky130_fd_sc_hd__o41ai_4)
     5    0.016790    0.274154    0.272643    2.817727 ^ _472_/Y (sky130_fd_sc_hd__o41ai_4)
                                                         _338_ (net)
                      0.274154    0.000371    2.818098 ^ _481_/A2 (sky130_fd_sc_hd__a211o_1)
     4    0.013008    0.091417    0.141788    2.959886 ^ _481_/X (sky130_fd_sc_hd__a211o_1)
                                                         _410_ (net)
                      0.091417    0.000286    2.960172 ^ _484_/A1 (sky130_fd_sc_hd__a21o_1)
     4    0.014987    0.102671    0.126551    3.086723 ^ _484_/X (sky130_fd_sc_hd__a21o_1)
                                                         _413_ (net)
                      0.102671    0.000293    3.087016 ^ _493_/A1 (sky130_fd_sc_hd__a211oi_2)
     3    0.009347    0.055001    0.059542    3.146559 v _493_/Y (sky130_fd_sc_hd__a211oi_2)
                                                         _422_ (net)
                      0.055001    0.000225    3.146784 v _503_/D (sky130_fd_sc_hd__or4_4)
     3    0.008002    0.062708    0.254629    3.401412 v _503_/X (sky130_fd_sc_hd__or4_4)
                                                         _432_ (net)
                      0.062708    0.000176    3.401588 v _507_/A1 (sky130_fd_sc_hd__a31o_1)
     2    0.007917    0.043101    0.136441    3.538029 v _507_/X (sky130_fd_sc_hd__a31o_1)
                                                         _436_ (net)
                      0.043102    0.000208    3.538237 v _509_/A2 (sky130_fd_sc_hd__a211o_4)
     3    0.015725    0.048012    0.224593    3.762830 v _509_/X (sky130_fd_sc_hd__a211o_4)
                                                         _438_ (net)
                      0.048017    0.000478    3.763308 v _515_/A2 (sky130_fd_sc_hd__a21oi_4)
     8    0.045075    0.253408    0.235017    3.998325 ^ _515_/Y (sky130_fd_sc_hd__a21oi_4)
                                                         _444_ (net)
                      0.253424    0.001630    3.999955 ^ _524_/S (sky130_fd_sc_hd__mux2_4)
     2    0.007515    0.041760    0.192518    4.192473 v _524_/X (sky130_fd_sc_hd__mux2_4)
                                                         _453_ (net)
                      0.041760    0.000203    4.192676 v _539_/A1 (sky130_fd_sc_hd__a221o_1)
     3    0.010135    0.057135    0.192678    4.385354 v _539_/X (sky130_fd_sc_hd__a221o_1)
                                                         _010_ (net)
                      0.057135    0.000214    4.385568 v _543_/A3 (sky130_fd_sc_hd__a311oi_2)
     4    0.017004    0.287766    0.298627    4.684196 ^ _543_/Y (sky130_fd_sc_hd__a311oi_2)
                                                         _014_ (net)
                      0.287766    0.000575    4.684770 ^ _548_/A (sky130_fd_sc_hd__nor2_2)
     2    0.018393    0.083209    0.063864    4.748634 v _548_/Y (sky130_fd_sc_hd__nor2_2)
                                                         _019_ (net)
                      0.083220    0.000744    4.749378 v _769_/A2 (sky130_fd_sc_hd__a211o_1)
     1    0.002449    0.032033    0.191403    4.940782 v _769_/X (sky130_fd_sc_hd__a211o_1)
                                                         _243_ (net)
                      0.032033    0.000071    4.940853 v _770_/A_N (sky130_fd_sc_hd__nand2b_1)
     1    0.002076    0.024324    0.080549    5.021402 v _770_/Y (sky130_fd_sc_hd__nand2b_1)
                                                         net24 (net)
                      0.024324    0.000059    5.021461 v output24/A (sky130_fd_sc_hd__buf_2)
     1    0.034463    0.063117    0.115088    5.136549 v output24/X (sky130_fd_sc_hd__buf_2)
                                                         op_out[3] (net)
                      0.063128    0.000793    5.137342 v op_out[3] (out)
                                              5.137342   data arrival time

                      0.000000   10.000000   10.000000   clock __VIRTUAL_CLK__ (rise edge)
                                  0.000000   10.000000   clock network delay (ideal)
                                 -0.250000    9.750000   clock uncertainty
                                  0.000000    9.750000   clock reconvergence pessimism
                                 -2.000000    7.750000   output external delay
                                              7.750000   data required time
---------------------------------------------------------------------------------------------
                                              7.750000   data required time
                                             -5.137342   data arrival time
---------------------------------------------------------------------------------------------
                                              2.612658   slack (MET)


Startpoint: op_b[3] (input port clocked by __VIRTUAL_CLK__)
Endpoint: op_out[4] (output port clocked by __VIRTUAL_CLK__)
Path Group: __VIRTUAL_CLK__
Path Type: max

Fanout         Cap        Slew       Delay        Time   Description
---------------------------------------------------------------------------------------------
                      0.000000    0.000000    0.000000   clock __VIRTUAL_CLK__ (rise edge)
                                  0.000000    0.000000   clock network delay (ideal)
                                  2.000000    2.000000 v input external delay
     1    0.002649    0.004500    0.002145    2.002145 v op_b[3] (in)
                                                         op_b[3] (net)
                      0.004500    0.000000    2.002145 v input16/A (sky130_fd_sc_hd__clkbuf_1)
     1    0.008040    0.037149    0.063098    2.065243 v input16/X (sky130_fd_sc_hd__clkbuf_1)
                                                         net16 (net)
                      0.037151    0.000304    2.065547 v fanout58/A (sky130_fd_sc_hd__clkbuf_4)
     9    0.056056    0.083900    0.147559    2.213106 v fanout58/X (sky130_fd_sc_hd__clkbuf_4)
                                                         net58 (net)
                      0.083997    0.002559    2.215665 v fanout56/A (sky130_fd_sc_hd__buf_2)
    10    0.039981    0.071336    0.145508    2.361173 v fanout56/X (sky130_fd_sc_hd__buf_2)
                                                         net56 (net)
                      0.071363    0.001322    2.362495 v _470_/A (sky130_fd_sc_hd__or2_4)
     4    0.015731    0.044506    0.182218    2.544713 v _470_/X (sky130_fd_sc_hd__or2_4)
                                                         _317_ (net)
                      0.044509    0.000371    2.545084 v _472_/A3 (sky130_fd_sc_hd__o41ai_4)
     5    0.016790    0.274154    0.272643    2.817727 ^ _472_/Y (sky130_fd_sc_hd__o41ai_4)
                                                         _338_ (net)
                      0.274154    0.000371    2.818098 ^ _481_/A2 (sky130_fd_sc_hd__a211o_1)
     4    0.013008    0.091417    0.141788    2.959886 ^ _481_/X (sky130_fd_sc_hd__a211o_1)
                                                         _410_ (net)
                      0.091417    0.000286    2.960172 ^ _484_/A1 (sky130_fd_sc_hd__a21o_1)
     4    0.014987    0.102671    0.126551    3.086723 ^ _484_/X (sky130_fd_sc_hd__a21o_1)
                                                         _413_ (net)
                      0.102671    0.000293    3.087016 ^ _493_/A1 (sky130_fd_sc_hd__a211oi_2)
     3    0.009347    0.055001    0.059542    3.146559 v _493_/Y (sky130_fd_sc_hd__a211oi_2)
                                                         _422_ (net)
                      0.055001    0.000225    3.146784 v _503_/D (sky130_fd_sc_hd__or4_4)
     3    0.008002    0.062708    0.254629    3.401412 v _503_/X (sky130_fd_sc_hd__or4_4)
                                                         _432_ (net)
                      0.062708    0.000176    3.401588 v _507_/A1 (sky130_fd_sc_hd__a31o_1)
     2    0.007917    0.043101    0.136441    3.538029 v _507_/X (sky130_fd_sc_hd__a31o_1)
                                                         _436_ (net)
                      0.043102    0.000208    3.538237 v _509_/A2 (sky130_fd_sc_hd__a211o_4)
     3    0.015725    0.048012    0.224593    3.762830 v _509_/X (sky130_fd_sc_hd__a211o_4)
                                                         _438_ (net)
                      0.048017    0.000478    3.763308 v _515_/A2 (sky130_fd_sc_hd__a21oi_4)
     8    0.045075    0.253408    0.235017    3.998325 ^ _515_/Y (sky130_fd_sc_hd__a21oi_4)
                                                         _444_ (net)
                      0.253432    0.001989    4.000314 ^ _797_/A2 (sky130_fd_sc_hd__a211oi_1)
     1    0.003544    0.066324    0.064066    4.064379 v _797_/Y (sky130_fd_sc_hd__a211oi_1)
                                                         _272_ (net)
                      0.066324    0.000113    4.064492 v _798_/B1 (sky130_fd_sc_hd__o31ai_1)
     1    0.005626    0.182212    0.070144    4.134636 ^ _798_/Y (sky130_fd_sc_hd__o31ai_1)
                                                         net25 (net)
                      0.182212    0.000223    4.134859 ^ output25/A (sky130_fd_sc_hd__buf_4)
     1    0.034524    0.078193    0.132650    4.267509 ^ output25/X (sky130_fd_sc_hd__buf_4)
                                                         op_out[4] (net)
                      0.078200    0.000818    4.268328 ^ op_out[4] (out)
                                              4.268328   data arrival time

                      0.000000   10.000000   10.000000   clock __VIRTUAL_CLK__ (rise edge)
                                  0.000000   10.000000   clock network delay (ideal)
                                 -0.250000    9.750000   clock uncertainty
                                  0.000000    9.750000   clock reconvergence pessimism
                                 -2.000000    7.750000   output external delay
                                              7.750000   data required time
---------------------------------------------------------------------------------------------
                                              7.750000   data required time
                                             -4.268328   data arrival time
---------------------------------------------------------------------------------------------
                                              3.481672   slack (MET)


Startpoint: op_b[0] (input port clocked by __VIRTUAL_CLK__)
Endpoint: op_out[7] (output port clocked by __VIRTUAL_CLK__)
Path Group: __VIRTUAL_CLK__
Path Type: max

Fanout         Cap        Slew       Delay        Time   Description
---------------------------------------------------------------------------------------------
                      0.000000    0.000000    0.000000   clock __VIRTUAL_CLK__ (rise edge)
                                  0.000000    0.000000   clock network delay (ideal)
                                  2.000000    2.000000 ^ input external delay
     1    0.005592    0.023678    0.014406    2.014406 ^ op_b[0] (in)
                                                         op_b[0] (net)
                      0.023678    0.000000    2.014406 ^ input13/A (sky130_fd_sc_hd__buf_6)
     5    0.037853    0.062486    0.085880    2.100286 ^ input13/X (sky130_fd_sc_hd__buf_6)
                                                         net13 (net)
                      0.062564    0.001785    2.102070 ^ fanout66/A (sky130_fd_sc_hd__buf_8)
     5    0.042301    0.058568    0.092115    2.194186 ^ fanout66/X (sky130_fd_sc_hd__buf_8)
                                                         net66 (net)
                      0.058581    0.000725    2.194911 ^ fanout65/A (sky130_fd_sc_hd__buf_8)
    10    0.042763    0.059069    0.091587    2.286498 ^ fanout65/X (sky130_fd_sc_hd__buf_8)
                                                         net65 (net)
                      0.059153    0.001794    2.288291 ^ _458_/A (sky130_fd_sc_hd__inv_2)
     4    0.014703    0.030903    0.036793    2.325084 v _458_/Y (sky130_fd_sc_hd__inv_2)
                                                         _188_ (net)
                      0.030905    0.000215    2.325300 v fanout35/A (sky130_fd_sc_hd__clkbuf_4)
    10    0.048444    0.074169    0.137605    2.462905 v fanout35/X (sky130_fd_sc_hd__clkbuf_4)
                                                         net35 (net)
                      0.074184    0.001022    2.463927 v _536_/A (sky130_fd_sc_hd__nor2_4)
     4    0.018170    0.099830    0.121188    2.585115 ^ _536_/Y (sky130_fd_sc_hd__nor2_4)
                                                         _007_ (net)
                      0.099830    0.000429    2.585545 ^ _780_/A (sky130_fd_sc_hd__and3_1)
     2    0.013189    0.105192    0.150372    2.735916 ^ _780_/X (sky130_fd_sc_hd__and3_1)
                                                         _254_ (net)
                      0.105192    0.000526    2.736443 ^ _781_/B1 (sky130_fd_sc_hd__a21oi_4)
     2    0.013319    0.046111    0.027157    2.763600 v _781_/Y (sky130_fd_sc_hd__a21oi_4)
                                                         _255_ (net)
                      0.046111    0.000276    2.763876 v _805_/A3 (sky130_fd_sc_hd__a31oi_2)
     2    0.009020    0.140097    0.161340    2.925216 ^ _805_/Y (sky130_fd_sc_hd__a31oi_2)
                                                         _280_ (net)
                      0.140097    0.000269    2.925485 ^ _813_/A (sky130_fd_sc_hd__xnor2_1)
     2    0.005697    0.051391    0.064689    2.990174 v _813_/Y (sky130_fd_sc_hd__xnor2_1)
                                                         _289_ (net)
                      0.051391    0.000160    2.990334 v _814_/B (sky130_fd_sc_hd__or2_1)
     1    0.002386    0.030780    0.122766    3.113100 v _814_/X (sky130_fd_sc_hd__or2_1)
                                                         _290_ (net)
                      0.030780    0.000046    3.113145 v _816_/A (sky130_fd_sc_hd__nand2_1)
     2    0.007785    0.064172    0.060648    3.173793 ^ _816_/Y (sky130_fd_sc_hd__nand2_1)
                                                         _292_ (net)
                      0.064196    0.000275    3.174068 ^ _817_/A (sky130_fd_sc_hd__and3_1)
     1    0.011472    0.092560    0.133840    3.307908 ^ _817_/X (sky130_fd_sc_hd__and3_1)
                                                         _293_ (net)
                      0.092560    0.000440    3.308347 ^ _819_/A (sky130_fd_sc_hd__nor2_4)
     2    0.011583    0.046792    0.032481    3.340828 v _819_/Y (sky130_fd_sc_hd__nor2_4)
                                                         _296_ (net)
                      0.046794    0.000207    3.341035 v _820_/B (sky130_fd_sc_hd__xnor2_2)
     2    0.006833    0.108013    0.105256    3.446290 ^ _820_/Y (sky130_fd_sc_hd__xnor2_2)
                                                         _297_ (net)
                      0.108013    0.000205    3.446495 ^ _821_/A (sky130_fd_sc_hd__or2_4)
     3    0.014858    0.044238    0.105313    3.551808 ^ _821_/X (sky130_fd_sc_hd__or2_4)
                                                         _298_ (net)
                      0.044239    0.000242    3.552050 ^ _824_/A (sky130_fd_sc_hd__nand2_1)
     3    0.008372    0.041988    0.045939    3.597990 v _824_/Y (sky130_fd_sc_hd__nand2_1)
                                                         _301_ (net)
                      0.041988    0.000107    3.598097 v _826_/B (sky130_fd_sc_hd__nor2_1)
     3    0.010526    0.143824    0.125807    3.723903 ^ _826_/Y (sky130_fd_sc_hd__nor2_1)
                                                         _303_ (net)
                      0.143825    0.000230    3.724134 ^ _892_/A2 (sky130_fd_sc_hd__o21ai_1)
     2    0.005434    0.047069    0.053358    3.777491 v _892_/Y (sky130_fd_sc_hd__o21ai_1)
                                                         _374_ (net)
                      0.047070    0.000151    3.777642 v _917_/A (sky130_fd_sc_hd__or2_1)
     1    0.003385    0.034540    0.138495    3.916137 v _917_/X (sky130_fd_sc_hd__or2_1)
                                                         _401_ (net)
                      0.034540    0.000104    3.916241 v _923_/A2 (sky130_fd_sc_hd__a311o_1)
     1    0.005240    0.047933    0.199723    4.115964 v _923_/X (sky130_fd_sc_hd__a311o_1)
                                                         net28 (net)
                      0.047933    0.000162    4.116126 v output28/A (sky130_fd_sc_hd__buf_6)
     1    0.033963    0.031877    0.097591    4.213717 v output28/X (sky130_fd_sc_hd__buf_6)
                                                         op_out[7] (net)
                      0.031892    0.000624    4.214341 v op_out[7] (out)
                                              4.214341   data arrival time

                      0.000000   10.000000   10.000000   clock __VIRTUAL_CLK__ (rise edge)
                                  0.000000   10.000000   clock network delay (ideal)
                                 -0.250000    9.750000   clock uncertainty
                                  0.000000    9.750000   clock reconvergence pessimism
                                 -2.000000    7.750000   output external delay
                                              7.750000   data required time
---------------------------------------------------------------------------------------------
                                              7.750000   data required time
                                             -4.214341   data arrival time
---------------------------------------------------------------------------------------------
                                              3.535659   slack (MET)


Startpoint: op_b[0] (input port clocked by __VIRTUAL_CLK__)
Endpoint: op_out[5] (output port clocked by __VIRTUAL_CLK__)
Path Group: __VIRTUAL_CLK__
Path Type: max

Fanout         Cap        Slew       Delay        Time   Description
---------------------------------------------------------------------------------------------
                      0.000000    0.000000    0.000000   clock __VIRTUAL_CLK__ (rise edge)
                                  0.000000    0.000000   clock network delay (ideal)
                                  2.000000    2.000000 ^ input external delay
     1    0.005592    0.023678    0.014406    2.014406 ^ op_b[0] (in)
                                                         op_b[0] (net)
                      0.023678    0.000000    2.014406 ^ input13/A (sky130_fd_sc_hd__buf_6)
     5    0.037853    0.062486    0.085880    2.100286 ^ input13/X (sky130_fd_sc_hd__buf_6)
                                                         net13 (net)
                      0.062564    0.001785    2.102070 ^ fanout66/A (sky130_fd_sc_hd__buf_8)
     5    0.042301    0.058568    0.092115    2.194186 ^ fanout66/X (sky130_fd_sc_hd__buf_8)
                                                         net66 (net)
                      0.058581    0.000725    2.194911 ^ fanout65/A (sky130_fd_sc_hd__buf_8)
    10    0.042763    0.059069    0.091587    2.286498 ^ fanout65/X (sky130_fd_sc_hd__buf_8)
                                                         net65 (net)
                      0.059153    0.001794    2.288291 ^ _458_/A (sky130_fd_sc_hd__inv_2)
     4    0.014703    0.030903    0.036793    2.325084 v _458_/Y (sky130_fd_sc_hd__inv_2)
                                                         _188_ (net)
                      0.030905    0.000215    2.325300 v fanout35/A (sky130_fd_sc_hd__clkbuf_4)
    10    0.048444    0.074169    0.137605    2.462905 v fanout35/X (sky130_fd_sc_hd__clkbuf_4)
                                                         net35 (net)
                      0.074184    0.001022    2.463927 v _536_/A (sky130_fd_sc_hd__nor2_4)
     4    0.018170    0.099830    0.121188    2.585115 ^ _536_/Y (sky130_fd_sc_hd__nor2_4)
                                                         _007_ (net)
                      0.099830    0.000429    2.585545 ^ _780_/A (sky130_fd_sc_hd__and3_1)
     2    0.013189    0.105192    0.150372    2.735916 ^ _780_/X (sky130_fd_sc_hd__and3_1)
                                                         _254_ (net)
                      0.105192    0.000526    2.736443 ^ _781_/B1 (sky130_fd_sc_hd__a21oi_4)
     2    0.013319    0.046111    0.027157    2.763600 v _781_/Y (sky130_fd_sc_hd__a21oi_4)
                                                         _255_ (net)
                      0.046111    0.000276    2.763876 v _805_/A3 (sky130_fd_sc_hd__a31oi_2)
     2    0.009020    0.140097    0.161340    2.925216 ^ _805_/Y (sky130_fd_sc_hd__a31oi_2)
                                                         _280_ (net)
                      0.140097    0.000269    2.925485 ^ _813_/A (sky130_fd_sc_hd__xnor2_1)
     2    0.005697    0.051391    0.064689    2.990174 v _813_/Y (sky130_fd_sc_hd__xnor2_1)
                                                         _289_ (net)
                      0.051391    0.000160    2.990334 v _814_/B (sky130_fd_sc_hd__or2_1)
     1    0.002386    0.030780    0.122766    3.113100 v _814_/X (sky130_fd_sc_hd__or2_1)
                                                         _290_ (net)
                      0.030780    0.000046    3.113145 v _816_/A (sky130_fd_sc_hd__nand2_1)
     2    0.007785    0.064172    0.060648    3.173793 ^ _816_/Y (sky130_fd_sc_hd__nand2_1)
                                                         _292_ (net)
                      0.064196    0.000275    3.174068 ^ _817_/A (sky130_fd_sc_hd__and3_1)
     1    0.011472    0.092560    0.133840    3.307908 ^ _817_/X (sky130_fd_sc_hd__and3_1)
                                                         _293_ (net)
                      0.092560    0.000440    3.308347 ^ _819_/A (sky130_fd_sc_hd__nor2_4)
     2    0.011583    0.046792    0.032481    3.340828 v _819_/Y (sky130_fd_sc_hd__nor2_4)
                                                         _296_ (net)
                      0.046794    0.000207    3.341035 v _820_/B (sky130_fd_sc_hd__xnor2_2)
     2    0.006833    0.108013    0.105256    3.446290 ^ _820_/Y (sky130_fd_sc_hd__xnor2_2)
                                                         _297_ (net)
                      0.108013    0.000205    3.446495 ^ _821_/A (sky130_fd_sc_hd__or2_4)
     3    0.014858    0.044238    0.105313    3.551808 ^ _821_/X (sky130_fd_sc_hd__or2_4)
                                                         _298_ (net)
                      0.044239    0.000242    3.552050 ^ _824_/A (sky130_fd_sc_hd__nand2_1)
     3    0.008372    0.041988    0.045939    3.597990 v _824_/Y (sky130_fd_sc_hd__nand2_1)
                                                         _301_ (net)
                      0.041988    0.000153    3.598142 v _827_/A2 (sky130_fd_sc_hd__o21a_1)
     1    0.002722    0.024660    0.105085    3.703227 v _827_/X (sky130_fd_sc_hd__o21a_1)
                                                         _304_ (net)
                      0.024660    0.000078    3.703305 v _840_/B2 (sky130_fd_sc_hd__a221o_1)
     1    0.006454    0.045482    0.164384    3.867688 v _840_/X (sky130_fd_sc_hd__a221o_1)
                                                         _319_ (net)
                      0.045482    0.000225    3.867914 v _842_/B (sky130_fd_sc_hd__or3_1)
     1    0.005752    0.053922    0.213133    4.081046 v _842_/X (sky130_fd_sc_hd__or3_1)
                                                         net26 (net)
                      0.053923    0.000238    4.081285 v output26/A (sky130_fd_sc_hd__buf_4)
     1    0.034541    0.043120    0.120659    4.201944 v output26/X (sky130_fd_sc_hd__buf_4)
                                                         op_out[5] (net)
                      0.043137    0.000818    4.202762 v op_out[5] (out)
                                              4.202762   data arrival time

                      0.000000   10.000000   10.000000   clock __VIRTUAL_CLK__ (rise edge)
                                  0.000000   10.000000   clock network delay (ideal)
                                 -0.250000    9.750000   clock uncertainty
                                  0.000000    9.750000   clock reconvergence pessimism
                                 -2.000000    7.750000   output external delay
                                              7.750000   data required time
---------------------------------------------------------------------------------------------
                                              7.750000   data required time
                                             -4.202762   data arrival time
---------------------------------------------------------------------------------------------
                                              3.547238   slack (MET)


Startpoint: op_b[0] (input port clocked by __VIRTUAL_CLK__)
Endpoint: op_out[6] (output port clocked by __VIRTUAL_CLK__)
Path Group: __VIRTUAL_CLK__
Path Type: max

Fanout         Cap        Slew       Delay        Time   Description
---------------------------------------------------------------------------------------------
                      0.000000    0.000000    0.000000   clock __VIRTUAL_CLK__ (rise edge)
                                  0.000000    0.000000   clock network delay (ideal)
                                  2.000000    2.000000 ^ input external delay
     1    0.005592    0.023678    0.014406    2.014406 ^ op_b[0] (in)
                                                         op_b[0] (net)
                      0.023678    0.000000    2.014406 ^ input13/A (sky130_fd_sc_hd__buf_6)
     5    0.037853    0.062486    0.085880    2.100286 ^ input13/X (sky130_fd_sc_hd__buf_6)
                                                         net13 (net)
                      0.062564    0.001785    2.102070 ^ fanout66/A (sky130_fd_sc_hd__buf_8)
     5    0.042301    0.058568    0.092115    2.194186 ^ fanout66/X (sky130_fd_sc_hd__buf_8)
                                                         net66 (net)
                      0.058581    0.000725    2.194911 ^ fanout65/A (sky130_fd_sc_hd__buf_8)
    10    0.042763    0.059069    0.091587    2.286498 ^ fanout65/X (sky130_fd_sc_hd__buf_8)
                                                         net65 (net)
                      0.059153    0.001794    2.288291 ^ _458_/A (sky130_fd_sc_hd__inv_2)
     4    0.014703    0.030903    0.036793    2.325084 v _458_/Y (sky130_fd_sc_hd__inv_2)
                                                         _188_ (net)
                      0.030905    0.000215    2.325300 v fanout35/A (sky130_fd_sc_hd__clkbuf_4)
    10    0.048444    0.074169    0.137605    2.462905 v fanout35/X (sky130_fd_sc_hd__clkbuf_4)
                                                         net35 (net)
                      0.074184    0.001022    2.463927 v _536_/A (sky130_fd_sc_hd__nor2_4)
     4    0.018170    0.099830    0.121188    2.585115 ^ _536_/Y (sky130_fd_sc_hd__nor2_4)
                                                         _007_ (net)
                      0.099830    0.000429    2.585545 ^ _780_/A (sky130_fd_sc_hd__and3_1)
     2    0.013189    0.105192    0.150372    2.735916 ^ _780_/X (sky130_fd_sc_hd__and3_1)
                                                         _254_ (net)
                      0.105192    0.000526    2.736443 ^ _781_/B1 (sky130_fd_sc_hd__a21oi_4)
     2    0.013319    0.046111    0.027157    2.763600 v _781_/Y (sky130_fd_sc_hd__a21oi_4)
                                                         _255_ (net)
                      0.046111    0.000276    2.763876 v _805_/A3 (sky130_fd_sc_hd__a31oi_2)
     2    0.009020    0.140097    0.161340    2.925216 ^ _805_/Y (sky130_fd_sc_hd__a31oi_2)
                                                         _280_ (net)
                      0.140097    0.000269    2.925485 ^ _813_/A (sky130_fd_sc_hd__xnor2_1)
     2    0.005697    0.051391    0.064689    2.990174 v _813_/Y (sky130_fd_sc_hd__xnor2_1)
                                                         _289_ (net)
                      0.051391    0.000160    2.990334 v _814_/B (sky130_fd_sc_hd__or2_1)
     1    0.002386    0.030780    0.122766    3.113100 v _814_/X (sky130_fd_sc_hd__or2_1)
                                                         _290_ (net)
                      0.030780    0.000046    3.113145 v _816_/A (sky130_fd_sc_hd__nand2_1)
     2    0.007785    0.064172    0.060648    3.173793 ^ _816_/Y (sky130_fd_sc_hd__nand2_1)
                                                         _292_ (net)
                      0.064196    0.000275    3.174068 ^ _817_/A (sky130_fd_sc_hd__and3_1)
     1    0.011472    0.092560    0.133840    3.307908 ^ _817_/X (sky130_fd_sc_hd__and3_1)
                                                         _293_ (net)
                      0.092560    0.000440    3.308347 ^ _819_/A (sky130_fd_sc_hd__nor2_4)
     2    0.011583    0.046792    0.032481    3.340828 v _819_/Y (sky130_fd_sc_hd__nor2_4)
                                                         _296_ (net)
                      0.046794    0.000207    3.341035 v _820_/B (sky130_fd_sc_hd__xnor2_2)
     2    0.006352    0.042868    0.090273    3.431308 v _820_/Y (sky130_fd_sc_hd__xnor2_2)
                                                         _297_ (net)
                      0.042869    0.000189    3.431496 v _821_/A (sky130_fd_sc_hd__or2_4)
     3    0.014162    0.042688    0.169373    3.600870 v _821_/X (sky130_fd_sc_hd__or2_4)
                                                         _298_ (net)
                      0.042688    0.000231    3.601100 v _824_/A (sky130_fd_sc_hd__nand2_1)
     3    0.009176    0.072770    0.071945    3.673045 ^ _824_/Y (sky130_fd_sc_hd__nand2_1)
                                                         _301_ (net)
                      0.072770    0.000118    3.673163 ^ _826_/B (sky130_fd_sc_hd__nor2_1)
     3    0.009929    0.049104    0.047627    3.720790 v _826_/Y (sky130_fd_sc_hd__nor2_1)
                                                         _303_ (net)
                      0.049105    0.000223    3.721014 v _878_/A (sky130_fd_sc_hd__or2_1)
     1    0.003219    0.033876    0.138276    3.859289 v _878_/X (sky130_fd_sc_hd__or2_1)
                                                         _359_ (net)
                      0.033876    0.000101    3.859390 v _885_/A3 (sky130_fd_sc_hd__a31o_1)
     1    0.005295    0.035078    0.144488    4.003878 v _885_/X (sky130_fd_sc_hd__a31o_1)
                                                         net27 (net)
                      0.035078    0.000165    4.004043 v output27/A (sky130_fd_sc_hd__buf_6)
     1    0.035007    0.032506    0.092540    4.096583 v output27/X (sky130_fd_sc_hd__buf_6)
                                                         op_out[6] (net)
                      0.032537    0.000898    4.097480 v op_out[6] (out)
                                              4.097480   data arrival time

                      0.000000   10.000000   10.000000   clock __VIRTUAL_CLK__ (rise edge)
                                  0.000000   10.000000   clock network delay (ideal)
                                 -0.250000    9.750000   clock uncertainty
                                  0.000000    9.750000   clock reconvergence pessimism
                                 -2.000000    7.750000   output external delay
                                              7.750000   data required time
---------------------------------------------------------------------------------------------
                                              7.750000   data required time
                                             -4.097480   data arrival time
---------------------------------------------------------------------------------------------
                                              3.652520   slack (MET)



%OL_END_REPORT
%OL_CREATE_REPORT checks.rpt

===========================================================================
report_checks -unconstrained
===========================================================================
======================= nom_ff_n40C_1v95 Corner ===================================

Startpoint: op_b[3] (input port clocked by __VIRTUAL_CLK__)
Endpoint: op_out[0] (output port clocked by __VIRTUAL_CLK__)
Path Group: __VIRTUAL_CLK__
Path Type: max

Fanout         Cap        Slew       Delay        Time   Description
---------------------------------------------------------------------------------------------
                      0.000000    0.000000    0.000000   clock __VIRTUAL_CLK__ (rise edge)
                                  0.000000    0.000000   clock network delay (ideal)
                                  2.000000    2.000000 v input external delay
     1    0.002649    0.004500    0.002145    2.002145 v op_b[3] (in)
                                                         op_b[3] (net)
                      0.004500    0.000000    2.002145 v input16/A (sky130_fd_sc_hd__clkbuf_1)
     1    0.008040    0.037149    0.063098    2.065243 v input16/X (sky130_fd_sc_hd__clkbuf_1)
                                                         net16 (net)
                      0.037151    0.000304    2.065547 v fanout58/A (sky130_fd_sc_hd__clkbuf_4)
     9    0.056056    0.083900    0.147559    2.213106 v fanout58/X (sky130_fd_sc_hd__clkbuf_4)
                                                         net58 (net)
                      0.083997    0.002559    2.215665 v fanout56/A (sky130_fd_sc_hd__buf_2)
    10    0.039981    0.071336    0.145508    2.361173 v fanout56/X (sky130_fd_sc_hd__buf_2)
                                                         net56 (net)
                      0.071363    0.001322    2.362495 v _470_/A (sky130_fd_sc_hd__or2_4)
     4    0.015731    0.044506    0.182218    2.544713 v _470_/X (sky130_fd_sc_hd__or2_4)
                                                         _317_ (net)
                      0.044509    0.000371    2.545084 v _472_/A3 (sky130_fd_sc_hd__o41ai_4)
     5    0.016790    0.274154    0.272643    2.817727 ^ _472_/Y (sky130_fd_sc_hd__o41ai_4)
                                                         _338_ (net)
                      0.274154    0.000371    2.818098 ^ _481_/A2 (sky130_fd_sc_hd__a211o_1)
     4    0.013008    0.091417    0.141788    2.959886 ^ _481_/X (sky130_fd_sc_hd__a211o_1)
                                                         _410_ (net)
                      0.091417    0.000286    2.960172 ^ _484_/A1 (sky130_fd_sc_hd__a21o_1)
     4    0.014987    0.102671    0.126551    3.086723 ^ _484_/X (sky130_fd_sc_hd__a21o_1)
                                                         _413_ (net)
                      0.102671    0.000293    3.087016 ^ _493_/A1 (sky130_fd_sc_hd__a211oi_2)
     3    0.009347    0.055001    0.059542    3.146559 v _493_/Y (sky130_fd_sc_hd__a211oi_2)
                                                         _422_ (net)
                      0.055001    0.000225    3.146784 v _503_/D (sky130_fd_sc_hd__or4_4)
     3    0.008002    0.062708    0.254629    3.401412 v _503_/X (sky130_fd_sc_hd__or4_4)
                                                         _432_ (net)
                      0.062708    0.000176    3.401588 v _507_/A1 (sky130_fd_sc_hd__a31o_1)
     2    0.007917    0.043101    0.136441    3.538029 v _507_/X (sky130_fd_sc_hd__a31o_1)
                                                         _436_ (net)
                      0.043102    0.000208    3.538237 v _509_/A2 (sky130_fd_sc_hd__a211o_4)
     3    0.015725    0.048012    0.224593    3.762830 v _509_/X (sky130_fd_sc_hd__a211o_4)
                                                         _438_ (net)
                      0.048017    0.000478    3.763308 v _515_/A2 (sky130_fd_sc_hd__a21oi_4)
     8    0.045075    0.253408    0.235017    3.998325 ^ _515_/Y (sky130_fd_sc_hd__a21oi_4)
                                                         _444_ (net)
                      0.253424    0.001630    3.999955 ^ _524_/S (sky130_fd_sc_hd__mux2_4)
     2    0.007515    0.041760    0.192518    4.192473 v _524_/X (sky130_fd_sc_hd__mux2_4)
                                                         _453_ (net)
                      0.041760    0.000203    4.192676 v _539_/A1 (sky130_fd_sc_hd__a221o_1)
     3    0.010135    0.057135    0.192678    4.385354 v _539_/X (sky130_fd_sc_hd__a221o_1)
                                                         _010_ (net)
                      0.057135    0.000272    4.385626 v _544_/A2 (sky130_fd_sc_hd__a311o_1)
     3    0.009562    0.062770    0.226982    4.612608 v _544_/X (sky130_fd_sc_hd__a311o_1)
                                                         _015_ (net)
                      0.062770    0.000217    4.612825 v rebuffer4/A (sky130_fd_sc_hd__dlygate4sd1_1)
     3    0.009030    0.040801    0.175406    4.788231 v rebuffer4/X (sky130_fd_sc_hd__dlygate4sd1_1)
                                                         net73 (net)
                      0.040802    0.000188    4.788420 v _550_/A1 (sky130_fd_sc_hd__a21o_1)
     3    0.008570    0.041129    0.116635    4.905055 v _550_/X (sky130_fd_sc_hd__a21o_1)
                                                         _021_ (net)
                      0.041130    0.000222    4.905277 v _555_/C (sky130_fd_sc_hd__and3_1)
     2    0.008324    0.043693    0.133570    5.038847 v _555_/X (sky130_fd_sc_hd__and3_1)
                                                         _026_ (net)
                      0.043693    0.000215    5.039062 v _559_/A1 (sky130_fd_sc_hd__o21ai_2)
     4    0.017479    0.164317    0.162970    5.202032 ^ _559_/Y (sky130_fd_sc_hd__o21ai_2)
                                                         _030_ (net)
                      0.164323    0.000756    5.202788 ^ _586_/D_N (sky130_fd_sc_hd__or4b_4)
     1    0.009159    0.064209    0.288793    5.491581 v _586_/X (sky130_fd_sc_hd__or4b_4)
                                                         _057_ (net)
                      0.064209    0.000291    5.491872 v _590_/A2 (sky130_fd_sc_hd__a311oi_4)
     4    0.017400    0.248021    0.250653    5.742525 ^ _590_/Y (sky130_fd_sc_hd__a311oi_4)
                                                         _061_ (net)
                      0.248022    0.000618    5.743143 ^ max_cap30/A (sky130_fd_sc_hd__buf_6)
     5    0.027313    0.050416    0.099452    5.842595 ^ max_cap30/X (sky130_fd_sc_hd__buf_6)
                                                         net30 (net)
                      0.050420    0.000448    5.843043 ^ _619_/S (sky130_fd_sc_hd__mux2_4)
     5    0.021313    0.057635    0.211382    6.054425 v _619_/X (sky130_fd_sc_hd__mux2_4)
                                                         _090_ (net)
                      0.057638    0.000728    6.055152 v _620_/B (sky130_fd_sc_hd__xnor2_1)
     2    0.009882    0.180175    0.169140    6.224293 ^ _620_/Y (sky130_fd_sc_hd__xnor2_1)
                                                         _091_ (net)
                      0.180176    0.000237    6.224530 ^ _622_/D (sky130_fd_sc_hd__nand4_1)
     1    0.005414    0.076142    0.073816    6.298345 v _622_/Y (sky130_fd_sc_hd__nand4_1)
                                                         _093_ (net)
                      0.076142    0.000188    6.298533 v _627_/A2 (sky130_fd_sc_hd__o31a_1)
     4    0.019658    0.083100    0.236862    6.535395 v _627_/X (sky130_fd_sc_hd__o31a_1)
                                                         _098_ (net)
                      0.083101    0.000379    6.535774 v _628_/A1 (sky130_fd_sc_hd__a21oi_4)
     4    0.022666    0.149881    0.158241    6.694015 ^ _628_/Y (sky130_fd_sc_hd__a21oi_4)
                                                         _099_ (net)
                      0.149882    0.000604    6.694619 ^ fanout29/A (sky130_fd_sc_hd__buf_6)
     5    0.029432    0.051797    0.097469    6.792088 ^ fanout29/X (sky130_fd_sc_hd__buf_6)
                                                         net29 (net)
                      0.051885    0.001396    6.793484 ^ _665_/S (sky130_fd_sc_hd__mux2_4)
     3    0.008397    0.042668    0.191431    6.984915 v _665_/X (sky130_fd_sc_hd__mux2_4)
                                                         _136_ (net)
                      0.042668    0.000103    6.985019 v _669_/A2 (sky130_fd_sc_hd__a21o_1)
     1    0.003507    0.026149    0.116603    7.101622 v _669_/X (sky130_fd_sc_hd__a21o_1)
                                                         _140_ (net)
                      0.026162    0.000105    7.101727 v _671_/A1 (sky130_fd_sc_hd__o211a_1)
     1    0.002962    0.028562    0.135127    7.236854 v _671_/X (sky130_fd_sc_hd__o211a_1)
                                                         _142_ (net)
                      0.028562    0.000084    7.236938 v _672_/B2 (sky130_fd_sc_hd__o221a_1)
     1    0.003647    0.035908    0.123284    7.360222 v _672_/X (sky130_fd_sc_hd__o221a_1)
                                                         _143_ (net)
                      0.035908    0.000116    7.360338 v _675_/A2 (sky130_fd_sc_hd__o21a_1)
     1    0.002461    0.023857    0.101691    7.462029 v _675_/X (sky130_fd_sc_hd__o21a_1)
                                                         _146_ (net)
                      0.023857    0.000046    7.462076 v _679_/A2 (sky130_fd_sc_hd__o21a_1)
     1    0.007892    0.040857    0.116814    7.578890 v _679_/X (sky130_fd_sc_hd__o21a_1)
                                                         _150_ (net)
                      0.040859    0.000353    7.579243 v _700_/C (sky130_fd_sc_hd__or3_4)
     1    0.009388    0.051285    0.204086    7.783329 v _700_/X (sky130_fd_sc_hd__or3_4)
                                                         net21 (net)
                      0.051285    0.000391    7.783720 v output21/A (sky130_fd_sc_hd__buf_8)
     1    0.034699    0.029999    0.097419    7.881139 v output21/X (sky130_fd_sc_hd__buf_8)
                                                         op_out[0] (net)
                      0.030030    0.000869    7.882007 v op_out[0] (out)
                                              7.882007   data arrival time

                      0.000000   10.000000   10.000000   clock __VIRTUAL_CLK__ (rise edge)
                                  0.000000   10.000000   clock network delay (ideal)
                                 -0.250000    9.750000   clock uncertainty
                                  0.000000    9.750000   clock reconvergence pessimism
                                 -2.000000    7.750000   output external delay
                                              7.750000   data required time
---------------------------------------------------------------------------------------------
                                              7.750000   data required time
                                             -7.882007   data arrival time
---------------------------------------------------------------------------------------------
                                             -0.132007   slack (VIOLATED)




===========================================================================
report_checks --slack_max -0.01
============================================================================
======================= nom_ff_n40C_1v95 Corner ===================================

Startpoint: op_b[3] (input port clocked by __VIRTUAL_CLK__)
Endpoint: op_out[0] (output port clocked by __VIRTUAL_CLK__)
Path Group: __VIRTUAL_CLK__
Path Type: max

Fanout         Cap        Slew       Delay        Time   Description
---------------------------------------------------------------------------------------------
                      0.000000    0.000000    0.000000   clock __VIRTUAL_CLK__ (rise edge)
                                  0.000000    0.000000   clock network delay (ideal)
                                  2.000000    2.000000 v input external delay
     1    0.002649    0.004500    0.002145    2.002145 v op_b[3] (in)
                                                         op_b[3] (net)
                      0.004500    0.000000    2.002145 v input16/A (sky130_fd_sc_hd__clkbuf_1)
     1    0.008040    0.037149    0.063098    2.065243 v input16/X (sky130_fd_sc_hd__clkbuf_1)
                                                         net16 (net)
                      0.037151    0.000304    2.065547 v fanout58/A (sky130_fd_sc_hd__clkbuf_4)
     9    0.056056    0.083900    0.147559    2.213106 v fanout58/X (sky130_fd_sc_hd__clkbuf_4)
                                                         net58 (net)
                      0.083997    0.002559    2.215665 v fanout56/A (sky130_fd_sc_hd__buf_2)
    10    0.039981    0.071336    0.145508    2.361173 v fanout56/X (sky130_fd_sc_hd__buf_2)
                                                         net56 (net)
                      0.071363    0.001322    2.362495 v _470_/A (sky130_fd_sc_hd__or2_4)
     4    0.015731    0.044506    0.182218    2.544713 v _470_/X (sky130_fd_sc_hd__or2_4)
                                                         _317_ (net)
                      0.044509    0.000371    2.545084 v _472_/A3 (sky130_fd_sc_hd__o41ai_4)
     5    0.016790    0.274154    0.272643    2.817727 ^ _472_/Y (sky130_fd_sc_hd__o41ai_4)
                                                         _338_ (net)
                      0.274154    0.000371    2.818098 ^ _481_/A2 (sky130_fd_sc_hd__a211o_1)
     4    0.013008    0.091417    0.141788    2.959886 ^ _481_/X (sky130_fd_sc_hd__a211o_1)
                                                         _410_ (net)
                      0.091417    0.000286    2.960172 ^ _484_/A1 (sky130_fd_sc_hd__a21o_1)
     4    0.014987    0.102671    0.126551    3.086723 ^ _484_/X (sky130_fd_sc_hd__a21o_1)
                                                         _413_ (net)
                      0.102671    0.000293    3.087016 ^ _493_/A1 (sky130_fd_sc_hd__a211oi_2)
     3    0.009347    0.055001    0.059542    3.146559 v _493_/Y (sky130_fd_sc_hd__a211oi_2)
                                                         _422_ (net)
                      0.055001    0.000225    3.146784 v _503_/D (sky130_fd_sc_hd__or4_4)
     3    0.008002    0.062708    0.254629    3.401412 v _503_/X (sky130_fd_sc_hd__or4_4)
                                                         _432_ (net)
                      0.062708    0.000176    3.401588 v _507_/A1 (sky130_fd_sc_hd__a31o_1)
     2    0.007917    0.043101    0.136441    3.538029 v _507_/X (sky130_fd_sc_hd__a31o_1)
                                                         _436_ (net)
                      0.043102    0.000208    3.538237 v _509_/A2 (sky130_fd_sc_hd__a211o_4)
     3    0.015725    0.048012    0.224593    3.762830 v _509_/X (sky130_fd_sc_hd__a211o_4)
                                                         _438_ (net)
                      0.048017    0.000478    3.763308 v _515_/A2 (sky130_fd_sc_hd__a21oi_4)
     8    0.045075    0.253408    0.235017    3.998325 ^ _515_/Y (sky130_fd_sc_hd__a21oi_4)
                                                         _444_ (net)
                      0.253424    0.001630    3.999955 ^ _524_/S (sky130_fd_sc_hd__mux2_4)
     2    0.007515    0.041760    0.192518    4.192473 v _524_/X (sky130_fd_sc_hd__mux2_4)
                                                         _453_ (net)
                      0.041760    0.000203    4.192676 v _539_/A1 (sky130_fd_sc_hd__a221o_1)
     3    0.010135    0.057135    0.192678    4.385354 v _539_/X (sky130_fd_sc_hd__a221o_1)
                                                         _010_ (net)
                      0.057135    0.000272    4.385626 v _544_/A2 (sky130_fd_sc_hd__a311o_1)
     3    0.009562    0.062770    0.226982    4.612608 v _544_/X (sky130_fd_sc_hd__a311o_1)
                                                         _015_ (net)
                      0.062770    0.000217    4.612825 v rebuffer4/A (sky130_fd_sc_hd__dlygate4sd1_1)
     3    0.009030    0.040801    0.175406    4.788231 v rebuffer4/X (sky130_fd_sc_hd__dlygate4sd1_1)
                                                         net73 (net)
                      0.040802    0.000188    4.788420 v _550_/A1 (sky130_fd_sc_hd__a21o_1)
     3    0.008570    0.041129    0.116635    4.905055 v _550_/X (sky130_fd_sc_hd__a21o_1)
                                                         _021_ (net)
                      0.041130    0.000222    4.905277 v _555_/C (sky130_fd_sc_hd__and3_1)
     2    0.008324    0.043693    0.133570    5.038847 v _555_/X (sky130_fd_sc_hd__and3_1)
                                                         _026_ (net)
                      0.043693    0.000215    5.039062 v _559_/A1 (sky130_fd_sc_hd__o21ai_2)
     4    0.017479    0.164317    0.162970    5.202032 ^ _559_/Y (sky130_fd_sc_hd__o21ai_2)
                                                         _030_ (net)
                      0.164323    0.000756    5.202788 ^ _586_/D_N (sky130_fd_sc_hd__or4b_4)
     1    0.009159    0.064209    0.288793    5.491581 v _586_/X (sky130_fd_sc_hd__or4b_4)
                                                         _057_ (net)
                      0.064209    0.000291    5.491872 v _590_/A2 (sky130_fd_sc_hd__a311oi_4)
     4    0.017400    0.248021    0.250653    5.742525 ^ _590_/Y (sky130_fd_sc_hd__a311oi_4)
                                                         _061_ (net)
                      0.248022    0.000618    5.743143 ^ max_cap30/A (sky130_fd_sc_hd__buf_6)
     5    0.027313    0.050416    0.099452    5.842595 ^ max_cap30/X (sky130_fd_sc_hd__buf_6)
                                                         net30 (net)
                      0.050420    0.000448    5.843043 ^ _619_/S (sky130_fd_sc_hd__mux2_4)
     5    0.021313    0.057635    0.211382    6.054425 v _619_/X (sky130_fd_sc_hd__mux2_4)
                                                         _090_ (net)
                      0.057638    0.000728    6.055152 v _620_/B (sky130_fd_sc_hd__xnor2_1)
     2    0.009882    0.180175    0.169140    6.224293 ^ _620_/Y (sky130_fd_sc_hd__xnor2_1)
                                                         _091_ (net)
                      0.180176    0.000237    6.224530 ^ _622_/D (sky130_fd_sc_hd__nand4_1)
     1    0.005414    0.076142    0.073816    6.298345 v _622_/Y (sky130_fd_sc_hd__nand4_1)
                                                         _093_ (net)
                      0.076142    0.000188    6.298533 v _627_/A2 (sky130_fd_sc_hd__o31a_1)
     4    0.019658    0.083100    0.236862    6.535395 v _627_/X (sky130_fd_sc_hd__o31a_1)
                                                         _098_ (net)
                      0.083101    0.000379    6.535774 v _628_/A1 (sky130_fd_sc_hd__a21oi_4)
     4    0.022666    0.149881    0.158241    6.694015 ^ _628_/Y (sky130_fd_sc_hd__a21oi_4)
                                                         _099_ (net)
                      0.149882    0.000604    6.694619 ^ fanout29/A (sky130_fd_sc_hd__buf_6)
     5    0.029432    0.051797    0.097469    6.792088 ^ fanout29/X (sky130_fd_sc_hd__buf_6)
                                                         net29 (net)
                      0.051885    0.001396    6.793484 ^ _665_/S (sky130_fd_sc_hd__mux2_4)
     3    0.008397    0.042668    0.191431    6.984915 v _665_/X (sky130_fd_sc_hd__mux2_4)
                                                         _136_ (net)
                      0.042668    0.000103    6.985019 v _669_/A2 (sky130_fd_sc_hd__a21o_1)
     1    0.003507    0.026149    0.116603    7.101622 v _669_/X (sky130_fd_sc_hd__a21o_1)
                                                         _140_ (net)
                      0.026162    0.000105    7.101727 v _671_/A1 (sky130_fd_sc_hd__o211a_1)
     1    0.002962    0.028562    0.135127    7.236854 v _671_/X (sky130_fd_sc_hd__o211a_1)
                                                         _142_ (net)
                      0.028562    0.000084    7.236938 v _672_/B2 (sky130_fd_sc_hd__o221a_1)
     1    0.003647    0.035908    0.123284    7.360222 v _672_/X (sky130_fd_sc_hd__o221a_1)
                                                         _143_ (net)
                      0.035908    0.000116    7.360338 v _675_/A2 (sky130_fd_sc_hd__o21a_1)
     1    0.002461    0.023857    0.101691    7.462029 v _675_/X (sky130_fd_sc_hd__o21a_1)
                                                         _146_ (net)
                      0.023857    0.000046    7.462076 v _679_/A2 (sky130_fd_sc_hd__o21a_1)
     1    0.007892    0.040857    0.116814    7.578890 v _679_/X (sky130_fd_sc_hd__o21a_1)
                                                         _150_ (net)
                      0.040859    0.000353    7.579243 v _700_/C (sky130_fd_sc_hd__or3_4)
     1    0.009388    0.051285    0.204086    7.783329 v _700_/X (sky130_fd_sc_hd__or3_4)
                                                         net21 (net)
                      0.051285    0.000391    7.783720 v output21/A (sky130_fd_sc_hd__buf_8)
     1    0.034699    0.029999    0.097419    7.881139 v output21/X (sky130_fd_sc_hd__buf_8)
                                                         op_out[0] (net)
                      0.030030    0.000869    7.882007 v op_out[0] (out)
                                              7.882007   data arrival time

                      0.000000   10.000000   10.000000   clock __VIRTUAL_CLK__ (rise edge)
                                  0.000000   10.000000   clock network delay (ideal)
                                 -0.250000    9.750000   clock uncertainty
                                  0.000000    9.750000   clock reconvergence pessimism
                                 -2.000000    7.750000   output external delay
                                              7.750000   data required time
---------------------------------------------------------------------------------------------
                                              7.750000   data required time
                                             -7.882007   data arrival time
---------------------------------------------------------------------------------------------
                                             -0.132007   slack (VIOLATED)




===========================================================================
 report_check_types -max_slew -max_cap -max_fanout -violators
============================================================================
======================= nom_ff_n40C_1v95 Corner ===================================



===========================================================================
report_parasitic_annotation -report_unannotated
============================================================================
Found 0 unannotated drivers.
Found 0 partially unannotated drivers.

===========================================================================
max slew violation count 0
%OL_METRIC_I design__max_slew_violation__count__corner:nom_ff_n40C_1v95 0
max fanout violation count 0
%OL_METRIC_I design__max_fanout_violation__count__corner:nom_ff_n40C_1v95 0
max cap violation count 0
%OL_METRIC_I design__max_cap_violation__count__corner:nom_ff_n40C_1v95 0
============================================================================

===========================================================================
check_setup -verbose -unconstrained_endpoints -multiple_clock -no_clock -no_input_delay -loops -generated_clocks
===========================================================================
%OL_END_REPORT
%OL_CREATE_REPORT power.rpt

===========================================================================
 report_power
============================================================================
======================= nom_ff_n40C_1v95 Corner ===================================

Group                    Internal    Switching      Leakage        Total
                            Power        Power        Power        Power (Watts)
------------------------------------------------------------------------
Sequential           0.000000e+00 0.000000e+00 0.000000e+00 0.000000e+00   0.0%
Combinational        1.580033e-04 1.926199e-04 3.882824e-09 3.506270e-04 100.0%
Clock                -3.969488e-11 0.000000e+00 1.631283e-09 1.591588e-09   0.0%
Macro                0.000000e+00 0.000000e+00 0.000000e+00 0.000000e+00   0.0%
Pad                  0.000000e+00 0.000000e+00 0.000000e+00 0.000000e+00   0.0%
------------------------------------------------------------------------
Total                1.580032e-04 1.926199e-04 5.514111e-09 3.506286e-04 100.0%
                            45.1%        54.9%         0.0%
%OL_METRIC_F power__internal__total 0.0001580032258061692
%OL_METRIC_F power__switching__total 0.00019261990382801741
%OL_METRIC_F power__leakage__total 5.5141105015366065e-9
%OL_METRIC_F power__total 0.00035062863025814295

%OL_END_REPORT
%OL_CREATE_REPORT skew.min.rpt

===========================================================================
Clock Skew (Hold)
============================================================================
%OL_METRIC_F clock__skew__worst_hold__corner:nom_ff_n40C_1v95 0.0
======================= nom_ff_n40C_1v95 Corner ===================================

Clock __VIRTUAL_CLK__
No launch/capture paths found.

%OL_END_REPORT
%OL_CREATE_REPORT skew.max.rpt

===========================================================================
Clock Skew (Setup)
============================================================================
%OL_METRIC_F clock__skew__worst_setup__corner:nom_ff_n40C_1v95 0.0
======================= nom_ff_n40C_1v95 Corner ===================================

Clock __VIRTUAL_CLK__
No launch/capture paths found.

%OL_END_REPORT
%OL_CREATE_REPORT ws.min.rpt

===========================================================================
Worst Slack (Hold)
============================================================================
%OL_METRIC_F timing__hold__ws__corner:nom_ff_n40C_1v95 4.165389928655956
nom_ff_n40C_1v95: 4.165389928655956
%OL_END_REPORT
%OL_CREATE_REPORT ws.max.rpt

===========================================================================
Worst Slack (Setup)
============================================================================
%OL_METRIC_F timing__setup__ws__corner:nom_ff_n40C_1v95 -0.13200729771819186
nom_ff_n40C_1v95: -0.13200729771819186
%OL_END_REPORT
%OL_CREATE_REPORT tns.min.rpt

===========================================================================
Total Negative Slack (Hold)
============================================================================
%OL_METRIC_F timing__hold__tns__corner:nom_ff_n40C_1v95 0.0
nom_ff_n40C_1v95: 0.0
%OL_END_REPORT
%OL_CREATE_REPORT tns.max.rpt

===========================================================================
Total Negative Slack (Setup)
============================================================================
%OL_METRIC_F timing__setup__tns__corner:nom_ff_n40C_1v95 -0.13200729771819186
nom_ff_n40C_1v95: -0.13200729771819186
%OL_END_REPORT
%OL_CREATE_REPORT wns.min.rpt

===========================================================================
Worst Negative Slack (Hold)
============================================================================
%OL_METRIC_F timing__hold__wns__corner:nom_ff_n40C_1v95 0
nom_ff_n40C_1v95: 0
%OL_END_REPORT
%OL_CREATE_REPORT wns.max.rpt

===========================================================================
Worst Negative Slack (Setup)
============================================================================
%OL_METRIC_F timing__setup__wns__corner:nom_ff_n40C_1v95 -0.13200729771819186
nom_ff_n40C_1v95: -0.13200729771819186
%OL_END_REPORT
%OL_CREATE_REPORT violator_list.rpt

===========================================================================
Violator List
============================================================================
[setup in-out] op_b[3] -> op_out[0] : -0.132007
%OL_METRIC_I timing__hold_vio__count__corner:nom_ff_n40C_1v95 0
%OL_METRIC_F timing__hold_r2r__ws__corner:nom_ff_n40C_1v95 inf
%OL_METRIC_I timing__hold_r2r_vio__count__corner:nom_ff_n40C_1v95 0
%OL_METRIC_I timing__setup_vio__count__corner:nom_ff_n40C_1v95 1
%OL_METRIC_F timing__setup_r2r__ws__corner:nom_ff_n40C_1v95 inf
%OL_METRIC_I timing__setup_r2r_vio__count__corner:nom_ff_n40C_1v95 0
%OL_END_REPORT
%OL_CREATE_REPORT unpropagated.rpt
__VIRTUAL_CLK__
%OL_END_REPORT
%OL_CREATE_REPORT clock.rpt
Clock: __VIRTUAL_CLK__
Sources: 
Generated: no
Virtual: yes
Propagated: no
Period: 10.000000

===========================================================================
report_clock_properties
============================================================================
Clock                   Period          Waveform
----------------------------------------------------
__VIRTUAL_CLK__      10.000000    0.000000  5.000000

===========================================================================
report_clock_latency
============================================================================
Clock __VIRTUAL_CLK__


===========================================================================
report_clock_min_period
============================================================================
__VIRTUAL_CLK__ period_min = 0.00 fmax = inf
%OL_END_REPORT
Writing SDF files for all corners…
Removing Clock latencies before writing libs…
Writing timing models for all corners…
Writing timing models for the nom_ff_n40C_1v95 corner to /home/letienthanh/8bitalu/runs/RUN_2026-08-05_09-54-51/54-openroad-stapostpnr/nom_ff_n40C_1v95/alu8bit__nom_ff_n40C_1v95.lib…
