Reading timing models for corner max_tt_025C_1v80…
Reading cell library for the 'max_tt_025C_1v80' corner at '/home/letienthanh/.volare/volare/sky130/versions/0fe599b2afb6708d281543108caf8310912f54af/sky130A/libs.ref/sky130_fd_sc_hd/lib/sky130_fd_sc_hd__tt_025C_1v80.lib'…
Reading top-level netlist at '/home/letienthanh/8bitalu/runs/RUN_2026-08-05_11-42-16/51-openroad-fillinsertion/alu8bit.nl.v'…
Linking design 'alu8bit' from netlist…
Warning: /home/letienthanh/8bitalu/runs/RUN_2026-08-05_11-42-16/51-openroad-fillinsertion/alu8bit.nl.v line 2421, module sky130_fd_sc_hd__tapvpwrvgnd_1 not found. Creating black box for TAP_TAPCELL_ROW_0_88.
Warning: /home/letienthanh/8bitalu/runs/RUN_2026-08-05_11-42-16/51-openroad-fillinsertion/alu8bit.nl.v line 2822, module sky130_ef_sc_hd__decap_12 not found. Creating black box for FILLER_0_3.
Warning: /home/letienthanh/8bitalu/runs/RUN_2026-08-05_11-42-16/51-openroad-fillinsertion/alu8bit.nl.v line 2824, module sky130_fd_sc_hd__fill_1 not found. Creating black box for FILLER_0_27.
Warning: /home/letienthanh/8bitalu/runs/RUN_2026-08-05_11-42-16/51-openroad-fillinsertion/alu8bit.nl.v line 2877, module sky130_fd_sc_hd__fill_2 not found. Creating black box for FILLER_1_257.
Reading design constraints file at '/nix/store/ss2cw3sxbrwwx9jl0rrppbw4kgcmgi2n-python3-3.11.9-env/lib/python3.11/site-packages/openlane/scripts/base.sdc'…
Warning: base.sdc line 15, port '__VIRTUAL_CLK__' not found.
[INFO] Using clock __VIRTUAL_CLK__…
[INFO] Setting output delay to: 4
[INFO] Setting input delay to: 4
Warning: base.sdc line 32, port '__VIRTUAL_CLK__' not found.
[INFO] Setting load to: 0.033442
[INFO] Setting clock uncertainty to: 0.25
[INFO] Setting clock transition to: 0.1499999999999999944488848768742172978818416595458984375
Warning: base.sdc line 69, transition time can not be specified for virtual clocks.
[INFO] Setting timing derate to: 5%
Warning: base.sdc line 79, virtual clock __VIRTUAL_CLK__ can not be propagated.
Reading top-level design parasitics for the 'max_tt_025C_1v80' corner at '/home/letienthanh/8bitalu/runs/RUN_2026-08-05_11-42-16/53-openroad-rcx/max/alu8bit.max.spef'…
%OL_CREATE_REPORT min.rpt

===========================================================================
report_checks -path_delay min (Hold)
============================================================================
======================= max_tt_025C_1v80 Corner ===================================

Startpoint: inst[2] (input port clocked by __VIRTUAL_CLK__)
Endpoint: op_out[0] (output port clocked by __VIRTUAL_CLK__)
Path Group: __VIRTUAL_CLK__
Path Type: min

Fanout         Cap        Slew       Delay        Time   Description
---------------------------------------------------------------------------------------------
                      0.000000    0.000000    0.000000   clock __VIRTUAL_CLK__ (rise edge)
                                  0.000000    0.000000   clock network delay (ideal)
                                  4.000000    4.000000 v input external delay
     1    0.003302    0.009787    0.005325    4.005325 v inst[2] (in)
                                                         inst[2] (net)
                      0.009789    0.000000    4.005325 v input3/A (sky130_fd_sc_hd__clkbuf_2)
     8    0.027152    0.107627    0.152655    4.157980 v input3/X (sky130_fd_sc_hd__clkbuf_2)
                                                         net3 (net)
                      0.107750    0.002609    4.160589 v _459_/A (sky130_fd_sc_hd__inv_2)
     4    0.011828    0.066308    0.096648    4.257237 ^ _459_/Y (sky130_fd_sc_hd__inv_2)
                                                         _199_ (net)
                      0.066313    0.000588    4.257826 ^ _685_/B1 (sky130_fd_sc_hd__o2111a_1)
     1    0.003256    0.052598    0.185354    4.443180 ^ _685_/X (sky130_fd_sc_hd__o2111a_1)
                                                         _156_ (net)
                      0.052598    0.000158    4.443338 ^ _700_/B (sky130_fd_sc_hd__or3_4)
     1    0.010298    0.044466    0.124264    4.567602 ^ _700_/X (sky130_fd_sc_hd__or3_4)
                                                         net21 (net)
                      0.044487    0.000879    4.568480 ^ output21/A (sky130_fd_sc_hd__buf_8)
     1    0.034730    0.066533    0.115358    4.683838 ^ output21/X (sky130_fd_sc_hd__buf_8)
                                                         op_out[0] (net)
                      0.066638    0.001775    4.685613 ^ op_out[0] (out)
                                              4.685613   data arrival time

                      0.000000    0.000000    0.000000   clock __VIRTUAL_CLK__ (rise edge)
                                  0.000000    0.000000   clock network delay (ideal)
                                  0.250000    0.250000   clock uncertainty
                                  0.000000    0.250000   clock reconvergence pessimism
                                 -4.000000   -3.750000   output external delay
                                             -3.750000   data required time
---------------------------------------------------------------------------------------------
                                             -3.750000   data required time
                                             -4.685613   data arrival time
---------------------------------------------------------------------------------------------
                                              8.435614   slack (MET)


Startpoint: op_a[5] (input port clocked by __VIRTUAL_CLK__)
Endpoint: op_out[5] (output port clocked by __VIRTUAL_CLK__)
Path Group: __VIRTUAL_CLK__
Path Type: min

Fanout         Cap        Slew       Delay        Time   Description
---------------------------------------------------------------------------------------------
                      0.000000    0.000000    0.000000   clock __VIRTUAL_CLK__ (rise edge)
                                  0.000000    0.000000   clock network delay (ideal)
                                  4.000000    4.000000 ^ input external delay
     1    0.002823    0.019831    0.010441    4.010441 ^ op_a[5] (in)
                                                         op_a[5] (net)
                      0.019831    0.000000    4.010441 ^ input10/A (sky130_fd_sc_hd__clkbuf_2)
     5    0.029818    0.165904    0.179667    4.190108 ^ input10/X (sky130_fd_sc_hd__clkbuf_2)
                                                         net10 (net)
                      0.166062    0.004194    4.194302 ^ _839_/A1 (sky130_fd_sc_hd__a32o_1)
     1    0.002188    0.046136    0.171910    4.366212 ^ _839_/X (sky130_fd_sc_hd__a32o_1)
                                                         _318_ (net)
                      0.046137    0.000146    4.366358 ^ _842_/A (sky130_fd_sc_hd__or3_1)
     1    0.006150    0.065857    0.116186    4.482544 ^ _842_/X (sky130_fd_sc_hd__or3_1)
                                                         net26 (net)
                      0.065859    0.000484    4.483027 ^ output26/A (sky130_fd_sc_hd__buf_2)
     1    0.034444    0.171171    0.205659    4.688686 ^ output26/X (sky130_fd_sc_hd__buf_2)
                                                         op_out[5] (net)
                      0.171245    0.001661    4.690347 ^ op_out[5] (out)
                                              4.690347   data arrival time

                      0.000000    0.000000    0.000000   clock __VIRTUAL_CLK__ (rise edge)
                                  0.000000    0.000000   clock network delay (ideal)
                                  0.250000    0.250000   clock uncertainty
                                  0.000000    0.250000   clock reconvergence pessimism
                                 -4.000000   -3.750000   output external delay
                                             -3.750000   data required time
---------------------------------------------------------------------------------------------
                                             -3.750000   data required time
                                             -4.690347   data arrival time
---------------------------------------------------------------------------------------------
                                              8.440348   slack (MET)


Startpoint: inst[2] (input port clocked by __VIRTUAL_CLK__)
Endpoint: op_out[4] (output port clocked by __VIRTUAL_CLK__)
Path Group: __VIRTUAL_CLK__
Path Type: min

Fanout         Cap        Slew       Delay        Time   Description
---------------------------------------------------------------------------------------------
                      0.000000    0.000000    0.000000   clock __VIRTUAL_CLK__ (rise edge)
                                  0.000000    0.000000   clock network delay (ideal)
                                  4.000000    4.000000 ^ input external delay
     1    0.003532    0.022913    0.012929    4.012929 ^ inst[2] (in)
                                                         inst[2] (net)
                      0.022914    0.000000    4.012929 ^ input3/A (sky130_fd_sc_hd__clkbuf_2)
     8    0.028846    0.160642    0.178141    4.191070 ^ input3/X (sky130_fd_sc_hd__clkbuf_2)
                                                         net3 (net)
                      0.160696    0.002447    4.193518 ^ _690_/A (sky130_fd_sc_hd__or4b_4)
     8    0.037935    0.119302    0.223144    4.416662 ^ _690_/X (sky130_fd_sc_hd__or4b_4)
                                                         _161_ (net)
                      0.119839    0.006301    4.422963 ^ _798_/A1 (sky130_fd_sc_hd__o31ai_1)
     1    0.005143    0.056810    0.104087    4.527050 v _798_/Y (sky130_fd_sc_hd__o31ai_1)
                                                         net25 (net)
                      0.056812    0.000383    4.527434 v output25/A (sky130_fd_sc_hd__buf_2)
     1    0.034451    0.090262    0.184832    4.712265 v output25/X (sky130_fd_sc_hd__buf_2)
                                                         op_out[4] (net)
                      0.090298    0.001659    4.713924 v op_out[4] (out)
                                              4.713924   data arrival time

                      0.000000    0.000000    0.000000   clock __VIRTUAL_CLK__ (rise edge)
                                  0.000000    0.000000   clock network delay (ideal)
                                  0.250000    0.250000   clock uncertainty
                                  0.000000    0.250000   clock reconvergence pessimism
                                 -4.000000   -3.750000   output external delay
                                             -3.750000   data required time
---------------------------------------------------------------------------------------------
                                             -3.750000   data required time
                                             -4.713924   data arrival time
---------------------------------------------------------------------------------------------
                                              8.463925   slack (MET)


Startpoint: inst[2] (input port clocked by __VIRTUAL_CLK__)
Endpoint: op_out[3] (output port clocked by __VIRTUAL_CLK__)
Path Group: __VIRTUAL_CLK__
Path Type: min

Fanout         Cap        Slew       Delay        Time   Description
---------------------------------------------------------------------------------------------
                      0.000000    0.000000    0.000000   clock __VIRTUAL_CLK__ (rise edge)
                                  0.000000    0.000000   clock network delay (ideal)
                                  4.000000    4.000000 ^ input external delay
     1    0.003532    0.022913    0.012929    4.012929 ^ inst[2] (in)
                                                         inst[2] (net)
                      0.022914    0.000000    4.012929 ^ input3/A (sky130_fd_sc_hd__clkbuf_2)
     8    0.028846    0.160642    0.178141    4.191070 ^ input3/X (sky130_fd_sc_hd__clkbuf_2)
                                                         net3 (net)
                      0.160696    0.002447    4.193518 ^ _690_/A (sky130_fd_sc_hd__or4b_4)
     8    0.037935    0.119302    0.223144    4.416662 ^ _690_/X (sky130_fd_sc_hd__or4b_4)
                                                         _161_ (net)
                      0.119637    0.004942    4.421604 ^ _749_/A (sky130_fd_sc_hd__or3b_1)
     1    0.002975    0.039050    0.123531    4.545135 ^ _749_/X (sky130_fd_sc_hd__or3b_1)
                                                         _221_ (net)
                      0.039051    0.000218    4.545353 ^ _770_/B (sky130_fd_sc_hd__nand2b_1)
     1    0.002040    0.028558    0.044085    4.589438 v _770_/Y (sky130_fd_sc_hd__nand2b_1)
                                                         net24 (net)
                      0.028558    0.000144    4.589582 v output24/A (sky130_fd_sc_hd__buf_2)
     1    0.034522    0.090590    0.172698    4.762280 v output24/X (sky130_fd_sc_hd__buf_2)
                                                         op_out[3] (net)
                      0.090626    0.001666    4.763947 v op_out[3] (out)
                                              4.763947   data arrival time

                      0.000000    0.000000    0.000000   clock __VIRTUAL_CLK__ (rise edge)
                                  0.000000    0.000000   clock network delay (ideal)
                                  0.250000    0.250000   clock uncertainty
                                  0.000000    0.250000   clock reconvergence pessimism
                                 -4.000000   -3.750000   output external delay
                                             -3.750000   data required time
---------------------------------------------------------------------------------------------
                                             -3.750000   data required time
                                             -4.763947   data arrival time
---------------------------------------------------------------------------------------------
                                              8.513947   slack (MET)


Startpoint: inst[2] (input port clocked by __VIRTUAL_CLK__)
Endpoint: op_out[2] (output port clocked by __VIRTUAL_CLK__)
Path Group: __VIRTUAL_CLK__
Path Type: min

Fanout         Cap        Slew       Delay        Time   Description
---------------------------------------------------------------------------------------------
                      0.000000    0.000000    0.000000   clock __VIRTUAL_CLK__ (rise edge)
                                  0.000000    0.000000   clock network delay (ideal)
                                  4.000000    4.000000 ^ input external delay
     1    0.003532    0.022913    0.012929    4.012929 ^ inst[2] (in)
                                                         inst[2] (net)
                      0.022914    0.000000    4.012929 ^ input3/A (sky130_fd_sc_hd__clkbuf_2)
     8    0.028846    0.160642    0.178141    4.191070 ^ input3/X (sky130_fd_sc_hd__clkbuf_2)
                                                         net3 (net)
                      0.160696    0.002447    4.193518 ^ _690_/A (sky130_fd_sc_hd__or4b_4)
     8    0.037935    0.119302    0.223144    4.416662 ^ _690_/X (sky130_fd_sc_hd__or4b_4)
                                                         _161_ (net)
                      0.119662    0.005131    4.421793 ^ _725_/B1 (sky130_fd_sc_hd__a31oi_1)
     1    0.002567    0.042699    0.052976    4.474770 v _725_/Y (sky130_fd_sc_hd__a31oi_1)
                                                         _195_ (net)
                      0.042700    0.000183    4.474953 v _741_/A2 (sky130_fd_sc_hd__a21o_1)
     1    0.004871    0.040150    0.180313    4.655266 v _741_/X (sky130_fd_sc_hd__a21o_1)
                                                         net23 (net)
                      0.040153    0.000371    4.655637 v output23/A (sky130_fd_sc_hd__buf_6)
     1    0.034392    0.044063    0.133979    4.789616 v output23/X (sky130_fd_sc_hd__buf_6)
                                                         op_out[2] (net)
                      0.044142    0.001635    4.791250 v op_out[2] (out)
                                              4.791250   data arrival time

                      0.000000    0.000000    0.000000   clock __VIRTUAL_CLK__ (rise edge)
                                  0.000000    0.000000   clock network delay (ideal)
                                  0.250000    0.250000   clock uncertainty
                                  0.000000    0.250000   clock reconvergence pessimism
                                 -4.000000   -3.750000   output external delay
                                             -3.750000   data required time
---------------------------------------------------------------------------------------------
                                             -3.750000   data required time
                                             -4.791250   data arrival time
---------------------------------------------------------------------------------------------
                                              8.541249   slack (MET)


Startpoint: op_a[7] (input port clocked by __VIRTUAL_CLK__)
Endpoint: op_out[6] (output port clocked by __VIRTUAL_CLK__)
Path Group: __VIRTUAL_CLK__
Path Type: min

Fanout         Cap        Slew       Delay        Time   Description
---------------------------------------------------------------------------------------------
                      0.000000    0.000000    0.000000   clock __VIRTUAL_CLK__ (rise edge)
                                  0.000000    0.000000   clock network delay (ideal)
                                  4.000000    4.000000 ^ input external delay
     1    0.003618    0.023287    0.013232    4.013232 ^ op_a[7] (in)
                                                         op_a[7] (net)
                      0.023288    0.000000    4.013232 ^ input12/A (sky130_fd_sc_hd__clkbuf_4)
     9    0.047741    0.150521    0.202139    4.215371 ^ input12/X (sky130_fd_sc_hd__clkbuf_4)
                                                         net12 (net)
                      0.150673    0.003940    4.219310 ^ _883_/A1 (sky130_fd_sc_hd__a211o_1)
     1    0.004512    0.049498    0.151397    4.370707 ^ _883_/X (sky130_fd_sc_hd__a211o_1)
                                                         _365_ (net)
                      0.049499    0.000317    4.371024 ^ _884_/C1 (sky130_fd_sc_hd__a211o_1)
     1    0.008901    0.084928    0.123491    4.494514 ^ _884_/X (sky130_fd_sc_hd__a211o_1)
                                                         _366_ (net)
                      0.084932    0.000674    4.495188 ^ _885_/B1 (sky130_fd_sc_hd__a31o_1)
     1    0.002954    0.042038    0.100486    4.595674 ^ _885_/X (sky130_fd_sc_hd__a31o_1)
                                                         net27 (net)
                      0.042038    0.000187    4.595861 ^ output27/A (sky130_fd_sc_hd__buf_2)
     1    0.034401    0.170981    0.196518    4.792379 ^ output27/X (sky130_fd_sc_hd__buf_2)
                                                         op_out[6] (net)
                      0.171006    0.001727    4.794106 ^ op_out[6] (out)
                                              4.794106   data arrival time

                      0.000000    0.000000    0.000000   clock __VIRTUAL_CLK__ (rise edge)
                                  0.000000    0.000000   clock network delay (ideal)
                                  0.250000    0.250000   clock uncertainty
                                  0.000000    0.250000   clock reconvergence pessimism
                                 -4.000000   -3.750000   output external delay
                                             -3.750000   data required time
---------------------------------------------------------------------------------------------
                                             -3.750000   data required time
                                             -4.794106   data arrival time
---------------------------------------------------------------------------------------------
                                              8.544106   slack (MET)


Startpoint: op_a[1] (input port clocked by __VIRTUAL_CLK__)
Endpoint: op_out[1] (output port clocked by __VIRTUAL_CLK__)
Path Group: __VIRTUAL_CLK__
Path Type: min

Fanout         Cap        Slew       Delay        Time   Description
---------------------------------------------------------------------------------------------
                      0.000000    0.000000    0.000000   clock __VIRTUAL_CLK__ (rise edge)
                                  0.000000    0.000000   clock network delay (ideal)
                                  4.000000    4.000000 ^ input external delay
     1    0.002725    0.019406    0.010095    4.010096 ^ op_a[1] (in)
                                                         op_a[1] (net)
                      0.019406    0.000000    4.010096 ^ input6/A (sky130_fd_sc_hd__buf_1)
     3    0.021727    0.258149    0.219548    4.229644 ^ input6/X (sky130_fd_sc_hd__buf_1)
                                                         net6 (net)
                      0.258194    0.002812    4.232456 ^ _703_/A1 (sky130_fd_sc_hd__o22a_1)
     1    0.002844    0.041902    0.187724    4.420180 ^ _703_/X (sky130_fd_sc_hd__o22a_1)
                                                         _173_ (net)
                      0.041902    0.000175    4.420354 ^ _710_/A (sky130_fd_sc_hd__or3_1)
     1    0.010211    0.100958    0.140309    4.560663 ^ _710_/X (sky130_fd_sc_hd__or3_1)
                                                         _180_ (net)
                      0.100959    0.000590    4.561253 ^ _718_/A (sky130_fd_sc_hd__or2_4)
     1    0.007690    0.038740    0.133030    4.694283 ^ _718_/X (sky130_fd_sc_hd__or2_4)
                                                         net22 (net)
                      0.038748    0.000587    4.694870 ^ output22/A (sky130_fd_sc_hd__buf_8)
     1    0.034731    0.066525    0.113350    4.808220 ^ output22/X (sky130_fd_sc_hd__buf_8)
                                                         op_out[1] (net)
                      0.066628    0.001758    4.809978 ^ op_out[1] (out)
                                              4.809978   data arrival time

                      0.000000    0.000000    0.000000   clock __VIRTUAL_CLK__ (rise edge)
                                  0.000000    0.000000   clock network delay (ideal)
                                  0.250000    0.250000   clock uncertainty
                                  0.000000    0.250000   clock reconvergence pessimism
                                 -4.000000   -3.750000   output external delay
                                             -3.750000   data required time
---------------------------------------------------------------------------------------------
                                             -3.750000   data required time
                                             -4.809978   data arrival time
---------------------------------------------------------------------------------------------
                                              8.559978   slack (MET)


Startpoint: op_a[7] (input port clocked by __VIRTUAL_CLK__)
Endpoint: op_out[7] (output port clocked by __VIRTUAL_CLK__)
Path Group: __VIRTUAL_CLK__
Path Type: min

Fanout         Cap        Slew       Delay        Time   Description
---------------------------------------------------------------------------------------------
                      0.000000    0.000000    0.000000   clock __VIRTUAL_CLK__ (rise edge)
                                  0.000000    0.000000   clock network delay (ideal)
                                  4.000000    4.000000 ^ input external delay
     1    0.003618    0.023287    0.013232    4.013232 ^ op_a[7] (in)
                                                         op_a[7] (net)
                      0.023288    0.000000    4.013232 ^ input12/A (sky130_fd_sc_hd__clkbuf_4)
     9    0.047741    0.150521    0.202139    4.215371 ^ input12/X (sky130_fd_sc_hd__clkbuf_4)
                                                         net12 (net)
                      0.150665    0.003844    4.219215 ^ _920_/A1 (sky130_fd_sc_hd__o22a_1)
     1    0.003819    0.050128    0.168332    4.387547 ^ _920_/X (sky130_fd_sc_hd__o22a_1)
                                                         _405_ (net)
                      0.050129    0.000292    4.387839 ^ _922_/B1 (sky130_fd_sc_hd__a211o_1)
     1    0.008891    0.084862    0.127502    4.515342 ^ _922_/X (sky130_fd_sc_hd__a211o_1)
                                                         _407_ (net)
                      0.084866    0.000690    4.516031 ^ _923_/B1 (sky130_fd_sc_hd__a311o_1)
     1    0.003223    0.049694    0.118430    4.634461 ^ _923_/X (sky130_fd_sc_hd__a311o_1)
                                                         net28 (net)
                      0.049695    0.000211    4.634672 ^ output28/A (sky130_fd_sc_hd__buf_2)
     1    0.033975    0.168910    0.198136    4.832808 ^ output28/X (sky130_fd_sc_hd__buf_2)
                                                         op_out[7] (net)
                      0.168981    0.001590    4.834398 ^ op_out[7] (out)
                                              4.834398   data arrival time

                      0.000000    0.000000    0.000000   clock __VIRTUAL_CLK__ (rise edge)
                                  0.000000    0.000000   clock network delay (ideal)
                                  0.250000    0.250000   clock uncertainty
                                  0.000000    0.250000   clock reconvergence pessimism
                                 -4.000000   -3.750000   output external delay
                                             -3.750000   data required time
---------------------------------------------------------------------------------------------
                                             -3.750000   data required time
                                             -4.834398   data arrival time
---------------------------------------------------------------------------------------------
                                              8.584398   slack (MET)



%OL_END_REPORT
%OL_CREATE_REPORT max.rpt

===========================================================================
report_checks -path_delay max (Setup)
============================================================================
======================= max_tt_025C_1v80 Corner ===================================

Startpoint: op_b[0] (input port clocked by __VIRTUAL_CLK__)
Endpoint: op_out[0] (output port clocked by __VIRTUAL_CLK__)
Path Group: __VIRTUAL_CLK__
Path Type: max

Fanout         Cap        Slew       Delay        Time   Description
---------------------------------------------------------------------------------------------
                      0.000000    0.000000    0.000000   clock __VIRTUAL_CLK__ (rise edge)
                                  0.000000    0.000000   clock network delay (ideal)
                                  4.000000    4.000000 ^ input external delay
     1    0.003021    0.020684    0.011139    4.011138 ^ op_b[0] (in)
                                                         op_b[0] (net)
                      0.020692    0.000000    4.011138 ^ input13/A (sky130_fd_sc_hd__clkbuf_2)
     4    0.026599    0.148933    0.169693    4.180832 ^ input13/X (sky130_fd_sc_hd__clkbuf_2)
                                                         net13 (net)
                      0.148968    0.001858    4.182689 ^ fanout66/A (sky130_fd_sc_hd__buf_4)
    10    0.052116    0.149709    0.222329    4.405018 ^ fanout66/X (sky130_fd_sc_hd__buf_4)
                                                         net66 (net)
                      0.149725    0.001319    4.406338 ^ fanout65/A (sky130_fd_sc_hd__buf_4)
    10    0.042347    0.123506    0.205416    4.611753 ^ fanout65/X (sky130_fd_sc_hd__buf_4)
                                                         net65 (net)
                      0.123736    0.003773    4.615526 ^ _458_/A (sky130_fd_sc_hd__inv_2)
     4    0.014331    0.050380    0.071515    4.687041 v _458_/Y (sky130_fd_sc_hd__inv_2)
                                                         _188_ (net)
                      0.050410    0.000494    4.687535 v fanout35/A (sky130_fd_sc_hd__clkbuf_4)
    10    0.043060    0.095724    0.197625    4.885160 v fanout35/X (sky130_fd_sc_hd__clkbuf_4)
                                                         net35 (net)
                      0.095783    0.002165    4.887325 v _472_/A1 (sky130_fd_sc_hd__o41ai_4)
     5    0.017349    0.378072    0.472160    5.359486 ^ _472_/Y (sky130_fd_sc_hd__o41ai_4)
                                                         _338_ (net)
                      0.378073    0.001033    5.360518 ^ _481_/A2 (sky130_fd_sc_hd__a211o_1)
     4    0.015120    0.139905    0.258626    5.619144 ^ _481_/X (sky130_fd_sc_hd__a211o_1)
                                                         _410_ (net)
                      0.139907    0.000806    5.619950 ^ _484_/A1 (sky130_fd_sc_hd__a21o_1)
     4    0.014440    0.131731    0.196944    5.816895 ^ _484_/X (sky130_fd_sc_hd__a21o_1)
                                                         _413_ (net)
                      0.131732    0.000628    5.817523 ^ _493_/A1 (sky130_fd_sc_hd__a211oi_2)
     3    0.009627    0.075700    0.102957    5.920480 v _493_/Y (sky130_fd_sc_hd__a211oi_2)
                                                         _422_ (net)
                      0.075701    0.000554    5.921034 v _503_/D (sky130_fd_sc_hd__or4_4)
     3    0.008294    0.091125    0.432912    6.353947 v _503_/X (sky130_fd_sc_hd__or4_4)
                                                         _432_ (net)
                      0.091125    0.000469    6.354415 v _507_/A3 (sky130_fd_sc_hd__a31o_1)
     2    0.009328    0.064943    0.261835    6.616250 v _507_/X (sky130_fd_sc_hd__a31o_1)
                                                         _436_ (net)
                      0.064946    0.000542    6.616792 v _509_/A2 (sky130_fd_sc_hd__a211o_4)
     3    0.017517    0.070543    0.365586    6.982378 v _509_/X (sky130_fd_sc_hd__a211o_4)
                                                         _438_ (net)
                      0.070543    0.001206    6.983584 v _515_/A2 (sky130_fd_sc_hd__a21oi_4)
     5    0.020416    0.185901    0.217357    7.200941 ^ _515_/Y (sky130_fd_sc_hd__a21oi_4)
                                                         _444_ (net)
                      0.185914    0.001626    7.202567 ^ rebuffer5/A (sky130_fd_sc_hd__buf_6)
     3    0.013830    0.041638    0.135309    7.337876 ^ rebuffer5/X (sky130_fd_sc_hd__buf_6)
                                                         net74 (net)
                      0.041665    0.000940    7.338817 ^ _524_/S (sky130_fd_sc_hd__mux2_4)
     2    0.007756    0.056315    0.298980    7.637796 v _524_/X (sky130_fd_sc_hd__mux2_4)
                                                         _453_ (net)
                      0.056315    0.000456    7.638252 v _539_/A1 (sky130_fd_sc_hd__a221o_1)
     3    0.009742    0.085770    0.355365    7.993617 v _539_/X (sky130_fd_sc_hd__a221o_1)
                                                         _010_ (net)
                      0.085770    0.000300    7.993917 v _544_/A2 (sky130_fd_sc_hd__a311o_1)
     3    0.009366    0.084585    0.360756    8.354672 v _544_/X (sky130_fd_sc_hd__a311o_1)
                                                         _015_ (net)
                      0.084643    0.000722    8.355394 v _579_/A2 (sky130_fd_sc_hd__a21o_1)
     3    0.008836    0.058660    0.215533    8.570929 v _579_/X (sky130_fd_sc_hd__a21o_1)
                                                         _050_ (net)
                      0.058664    0.000546    8.571474 v _583_/C (sky130_fd_sc_hd__and3_1)
     2    0.005467    0.048204    0.193237    8.764711 v _583_/X (sky130_fd_sc_hd__and3_1)
                                                         _054_ (net)
                      0.048206    0.000318    8.765029 v _585_/A (sky130_fd_sc_hd__or4_4)
     1    0.003995    0.081990    0.523269    9.288299 v _585_/X (sky130_fd_sc_hd__or4_4)
                                                         _056_ (net)
                      0.081990    0.000273    9.288571 v _586_/B (sky130_fd_sc_hd__or4b_4)
     1    0.009247    0.092993    0.537451    9.826022 v _586_/X (sky130_fd_sc_hd__or4b_4)
                                                         _057_ (net)
                      0.092993    0.000703    9.826725 v _590_/A2 (sky130_fd_sc_hd__a311oi_4)
     4    0.020330    0.355213    0.382404   10.209129 ^ _590_/Y (sky130_fd_sc_hd__a311oi_4)
                                                         _061_ (net)
                      0.355215    0.001500   10.210629 ^ max_cap30/A (sky130_fd_sc_hd__buf_6)
     5    0.034398    0.080210    0.192760   10.403389 ^ max_cap30/X (sky130_fd_sc_hd__buf_6)
                                                         net30 (net)
                      0.080225    0.001156   10.404544 ^ _619_/S (sky130_fd_sc_hd__mux2_4)
     5    0.022540    0.076691    0.341322   10.745866 v _619_/X (sky130_fd_sc_hd__mux2_4)
                                                         _090_ (net)
                      0.076845    0.001553   10.747419 v _623_/B2 (sky130_fd_sc_hd__o22a_1)
     2    0.006161    0.060568    0.185461   10.932880 v _623_/X (sky130_fd_sc_hd__o22a_1)
                                                         _094_ (net)
                      0.060569    0.000343   10.933224 v _624_/A (sky130_fd_sc_hd__or4bb_4)
     4    0.019895    0.113789    0.585111   11.518334 v _624_/X (sky130_fd_sc_hd__or4bb_4)
                                                         _095_ (net)
                      0.113789    0.001128   11.519463 v _628_/A2 (sky130_fd_sc_hd__a21oi_4)
     4    0.022838    0.200936    0.246027   11.765490 ^ _628_/Y (sky130_fd_sc_hd__a21oi_4)
                                                         _099_ (net)
                      0.200940    0.001237   11.766726 ^ fanout29/A (sky130_fd_sc_hd__buf_6)
     5    0.030281    0.070832    0.161732   11.928458 ^ fanout29/X (sky130_fd_sc_hd__buf_6)
                                                         net29 (net)
                      0.071051    0.002786   11.931245 ^ _665_/S (sky130_fd_sc_hd__mux2_4)
     3    0.008710    0.057704    0.310354   12.241599 v _665_/X (sky130_fd_sc_hd__mux2_4)
                                                         _136_ (net)
                      0.057704    0.000263   12.241862 v _669_/A2 (sky130_fd_sc_hd__a21o_1)
     1    0.003580    0.036707    0.180493   12.422355 v _669_/X (sky130_fd_sc_hd__a21o_1)
                                                         _140_ (net)
                      0.036707    0.000227   12.422583 v _671_/A1 (sky130_fd_sc_hd__o211a_1)
     1    0.002838    0.038581    0.212417   12.634999 v _671_/X (sky130_fd_sc_hd__o211a_1)
                                                         _142_ (net)
                      0.038581    0.000193   12.635192 v _672_/B2 (sky130_fd_sc_hd__o221a_1)
     1    0.003598    0.049901    0.203803   12.838995 v _672_/X (sky130_fd_sc_hd__o221a_1)
                                                         _143_ (net)
                      0.049901    0.000247   12.839242 v _675_/A1 (sky130_fd_sc_hd__o21a_1)
     1    0.002454    0.033134    0.178065   13.017306 v _675_/X (sky130_fd_sc_hd__o21a_1)
                                                         _146_ (net)
                      0.033134    0.000111   13.017418 v _679_/A2 (sky130_fd_sc_hd__o21a_1)
     1    0.008343    0.060544    0.186209   13.203627 v _679_/X (sky130_fd_sc_hd__o21a_1)
                                                         _150_ (net)
                      0.060552    0.000711   13.204338 v _700_/C (sky130_fd_sc_hd__or3_4)
     1    0.009637    0.074262    0.342824   13.547162 v _700_/X (sky130_fd_sc_hd__or3_4)
                                                         net21 (net)
                      0.074262    0.000816   13.547978 v output21/A (sky130_fd_sc_hd__buf_8)
     1    0.034730    0.040581    0.146319   13.694297 v output21/X (sky130_fd_sc_hd__buf_8)
                                                         op_out[0] (net)
                      0.040684    0.001771   13.696068 v op_out[0] (out)
                                             13.696068   data arrival time

                      0.000000   20.000000   20.000000   clock __VIRTUAL_CLK__ (rise edge)
                                  0.000000   20.000000   clock network delay (ideal)
                                 -0.250000   19.750002   clock uncertainty
                                  0.000000   19.750002   clock reconvergence pessimism
                                 -4.000000   15.750001   output external delay
                                             15.750001   data required time
---------------------------------------------------------------------------------------------
                                             15.750001   data required time
                                            -13.696068   data arrival time
---------------------------------------------------------------------------------------------
                                              2.053933   slack (MET)


Startpoint: op_b[0] (input port clocked by __VIRTUAL_CLK__)
Endpoint: op_out[1] (output port clocked by __VIRTUAL_CLK__)
Path Group: __VIRTUAL_CLK__
Path Type: max

Fanout         Cap        Slew       Delay        Time   Description
---------------------------------------------------------------------------------------------
                      0.000000    0.000000    0.000000   clock __VIRTUAL_CLK__ (rise edge)
                                  0.000000    0.000000   clock network delay (ideal)
                                  4.000000    4.000000 ^ input external delay
     1    0.003021    0.020684    0.011139    4.011138 ^ op_b[0] (in)
                                                         op_b[0] (net)
                      0.020692    0.000000    4.011138 ^ input13/A (sky130_fd_sc_hd__clkbuf_2)
     4    0.026599    0.148933    0.169693    4.180832 ^ input13/X (sky130_fd_sc_hd__clkbuf_2)
                                                         net13 (net)
                      0.148968    0.001858    4.182689 ^ fanout66/A (sky130_fd_sc_hd__buf_4)
    10    0.052116    0.149709    0.222329    4.405018 ^ fanout66/X (sky130_fd_sc_hd__buf_4)
                                                         net66 (net)
                      0.149725    0.001319    4.406338 ^ fanout65/A (sky130_fd_sc_hd__buf_4)
    10    0.042347    0.123506    0.205416    4.611753 ^ fanout65/X (sky130_fd_sc_hd__buf_4)
                                                         net65 (net)
                      0.123736    0.003773    4.615526 ^ _458_/A (sky130_fd_sc_hd__inv_2)
     4    0.014331    0.050380    0.071515    4.687041 v _458_/Y (sky130_fd_sc_hd__inv_2)
                                                         _188_ (net)
                      0.050410    0.000494    4.687535 v fanout35/A (sky130_fd_sc_hd__clkbuf_4)
    10    0.043060    0.095724    0.197625    4.885160 v fanout35/X (sky130_fd_sc_hd__clkbuf_4)
                                                         net35 (net)
                      0.095783    0.002165    4.887325 v _472_/A1 (sky130_fd_sc_hd__o41ai_4)
     5    0.017349    0.378072    0.472160    5.359486 ^ _472_/Y (sky130_fd_sc_hd__o41ai_4)
                                                         _338_ (net)
                      0.378073    0.001033    5.360518 ^ _481_/A2 (sky130_fd_sc_hd__a211o_1)
     4    0.015120    0.139905    0.258626    5.619144 ^ _481_/X (sky130_fd_sc_hd__a211o_1)
                                                         _410_ (net)
                      0.139907    0.000806    5.619950 ^ _484_/A1 (sky130_fd_sc_hd__a21o_1)
     4    0.014440    0.131731    0.196944    5.816895 ^ _484_/X (sky130_fd_sc_hd__a21o_1)
                                                         _413_ (net)
                      0.131732    0.000628    5.817523 ^ _493_/A1 (sky130_fd_sc_hd__a211oi_2)
     3    0.009627    0.075700    0.102957    5.920480 v _493_/Y (sky130_fd_sc_hd__a211oi_2)
                                                         _422_ (net)
                      0.075701    0.000554    5.921034 v _503_/D (sky130_fd_sc_hd__or4_4)
     3    0.008294    0.091125    0.432912    6.353947 v _503_/X (sky130_fd_sc_hd__or4_4)
                                                         _432_ (net)
                      0.091125    0.000469    6.354415 v _507_/A3 (sky130_fd_sc_hd__a31o_1)
     2    0.009328    0.064943    0.261835    6.616250 v _507_/X (sky130_fd_sc_hd__a31o_1)
                                                         _436_ (net)
                      0.064946    0.000542    6.616792 v _509_/A2 (sky130_fd_sc_hd__a211o_4)
     3    0.017517    0.070543    0.365586    6.982378 v _509_/X (sky130_fd_sc_hd__a211o_4)
                                                         _438_ (net)
                      0.070543    0.001206    6.983584 v _515_/A2 (sky130_fd_sc_hd__a21oi_4)
     5    0.020416    0.185901    0.217357    7.200941 ^ _515_/Y (sky130_fd_sc_hd__a21oi_4)
                                                         _444_ (net)
                      0.185914    0.001626    7.202567 ^ rebuffer5/A (sky130_fd_sc_hd__buf_6)
     3    0.013830    0.041638    0.135309    7.337876 ^ rebuffer5/X (sky130_fd_sc_hd__buf_6)
                                                         net74 (net)
                      0.041665    0.000940    7.338817 ^ _524_/S (sky130_fd_sc_hd__mux2_4)
     2    0.007756    0.056315    0.298980    7.637796 v _524_/X (sky130_fd_sc_hd__mux2_4)
                                                         _453_ (net)
                      0.056315    0.000456    7.638252 v _539_/A1 (sky130_fd_sc_hd__a221o_1)
     3    0.009742    0.085770    0.355365    7.993617 v _539_/X (sky130_fd_sc_hd__a221o_1)
                                                         _010_ (net)
                      0.085770    0.000300    7.993917 v _544_/A2 (sky130_fd_sc_hd__a311o_1)
     3    0.009366    0.084585    0.360756    8.354672 v _544_/X (sky130_fd_sc_hd__a311o_1)
                                                         _015_ (net)
                      0.084643    0.000722    8.355394 v _579_/A2 (sky130_fd_sc_hd__a21o_1)
     3    0.008836    0.058660    0.215533    8.570929 v _579_/X (sky130_fd_sc_hd__a21o_1)
                                                         _050_ (net)
                      0.058664    0.000546    8.571474 v _583_/C (sky130_fd_sc_hd__and3_1)
     2    0.005467    0.048204    0.193237    8.764711 v _583_/X (sky130_fd_sc_hd__and3_1)
                                                         _054_ (net)
                      0.048206    0.000318    8.765029 v _585_/A (sky130_fd_sc_hd__or4_4)
     1    0.003995    0.081990    0.523269    9.288299 v _585_/X (sky130_fd_sc_hd__or4_4)
                                                         _056_ (net)
                      0.081990    0.000273    9.288571 v _586_/B (sky130_fd_sc_hd__or4b_4)
     1    0.009247    0.092993    0.537451    9.826022 v _586_/X (sky130_fd_sc_hd__or4b_4)
                                                         _057_ (net)
                      0.092993    0.000703    9.826725 v _590_/A2 (sky130_fd_sc_hd__a311oi_4)
     4    0.020330    0.355213    0.382404   10.209129 ^ _590_/Y (sky130_fd_sc_hd__a311oi_4)
                                                         _061_ (net)
                      0.355215    0.001500   10.210629 ^ max_cap30/A (sky130_fd_sc_hd__buf_6)
     5    0.034398    0.080210    0.192760   10.403389 ^ max_cap30/X (sky130_fd_sc_hd__buf_6)
                                                         net30 (net)
                      0.080267    0.001946   10.405334 ^ _601_/S (sky130_fd_sc_hd__mux2_4)
     4    0.026249    0.081107    0.347693   10.753027 v _601_/X (sky130_fd_sc_hd__mux2_4)
                                                         _072_ (net)
                      0.081123    0.001088   10.754115 v _604_/A (sky130_fd_sc_hd__xnor2_4)
     4    0.017144    0.074731    0.171203   10.925318 v _604_/Y (sky130_fd_sc_hd__xnor2_4)
                                                         _075_ (net)
                      0.074735    0.001084   10.926401 v _608_/A2 (sky130_fd_sc_hd__a211oi_4)
     4    0.015255    0.257382    0.311874   11.238276 ^ _608_/Y (sky130_fd_sc_hd__a211oi_4)
                                                         _079_ (net)
                      0.257383    0.000909   11.239185 ^ _627_/A3 (sky130_fd_sc_hd__o31a_1)
     4    0.020688    0.219962    0.281033   11.520218 ^ _627_/X (sky130_fd_sc_hd__o31a_1)
                                                         _098_ (net)
                      0.219964    0.001009   11.521227 ^ _628_/A1 (sky130_fd_sc_hd__a21oi_4)
     4    0.021265    0.085607    0.112649   11.633877 v _628_/Y (sky130_fd_sc_hd__a21oi_4)
                                                         _099_ (net)
                      0.085681    0.001400   11.635276 v clone21/A (sky130_fd_sc_hd__buf_6)
     5    0.020017    0.033373    0.144320   11.779596 v clone21/X (sky130_fd_sc_hd__buf_6)
                                                         net90 (net)
                      0.033395    0.000990   11.780586 v _717_/A1 (sky130_fd_sc_hd__a22o_1)
     1    0.004227    0.046852    0.205262   11.985848 v _717_/X (sky130_fd_sc_hd__a22o_1)
                                                         _187_ (net)
                      0.046852    0.000312   11.986160 v _718_/B (sky130_fd_sc_hd__or2_4)
     1    0.007029    0.050289    0.230000   12.216160 v _718_/X (sky130_fd_sc_hd__or2_4)
                                                         net22 (net)
                      0.050289    0.000535   12.216695 v output22/A (sky130_fd_sc_hd__buf_8)
     1    0.034731    0.040611    0.135757   12.352452 v output22/X (sky130_fd_sc_hd__buf_8)
                                                         op_out[1] (net)
                      0.040712    0.001754   12.354206 v op_out[1] (out)
                                             12.354206   data arrival time

                      0.000000   20.000000   20.000000   clock __VIRTUAL_CLK__ (rise edge)
                                  0.000000   20.000000   clock network delay (ideal)
                                 -0.250000   19.750002   clock uncertainty
                                  0.000000   19.750002   clock reconvergence pessimism
                                 -4.000000   15.750001   output external delay
                                             15.750001   data required time
---------------------------------------------------------------------------------------------
                                             15.750001   data required time
                                            -12.354206   data arrival time
---------------------------------------------------------------------------------------------
                                              3.395795   slack (MET)


Startpoint: op_b[0] (input port clocked by __VIRTUAL_CLK__)
Endpoint: op_out[2] (output port clocked by __VIRTUAL_CLK__)
Path Group: __VIRTUAL_CLK__
Path Type: max

Fanout         Cap        Slew       Delay        Time   Description
---------------------------------------------------------------------------------------------
                      0.000000    0.000000    0.000000   clock __VIRTUAL_CLK__ (rise edge)
                                  0.000000    0.000000   clock network delay (ideal)
                                  4.000000    4.000000 ^ input external delay
     1    0.003021    0.020684    0.011139    4.011138 ^ op_b[0] (in)
                                                         op_b[0] (net)
                      0.020692    0.000000    4.011138 ^ input13/A (sky130_fd_sc_hd__clkbuf_2)
     4    0.026599    0.148933    0.169693    4.180832 ^ input13/X (sky130_fd_sc_hd__clkbuf_2)
                                                         net13 (net)
                      0.148968    0.001858    4.182689 ^ fanout66/A (sky130_fd_sc_hd__buf_4)
    10    0.052116    0.149709    0.222329    4.405018 ^ fanout66/X (sky130_fd_sc_hd__buf_4)
                                                         net66 (net)
                      0.149725    0.001319    4.406338 ^ fanout65/A (sky130_fd_sc_hd__buf_4)
    10    0.042347    0.123506    0.205416    4.611753 ^ fanout65/X (sky130_fd_sc_hd__buf_4)
                                                         net65 (net)
                      0.123736    0.003773    4.615526 ^ _458_/A (sky130_fd_sc_hd__inv_2)
     4    0.014331    0.050380    0.071515    4.687041 v _458_/Y (sky130_fd_sc_hd__inv_2)
                                                         _188_ (net)
                      0.050410    0.000494    4.687535 v fanout35/A (sky130_fd_sc_hd__clkbuf_4)
    10    0.043060    0.095724    0.197625    4.885160 v fanout35/X (sky130_fd_sc_hd__clkbuf_4)
                                                         net35 (net)
                      0.095783    0.002165    4.887325 v _472_/A1 (sky130_fd_sc_hd__o41ai_4)
     5    0.017349    0.378072    0.472160    5.359486 ^ _472_/Y (sky130_fd_sc_hd__o41ai_4)
                                                         _338_ (net)
                      0.378073    0.001033    5.360518 ^ _481_/A2 (sky130_fd_sc_hd__a211o_1)
     4    0.015120    0.139905    0.258626    5.619144 ^ _481_/X (sky130_fd_sc_hd__a211o_1)
                                                         _410_ (net)
                      0.139907    0.000806    5.619950 ^ _484_/A1 (sky130_fd_sc_hd__a21o_1)
     4    0.014440    0.131731    0.196944    5.816895 ^ _484_/X (sky130_fd_sc_hd__a21o_1)
                                                         _413_ (net)
                      0.131732    0.000628    5.817523 ^ _493_/A1 (sky130_fd_sc_hd__a211oi_2)
     3    0.009627    0.075700    0.102957    5.920480 v _493_/Y (sky130_fd_sc_hd__a211oi_2)
                                                         _422_ (net)
                      0.075701    0.000554    5.921034 v _503_/D (sky130_fd_sc_hd__or4_4)
     3    0.008294    0.091125    0.432912    6.353947 v _503_/X (sky130_fd_sc_hd__or4_4)
                                                         _432_ (net)
                      0.091125    0.000469    6.354415 v _507_/A3 (sky130_fd_sc_hd__a31o_1)
     2    0.009328    0.064943    0.261835    6.616250 v _507_/X (sky130_fd_sc_hd__a31o_1)
                                                         _436_ (net)
                      0.064946    0.000542    6.616792 v _509_/A2 (sky130_fd_sc_hd__a211o_4)
     3    0.017517    0.070543    0.365586    6.982378 v _509_/X (sky130_fd_sc_hd__a211o_4)
                                                         _438_ (net)
                      0.070543    0.001206    6.983584 v _515_/A2 (sky130_fd_sc_hd__a21oi_4)
     5    0.020416    0.185901    0.217357    7.200941 ^ _515_/Y (sky130_fd_sc_hd__a21oi_4)
                                                         _444_ (net)
                      0.185914    0.001626    7.202567 ^ rebuffer5/A (sky130_fd_sc_hd__buf_6)
     3    0.013830    0.041638    0.135309    7.337876 ^ rebuffer5/X (sky130_fd_sc_hd__buf_6)
                                                         net74 (net)
                      0.041665    0.000940    7.338817 ^ _524_/S (sky130_fd_sc_hd__mux2_4)
     2    0.007756    0.056315    0.298980    7.637796 v _524_/X (sky130_fd_sc_hd__mux2_4)
                                                         _453_ (net)
                      0.056315    0.000456    7.638252 v _539_/A1 (sky130_fd_sc_hd__a221o_1)
     3    0.009742    0.085770    0.355365    7.993617 v _539_/X (sky130_fd_sc_hd__a221o_1)
                                                         _010_ (net)
                      0.085770    0.000300    7.993917 v _544_/A2 (sky130_fd_sc_hd__a311o_1)
     3    0.009366    0.084585    0.360756    8.354672 v _544_/X (sky130_fd_sc_hd__a311o_1)
                                                         _015_ (net)
                      0.084643    0.000722    8.355394 v _579_/A2 (sky130_fd_sc_hd__a21o_1)
     3    0.008836    0.058660    0.215533    8.570929 v _579_/X (sky130_fd_sc_hd__a21o_1)
                                                         _050_ (net)
                      0.058664    0.000546    8.571474 v _583_/C (sky130_fd_sc_hd__and3_1)
     2    0.005467    0.048204    0.193237    8.764711 v _583_/X (sky130_fd_sc_hd__and3_1)
                                                         _054_ (net)
                      0.048206    0.000318    8.765029 v _585_/A (sky130_fd_sc_hd__or4_4)
     1    0.003995    0.081990    0.523269    9.288299 v _585_/X (sky130_fd_sc_hd__or4_4)
                                                         _056_ (net)
                      0.081990    0.000273    9.288571 v _586_/B (sky130_fd_sc_hd__or4b_4)
     1    0.009247    0.092993    0.537451    9.826022 v _586_/X (sky130_fd_sc_hd__or4b_4)
                                                         _057_ (net)
                      0.092993    0.000703    9.826725 v _590_/A2 (sky130_fd_sc_hd__a311oi_4)
     4    0.020330    0.355213    0.382404   10.209129 ^ _590_/Y (sky130_fd_sc_hd__a311oi_4)
                                                         _061_ (net)
                      0.355215    0.001500   10.210629 ^ max_cap30/A (sky130_fd_sc_hd__buf_6)
     5    0.034398    0.080210    0.192760   10.403389 ^ max_cap30/X (sky130_fd_sc_hd__buf_6)
                                                         net30 (net)
                      0.080279    0.002122   10.405511 ^ _740_/A2 (sky130_fd_sc_hd__a211o_1)
     1    0.005096    0.058398    0.136096   10.541607 ^ _740_/X (sky130_fd_sc_hd__a211o_1)
                                                         _212_ (net)
                      0.058399    0.000379   10.541986 ^ _741_/B1 (sky130_fd_sc_hd__a21o_1)
     1    0.005350    0.057528    0.094948   10.636934 ^ _741_/X (sky130_fd_sc_hd__a21o_1)
                                                         net23 (net)
                      0.057530    0.000409   10.637343 ^ output23/A (sky130_fd_sc_hd__buf_6)
     1    0.034392    0.076851    0.129119   10.766462 ^ output23/X (sky130_fd_sc_hd__buf_6)
                                                         op_out[2] (net)
                      0.076937    0.001638   10.768101 ^ op_out[2] (out)
                                             10.768101   data arrival time

                      0.000000   20.000000   20.000000   clock __VIRTUAL_CLK__ (rise edge)
                                  0.000000   20.000000   clock network delay (ideal)
                                 -0.250000   19.750002   clock uncertainty
                                  0.000000   19.750002   clock reconvergence pessimism
                                 -4.000000   15.750001   output external delay
                                             15.750001   data required time
---------------------------------------------------------------------------------------------
                                             15.750001   data required time
                                            -10.768101   data arrival time
---------------------------------------------------------------------------------------------
                                              4.981900   slack (MET)


Startpoint: op_b[0] (input port clocked by __VIRTUAL_CLK__)
Endpoint: op_out[3] (output port clocked by __VIRTUAL_CLK__)
Path Group: __VIRTUAL_CLK__
Path Type: max

Fanout         Cap        Slew       Delay        Time   Description
---------------------------------------------------------------------------------------------
                      0.000000    0.000000    0.000000   clock __VIRTUAL_CLK__ (rise edge)
                                  0.000000    0.000000   clock network delay (ideal)
                                  4.000000    4.000000 ^ input external delay
     1    0.003021    0.020684    0.011139    4.011138 ^ op_b[0] (in)
                                                         op_b[0] (net)
                      0.020692    0.000000    4.011138 ^ input13/A (sky130_fd_sc_hd__clkbuf_2)
     4    0.026599    0.148933    0.169693    4.180832 ^ input13/X (sky130_fd_sc_hd__clkbuf_2)
                                                         net13 (net)
                      0.148968    0.001858    4.182689 ^ fanout66/A (sky130_fd_sc_hd__buf_4)
    10    0.052116    0.149709    0.222329    4.405018 ^ fanout66/X (sky130_fd_sc_hd__buf_4)
                                                         net66 (net)
                      0.149725    0.001319    4.406338 ^ fanout65/A (sky130_fd_sc_hd__buf_4)
    10    0.042347    0.123506    0.205416    4.611753 ^ fanout65/X (sky130_fd_sc_hd__buf_4)
                                                         net65 (net)
                      0.123736    0.003773    4.615526 ^ _458_/A (sky130_fd_sc_hd__inv_2)
     4    0.014331    0.050380    0.071515    4.687041 v _458_/Y (sky130_fd_sc_hd__inv_2)
                                                         _188_ (net)
                      0.050410    0.000494    4.687535 v fanout35/A (sky130_fd_sc_hd__clkbuf_4)
    10    0.043060    0.095724    0.197625    4.885160 v fanout35/X (sky130_fd_sc_hd__clkbuf_4)
                                                         net35 (net)
                      0.095783    0.002165    4.887325 v _472_/A1 (sky130_fd_sc_hd__o41ai_4)
     5    0.017349    0.378072    0.472160    5.359486 ^ _472_/Y (sky130_fd_sc_hd__o41ai_4)
                                                         _338_ (net)
                      0.378073    0.001033    5.360518 ^ _481_/A2 (sky130_fd_sc_hd__a211o_1)
     4    0.015120    0.139905    0.258626    5.619144 ^ _481_/X (sky130_fd_sc_hd__a211o_1)
                                                         _410_ (net)
                      0.139907    0.000806    5.619950 ^ _484_/A1 (sky130_fd_sc_hd__a21o_1)
     4    0.014440    0.131731    0.196944    5.816895 ^ _484_/X (sky130_fd_sc_hd__a21o_1)
                                                         _413_ (net)
                      0.131732    0.000628    5.817523 ^ _493_/A1 (sky130_fd_sc_hd__a211oi_2)
     3    0.009627    0.075700    0.102957    5.920480 v _493_/Y (sky130_fd_sc_hd__a211oi_2)
                                                         _422_ (net)
                      0.075701    0.000554    5.921034 v _503_/D (sky130_fd_sc_hd__or4_4)
     3    0.008294    0.091125    0.432912    6.353947 v _503_/X (sky130_fd_sc_hd__or4_4)
                                                         _432_ (net)
                      0.091125    0.000469    6.354415 v _507_/A3 (sky130_fd_sc_hd__a31o_1)
     2    0.009328    0.064943    0.261835    6.616250 v _507_/X (sky130_fd_sc_hd__a31o_1)
                                                         _436_ (net)
                      0.064946    0.000542    6.616792 v _509_/A2 (sky130_fd_sc_hd__a211o_4)
     3    0.017517    0.070543    0.365586    6.982378 v _509_/X (sky130_fd_sc_hd__a211o_4)
                                                         _438_ (net)
                      0.070543    0.001206    6.983584 v _515_/A2 (sky130_fd_sc_hd__a21oi_4)
     5    0.020416    0.185901    0.217357    7.200941 ^ _515_/Y (sky130_fd_sc_hd__a21oi_4)
                                                         _444_ (net)
                      0.185914    0.001626    7.202567 ^ rebuffer5/A (sky130_fd_sc_hd__buf_6)
     3    0.013830    0.041638    0.135309    7.337876 ^ rebuffer5/X (sky130_fd_sc_hd__buf_6)
                                                         net74 (net)
                      0.041665    0.000940    7.338817 ^ _524_/S (sky130_fd_sc_hd__mux2_4)
     2    0.007756    0.056315    0.298980    7.637796 v _524_/X (sky130_fd_sc_hd__mux2_4)
                                                         _453_ (net)
                      0.056315    0.000456    7.638252 v _539_/A1 (sky130_fd_sc_hd__a221o_1)
     3    0.009742    0.085770    0.355365    7.993617 v _539_/X (sky130_fd_sc_hd__a221o_1)
                                                         _010_ (net)
                      0.085771    0.000466    7.994083 v _543_/A3 (sky130_fd_sc_hd__a311oi_2)
     4    0.015644    0.375705    0.418677    8.412760 ^ _543_/Y (sky130_fd_sc_hd__a311oi_2)
                                                         _014_ (net)
                      0.375705    0.001150    8.413910 ^ _548_/A (sky130_fd_sc_hd__nor2_1)
     2    0.018254    0.140564    0.190407    8.604317 v _548_/Y (sky130_fd_sc_hd__nor2_1)
                                                         _019_ (net)
                      0.140574    0.001309    8.605626 v _769_/A2 (sky130_fd_sc_hd__a211o_1)
     1    0.002499    0.045530    0.315386    8.921012 v _769_/X (sky130_fd_sc_hd__a211o_1)
                                                         _243_ (net)
                      0.045530    0.000147    8.921159 v _770_/A_N (sky130_fd_sc_hd__nand2b_1)
     1    0.002040    0.037025    0.130056    9.051215 v _770_/Y (sky130_fd_sc_hd__nand2b_1)
                                                         net24 (net)
                      0.037025    0.000144    9.051359 v output24/A (sky130_fd_sc_hd__buf_2)
     1    0.034522    0.090529    0.176345    9.227704 v output24/X (sky130_fd_sc_hd__buf_2)
                                                         op_out[3] (net)
                      0.090565    0.001666    9.229370 v op_out[3] (out)
                                              9.229370   data arrival time

                      0.000000   20.000000   20.000000   clock __VIRTUAL_CLK__ (rise edge)
                                  0.000000   20.000000   clock network delay (ideal)
                                 -0.250000   19.750002   clock uncertainty
                                  0.000000   19.750002   clock reconvergence pessimism
                                 -4.000000   15.750001   output external delay
                                             15.750001   data required time
---------------------------------------------------------------------------------------------
                                             15.750001   data required time
                                             -9.229370   data arrival time
---------------------------------------------------------------------------------------------
                                              6.520630   slack (MET)


Startpoint: op_b[0] (input port clocked by __VIRTUAL_CLK__)
Endpoint: op_out[5] (output port clocked by __VIRTUAL_CLK__)
Path Group: __VIRTUAL_CLK__
Path Type: max

Fanout         Cap        Slew       Delay        Time   Description
---------------------------------------------------------------------------------------------
                      0.000000    0.000000    0.000000   clock __VIRTUAL_CLK__ (rise edge)
                                  0.000000    0.000000   clock network delay (ideal)
                                  4.000000    4.000000 ^ input external delay
     1    0.003021    0.020684    0.011139    4.011138 ^ op_b[0] (in)
                                                         op_b[0] (net)
                      0.020692    0.000000    4.011138 ^ input13/A (sky130_fd_sc_hd__clkbuf_2)
     4    0.026599    0.148933    0.169693    4.180832 ^ input13/X (sky130_fd_sc_hd__clkbuf_2)
                                                         net13 (net)
                      0.148968    0.001858    4.182689 ^ fanout66/A (sky130_fd_sc_hd__buf_4)
    10    0.052116    0.149709    0.222329    4.405018 ^ fanout66/X (sky130_fd_sc_hd__buf_4)
                                                         net66 (net)
                      0.149725    0.001319    4.406338 ^ fanout65/A (sky130_fd_sc_hd__buf_4)
    10    0.042347    0.123506    0.205416    4.611753 ^ fanout65/X (sky130_fd_sc_hd__buf_4)
                                                         net65 (net)
                      0.123736    0.003773    4.615526 ^ _458_/A (sky130_fd_sc_hd__inv_2)
     4    0.014331    0.050380    0.071515    4.687041 v _458_/Y (sky130_fd_sc_hd__inv_2)
                                                         _188_ (net)
                      0.050410    0.000494    4.687535 v fanout35/A (sky130_fd_sc_hd__clkbuf_4)
    10    0.043060    0.095724    0.197625    4.885160 v fanout35/X (sky130_fd_sc_hd__clkbuf_4)
                                                         net35 (net)
                      0.095753    0.001593    4.886753 v _536_/A (sky130_fd_sc_hd__nor2_1)
     4    0.017731    0.322980    0.297634    5.184387 ^ _536_/Y (sky130_fd_sc_hd__nor2_1)
                                                         _007_ (net)
                      0.322990    0.001497    5.185884 ^ _780_/C (sky130_fd_sc_hd__and3_1)
     2    0.011208    0.124142    0.262506    5.448390 ^ _780_/X (sky130_fd_sc_hd__and3_1)
                                                         _254_ (net)
                      0.124144    0.000747    5.449137 ^ _781_/B1 (sky130_fd_sc_hd__a21oi_2)
     2    0.013667    0.070604    0.070897    5.520034 v _781_/Y (sky130_fd_sc_hd__a21oi_2)
                                                         _255_ (net)
                      0.070605    0.000424    5.520458 v _805_/A3 (sky130_fd_sc_hd__a31oi_2)
     2    0.008771    0.182940    0.227850    5.748308 ^ _805_/Y (sky130_fd_sc_hd__a31oi_2)
                                                         _280_ (net)
                      0.182940    0.000618    5.748926 ^ _813_/A (sky130_fd_sc_hd__xnor2_1)
     2    0.006264    0.182043    0.164138    5.913064 ^ _813_/Y (sky130_fd_sc_hd__xnor2_1)
                                                         _289_ (net)
                      0.182043    0.000402    5.913466 ^ _814_/B (sky130_fd_sc_hd__or2_1)
     1    0.002502    0.039024    0.123049    6.036515 ^ _814_/X (sky130_fd_sc_hd__or2_1)
                                                         _290_ (net)
                      0.039024    0.000116    6.036632 ^ _816_/A (sky130_fd_sc_hd__nand2_1)
     2    0.007583    0.063683    0.066746    6.103377 v _816_/Y (sky130_fd_sc_hd__nand2_1)
                                                         _292_ (net)
                      0.063686    0.000487    6.103865 v _817_/C (sky130_fd_sc_hd__and3_1)
     1    0.004065    0.042310    0.188745    6.292610 v _817_/X (sky130_fd_sc_hd__and3_1)
                                                         _293_ (net)
                      0.042310    0.000258    6.292868 v _819_/A (sky130_fd_sc_hd__nor2_1)
     2    0.008177    0.163831    0.161516    6.454383 ^ _819_/Y (sky130_fd_sc_hd__nor2_1)
                                                         _296_ (net)
                      0.163832    0.000318    6.454701 ^ _820_/B (sky130_fd_sc_hd__xnor2_1)
     2    0.005729    0.171657    0.157565    6.612266 ^ _820_/Y (sky130_fd_sc_hd__xnor2_1)
                                                         _297_ (net)
                      0.171657    0.000353    6.612619 ^ _821_/B (sky130_fd_sc_hd__or2_1)
     3    0.016116    0.157512    0.208432    6.821052 ^ _821_/X (sky130_fd_sc_hd__or2_1)
                                                         _298_ (net)
                      0.157512    0.000525    6.821577 ^ _824_/A (sky130_fd_sc_hd__nand2_1)
     3    0.008548    0.082472    0.109037    6.930613 v _824_/Y (sky130_fd_sc_hd__nand2_1)
                                                         _301_ (net)
                      0.082472    0.000310    6.930923 v _827_/A2 (sky130_fd_sc_hd__o21a_1)
     1    0.002608    0.033908    0.175637    7.106560 v _827_/X (sky130_fd_sc_hd__o21a_1)
                                                         _304_ (net)
                      0.033908    0.000185    7.106745 v _840_/B2 (sky130_fd_sc_hd__a221o_1)
     1    0.006770    0.072636    0.335121    7.441866 v _840_/X (sky130_fd_sc_hd__a221o_1)
                                                         _319_ (net)
                      0.072636    0.000361    7.442227 v _842_/B (sky130_fd_sc_hd__or3_1)
     1    0.005990    0.082673    0.373112    7.815340 v _842_/X (sky130_fd_sc_hd__or3_1)
                                                         net26 (net)
                      0.082674    0.000467    7.815807 v output26/A (sky130_fd_sc_hd__buf_2)
     1    0.034444    0.090276    0.196582    8.012389 v output26/X (sky130_fd_sc_hd__buf_2)
                                                         op_out[5] (net)
                      0.090312    0.001659    8.014049 v op_out[5] (out)
                                              8.014049   data arrival time

                      0.000000   20.000000   20.000000   clock __VIRTUAL_CLK__ (rise edge)
                                  0.000000   20.000000   clock network delay (ideal)
                                 -0.250000   19.750002   clock uncertainty
                                  0.000000   19.750002   clock reconvergence pessimism
                                 -4.000000   15.750001   output external delay
                                             15.750001   data required time
---------------------------------------------------------------------------------------------
                                             15.750001   data required time
                                             -8.014049   data arrival time
---------------------------------------------------------------------------------------------
                                              7.735952   slack (MET)


Startpoint: op_b[0] (input port clocked by __VIRTUAL_CLK__)
Endpoint: op_out[7] (output port clocked by __VIRTUAL_CLK__)
Path Group: __VIRTUAL_CLK__
Path Type: max

Fanout         Cap        Slew       Delay        Time   Description
---------------------------------------------------------------------------------------------
                      0.000000    0.000000    0.000000   clock __VIRTUAL_CLK__ (rise edge)
                                  0.000000    0.000000   clock network delay (ideal)
                                  4.000000    4.000000 ^ input external delay
     1    0.003021    0.020684    0.011139    4.011138 ^ op_b[0] (in)
                                                         op_b[0] (net)
                      0.020692    0.000000    4.011138 ^ input13/A (sky130_fd_sc_hd__clkbuf_2)
     4    0.026599    0.148933    0.169693    4.180832 ^ input13/X (sky130_fd_sc_hd__clkbuf_2)
                                                         net13 (net)
                      0.148968    0.001858    4.182689 ^ fanout66/A (sky130_fd_sc_hd__buf_4)
    10    0.052116    0.149709    0.222329    4.405018 ^ fanout66/X (sky130_fd_sc_hd__buf_4)
                                                         net66 (net)
                      0.149725    0.001319    4.406338 ^ fanout65/A (sky130_fd_sc_hd__buf_4)
    10    0.042347    0.123506    0.205416    4.611753 ^ fanout65/X (sky130_fd_sc_hd__buf_4)
                                                         net65 (net)
                      0.123736    0.003773    4.615526 ^ _458_/A (sky130_fd_sc_hd__inv_2)
     4    0.014331    0.050380    0.071515    4.687041 v _458_/Y (sky130_fd_sc_hd__inv_2)
                                                         _188_ (net)
                      0.050410    0.000494    4.687535 v fanout35/A (sky130_fd_sc_hd__clkbuf_4)
    10    0.043060    0.095724    0.197625    4.885160 v fanout35/X (sky130_fd_sc_hd__clkbuf_4)
                                                         net35 (net)
                      0.095753    0.001593    4.886753 v _536_/A (sky130_fd_sc_hd__nor2_1)
     4    0.017731    0.322980    0.297634    5.184387 ^ _536_/Y (sky130_fd_sc_hd__nor2_1)
                                                         _007_ (net)
                      0.322990    0.001497    5.185884 ^ _780_/C (sky130_fd_sc_hd__and3_1)
     2    0.011208    0.124142    0.262506    5.448390 ^ _780_/X (sky130_fd_sc_hd__and3_1)
                                                         _254_ (net)
                      0.124144    0.000747    5.449137 ^ _781_/B1 (sky130_fd_sc_hd__a21oi_2)
     2    0.013667    0.070604    0.070897    5.520034 v _781_/Y (sky130_fd_sc_hd__a21oi_2)
                                                         _255_ (net)
                      0.070605    0.000424    5.520458 v _805_/A3 (sky130_fd_sc_hd__a31oi_2)
     2    0.008771    0.182940    0.227850    5.748308 ^ _805_/Y (sky130_fd_sc_hd__a31oi_2)
                                                         _280_ (net)
                      0.182940    0.000618    5.748926 ^ _813_/A (sky130_fd_sc_hd__xnor2_1)
     2    0.006264    0.182043    0.164138    5.913064 ^ _813_/Y (sky130_fd_sc_hd__xnor2_1)
                                                         _289_ (net)
                      0.182043    0.000402    5.913466 ^ _814_/B (sky130_fd_sc_hd__or2_1)
     1    0.002502    0.039024    0.123049    6.036515 ^ _814_/X (sky130_fd_sc_hd__or2_1)
                                                         _290_ (net)
                      0.039024    0.000116    6.036632 ^ _816_/A (sky130_fd_sc_hd__nand2_1)
     2    0.007583    0.063683    0.066746    6.103377 v _816_/Y (sky130_fd_sc_hd__nand2_1)
                                                         _292_ (net)
                      0.063686    0.000487    6.103865 v _817_/C (sky130_fd_sc_hd__and3_1)
     1    0.004065    0.042310    0.188745    6.292610 v _817_/X (sky130_fd_sc_hd__and3_1)
                                                         _293_ (net)
                      0.042310    0.000258    6.292868 v _819_/A (sky130_fd_sc_hd__nor2_1)
     2    0.008177    0.163831    0.161516    6.454383 ^ _819_/Y (sky130_fd_sc_hd__nor2_1)
                                                         _296_ (net)
                      0.163832    0.000318    6.454701 ^ _820_/B (sky130_fd_sc_hd__xnor2_1)
     2    0.005729    0.171657    0.157565    6.612266 ^ _820_/Y (sky130_fd_sc_hd__xnor2_1)
                                                         _297_ (net)
                      0.171657    0.000353    6.612619 ^ _821_/B (sky130_fd_sc_hd__or2_1)
     3    0.016116    0.157512    0.208432    6.821052 ^ _821_/X (sky130_fd_sc_hd__or2_1)
                                                         _298_ (net)
                      0.157512    0.000525    6.821577 ^ _824_/A (sky130_fd_sc_hd__nand2_1)
     3    0.008548    0.082472    0.109037    6.930613 v _824_/Y (sky130_fd_sc_hd__nand2_1)
                                                         _301_ (net)
                      0.082472    0.000257    6.930870 v _826_/B (sky130_fd_sc_hd__nor2_1)
     3    0.010800    0.207558    0.193685    7.124555 ^ _826_/Y (sky130_fd_sc_hd__nor2_1)
                                                         _303_ (net)
                      0.207562    0.000798    7.125352 ^ _892_/A2 (sky130_fd_sc_hd__o21ai_1)
     2    0.005534    0.091370    0.103920    7.229273 v _892_/Y (sky130_fd_sc_hd__o21ai_1)
                                                         _374_ (net)
                      0.091370    0.000361    7.229634 v _917_/A (sky130_fd_sc_hd__or2_1)
     1    0.003588    0.052370    0.242961    7.472595 v _917_/X (sky130_fd_sc_hd__or2_1)
                                                         _401_ (net)
                      0.052370    0.000270    7.472865 v _923_/A2 (sky130_fd_sc_hd__a311o_1)
     1    0.003063    0.054581    0.307399    7.780265 v _923_/X (sky130_fd_sc_hd__a311o_1)
                                                         net28 (net)
                      0.054756    0.000198    7.780463 v output28/A (sky130_fd_sc_hd__buf_2)
     1    0.033975    0.089214    0.183058    7.963521 v output28/X (sky130_fd_sc_hd__buf_2)
                                                         op_out[7] (net)
                      0.089247    0.001588    7.965109 v op_out[7] (out)
                                              7.965109   data arrival time

                      0.000000   20.000000   20.000000   clock __VIRTUAL_CLK__ (rise edge)
                                  0.000000   20.000000   clock network delay (ideal)
                                 -0.250000   19.750002   clock uncertainty
                                  0.000000   19.750002   clock reconvergence pessimism
                                 -4.000000   15.750001   output external delay
                                             15.750001   data required time
---------------------------------------------------------------------------------------------
                                             15.750001   data required time
                                             -7.965109   data arrival time
---------------------------------------------------------------------------------------------
                                              7.784892   slack (MET)


Startpoint: op_b[0] (input port clocked by __VIRTUAL_CLK__)
Endpoint: op_out[4] (output port clocked by __VIRTUAL_CLK__)
Path Group: __VIRTUAL_CLK__
Path Type: max

Fanout         Cap        Slew       Delay        Time   Description
---------------------------------------------------------------------------------------------
                      0.000000    0.000000    0.000000   clock __VIRTUAL_CLK__ (rise edge)
                                  0.000000    0.000000   clock network delay (ideal)
                                  4.000000    4.000000 ^ input external delay
     1    0.003021    0.020684    0.011139    4.011138 ^ op_b[0] (in)
                                                         op_b[0] (net)
                      0.020692    0.000000    4.011138 ^ input13/A (sky130_fd_sc_hd__clkbuf_2)
     4    0.026599    0.148933    0.169693    4.180832 ^ input13/X (sky130_fd_sc_hd__clkbuf_2)
                                                         net13 (net)
                      0.148968    0.001858    4.182689 ^ fanout66/A (sky130_fd_sc_hd__buf_4)
    10    0.052116    0.149709    0.222329    4.405018 ^ fanout66/X (sky130_fd_sc_hd__buf_4)
                                                         net66 (net)
                      0.149725    0.001319    4.406338 ^ fanout65/A (sky130_fd_sc_hd__buf_4)
    10    0.042347    0.123506    0.205416    4.611753 ^ fanout65/X (sky130_fd_sc_hd__buf_4)
                                                         net65 (net)
                      0.123736    0.003773    4.615526 ^ _458_/A (sky130_fd_sc_hd__inv_2)
     4    0.014331    0.050380    0.071515    4.687041 v _458_/Y (sky130_fd_sc_hd__inv_2)
                                                         _188_ (net)
                      0.050410    0.000494    4.687535 v fanout35/A (sky130_fd_sc_hd__clkbuf_4)
    10    0.043060    0.095724    0.197625    4.885160 v fanout35/X (sky130_fd_sc_hd__clkbuf_4)
                                                         net35 (net)
                      0.095783    0.002165    4.887325 v _472_/A1 (sky130_fd_sc_hd__o41ai_4)
     5    0.017349    0.378072    0.472160    5.359486 ^ _472_/Y (sky130_fd_sc_hd__o41ai_4)
                                                         _338_ (net)
                      0.378073    0.001033    5.360518 ^ _481_/A2 (sky130_fd_sc_hd__a211o_1)
     4    0.015120    0.139905    0.258626    5.619144 ^ _481_/X (sky130_fd_sc_hd__a211o_1)
                                                         _410_ (net)
                      0.139907    0.000806    5.619950 ^ _484_/A1 (sky130_fd_sc_hd__a21o_1)
     4    0.014440    0.131731    0.196944    5.816895 ^ _484_/X (sky130_fd_sc_hd__a21o_1)
                                                         _413_ (net)
                      0.131732    0.000628    5.817523 ^ _493_/A1 (sky130_fd_sc_hd__a211oi_2)
     3    0.009627    0.075700    0.102957    5.920480 v _493_/Y (sky130_fd_sc_hd__a211oi_2)
                                                         _422_ (net)
                      0.075701    0.000554    5.921034 v _503_/D (sky130_fd_sc_hd__or4_4)
     3    0.008294    0.091125    0.432912    6.353947 v _503_/X (sky130_fd_sc_hd__or4_4)
                                                         _432_ (net)
                      0.091125    0.000469    6.354415 v _507_/A3 (sky130_fd_sc_hd__a31o_1)
     2    0.009328    0.064943    0.261835    6.616250 v _507_/X (sky130_fd_sc_hd__a31o_1)
                                                         _436_ (net)
                      0.064946    0.000542    6.616792 v _509_/A2 (sky130_fd_sc_hd__a211o_4)
     3    0.017517    0.070543    0.365586    6.982378 v _509_/X (sky130_fd_sc_hd__a211o_4)
                                                         _438_ (net)
                      0.070543    0.001206    6.983584 v _515_/A2 (sky130_fd_sc_hd__a21oi_4)
     5    0.020416    0.185901    0.217357    7.200941 ^ _515_/Y (sky130_fd_sc_hd__a21oi_4)
                                                         _444_ (net)
                      0.185906    0.001204    7.202145 ^ rebuffer13/A (sky130_fd_sc_hd__dlygate4sd1_1)
     1    0.009827    0.102975    0.268507    7.470652 ^ rebuffer13/X (sky130_fd_sc_hd__dlygate4sd1_1)
                                                         net82 (net)
                      0.102980    0.000819    7.471471 ^ _797_/A2 (sky130_fd_sc_hd__a211oi_1)
     1    0.004507    0.081386    0.090471    7.561942 v _797_/Y (sky130_fd_sc_hd__a211oi_1)
                                                         _272_ (net)
                      0.081387    0.000304    7.562245 v _798_/B1 (sky130_fd_sc_hd__o31ai_1)
     1    0.005303    0.255706    0.093677    7.655922 ^ _798_/Y (sky130_fd_sc_hd__o31ai_1)
                                                         net25 (net)
                      0.255706    0.000400    7.656322 ^ output25/A (sky130_fd_sc_hd__buf_2)
     1    0.034451    0.171793    0.262582    7.918904 ^ output25/X (sky130_fd_sc_hd__buf_2)
                                                         op_out[4] (net)
                      0.171807    0.001661    7.920565 ^ op_out[4] (out)
                                              7.920565   data arrival time

                      0.000000   20.000000   20.000000   clock __VIRTUAL_CLK__ (rise edge)
                                  0.000000   20.000000   clock network delay (ideal)
                                 -0.250000   19.750002   clock uncertainty
                                  0.000000   19.750002   clock reconvergence pessimism
                                 -4.000000   15.750001   output external delay
                                             15.750001   data required time
---------------------------------------------------------------------------------------------
                                             15.750001   data required time
                                             -7.920565   data arrival time
---------------------------------------------------------------------------------------------
                                              7.829436   slack (MET)


Startpoint: op_b[0] (input port clocked by __VIRTUAL_CLK__)
Endpoint: op_out[6] (output port clocked by __VIRTUAL_CLK__)
Path Group: __VIRTUAL_CLK__
Path Type: max

Fanout         Cap        Slew       Delay        Time   Description
---------------------------------------------------------------------------------------------
                      0.000000    0.000000    0.000000   clock __VIRTUAL_CLK__ (rise edge)
                                  0.000000    0.000000   clock network delay (ideal)
                                  4.000000    4.000000 ^ input external delay
     1    0.003021    0.020684    0.011139    4.011138 ^ op_b[0] (in)
                                                         op_b[0] (net)
                      0.020692    0.000000    4.011138 ^ input13/A (sky130_fd_sc_hd__clkbuf_2)
     4    0.026599    0.148933    0.169693    4.180832 ^ input13/X (sky130_fd_sc_hd__clkbuf_2)
                                                         net13 (net)
                      0.148968    0.001858    4.182689 ^ fanout66/A (sky130_fd_sc_hd__buf_4)
    10    0.052116    0.149709    0.222329    4.405018 ^ fanout66/X (sky130_fd_sc_hd__buf_4)
                                                         net66 (net)
                      0.149725    0.001319    4.406338 ^ fanout65/A (sky130_fd_sc_hd__buf_4)
    10    0.042347    0.123506    0.205416    4.611753 ^ fanout65/X (sky130_fd_sc_hd__buf_4)
                                                         net65 (net)
                      0.123736    0.003773    4.615526 ^ _458_/A (sky130_fd_sc_hd__inv_2)
     4    0.014331    0.050380    0.071515    4.687041 v _458_/Y (sky130_fd_sc_hd__inv_2)
                                                         _188_ (net)
                      0.050410    0.000494    4.687535 v fanout35/A (sky130_fd_sc_hd__clkbuf_4)
    10    0.043060    0.095724    0.197625    4.885160 v fanout35/X (sky130_fd_sc_hd__clkbuf_4)
                                                         net35 (net)
                      0.095753    0.001593    4.886753 v _536_/A (sky130_fd_sc_hd__nor2_1)
     4    0.017731    0.322980    0.297634    5.184387 ^ _536_/Y (sky130_fd_sc_hd__nor2_1)
                                                         _007_ (net)
                      0.322990    0.001497    5.185884 ^ _780_/C (sky130_fd_sc_hd__and3_1)
     2    0.011208    0.124142    0.262506    5.448390 ^ _780_/X (sky130_fd_sc_hd__and3_1)
                                                         _254_ (net)
                      0.124144    0.000747    5.449137 ^ _781_/B1 (sky130_fd_sc_hd__a21oi_2)
     2    0.013667    0.070604    0.070897    5.520034 v _781_/Y (sky130_fd_sc_hd__a21oi_2)
                                                         _255_ (net)
                      0.070605    0.000424    5.520458 v _805_/A3 (sky130_fd_sc_hd__a31oi_2)
     2    0.008771    0.182940    0.227850    5.748308 ^ _805_/Y (sky130_fd_sc_hd__a31oi_2)
                                                         _280_ (net)
                      0.182940    0.000618    5.748926 ^ _813_/A (sky130_fd_sc_hd__xnor2_1)
     2    0.006264    0.182043    0.164138    5.913064 ^ _813_/Y (sky130_fd_sc_hd__xnor2_1)
                                                         _289_ (net)
                      0.182043    0.000402    5.913466 ^ _814_/B (sky130_fd_sc_hd__or2_1)
     1    0.002502    0.039024    0.123049    6.036515 ^ _814_/X (sky130_fd_sc_hd__or2_1)
                                                         _290_ (net)
                      0.039024    0.000116    6.036632 ^ _816_/A (sky130_fd_sc_hd__nand2_1)
     2    0.007583    0.063683    0.066746    6.103377 v _816_/Y (sky130_fd_sc_hd__nand2_1)
                                                         _292_ (net)
                      0.063686    0.000487    6.103865 v _817_/C (sky130_fd_sc_hd__and3_1)
     1    0.004065    0.042310    0.188745    6.292610 v _817_/X (sky130_fd_sc_hd__and3_1)
                                                         _293_ (net)
                      0.042310    0.000258    6.292868 v _819_/A (sky130_fd_sc_hd__nor2_1)
     2    0.008177    0.163831    0.161516    6.454383 ^ _819_/Y (sky130_fd_sc_hd__nor2_1)
                                                         _296_ (net)
                      0.163832    0.000318    6.454701 ^ _820_/B (sky130_fd_sc_hd__xnor2_1)
     2    0.005346    0.063381    0.100347    6.555048 v _820_/Y (sky130_fd_sc_hd__xnor2_1)
                                                         _297_ (net)
                      0.063382    0.000324    6.555372 v _821_/B (sky130_fd_sc_hd__or2_1)
     3    0.015291    0.102473    0.272349    6.827721 v _821_/X (sky130_fd_sc_hd__or2_1)
                                                         _298_ (net)
                      0.102473    0.000499    6.828220 v _824_/A (sky130_fd_sc_hd__nand2_1)
     3    0.009351    0.098134    0.120265    6.948484 ^ _824_/Y (sky130_fd_sc_hd__nand2_1)
                                                         _301_ (net)
                      0.098136    0.000283    6.948768 ^ _826_/B (sky130_fd_sc_hd__nor2_1)
     3    0.010219    0.064857    0.078833    7.027600 v _826_/Y (sky130_fd_sc_hd__nor2_1)
                                                         _303_ (net)
                      0.064861    0.000608    7.028209 v _878_/A (sky130_fd_sc_hd__or2_1)
     1    0.003145    0.049846    0.229941    7.258150 v _878_/X (sky130_fd_sc_hd__or2_1)
                                                         _359_ (net)
                      0.049846    0.000212    7.258362 v _885_/A2 (sky130_fd_sc_hd__a31o_1)
     1    0.002794    0.036698    0.199939    7.458301 v _885_/X (sky130_fd_sc_hd__a31o_1)
                                                         net27 (net)
                      0.036698    0.000174    7.458475 v output27/A (sky130_fd_sc_hd__buf_2)
     1    0.034401    0.090300    0.175922    7.634398 v output27/X (sky130_fd_sc_hd__buf_2)
                                                         op_out[6] (net)
                      0.090339    0.001724    7.636121 v op_out[6] (out)
                                              7.636121   data arrival time

                      0.000000   20.000000   20.000000   clock __VIRTUAL_CLK__ (rise edge)
                                  0.000000   20.000000   clock network delay (ideal)
                                 -0.250000   19.750002   clock uncertainty
                                  0.000000   19.750002   clock reconvergence pessimism
                                 -4.000000   15.750001   output external delay
                                             15.750001   data required time
---------------------------------------------------------------------------------------------
                                             15.750001   data required time
                                             -7.636121   data arrival time
---------------------------------------------------------------------------------------------
                                              8.113879   slack (MET)



%OL_END_REPORT
%OL_CREATE_REPORT checks.rpt

===========================================================================
report_checks -unconstrained
===========================================================================
======================= max_tt_025C_1v80 Corner ===================================

Startpoint: op_b[0] (input port clocked by __VIRTUAL_CLK__)
Endpoint: op_out[0] (output port clocked by __VIRTUAL_CLK__)
Path Group: __VIRTUAL_CLK__
Path Type: max

Fanout         Cap        Slew       Delay        Time   Description
---------------------------------------------------------------------------------------------
                      0.000000    0.000000    0.000000   clock __VIRTUAL_CLK__ (rise edge)
                                  0.000000    0.000000   clock network delay (ideal)
                                  4.000000    4.000000 ^ input external delay
     1    0.003021    0.020684    0.011139    4.011138 ^ op_b[0] (in)
                                                         op_b[0] (net)
                      0.020692    0.000000    4.011138 ^ input13/A (sky130_fd_sc_hd__clkbuf_2)
     4    0.026599    0.148933    0.169693    4.180832 ^ input13/X (sky130_fd_sc_hd__clkbuf_2)
                                                         net13 (net)
                      0.148968    0.001858    4.182689 ^ fanout66/A (sky130_fd_sc_hd__buf_4)
    10    0.052116    0.149709    0.222329    4.405018 ^ fanout66/X (sky130_fd_sc_hd__buf_4)
                                                         net66 (net)
                      0.149725    0.001319    4.406338 ^ fanout65/A (sky130_fd_sc_hd__buf_4)
    10    0.042347    0.123506    0.205416    4.611753 ^ fanout65/X (sky130_fd_sc_hd__buf_4)
                                                         net65 (net)
                      0.123736    0.003773    4.615526 ^ _458_/A (sky130_fd_sc_hd__inv_2)
     4    0.014331    0.050380    0.071515    4.687041 v _458_/Y (sky130_fd_sc_hd__inv_2)
                                                         _188_ (net)
                      0.050410    0.000494    4.687535 v fanout35/A (sky130_fd_sc_hd__clkbuf_4)
    10    0.043060    0.095724    0.197625    4.885160 v fanout35/X (sky130_fd_sc_hd__clkbuf_4)
                                                         net35 (net)
                      0.095783    0.002165    4.887325 v _472_/A1 (sky130_fd_sc_hd__o41ai_4)
     5    0.017349    0.378072    0.472160    5.359486 ^ _472_/Y (sky130_fd_sc_hd__o41ai_4)
                                                         _338_ (net)
                      0.378073    0.001033    5.360518 ^ _481_/A2 (sky130_fd_sc_hd__a211o_1)
     4    0.015120    0.139905    0.258626    5.619144 ^ _481_/X (sky130_fd_sc_hd__a211o_1)
                                                         _410_ (net)
                      0.139907    0.000806    5.619950 ^ _484_/A1 (sky130_fd_sc_hd__a21o_1)
     4    0.014440    0.131731    0.196944    5.816895 ^ _484_/X (sky130_fd_sc_hd__a21o_1)
                                                         _413_ (net)
                      0.131732    0.000628    5.817523 ^ _493_/A1 (sky130_fd_sc_hd__a211oi_2)
     3    0.009627    0.075700    0.102957    5.920480 v _493_/Y (sky130_fd_sc_hd__a211oi_2)
                                                         _422_ (net)
                      0.075701    0.000554    5.921034 v _503_/D (sky130_fd_sc_hd__or4_4)
     3    0.008294    0.091125    0.432912    6.353947 v _503_/X (sky130_fd_sc_hd__or4_4)
                                                         _432_ (net)
                      0.091125    0.000469    6.354415 v _507_/A3 (sky130_fd_sc_hd__a31o_1)
     2    0.009328    0.064943    0.261835    6.616250 v _507_/X (sky130_fd_sc_hd__a31o_1)
                                                         _436_ (net)
                      0.064946    0.000542    6.616792 v _509_/A2 (sky130_fd_sc_hd__a211o_4)
     3    0.017517    0.070543    0.365586    6.982378 v _509_/X (sky130_fd_sc_hd__a211o_4)
                                                         _438_ (net)
                      0.070543    0.001206    6.983584 v _515_/A2 (sky130_fd_sc_hd__a21oi_4)
     5    0.020416    0.185901    0.217357    7.200941 ^ _515_/Y (sky130_fd_sc_hd__a21oi_4)
                                                         _444_ (net)
                      0.185914    0.001626    7.202567 ^ rebuffer5/A (sky130_fd_sc_hd__buf_6)
     3    0.013830    0.041638    0.135309    7.337876 ^ rebuffer5/X (sky130_fd_sc_hd__buf_6)
                                                         net74 (net)
                      0.041665    0.000940    7.338817 ^ _524_/S (sky130_fd_sc_hd__mux2_4)
     2    0.007756    0.056315    0.298980    7.637796 v _524_/X (sky130_fd_sc_hd__mux2_4)
                                                         _453_ (net)
                      0.056315    0.000456    7.638252 v _539_/A1 (sky130_fd_sc_hd__a221o_1)
     3    0.009742    0.085770    0.355365    7.993617 v _539_/X (sky130_fd_sc_hd__a221o_1)
                                                         _010_ (net)
                      0.085770    0.000300    7.993917 v _544_/A2 (sky130_fd_sc_hd__a311o_1)
     3    0.009366    0.084585    0.360756    8.354672 v _544_/X (sky130_fd_sc_hd__a311o_1)
                                                         _015_ (net)
                      0.084643    0.000722    8.355394 v _579_/A2 (sky130_fd_sc_hd__a21o_1)
     3    0.008836    0.058660    0.215533    8.570929 v _579_/X (sky130_fd_sc_hd__a21o_1)
                                                         _050_ (net)
                      0.058664    0.000546    8.571474 v _583_/C (sky130_fd_sc_hd__and3_1)
     2    0.005467    0.048204    0.193237    8.764711 v _583_/X (sky130_fd_sc_hd__and3_1)
                                                         _054_ (net)
                      0.048206    0.000318    8.765029 v _585_/A (sky130_fd_sc_hd__or4_4)
     1    0.003995    0.081990    0.523269    9.288299 v _585_/X (sky130_fd_sc_hd__or4_4)
                                                         _056_ (net)
                      0.081990    0.000273    9.288571 v _586_/B (sky130_fd_sc_hd__or4b_4)
     1    0.009247    0.092993    0.537451    9.826022 v _586_/X (sky130_fd_sc_hd__or4b_4)
                                                         _057_ (net)
                      0.092993    0.000703    9.826725 v _590_/A2 (sky130_fd_sc_hd__a311oi_4)
     4    0.020330    0.355213    0.382404   10.209129 ^ _590_/Y (sky130_fd_sc_hd__a311oi_4)
                                                         _061_ (net)
                      0.355215    0.001500   10.210629 ^ max_cap30/A (sky130_fd_sc_hd__buf_6)
     5    0.034398    0.080210    0.192760   10.403389 ^ max_cap30/X (sky130_fd_sc_hd__buf_6)
                                                         net30 (net)
                      0.080225    0.001156   10.404544 ^ _619_/S (sky130_fd_sc_hd__mux2_4)
     5    0.022540    0.076691    0.341322   10.745866 v _619_/X (sky130_fd_sc_hd__mux2_4)
                                                         _090_ (net)
                      0.076845    0.001553   10.747419 v _623_/B2 (sky130_fd_sc_hd__o22a_1)
     2    0.006161    0.060568    0.185461   10.932880 v _623_/X (sky130_fd_sc_hd__o22a_1)
                                                         _094_ (net)
                      0.060569    0.000343   10.933224 v _624_/A (sky130_fd_sc_hd__or4bb_4)
     4    0.019895    0.113789    0.585111   11.518334 v _624_/X (sky130_fd_sc_hd__or4bb_4)
                                                         _095_ (net)
                      0.113789    0.001128   11.519463 v _628_/A2 (sky130_fd_sc_hd__a21oi_4)
     4    0.022838    0.200936    0.246027   11.765490 ^ _628_/Y (sky130_fd_sc_hd__a21oi_4)
                                                         _099_ (net)
                      0.200940    0.001237   11.766726 ^ fanout29/A (sky130_fd_sc_hd__buf_6)
     5    0.030281    0.070832    0.161732   11.928458 ^ fanout29/X (sky130_fd_sc_hd__buf_6)
                                                         net29 (net)
                      0.071051    0.002786   11.931245 ^ _665_/S (sky130_fd_sc_hd__mux2_4)
     3    0.008710    0.057704    0.310354   12.241599 v _665_/X (sky130_fd_sc_hd__mux2_4)
                                                         _136_ (net)
                      0.057704    0.000263   12.241862 v _669_/A2 (sky130_fd_sc_hd__a21o_1)
     1    0.003580    0.036707    0.180493   12.422355 v _669_/X (sky130_fd_sc_hd__a21o_1)
                                                         _140_ (net)
                      0.036707    0.000227   12.422583 v _671_/A1 (sky130_fd_sc_hd__o211a_1)
     1    0.002838    0.038581    0.212417   12.634999 v _671_/X (sky130_fd_sc_hd__o211a_1)
                                                         _142_ (net)
                      0.038581    0.000193   12.635192 v _672_/B2 (sky130_fd_sc_hd__o221a_1)
     1    0.003598    0.049901    0.203803   12.838995 v _672_/X (sky130_fd_sc_hd__o221a_1)
                                                         _143_ (net)
                      0.049901    0.000247   12.839242 v _675_/A1 (sky130_fd_sc_hd__o21a_1)
     1    0.002454    0.033134    0.178065   13.017306 v _675_/X (sky130_fd_sc_hd__o21a_1)
                                                         _146_ (net)
                      0.033134    0.000111   13.017418 v _679_/A2 (sky130_fd_sc_hd__o21a_1)
     1    0.008343    0.060544    0.186209   13.203627 v _679_/X (sky130_fd_sc_hd__o21a_1)
                                                         _150_ (net)
                      0.060552    0.000711   13.204338 v _700_/C (sky130_fd_sc_hd__or3_4)
     1    0.009637    0.074262    0.342824   13.547162 v _700_/X (sky130_fd_sc_hd__or3_4)
                                                         net21 (net)
                      0.074262    0.000816   13.547978 v output21/A (sky130_fd_sc_hd__buf_8)
     1    0.034730    0.040581    0.146319   13.694297 v output21/X (sky130_fd_sc_hd__buf_8)
                                                         op_out[0] (net)
                      0.040684    0.001771   13.696068 v op_out[0] (out)
                                             13.696068   data arrival time

                      0.000000   20.000000   20.000000   clock __VIRTUAL_CLK__ (rise edge)
                                  0.000000   20.000000   clock network delay (ideal)
                                 -0.250000   19.750002   clock uncertainty
                                  0.000000   19.750002   clock reconvergence pessimism
                                 -4.000000   15.750001   output external delay
                                             15.750001   data required time
---------------------------------------------------------------------------------------------
                                             15.750001   data required time
                                            -13.696068   data arrival time
---------------------------------------------------------------------------------------------
                                              2.053933   slack (MET)




===========================================================================
report_checks --slack_max -0.01
============================================================================
======================= max_tt_025C_1v80 Corner ===================================

No paths found.


===========================================================================
 report_check_types -max_slew -max_cap -max_fanout -violators
============================================================================
======================= max_tt_025C_1v80 Corner ===================================



===========================================================================
report_parasitic_annotation -report_unannotated
============================================================================
Found 0 unannotated drivers.
Found 0 partially unannotated drivers.

===========================================================================
max slew violation count 0
%OL_METRIC_I design__max_slew_violation__count__corner:max_tt_025C_1v80 0
max fanout violation count 0
%OL_METRIC_I design__max_fanout_violation__count__corner:max_tt_025C_1v80 0
max cap violation count 0
%OL_METRIC_I design__max_cap_violation__count__corner:max_tt_025C_1v80 0
============================================================================

===========================================================================
check_setup -verbose -unconstrained_endpoints -multiple_clock -no_clock -no_input_delay -loops -generated_clocks
===========================================================================
%OL_END_REPORT
%OL_CREATE_REPORT power.rpt

===========================================================================
 report_power
============================================================================
======================= max_tt_025C_1v80 Corner ===================================

Group                    Internal    Switching      Leakage        Total
                            Power        Power        Power        Power (Watts)
------------------------------------------------------------------------
Sequential           0.000000e+00 0.000000e+00 0.000000e+00 0.000000e+00   0.0%
Combinational        6.661769e-05 8.138589e-05 1.980377e-09 1.480056e-04 100.0%
Clock                0.000000e+00 0.000000e+00 1.373785e-09 1.373785e-09   0.0%
Macro                0.000000e+00 0.000000e+00 0.000000e+00 0.000000e+00   0.0%
Pad                  0.000000e+00 0.000000e+00 0.000000e+00 0.000000e+00   0.0%
------------------------------------------------------------------------
Total                6.661769e-05 8.138589e-05 3.354161e-09 1.480069e-04 100.0%
                            45.0%        55.0%         0.0%
%OL_METRIC_F power__internal__total 6.661768566118553e-5
%OL_METRIC_F power__switching__total 8.13858860055916e-5
%OL_METRIC_F power__leakage__total 3.354161393076538e-9
%OL_METRIC_F power__total 0.00014800691860727966

%OL_END_REPORT
%OL_CREATE_REPORT skew.min.rpt

===========================================================================
Clock Skew (Hold)
============================================================================
%OL_METRIC_F clock__skew__worst_hold__corner:max_tt_025C_1v80 0.0
======================= max_tt_025C_1v80 Corner ===================================

Clock __VIRTUAL_CLK__
No launch/capture paths found.

%OL_END_REPORT
%OL_CREATE_REPORT skew.max.rpt

===========================================================================
Clock Skew (Setup)
============================================================================
%OL_METRIC_F clock__skew__worst_setup__corner:max_tt_025C_1v80 0.0
======================= max_tt_025C_1v80 Corner ===================================

Clock __VIRTUAL_CLK__
No launch/capture paths found.

%OL_END_REPORT
%OL_CREATE_REPORT ws.min.rpt

===========================================================================
Worst Slack (Hold)
============================================================================
%OL_METRIC_F timing__hold__ws__corner:max_tt_025C_1v80 8.435613335510851
max_tt_025C_1v80: 8.435613335510851
%OL_END_REPORT
%OL_CREATE_REPORT ws.max.rpt

===========================================================================
Worst Slack (Setup)
============================================================================
%OL_METRIC_F timing__setup__ws__corner:max_tt_025C_1v80 2.0539330817493875
max_tt_025C_1v80: 2.0539330817493875
%OL_END_REPORT
%OL_CREATE_REPORT tns.min.rpt

===========================================================================
Total Negative Slack (Hold)
============================================================================
%OL_METRIC_F timing__hold__tns__corner:max_tt_025C_1v80 0.0
max_tt_025C_1v80: 0.0
%OL_END_REPORT
%OL_CREATE_REPORT tns.max.rpt

===========================================================================
Total Negative Slack (Setup)
============================================================================
%OL_METRIC_F timing__setup__tns__corner:max_tt_025C_1v80 0.0
max_tt_025C_1v80: 0.0
%OL_END_REPORT
%OL_CREATE_REPORT wns.min.rpt

===========================================================================
Worst Negative Slack (Hold)
============================================================================
%OL_METRIC_F timing__hold__wns__corner:max_tt_025C_1v80 0
max_tt_025C_1v80: 0
%OL_END_REPORT
%OL_CREATE_REPORT wns.max.rpt

===========================================================================
Worst Negative Slack (Setup)
============================================================================
%OL_METRIC_F timing__setup__wns__corner:max_tt_025C_1v80 0.0
max_tt_025C_1v80: 0.0
%OL_END_REPORT
%OL_CREATE_REPORT violator_list.rpt

===========================================================================
Violator List
============================================================================
%OL_METRIC_I timing__hold_vio__count__corner:max_tt_025C_1v80 0
%OL_METRIC_F timing__hold_r2r__ws__corner:max_tt_025C_1v80 inf
%OL_METRIC_I timing__hold_r2r_vio__count__corner:max_tt_025C_1v80 0
%OL_METRIC_I timing__setup_vio__count__corner:max_tt_025C_1v80 0
%OL_METRIC_F timing__setup_r2r__ws__corner:max_tt_025C_1v80 inf
%OL_METRIC_I timing__setup_r2r_vio__count__corner:max_tt_025C_1v80 0
%OL_END_REPORT
%OL_CREATE_REPORT unpropagated.rpt
__VIRTUAL_CLK__
%OL_END_REPORT
%OL_CREATE_REPORT clock.rpt
Clock: __VIRTUAL_CLK__
Sources: 
Generated: no
Virtual: yes
Propagated: no
Period: 20.000000

===========================================================================
report_clock_properties
============================================================================
Clock                   Period          Waveform
----------------------------------------------------
__VIRTUAL_CLK__      20.000000    0.000000 10.000000

===========================================================================
report_clock_latency
============================================================================
Clock __VIRTUAL_CLK__


===========================================================================
report_clock_min_period
============================================================================
__VIRTUAL_CLK__ period_min = 0.00 fmax = inf
%OL_END_REPORT
Writing SDF files for all corners…
Removing Clock latencies before writing libs…
Writing timing models for all corners…
Writing timing models for the max_tt_025C_1v80 corner to /home/letienthanh/8bitalu/runs/RUN_2026-08-05_11-42-16/54-openroad-stapostpnr/max_tt_025C_1v80/alu8bit__max_tt_025C_1v80.lib…
