Reading timing models for corner nom_ss_100C_1v60…
Reading cell library for the 'nom_ss_100C_1v60' corner at '/home/letienthanh/.volare/volare/sky130/versions/0fe599b2afb6708d281543108caf8310912f54af/sky130A/libs.ref/sky130_fd_sc_hd/lib/sky130_fd_sc_hd__ss_100C_1v60.lib'…
Reading top-level netlist at '/home/letienthanh/8bitalu/runs/RUN_2026-08-05_11-53-42/51-openroad-fillinsertion/alu8bit.nl.v'…
Linking design 'alu8bit' from netlist…
Warning: /home/letienthanh/8bitalu/runs/RUN_2026-08-05_11-53-42/51-openroad-fillinsertion/alu8bit.nl.v line 2394, module sky130_fd_sc_hd__tapvpwrvgnd_1 not found. Creating black box for TAP_TAPCELL_ROW_0_88.
Warning: /home/letienthanh/8bitalu/runs/RUN_2026-08-05_11-53-42/51-openroad-fillinsertion/alu8bit.nl.v line 2741, module sky130_ef_sc_hd__decap_12 not found. Creating black box for FILLER_0_3.
Warning: /home/letienthanh/8bitalu/runs/RUN_2026-08-05_11-53-42/51-openroad-fillinsertion/alu8bit.nl.v line 2743, module sky130_fd_sc_hd__fill_1 not found. Creating black box for FILLER_0_27.
Warning: /home/letienthanh/8bitalu/runs/RUN_2026-08-05_11-53-42/51-openroad-fillinsertion/alu8bit.nl.v line 2796, module sky130_fd_sc_hd__fill_2 not found. Creating black box for FILLER_1_257.
Reading design constraints file at '/nix/store/ss2cw3sxbrwwx9jl0rrppbw4kgcmgi2n-python3-3.11.9-env/lib/python3.11/site-packages/openlane/scripts/base.sdc'…
Warning: base.sdc line 15, port '__VIRTUAL_CLK__' not found.
[INFO] Using clock __VIRTUAL_CLK__…
[INFO] Setting output delay to: 0
[INFO] Setting input delay to: 0
Warning: base.sdc line 32, port '__VIRTUAL_CLK__' not found.
[INFO] Setting load to: 0.033442
[INFO] Setting clock uncertainty to: 0.25
[INFO] Setting clock transition to: 0.1499999999999999944488848768742172978818416595458984375
Warning: base.sdc line 69, transition time can not be specified for virtual clocks.
[INFO] Setting timing derate to: 5%
Warning: base.sdc line 79, virtual clock __VIRTUAL_CLK__ can not be propagated.
Reading top-level design parasitics for the 'nom_ss_100C_1v60' corner at '/home/letienthanh/8bitalu/runs/RUN_2026-08-05_11-53-42/53-openroad-rcx/nom/alu8bit.nom.spef'…
%OL_CREATE_REPORT min.rpt

===========================================================================
report_checks -path_delay min (Hold)
============================================================================
======================= nom_ss_100C_1v60 Corner ===================================

Startpoint: op_a[5] (input port clocked by __VIRTUAL_CLK__)
Endpoint: op_out[5] (output port clocked by __VIRTUAL_CLK__)
Path Group: __VIRTUAL_CLK__
Path Type: min

Fanout         Cap        Slew       Delay        Time   Description
---------------------------------------------------------------------------------------------
                      0.000000    0.000000    0.000000   clock __VIRTUAL_CLK__ (rise edge)
                                  0.000000    0.000000   clock network delay (ideal)
                                  0.000000    0.000000 ^ input external delay
     1    0.002773    0.032076    0.015647    0.015647 ^ op_a[5] (in)
                                                         op_a[5] (net)
                      0.032076    0.000000    0.015647 ^ input10/A (sky130_fd_sc_hd__clkbuf_2)
     5    0.027993    0.244227    0.299507    0.315154 ^ input10/X (sky130_fd_sc_hd__clkbuf_2)
                                                         net10 (net)
                      0.244261    0.002384    0.317538 ^ _839_/A1 (sky130_fd_sc_hd__a32o_1)
     1    0.002033    0.083163    0.360949    0.678487 ^ _839_/X (sky130_fd_sc_hd__a32o_1)
                                                         _318_ (net)
                      0.083163    0.000057    0.678544 ^ _842_/A (sky130_fd_sc_hd__or3_1)
     1    0.005639    0.099223    0.206626    0.885170 ^ _842_/X (sky130_fd_sc_hd__or3_1)
                                                         net26 (net)
                      0.099223    0.000215    0.885384 ^ output26/A (sky130_fd_sc_hd__buf_2)
     1    0.034400    0.273200    0.357722    1.243107 ^ output26/X (sky130_fd_sc_hd__buf_2)
                                                         op_out[5] (net)
                      0.273200    0.000789    1.243896 ^ op_out[5] (out)
                                              1.243896   data arrival time

                      0.000000    0.000000    0.000000   clock __VIRTUAL_CLK__ (rise edge)
                                  0.000000    0.000000   clock network delay (ideal)
                                  0.250000    0.250000   clock uncertainty
                                  0.000000    0.250000   clock reconvergence pessimism
                                  0.000000    0.250000   output external delay
                                              0.250000   data required time
---------------------------------------------------------------------------------------------
                                              0.250000   data required time
                                             -1.243896   data arrival time
---------------------------------------------------------------------------------------------
                                              0.993896   slack (MET)


Startpoint: inst[2] (input port clocked by __VIRTUAL_CLK__)
Endpoint: op_out[4] (output port clocked by __VIRTUAL_CLK__)
Path Group: __VIRTUAL_CLK__
Path Type: min

Fanout         Cap        Slew       Delay        Time   Description
---------------------------------------------------------------------------------------------
                      0.000000    0.000000    0.000000   clock __VIRTUAL_CLK__ (rise edge)
                                  0.000000    0.000000   clock network delay (ideal)
                                  0.000000    0.000000 ^ input external delay
     1    0.003449    0.036581    0.019225    0.019225 ^ inst[2] (in)
                                                         inst[2] (net)
                      0.036581    0.000000    0.019225 ^ input3/A (sky130_fd_sc_hd__clkbuf_2)
     8    0.027007    0.236000    0.296494    0.315718 ^ input3/X (sky130_fd_sc_hd__clkbuf_2)
                                                         net3 (net)
                      0.236001    0.001097    0.316816 ^ _690_/A (sky130_fd_sc_hd__or4b_4)
     8    0.036412    0.184185    0.402702    0.719518 ^ _690_/X (sky130_fd_sc_hd__or4b_4)
                                                         _161_ (net)
                      0.184224    0.002667    0.722185 ^ _798_/A1 (sky130_fd_sc_hd__o31ai_1)
     1    0.004673    0.106264    0.219694    0.941879 v _798_/Y (sky130_fd_sc_hd__o31ai_1)
                                                         net25 (net)
                      0.106264    0.000176    0.942055 v output25/A (sky130_fd_sc_hd__buf_2)
     1    0.034398    0.166454    0.362166    1.304222 v output25/X (sky130_fd_sc_hd__buf_2)
                                                         op_out[4] (net)
                      0.166456    0.000789    1.305011 v op_out[4] (out)
                                              1.305011   data arrival time

                      0.000000    0.000000    0.000000   clock __VIRTUAL_CLK__ (rise edge)
                                  0.000000    0.000000   clock network delay (ideal)
                                  0.250000    0.250000   clock uncertainty
                                  0.000000    0.250000   clock reconvergence pessimism
                                  0.000000    0.250000   output external delay
                                              0.250000   data required time
---------------------------------------------------------------------------------------------
                                              0.250000   data required time
                                             -1.305011   data arrival time
---------------------------------------------------------------------------------------------
                                              1.055011   slack (MET)


Startpoint: inst[2] (input port clocked by __VIRTUAL_CLK__)
Endpoint: op_out[0] (output port clocked by __VIRTUAL_CLK__)
Path Group: __VIRTUAL_CLK__
Path Type: min

Fanout         Cap        Slew       Delay        Time   Description
---------------------------------------------------------------------------------------------
                      0.000000    0.000000    0.000000   clock __VIRTUAL_CLK__ (rise edge)
                                  0.000000    0.000000   clock network delay (ideal)
                                  0.000000    0.000000 v input external delay
     1    0.003264    0.020248    0.010703    0.010703 v inst[2] (in)
                                                         inst[2] (net)
                      0.020248    0.000000    0.010703 v input3/A (sky130_fd_sc_hd__clkbuf_2)
     8    0.025569    0.184152    0.271323    0.282026 v input3/X (sky130_fd_sc_hd__clkbuf_2)
                                                         net3 (net)
                      0.184158    0.001263    0.283289 v _459_/A (sky130_fd_sc_hd__inv_2)
     4    0.011179    0.104412    0.160070    0.443359 ^ _459_/Y (sky130_fd_sc_hd__inv_2)
                                                         _199_ (net)
                      0.104412    0.000242    0.443600 ^ _685_/B1 (sky130_fd_sc_hd__o2111a_1)
     1    0.001770    0.076298    0.384699    0.828299 ^ _685_/X (sky130_fd_sc_hd__o2111a_1)
                                                         _156_ (net)
                      0.076298    0.000033    0.828333 ^ _700_/B (sky130_fd_sc_hd__or3_1)
     1    0.004698    0.086562    0.189830    1.018162 ^ _700_/X (sky130_fd_sc_hd__or3_1)
                                                         net21 (net)
                      0.086562    0.000165    1.018328 ^ output21/A (sky130_fd_sc_hd__buf_2)
     1    0.034394    0.273134    0.351754    1.370081 ^ output21/X (sky130_fd_sc_hd__buf_2)
                                                         op_out[0] (net)
                      0.273134    0.000789    1.370870 ^ op_out[0] (out)
                                              1.370870   data arrival time

                      0.000000    0.000000    0.000000   clock __VIRTUAL_CLK__ (rise edge)
                                  0.000000    0.000000   clock network delay (ideal)
                                  0.250000    0.250000   clock uncertainty
                                  0.000000    0.250000   clock reconvergence pessimism
                                  0.000000    0.250000   output external delay
                                              0.250000   data required time
---------------------------------------------------------------------------------------------
                                              0.250000   data required time
                                             -1.370870   data arrival time
---------------------------------------------------------------------------------------------
                                              1.120870   slack (MET)


Startpoint: inst[2] (input port clocked by __VIRTUAL_CLK__)
Endpoint: op_out[3] (output port clocked by __VIRTUAL_CLK__)
Path Group: __VIRTUAL_CLK__
Path Type: min

Fanout         Cap        Slew       Delay        Time   Description
---------------------------------------------------------------------------------------------
                      0.000000    0.000000    0.000000   clock __VIRTUAL_CLK__ (rise edge)
                                  0.000000    0.000000   clock network delay (ideal)
                                  0.000000    0.000000 ^ input external delay
     1    0.003449    0.036581    0.019225    0.019225 ^ inst[2] (in)
                                                         inst[2] (net)
                      0.036581    0.000000    0.019225 ^ input3/A (sky130_fd_sc_hd__clkbuf_2)
     8    0.027007    0.236000    0.296494    0.315718 ^ input3/X (sky130_fd_sc_hd__clkbuf_2)
                                                         net3 (net)
                      0.236001    0.001097    0.316816 ^ _690_/A (sky130_fd_sc_hd__or4b_4)
     8    0.036412    0.184185    0.402702    0.719518 ^ _690_/X (sky130_fd_sc_hd__or4b_4)
                                                         _161_ (net)
                      0.184206    0.002092    0.721610 ^ _749_/A (sky130_fd_sc_hd__or3b_1)
     1    0.002966    0.064483    0.226225    0.947835 ^ _749_/X (sky130_fd_sc_hd__or3b_1)
                                                         _221_ (net)
                      0.064483    0.000087    0.947921 ^ _770_/B (sky130_fd_sc_hd__nand2b_1)
     1    0.001974    0.064448    0.097862    1.045784 v _770_/Y (sky130_fd_sc_hd__nand2b_1)
                                                         net24 (net)
                      0.064448    0.000056    1.045839 v output24/A (sky130_fd_sc_hd__buf_2)
     1    0.034463    0.166749    0.342564    1.388403 v output24/X (sky130_fd_sc_hd__buf_2)
                                                         op_out[3] (net)
                      0.166750    0.000794    1.389197 v op_out[3] (out)
                                              1.389197   data arrival time

                      0.000000    0.000000    0.000000   clock __VIRTUAL_CLK__ (rise edge)
                                  0.000000    0.000000   clock network delay (ideal)
                                  0.250000    0.250000   clock uncertainty
                                  0.000000    0.250000   clock reconvergence pessimism
                                  0.000000    0.250000   output external delay
                                              0.250000   data required time
---------------------------------------------------------------------------------------------
                                              0.250000   data required time
                                             -1.389197   data arrival time
---------------------------------------------------------------------------------------------
                                              1.139197   slack (MET)


Startpoint: op_a[7] (input port clocked by __VIRTUAL_CLK__)
Endpoint: op_out[6] (output port clocked by __VIRTUAL_CLK__)
Path Group: __VIRTUAL_CLK__
Path Type: min

Fanout         Cap        Slew       Delay        Time   Description
---------------------------------------------------------------------------------------------
                      0.000000    0.000000    0.000000   clock __VIRTUAL_CLK__ (rise edge)
                                  0.000000    0.000000   clock network delay (ideal)
                                  0.000000    0.000000 ^ input external delay
     1    0.003629    0.037793    0.020172    0.020172 ^ op_a[7] (in)
                                                         op_a[7] (net)
                      0.037793    0.000000    0.020172 ^ input12/A (sky130_fd_sc_hd__clkbuf_4)
     9    0.048290    0.240819    0.357854    0.378026 ^ input12/X (sky130_fd_sc_hd__clkbuf_4)
                                                         net12 (net)
                      0.240840    0.002427    0.380453 ^ _883_/A1 (sky130_fd_sc_hd__a211o_1)
     1    0.004082    0.075823    0.307533    0.687986 ^ _883_/X (sky130_fd_sc_hd__a211o_1)
                                                         _365_ (net)
                      0.075823    0.000133    0.688119 ^ _884_/C1 (sky130_fd_sc_hd__a211o_1)
     1    0.008450    0.130163    0.213558    0.901677 ^ _884_/X (sky130_fd_sc_hd__a211o_1)
                                                         _366_ (net)
                      0.130163    0.000361    0.902038 ^ _885_/B1 (sky130_fd_sc_hd__a31o_1)
     1    0.002776    0.070736    0.185763    1.087801 ^ _885_/X (sky130_fd_sc_hd__a31o_1)
                                                         net27 (net)
                      0.070736    0.000084    1.087885 ^ output27/A (sky130_fd_sc_hd__buf_2)
     1    0.034326    0.272588    0.344111    1.431996 ^ output27/X (sky130_fd_sc_hd__buf_2)
                                                         op_out[6] (net)
                      0.272588    0.000717    1.432713 ^ op_out[6] (out)
                                              1.432713   data arrival time

                      0.000000    0.000000    0.000000   clock __VIRTUAL_CLK__ (rise edge)
                                  0.000000    0.000000   clock network delay (ideal)
                                  0.250000    0.250000   clock uncertainty
                                  0.000000    0.250000   clock reconvergence pessimism
                                  0.000000    0.250000   output external delay
                                              0.250000   data required time
---------------------------------------------------------------------------------------------
                                              0.250000   data required time
                                             -1.432713   data arrival time
---------------------------------------------------------------------------------------------
                                              1.182713   slack (MET)


Startpoint: inst[2] (input port clocked by __VIRTUAL_CLK__)
Endpoint: op_out[2] (output port clocked by __VIRTUAL_CLK__)
Path Group: __VIRTUAL_CLK__
Path Type: min

Fanout         Cap        Slew       Delay        Time   Description
---------------------------------------------------------------------------------------------
                      0.000000    0.000000    0.000000   clock __VIRTUAL_CLK__ (rise edge)
                                  0.000000    0.000000   clock network delay (ideal)
                                  0.000000    0.000000 ^ input external delay
     1    0.003449    0.036581    0.019225    0.019225 ^ inst[2] (in)
                                                         inst[2] (net)
                      0.036581    0.000000    0.019225 ^ input3/A (sky130_fd_sc_hd__clkbuf_2)
     8    0.027007    0.236000    0.296494    0.315718 ^ input3/X (sky130_fd_sc_hd__clkbuf_2)
                                                         net3 (net)
                      0.236001    0.001097    0.316816 ^ _690_/A (sky130_fd_sc_hd__or4b_4)
     8    0.036412    0.184185    0.402702    0.719518 ^ _690_/X (sky130_fd_sc_hd__or4b_4)
                                                         _161_ (net)
                      0.184209    0.002210    0.721727 ^ _725_/B1 (sky130_fd_sc_hd__a31oi_1)
     1    0.002582    0.065622    0.111952    0.833680 v _725_/Y (sky130_fd_sc_hd__a31oi_1)
                                                         _195_ (net)
                      0.065622    0.000073    0.833753 v _741_/A2 (sky130_fd_sc_hd__a21o_1)
     1    0.001974    0.051340    0.301967    1.135720 v _741_/X (sky130_fd_sc_hd__a21o_1)
                                                         net23 (net)
                      0.051340    0.000055    1.135775 v output23/A (sky130_fd_sc_hd__buf_2)
     1    0.034354    0.166372    0.336218    1.471993 v output23/X (sky130_fd_sc_hd__buf_2)
                                                         op_out[2] (net)
                      0.166373    0.000774    1.472767 v op_out[2] (out)
                                              1.472767   data arrival time

                      0.000000    0.000000    0.000000   clock __VIRTUAL_CLK__ (rise edge)
                                  0.000000    0.000000   clock network delay (ideal)
                                  0.250000    0.250000   clock uncertainty
                                  0.000000    0.250000   clock reconvergence pessimism
                                  0.000000    0.250000   output external delay
                                              0.250000   data required time
---------------------------------------------------------------------------------------------
                                              0.250000   data required time
                                             -1.472767   data arrival time
---------------------------------------------------------------------------------------------
                                              1.222767   slack (MET)


Startpoint: op_a[6] (input port clocked by __VIRTUAL_CLK__)
Endpoint: op_out[7] (output port clocked by __VIRTUAL_CLK__)
Path Group: __VIRTUAL_CLK__
Path Type: min

Fanout         Cap        Slew       Delay        Time   Description
---------------------------------------------------------------------------------------------
                      0.000000    0.000000    0.000000   clock __VIRTUAL_CLK__ (rise edge)
                                  0.000000    0.000000   clock network delay (ideal)
                                  0.000000    0.000000 ^ input external delay
     1    0.003056    0.033944    0.017146    0.017146 ^ op_a[6] (in)
                                                         op_a[6] (net)
                      0.033944    0.000000    0.017146 ^ input11/A (sky130_fd_sc_hd__buf_1)
     2    0.010110    0.203058    0.229363    0.246509 ^ input11/X (sky130_fd_sc_hd__buf_1)
                                                         net11 (net)
                      0.203059    0.000408    0.246918 ^ fanout68/A (sky130_fd_sc_hd__clkbuf_2)
     6    0.023796    0.209940    0.354724    0.601642 ^ fanout68/X (sky130_fd_sc_hd__clkbuf_2)
                                                         net68 (net)
                      0.209940    0.000550    0.602192 ^ _922_/A1 (sky130_fd_sc_hd__a211o_1)
     1    0.008721    0.133675    0.342395    0.944587 ^ _922_/X (sky130_fd_sc_hd__a211o_1)
                                                         _407_ (net)
                      0.133675    0.000292    0.944879 ^ _923_/B1 (sky130_fd_sc_hd__a311o_1)
     1    0.002949    0.080597    0.214691    1.159570 ^ _923_/X (sky130_fd_sc_hd__a311o_1)
                                                         net28 (net)
                      0.080597    0.000091    1.159660 ^ output28/A (sky130_fd_sc_hd__buf_2)
     1    0.033940    0.269721    0.346670    1.506331 ^ output28/X (sky130_fd_sc_hd__buf_2)
                                                         op_out[7] (net)
                      0.269721    0.000614    1.506945 ^ op_out[7] (out)
                                              1.506945   data arrival time

                      0.000000    0.000000    0.000000   clock __VIRTUAL_CLK__ (rise edge)
                                  0.000000    0.000000   clock network delay (ideal)
                                  0.250000    0.250000   clock uncertainty
                                  0.000000    0.250000   clock reconvergence pessimism
                                  0.000000    0.250000   output external delay
                                              0.250000   data required time
---------------------------------------------------------------------------------------------
                                              0.250000   data required time
                                             -1.506945   data arrival time
---------------------------------------------------------------------------------------------
                                              1.256944   slack (MET)


Startpoint: op_a[1] (input port clocked by __VIRTUAL_CLK__)
Endpoint: op_out[1] (output port clocked by __VIRTUAL_CLK__)
Path Group: __VIRTUAL_CLK__
Path Type: min

Fanout         Cap        Slew       Delay        Time   Description
---------------------------------------------------------------------------------------------
                      0.000000    0.000000    0.000000   clock __VIRTUAL_CLK__ (rise edge)
                                  0.000000    0.000000   clock network delay (ideal)
                                  0.000000    0.000000 ^ input external delay
     1    0.002632    0.031142    0.014901    0.014901 ^ op_a[1] (in)
                                                         op_a[1] (net)
                      0.031142    0.000000    0.014901 ^ input6/A (sky130_fd_sc_hd__buf_1)
     3    0.021564    0.411544    0.375065    0.389967 ^ input6/X (sky130_fd_sc_hd__buf_1)
                                                         net6 (net)
                      0.411554    0.001664    0.391631 ^ _703_/A1 (sky130_fd_sc_hd__o22a_1)
     1    0.002646    0.070516    0.395804    0.787435 ^ _703_/X (sky130_fd_sc_hd__o22a_1)
                                                         _173_ (net)
                      0.070516    0.000078    0.787512 ^ _710_/A (sky130_fd_sc_hd__or3_1)
     1    0.008107    0.132719    0.225683    1.013195 ^ _710_/X (sky130_fd_sc_hd__or3_1)
                                                         _180_ (net)
                      0.132719    0.000284    1.013480 ^ _718_/A (sky130_fd_sc_hd__or2_1)
     1    0.002184    0.057482    0.183910    1.197390 ^ _718_/X (sky130_fd_sc_hd__or2_1)
                                                         net22 (net)
                      0.057482    0.000062    1.197452 ^ output22/A (sky130_fd_sc_hd__buf_2)
     1    0.034504    0.273902    0.338927    1.536379 ^ output22/X (sky130_fd_sc_hd__buf_2)
                                                         op_out[1] (net)
                      0.273902    0.000795    1.537173 ^ op_out[1] (out)
                                              1.537173   data arrival time

                      0.000000    0.000000    0.000000   clock __VIRTUAL_CLK__ (rise edge)
                                  0.000000    0.000000   clock network delay (ideal)
                                  0.250000    0.250000   clock uncertainty
                                  0.000000    0.250000   clock reconvergence pessimism
                                  0.000000    0.250000   output external delay
                                              0.250000   data required time
---------------------------------------------------------------------------------------------
                                              0.250000   data required time
                                             -1.537173   data arrival time
---------------------------------------------------------------------------------------------
                                              1.287173   slack (MET)



%OL_END_REPORT
%OL_CREATE_REPORT max.rpt

===========================================================================
report_checks -path_delay max (Setup)
============================================================================
======================= nom_ss_100C_1v60 Corner ===================================

Startpoint: op_b[0] (input port clocked by __VIRTUAL_CLK__)
Endpoint: op_out[0] (output port clocked by __VIRTUAL_CLK__)
Path Group: __VIRTUAL_CLK__
Path Type: max

Fanout         Cap        Slew       Delay        Time   Description
---------------------------------------------------------------------------------------------
                      0.000000    0.000000    0.000000   clock __VIRTUAL_CLK__ (rise edge)
                                  0.000000    0.000000   clock network delay (ideal)
                                  0.000000    0.000000 ^ input external delay
     1    0.002952    0.033258    0.016594    0.016594 ^ op_b[0] (in)
                                                         op_b[0] (net)
                      0.033258    0.000000    0.016594 ^ input13/A (sky130_fd_sc_hd__clkbuf_2)
     4    0.024441    0.215186    0.280662    0.297256 ^ input13/X (sky130_fd_sc_hd__clkbuf_2)
                                                         net13 (net)
                      0.215186    0.000788    0.298044 ^ fanout66/A (sky130_fd_sc_hd__buf_2)
    10    0.048913    0.381735    0.487843    0.785887 ^ fanout66/X (sky130_fd_sc_hd__buf_2)
                                                         net66 (net)
                      0.381735    0.000525    0.786412 ^ fanout65/A (sky130_fd_sc_hd__buf_2)
    10    0.040955    0.322774    0.511807    1.298218 ^ fanout65/X (sky130_fd_sc_hd__buf_2)
                                                         net65 (net)
                      0.322778    0.001731    1.299949 ^ _458_/A (sky130_fd_sc_hd__inv_2)
     4    0.013477    0.102600    0.183666    1.483615 v _458_/Y (sky130_fd_sc_hd__inv_2)
                                                         _188_ (net)
                      0.102600    0.000215    1.483830 v fanout35/A (sky130_fd_sc_hd__clkbuf_4)
    10    0.042067    0.163666    0.360085    1.843914 v fanout35/X (sky130_fd_sc_hd__clkbuf_4)
                                                         net35 (net)
                      0.163678    0.001514    1.845429 v _472_/A1 (sky130_fd_sc_hd__o41ai_4)
     5    0.015771    0.570540    0.778294    2.623722 ^ _472_/Y (sky130_fd_sc_hd__o41ai_4)
                                                         _338_ (net)
                      0.570540    0.000308    2.624030 ^ _481_/A2 (sky130_fd_sc_hd__a211o_1)
     4    0.012510    0.191137    0.506285    3.130315 ^ _481_/X (sky130_fd_sc_hd__a211o_1)
                                                         _410_ (net)
                      0.191137    0.000375    3.130689 ^ _484_/A2 (sky130_fd_sc_hd__a21o_1)
     4    0.013046    0.191760    0.358775    3.489465 ^ _484_/X (sky130_fd_sc_hd__a21o_1)
                                                         _413_ (net)
                      0.191760    0.000237    3.489702 ^ _493_/A1 (sky130_fd_sc_hd__a211oi_1)
     3    0.008350    0.187125    0.246030    3.735732 v _493_/Y (sky130_fd_sc_hd__a211oi_1)
                                                         _422_ (net)
                      0.187125    0.000206    3.735938 v _503_/D (sky130_fd_sc_hd__or4_1)
     3    0.008214    0.241210    1.094604    4.830542 v _503_/X (sky130_fd_sc_hd__or4_1)
                                                         _432_ (net)
                      0.241210    0.000184    4.830726 v _507_/A3 (sky130_fd_sc_hd__a31o_1)
     2    0.006148    0.093660    0.491545    5.322271 v _507_/X (sky130_fd_sc_hd__a31o_1)
                                                         _436_ (net)
                      0.093660    0.000159    5.322430 v _509_/A2 (sky130_fd_sc_hd__a211o_1)
     3    0.014876    0.184279    0.667045    5.989475 v _509_/X (sky130_fd_sc_hd__a211o_1)
                                                         _438_ (net)
                      0.184279    0.000381    5.989856 v _515_/A2 (sky130_fd_sc_hd__a21oi_4)
     8    0.037810    0.460729    0.519181    6.509037 ^ _515_/Y (sky130_fd_sc_hd__a21oi_4)
                                                         _444_ (net)
                      0.460734    0.001250    6.510287 ^ _524_/S (sky130_fd_sc_hd__mux2_1)
     2    0.008464    0.163301    0.893809    7.404096 v _524_/X (sky130_fd_sc_hd__mux2_1)
                                                         _453_ (net)
                      0.163301    0.000223    7.404319 v _539_/A2 (sky130_fd_sc_hd__a221o_1)
     3    0.009872    0.160012    0.752525    8.156843 v _539_/X (sky130_fd_sc_hd__a221o_1)
                                                         _010_ (net)
                      0.160012    0.000203    8.157046 v _544_/A3 (sky130_fd_sc_hd__a311o_1)
     5    0.016148    0.207144    0.812884    8.969930 v _544_/X (sky130_fd_sc_hd__a311o_1)
                                                         _015_ (net)
                      0.207144    0.000512    8.970443 v _571_/A1 (sky130_fd_sc_hd__a21o_1)
     4    0.011602    0.129731    0.413963    9.384405 v _571_/X (sky130_fd_sc_hd__a21o_1)
                                                         _042_ (net)
                      0.129731    0.000310    9.384715 v _574_/B (sky130_fd_sc_hd__and3_1)
     3    0.007282    0.107056    0.401501    9.786217 v _574_/X (sky130_fd_sc_hd__and3_1)
                                                         _045_ (net)
                      0.107056    0.000177    9.786393 v _585_/A (sky130_fd_sc_hd__or4_1)
     1    0.002545    0.172656    1.205925   10.992318 v _585_/X (sky130_fd_sc_hd__or4_1)
                                                         _056_ (net)
                      0.172656    0.000079   10.992397 v _586_/C (sky130_fd_sc_hd__or4b_1)
     1    0.009014    0.249868    1.244213   12.236610 v _586_/X (sky130_fd_sc_hd__or4b_1)
                                                         _057_ (net)
                      0.249868    0.000283   12.236894 v _590_/A2 (sky130_fd_sc_hd__a311oi_4)
     4    0.019514    0.534267    0.666089   12.902982 ^ _590_/Y (sky130_fd_sc_hd__a311oi_4)
                                                         _061_ (net)
                      0.534267    0.000678   12.903660 ^ max_cap30/A (sky130_fd_sc_hd__buf_6)
     5    0.026837    0.107579    0.383622   13.287282 ^ max_cap30/X (sky130_fd_sc_hd__buf_6)
                                                         net30 (net)
                      0.107579    0.000362   13.287644 ^ _619_/S (sky130_fd_sc_hd__mux2_2)
     5    0.022538    0.178771    0.809316   14.096960 v _619_/X (sky130_fd_sc_hd__mux2_2)
                                                         _090_ (net)
                      0.178771    0.000666   14.097627 v _623_/B1 (sky130_fd_sc_hd__o22a_1)
     2    0.006181    0.117108    0.427179   14.524806 v _623_/X (sky130_fd_sc_hd__o22a_1)
                                                         _094_ (net)
                      0.117108    0.000128   14.524934 v _624_/B (sky130_fd_sc_hd__or4bb_4)
     4    0.020550    0.207884    1.132659   15.657593 v _624_/X (sky130_fd_sc_hd__or4bb_4)
                                                         _095_ (net)
                      0.207884    0.000526   15.658119 v _628_/A1 (sky130_fd_sc_hd__a21oi_4)
     3    0.014440    0.233267    0.321505   15.979624 ^ _628_/Y (sky130_fd_sc_hd__a21oi_4)
                                                         _099_ (net)
                      0.233267    0.000346   15.979970 ^ fanout29/A (sky130_fd_sc_hd__clkbuf_4)
    10    0.042117    0.213834    0.429059   16.409029 ^ fanout29/X (sky130_fd_sc_hd__clkbuf_4)
                                                         net29 (net)
                      0.213838    0.001265   16.410294 ^ _665_/S (sky130_fd_sc_hd__mux2_1)
     3    0.008659    0.165433    0.828470   17.238764 v _665_/X (sky130_fd_sc_hd__mux2_1)
                                                         _136_ (net)
                      0.165433    0.000135   17.238899 v _669_/A2 (sky130_fd_sc_hd__a21o_1)
     1    0.003458    0.065335    0.360091   17.598989 v _669_/X (sky130_fd_sc_hd__a21o_1)
                                                         _140_ (net)
                      0.065392    0.000105   17.599094 v _671_/A2 (sky130_fd_sc_hd__o211a_1)
     1    0.002964    0.072485    0.372360   17.971455 v _671_/X (sky130_fd_sc_hd__o211a_1)
                                                         _142_ (net)
                      0.072485    0.000085   17.971539 v _672_/B2 (sky130_fd_sc_hd__o221a_1)
     1    0.003676    0.101360    0.406018   18.377558 v _672_/X (sky130_fd_sc_hd__o221a_1)
                                                         _143_ (net)
                      0.101360    0.000119   18.377676 v _675_/A2 (sky130_fd_sc_hd__o21a_1)
     1    0.002350    0.061143    0.313079   18.690756 v _675_/X (sky130_fd_sc_hd__o21a_1)
                                                         _146_ (net)
                      0.061143    0.000044   18.690800 v _679_/A1 (sky130_fd_sc_hd__o21a_1)
     1    0.007658    0.107425    0.375474   19.066275 v _679_/X (sky130_fd_sc_hd__o21a_1)
                                                         _150_ (net)
                      0.107425    0.000350   19.066624 v _700_/A (sky130_fd_sc_hd__or3_1)
     1    0.004570    0.157436    0.886494   19.953119 v _700_/X (sky130_fd_sc_hd__or3_1)
                                                         net21 (net)
                      0.157436    0.000160   19.953279 v output21/A (sky130_fd_sc_hd__buf_2)
     1    0.034394    0.166506    0.386828   20.340107 v output21/X (sky130_fd_sc_hd__buf_2)
                                                         op_out[0] (net)
                      0.166507    0.000789   20.340897 v op_out[0] (out)
                                             20.340897   data arrival time

                      0.000000   20.000000   20.000000   clock __VIRTUAL_CLK__ (rise edge)
                                  0.000000   20.000000   clock network delay (ideal)
                                 -0.250000   19.750002   clock uncertainty
                                  0.000000   19.750002   clock reconvergence pessimism
                                  0.000000   19.750002   output external delay
                                             19.750002   data required time
---------------------------------------------------------------------------------------------
                                             19.750002   data required time
                                            -20.340897   data arrival time
---------------------------------------------------------------------------------------------
                                             -0.590894   slack (VIOLATED)


Startpoint: op_b[0] (input port clocked by __VIRTUAL_CLK__)
Endpoint: op_out[1] (output port clocked by __VIRTUAL_CLK__)
Path Group: __VIRTUAL_CLK__
Path Type: max

Fanout         Cap        Slew       Delay        Time   Description
---------------------------------------------------------------------------------------------
                      0.000000    0.000000    0.000000   clock __VIRTUAL_CLK__ (rise edge)
                                  0.000000    0.000000   clock network delay (ideal)
                                  0.000000    0.000000 ^ input external delay
     1    0.002952    0.033258    0.016594    0.016594 ^ op_b[0] (in)
                                                         op_b[0] (net)
                      0.033258    0.000000    0.016594 ^ input13/A (sky130_fd_sc_hd__clkbuf_2)
     4    0.024441    0.215186    0.280662    0.297256 ^ input13/X (sky130_fd_sc_hd__clkbuf_2)
                                                         net13 (net)
                      0.215186    0.000788    0.298044 ^ fanout66/A (sky130_fd_sc_hd__buf_2)
    10    0.048913    0.381735    0.487843    0.785887 ^ fanout66/X (sky130_fd_sc_hd__buf_2)
                                                         net66 (net)
                      0.381735    0.000525    0.786412 ^ fanout65/A (sky130_fd_sc_hd__buf_2)
    10    0.040955    0.322774    0.511807    1.298218 ^ fanout65/X (sky130_fd_sc_hd__buf_2)
                                                         net65 (net)
                      0.322778    0.001731    1.299949 ^ _458_/A (sky130_fd_sc_hd__inv_2)
     4    0.013477    0.102600    0.183666    1.483615 v _458_/Y (sky130_fd_sc_hd__inv_2)
                                                         _188_ (net)
                      0.102600    0.000215    1.483830 v fanout35/A (sky130_fd_sc_hd__clkbuf_4)
    10    0.042067    0.163666    0.360085    1.843914 v fanout35/X (sky130_fd_sc_hd__clkbuf_4)
                                                         net35 (net)
                      0.163678    0.001514    1.845429 v _472_/A1 (sky130_fd_sc_hd__o41ai_4)
     5    0.015771    0.570540    0.778294    2.623722 ^ _472_/Y (sky130_fd_sc_hd__o41ai_4)
                                                         _338_ (net)
                      0.570540    0.000308    2.624030 ^ _481_/A2 (sky130_fd_sc_hd__a211o_1)
     4    0.012510    0.191137    0.506285    3.130315 ^ _481_/X (sky130_fd_sc_hd__a211o_1)
                                                         _410_ (net)
                      0.191137    0.000375    3.130689 ^ _484_/A2 (sky130_fd_sc_hd__a21o_1)
     4    0.013046    0.191760    0.358775    3.489465 ^ _484_/X (sky130_fd_sc_hd__a21o_1)
                                                         _413_ (net)
                      0.191760    0.000237    3.489702 ^ _493_/A1 (sky130_fd_sc_hd__a211oi_1)
     3    0.008350    0.187125    0.246030    3.735732 v _493_/Y (sky130_fd_sc_hd__a211oi_1)
                                                         _422_ (net)
                      0.187125    0.000206    3.735938 v _503_/D (sky130_fd_sc_hd__or4_1)
     3    0.008214    0.241210    1.094604    4.830542 v _503_/X (sky130_fd_sc_hd__or4_1)
                                                         _432_ (net)
                      0.241210    0.000184    4.830726 v _507_/A3 (sky130_fd_sc_hd__a31o_1)
     2    0.006148    0.093660    0.491545    5.322271 v _507_/X (sky130_fd_sc_hd__a31o_1)
                                                         _436_ (net)
                      0.093660    0.000159    5.322430 v _509_/A2 (sky130_fd_sc_hd__a211o_1)
     3    0.014876    0.184279    0.667045    5.989475 v _509_/X (sky130_fd_sc_hd__a211o_1)
                                                         _438_ (net)
                      0.184279    0.000381    5.989856 v _515_/A2 (sky130_fd_sc_hd__a21oi_4)
     8    0.037810    0.460729    0.519181    6.509037 ^ _515_/Y (sky130_fd_sc_hd__a21oi_4)
                                                         _444_ (net)
                      0.460734    0.001250    6.510287 ^ _524_/S (sky130_fd_sc_hd__mux2_1)
     2    0.008464    0.163301    0.893809    7.404096 v _524_/X (sky130_fd_sc_hd__mux2_1)
                                                         _453_ (net)
                      0.163301    0.000223    7.404319 v _539_/A2 (sky130_fd_sc_hd__a221o_1)
     3    0.009872    0.160012    0.752525    8.156843 v _539_/X (sky130_fd_sc_hd__a221o_1)
                                                         _010_ (net)
                      0.160012    0.000203    8.157046 v _544_/A3 (sky130_fd_sc_hd__a311o_1)
     5    0.016148    0.207144    0.812884    8.969930 v _544_/X (sky130_fd_sc_hd__a311o_1)
                                                         _015_ (net)
                      0.207144    0.000512    8.970443 v _571_/A1 (sky130_fd_sc_hd__a21o_1)
     4    0.011602    0.129731    0.413963    9.384405 v _571_/X (sky130_fd_sc_hd__a21o_1)
                                                         _042_ (net)
                      0.129731    0.000310    9.384715 v _574_/B (sky130_fd_sc_hd__and3_1)
     3    0.007282    0.107056    0.401501    9.786217 v _574_/X (sky130_fd_sc_hd__and3_1)
                                                         _045_ (net)
                      0.107056    0.000177    9.786393 v _585_/A (sky130_fd_sc_hd__or4_1)
     1    0.002545    0.172656    1.205925   10.992318 v _585_/X (sky130_fd_sc_hd__or4_1)
                                                         _056_ (net)
                      0.172656    0.000079   10.992397 v _586_/C (sky130_fd_sc_hd__or4b_1)
     1    0.009014    0.249868    1.244213   12.236610 v _586_/X (sky130_fd_sc_hd__or4b_1)
                                                         _057_ (net)
                      0.249868    0.000283   12.236894 v _590_/A2 (sky130_fd_sc_hd__a311oi_4)
     4    0.019514    0.534267    0.666089   12.902982 ^ _590_/Y (sky130_fd_sc_hd__a311oi_4)
                                                         _061_ (net)
                      0.534267    0.000678   12.903660 ^ max_cap30/A (sky130_fd_sc_hd__buf_6)
     5    0.026837    0.107579    0.383622   13.287282 ^ max_cap30/X (sky130_fd_sc_hd__buf_6)
                                                         net30 (net)
                      0.107582    0.000759   13.288041 ^ _601_/S (sky130_fd_sc_hd__mux2_2)
     4    0.018085    0.162570    0.790824   14.078866 v _601_/X (sky130_fd_sc_hd__mux2_2)
                                                         _072_ (net)
                      0.162570    0.000281   14.079146 v _603_/B (sky130_fd_sc_hd__and2_1)
     2    0.008713    0.115045    0.409582   14.488728 v _603_/X (sky130_fd_sc_hd__and2_1)
                                                         _074_ (net)
                      0.115045    0.000256   14.488984 v _608_/C1 (sky130_fd_sc_hd__a211oi_2)
     4    0.013549    0.489198    0.452542   14.941525 ^ _608_/Y (sky130_fd_sc_hd__a211oi_2)
                                                         _079_ (net)
                      0.489198    0.000343   14.941869 ^ _627_/A2 (sky130_fd_sc_hd__o31a_1)
     4    0.021044    0.360665    0.599304   15.541172 ^ _627_/X (sky130_fd_sc_hd__o31a_1)
                                                         _098_ (net)
                      0.360665    0.000483   15.541656 ^ _628_/A2 (sky130_fd_sc_hd__a21oi_4)
     3    0.013711    0.112000    0.227905   15.769560 v _628_/Y (sky130_fd_sc_hd__a21oi_4)
                                                         _099_ (net)
                      0.112000    0.000329   15.769889 v fanout29/A (sky130_fd_sc_hd__clkbuf_4)
    10    0.040130    0.157528    0.359703   16.129593 v fanout29/X (sky130_fd_sc_hd__clkbuf_4)
                                                         net29 (net)
                      0.157536    0.001254   16.130846 v _717_/A2 (sky130_fd_sc_hd__a22o_1)
     1    0.003988    0.082111    0.459069   16.589916 v _717_/X (sky130_fd_sc_hd__a22o_1)
                                                         _187_ (net)
                      0.082111    0.000140   16.590055 v _718_/B (sky130_fd_sc_hd__or2_1)
     1    0.002056    0.089834    0.448287   17.038343 v _718_/X (sky130_fd_sc_hd__or2_1)
                                                         net22 (net)
                      0.089834    0.000059   17.038401 v output22/A (sky130_fd_sc_hd__buf_2)
     1    0.034504    0.166851    0.354577   17.392979 v output22/X (sky130_fd_sc_hd__buf_2)
                                                         op_out[1] (net)
                      0.166852    0.000794   17.393772 v op_out[1] (out)
                                             17.393772   data arrival time

                      0.000000   20.000000   20.000000   clock __VIRTUAL_CLK__ (rise edge)
                                  0.000000   20.000000   clock network delay (ideal)
                                 -0.250000   19.750002   clock uncertainty
                                  0.000000   19.750002   clock reconvergence pessimism
                                  0.000000   19.750002   output external delay
                                             19.750002   data required time
---------------------------------------------------------------------------------------------
                                             19.750002   data required time
                                            -17.393772   data arrival time
---------------------------------------------------------------------------------------------
                                              2.356229   slack (MET)


Startpoint: op_b[0] (input port clocked by __VIRTUAL_CLK__)
Endpoint: op_out[2] (output port clocked by __VIRTUAL_CLK__)
Path Group: __VIRTUAL_CLK__
Path Type: max

Fanout         Cap        Slew       Delay        Time   Description
---------------------------------------------------------------------------------------------
                      0.000000    0.000000    0.000000   clock __VIRTUAL_CLK__ (rise edge)
                                  0.000000    0.000000   clock network delay (ideal)
                                  0.000000    0.000000 ^ input external delay
     1    0.002952    0.033258    0.016594    0.016594 ^ op_b[0] (in)
                                                         op_b[0] (net)
                      0.033258    0.000000    0.016594 ^ input13/A (sky130_fd_sc_hd__clkbuf_2)
     4    0.024441    0.215186    0.280662    0.297256 ^ input13/X (sky130_fd_sc_hd__clkbuf_2)
                                                         net13 (net)
                      0.215186    0.000788    0.298044 ^ fanout66/A (sky130_fd_sc_hd__buf_2)
    10    0.048913    0.381735    0.487843    0.785887 ^ fanout66/X (sky130_fd_sc_hd__buf_2)
                                                         net66 (net)
                      0.381735    0.000525    0.786412 ^ fanout65/A (sky130_fd_sc_hd__buf_2)
    10    0.040955    0.322774    0.511807    1.298218 ^ fanout65/X (sky130_fd_sc_hd__buf_2)
                                                         net65 (net)
                      0.322778    0.001731    1.299949 ^ _458_/A (sky130_fd_sc_hd__inv_2)
     4    0.013477    0.102600    0.183666    1.483615 v _458_/Y (sky130_fd_sc_hd__inv_2)
                                                         _188_ (net)
                      0.102600    0.000215    1.483830 v fanout35/A (sky130_fd_sc_hd__clkbuf_4)
    10    0.042067    0.163666    0.360085    1.843914 v fanout35/X (sky130_fd_sc_hd__clkbuf_4)
                                                         net35 (net)
                      0.163678    0.001514    1.845429 v _472_/A1 (sky130_fd_sc_hd__o41ai_4)
     5    0.015771    0.570540    0.778294    2.623722 ^ _472_/Y (sky130_fd_sc_hd__o41ai_4)
                                                         _338_ (net)
                      0.570540    0.000308    2.624030 ^ _481_/A2 (sky130_fd_sc_hd__a211o_1)
     4    0.012510    0.191137    0.506285    3.130315 ^ _481_/X (sky130_fd_sc_hd__a211o_1)
                                                         _410_ (net)
                      0.191137    0.000375    3.130689 ^ _484_/A2 (sky130_fd_sc_hd__a21o_1)
     4    0.013046    0.191760    0.358775    3.489465 ^ _484_/X (sky130_fd_sc_hd__a21o_1)
                                                         _413_ (net)
                      0.191760    0.000237    3.489702 ^ _493_/A1 (sky130_fd_sc_hd__a211oi_1)
     3    0.008350    0.187125    0.246030    3.735732 v _493_/Y (sky130_fd_sc_hd__a211oi_1)
                                                         _422_ (net)
                      0.187125    0.000206    3.735938 v _503_/D (sky130_fd_sc_hd__or4_1)
     3    0.008214    0.241210    1.094604    4.830542 v _503_/X (sky130_fd_sc_hd__or4_1)
                                                         _432_ (net)
                      0.241210    0.000184    4.830726 v _507_/A3 (sky130_fd_sc_hd__a31o_1)
     2    0.006148    0.093660    0.491545    5.322271 v _507_/X (sky130_fd_sc_hd__a31o_1)
                                                         _436_ (net)
                      0.093660    0.000159    5.322430 v _509_/A2 (sky130_fd_sc_hd__a211o_1)
     3    0.014876    0.184279    0.667045    5.989475 v _509_/X (sky130_fd_sc_hd__a211o_1)
                                                         _438_ (net)
                      0.184279    0.000381    5.989856 v _515_/A2 (sky130_fd_sc_hd__a21oi_4)
     8    0.037810    0.460729    0.519181    6.509037 ^ _515_/Y (sky130_fd_sc_hd__a21oi_4)
                                                         _444_ (net)
                      0.460734    0.001250    6.510287 ^ _524_/S (sky130_fd_sc_hd__mux2_1)
     2    0.008464    0.163301    0.893809    7.404096 v _524_/X (sky130_fd_sc_hd__mux2_1)
                                                         _453_ (net)
                      0.163301    0.000223    7.404319 v _539_/A2 (sky130_fd_sc_hd__a221o_1)
     3    0.009872    0.160012    0.752525    8.156843 v _539_/X (sky130_fd_sc_hd__a221o_1)
                                                         _010_ (net)
                      0.160012    0.000203    8.157046 v _544_/A3 (sky130_fd_sc_hd__a311o_1)
     5    0.016148    0.207144    0.812884    8.969930 v _544_/X (sky130_fd_sc_hd__a311o_1)
                                                         _015_ (net)
                      0.207144    0.000512    8.970443 v _571_/A1 (sky130_fd_sc_hd__a21o_1)
     4    0.011602    0.129731    0.413963    9.384405 v _571_/X (sky130_fd_sc_hd__a21o_1)
                                                         _042_ (net)
                      0.129731    0.000310    9.384715 v _574_/B (sky130_fd_sc_hd__and3_1)
     3    0.007282    0.107056    0.401501    9.786217 v _574_/X (sky130_fd_sc_hd__and3_1)
                                                         _045_ (net)
                      0.107056    0.000177    9.786393 v _585_/A (sky130_fd_sc_hd__or4_1)
     1    0.002545    0.172656    1.205925   10.992318 v _585_/X (sky130_fd_sc_hd__or4_1)
                                                         _056_ (net)
                      0.172656    0.000079   10.992397 v _586_/C (sky130_fd_sc_hd__or4b_1)
     1    0.009014    0.249868    1.244213   12.236610 v _586_/X (sky130_fd_sc_hd__or4b_1)
                                                         _057_ (net)
                      0.249868    0.000283   12.236894 v _590_/A2 (sky130_fd_sc_hd__a311oi_4)
     4    0.019514    0.534267    0.666089   12.902982 ^ _590_/Y (sky130_fd_sc_hd__a311oi_4)
                                                         _061_ (net)
                      0.534267    0.000678   12.903660 ^ max_cap30/A (sky130_fd_sc_hd__buf_6)
     5    0.026837    0.107579    0.383622   13.287282 ^ max_cap30/X (sky130_fd_sc_hd__buf_6)
                                                         net30 (net)
                      0.107585    0.000921   13.288203 ^ _740_/A2 (sky130_fd_sc_hd__a211o_1)
     1    0.004709    0.092329    0.266603   13.554806 ^ _740_/X (sky130_fd_sc_hd__a211o_1)
                                                         _212_ (net)
                      0.092329    0.000164   13.554970 ^ _741_/B1 (sky130_fd_sc_hd__a21o_1)
     1    0.002102    0.056873    0.140663   13.695634 ^ _741_/X (sky130_fd_sc_hd__a21o_1)
                                                         net23 (net)
                      0.056873    0.000059   13.695692 ^ output23/A (sky130_fd_sc_hd__buf_2)
     1    0.034354    0.272784    0.337866   14.033558 ^ output23/X (sky130_fd_sc_hd__buf_2)
                                                         op_out[2] (net)
                      0.272784    0.000774   14.034332 ^ op_out[2] (out)
                                             14.034332   data arrival time

                      0.000000   20.000000   20.000000   clock __VIRTUAL_CLK__ (rise edge)
                                  0.000000   20.000000   clock network delay (ideal)
                                 -0.250000   19.750002   clock uncertainty
                                  0.000000   19.750002   clock reconvergence pessimism
                                  0.000000   19.750002   output external delay
                                             19.750002   data required time
---------------------------------------------------------------------------------------------
                                             19.750002   data required time
                                            -14.034332   data arrival time
---------------------------------------------------------------------------------------------
                                              5.715669   slack (MET)


Startpoint: op_b[0] (input port clocked by __VIRTUAL_CLK__)
Endpoint: op_out[3] (output port clocked by __VIRTUAL_CLK__)
Path Group: __VIRTUAL_CLK__
Path Type: max

Fanout         Cap        Slew       Delay        Time   Description
---------------------------------------------------------------------------------------------
                      0.000000    0.000000    0.000000   clock __VIRTUAL_CLK__ (rise edge)
                                  0.000000    0.000000   clock network delay (ideal)
                                  0.000000    0.000000 ^ input external delay
     1    0.002952    0.033258    0.016594    0.016594 ^ op_b[0] (in)
                                                         op_b[0] (net)
                      0.033258    0.000000    0.016594 ^ input13/A (sky130_fd_sc_hd__clkbuf_2)
     4    0.024441    0.215186    0.280662    0.297256 ^ input13/X (sky130_fd_sc_hd__clkbuf_2)
                                                         net13 (net)
                      0.215186    0.000788    0.298044 ^ fanout66/A (sky130_fd_sc_hd__buf_2)
    10    0.048913    0.381735    0.487843    0.785887 ^ fanout66/X (sky130_fd_sc_hd__buf_2)
                                                         net66 (net)
                      0.381735    0.000525    0.786412 ^ fanout65/A (sky130_fd_sc_hd__buf_2)
    10    0.040955    0.322774    0.511807    1.298218 ^ fanout65/X (sky130_fd_sc_hd__buf_2)
                                                         net65 (net)
                      0.322778    0.001731    1.299949 ^ _458_/A (sky130_fd_sc_hd__inv_2)
     4    0.013477    0.102600    0.183666    1.483615 v _458_/Y (sky130_fd_sc_hd__inv_2)
                                                         _188_ (net)
                      0.102600    0.000215    1.483830 v fanout35/A (sky130_fd_sc_hd__clkbuf_4)
    10    0.042067    0.163666    0.360085    1.843914 v fanout35/X (sky130_fd_sc_hd__clkbuf_4)
                                                         net35 (net)
                      0.163678    0.001514    1.845429 v _472_/A1 (sky130_fd_sc_hd__o41ai_4)
     5    0.015771    0.570540    0.778294    2.623722 ^ _472_/Y (sky130_fd_sc_hd__o41ai_4)
                                                         _338_ (net)
                      0.570540    0.000308    2.624030 ^ _481_/A2 (sky130_fd_sc_hd__a211o_1)
     4    0.012510    0.191137    0.506285    3.130315 ^ _481_/X (sky130_fd_sc_hd__a211o_1)
                                                         _410_ (net)
                      0.191137    0.000375    3.130689 ^ _484_/A2 (sky130_fd_sc_hd__a21o_1)
     4    0.013046    0.191760    0.358775    3.489465 ^ _484_/X (sky130_fd_sc_hd__a21o_1)
                                                         _413_ (net)
                      0.191760    0.000237    3.489702 ^ _493_/A1 (sky130_fd_sc_hd__a211oi_1)
     3    0.008350    0.187125    0.246030    3.735732 v _493_/Y (sky130_fd_sc_hd__a211oi_1)
                                                         _422_ (net)
                      0.187125    0.000206    3.735938 v _503_/D (sky130_fd_sc_hd__or4_1)
     3    0.008214    0.241210    1.094604    4.830542 v _503_/X (sky130_fd_sc_hd__or4_1)
                                                         _432_ (net)
                      0.241210    0.000184    4.830726 v _507_/A3 (sky130_fd_sc_hd__a31o_1)
     2    0.006148    0.093660    0.491545    5.322271 v _507_/X (sky130_fd_sc_hd__a31o_1)
                                                         _436_ (net)
                      0.093660    0.000159    5.322430 v _509_/A2 (sky130_fd_sc_hd__a211o_1)
     3    0.014876    0.184279    0.667045    5.989475 v _509_/X (sky130_fd_sc_hd__a211o_1)
                                                         _438_ (net)
                      0.184279    0.000381    5.989856 v _515_/A2 (sky130_fd_sc_hd__a21oi_4)
     8    0.037810    0.460729    0.519181    6.509037 ^ _515_/Y (sky130_fd_sc_hd__a21oi_4)
                                                         _444_ (net)
                      0.460734    0.001250    6.510287 ^ _524_/S (sky130_fd_sc_hd__mux2_1)
     2    0.008464    0.163301    0.893809    7.404096 v _524_/X (sky130_fd_sc_hd__mux2_1)
                                                         _453_ (net)
                      0.163301    0.000223    7.404319 v _539_/A2 (sky130_fd_sc_hd__a221o_1)
     3    0.009872    0.160012    0.752525    8.156843 v _539_/X (sky130_fd_sc_hd__a221o_1)
                                                         _010_ (net)
                      0.160012    0.000208    8.157051 v _543_/A3 (sky130_fd_sc_hd__a311oi_2)
     4    0.012573    0.528040    0.653351    8.810403 ^ _543_/Y (sky130_fd_sc_hd__a311oi_2)
                                                         _014_ (net)
                      0.528040    0.000419    8.810822 ^ _548_/A (sky130_fd_sc_hd__nor2_1)
     2    0.018597    0.221224    0.382338    9.193159 v _548_/Y (sky130_fd_sc_hd__nor2_1)
                                                         _019_ (net)
                      0.221225    0.000958    9.194118 v _769_/A2 (sky130_fd_sc_hd__a211o_1)
     1    0.002147    0.078947    0.584612    9.778730 v _769_/X (sky130_fd_sc_hd__a211o_1)
                                                         _243_ (net)
                      0.078947    0.000060    9.778790 v _770_/A_N (sky130_fd_sc_hd__nand2b_1)
     1    0.001974    0.079245    0.279923   10.058712 v _770_/Y (sky130_fd_sc_hd__nand2b_1)
                                                         net24 (net)
                      0.079245    0.000056   10.058768 v output24/A (sky130_fd_sc_hd__buf_2)
     1    0.034463    0.166678    0.349345   10.408113 v output24/X (sky130_fd_sc_hd__buf_2)
                                                         op_out[3] (net)
                      0.166679    0.000794   10.408908 v op_out[3] (out)
                                             10.408908   data arrival time

                      0.000000   20.000000   20.000000   clock __VIRTUAL_CLK__ (rise edge)
                                  0.000000   20.000000   clock network delay (ideal)
                                 -0.250000   19.750002   clock uncertainty
                                  0.000000   19.750002   clock reconvergence pessimism
                                  0.000000   19.750002   output external delay
                                             19.750002   data required time
---------------------------------------------------------------------------------------------
                                             19.750002   data required time
                                            -10.408908   data arrival time
---------------------------------------------------------------------------------------------
                                              9.341093   slack (MET)


Startpoint: op_b[0] (input port clocked by __VIRTUAL_CLK__)
Endpoint: op_out[5] (output port clocked by __VIRTUAL_CLK__)
Path Group: __VIRTUAL_CLK__
Path Type: max

Fanout         Cap        Slew       Delay        Time   Description
---------------------------------------------------------------------------------------------
                      0.000000    0.000000    0.000000   clock __VIRTUAL_CLK__ (rise edge)
                                  0.000000    0.000000   clock network delay (ideal)
                                  0.000000    0.000000 ^ input external delay
     1    0.002952    0.033258    0.016594    0.016594 ^ op_b[0] (in)
                                                         op_b[0] (net)
                      0.033258    0.000000    0.016594 ^ input13/A (sky130_fd_sc_hd__clkbuf_2)
     4    0.024441    0.215186    0.280662    0.297256 ^ input13/X (sky130_fd_sc_hd__clkbuf_2)
                                                         net13 (net)
                      0.215186    0.000788    0.298044 ^ fanout66/A (sky130_fd_sc_hd__buf_2)
    10    0.048913    0.381735    0.487843    0.785887 ^ fanout66/X (sky130_fd_sc_hd__buf_2)
                                                         net66 (net)
                      0.381735    0.000525    0.786412 ^ fanout65/A (sky130_fd_sc_hd__buf_2)
    10    0.040955    0.322774    0.511807    1.298218 ^ fanout65/X (sky130_fd_sc_hd__buf_2)
                                                         net65 (net)
                      0.322778    0.001731    1.299949 ^ _458_/A (sky130_fd_sc_hd__inv_2)
     4    0.013477    0.102600    0.183666    1.483615 v _458_/Y (sky130_fd_sc_hd__inv_2)
                                                         _188_ (net)
                      0.102600    0.000215    1.483830 v fanout35/A (sky130_fd_sc_hd__clkbuf_4)
    10    0.042067    0.163666    0.360085    1.843914 v fanout35/X (sky130_fd_sc_hd__clkbuf_4)
                                                         net35 (net)
                      0.163667    0.000735    1.844650 v _536_/A (sky130_fd_sc_hd__nor2_1)
     4    0.015510    0.478475    0.466304    2.310954 ^ _536_/Y (sky130_fd_sc_hd__nor2_1)
                                                         _007_ (net)
                      0.478475    0.000388    2.311342 ^ _780_/C (sky130_fd_sc_hd__and3_1)
     2    0.010925    0.197278    0.527588    2.838930 ^ _780_/X (sky130_fd_sc_hd__and3_1)
                                                         _254_ (net)
                      0.197278    0.000292    2.839222 ^ _781_/B1 (sky130_fd_sc_hd__a21oi_2)
     2    0.012671    0.131533    0.141661    2.980883 v _781_/Y (sky130_fd_sc_hd__a21oi_2)
                                                         _255_ (net)
                      0.131533    0.000169    2.981051 v _805_/A3 (sky130_fd_sc_hd__a31oi_2)
     2    0.008433    0.276671    0.375400    3.356452 ^ _805_/Y (sky130_fd_sc_hd__a31oi_2)
                                                         _280_ (net)
                      0.276671    0.000247    3.356698 ^ _813_/A (sky130_fd_sc_hd__xnor2_1)
     2    0.006161    0.293765    0.309559    3.666257 ^ _813_/Y (sky130_fd_sc_hd__xnor2_1)
                                                         _289_ (net)
                      0.293765    0.000178    3.666435 ^ _814_/B (sky130_fd_sc_hd__or2_1)
     1    0.002494    0.063615    0.246871    3.913306 ^ _814_/X (sky130_fd_sc_hd__or2_1)
                                                         _290_ (net)
                      0.063615    0.000048    3.913353 ^ _816_/A (sky130_fd_sc_hd__nand2_1)
     2    0.006665    0.128371    0.138925    4.052279 v _816_/Y (sky130_fd_sc_hd__nand2_1)
                                                         _292_ (net)
                      0.128371    0.000229    4.052508 v _817_/C (sky130_fd_sc_hd__and3_1)
     1    0.003934    0.080472    0.399579    4.452086 v _817_/X (sky130_fd_sc_hd__and3_1)
                                                         _293_ (net)
                      0.080472    0.000128    4.452215 v _819_/A (sky130_fd_sc_hd__nor2_1)
     2    0.007916    0.268999    0.278116    4.730330 ^ _819_/Y (sky130_fd_sc_hd__nor2_1)
                                                         _296_ (net)
                      0.268999    0.000131    4.730462 ^ _820_/B (sky130_fd_sc_hd__xnor2_1)
     2    0.005383    0.268997    0.298259    5.028721 ^ _820_/Y (sky130_fd_sc_hd__xnor2_1)
                                                         _297_ (net)
                      0.268997    0.000151    5.028872 ^ _821_/B (sky130_fd_sc_hd__or2_1)
     3    0.015557    0.241740    0.374026    5.402897 ^ _821_/X (sky130_fd_sc_hd__or2_1)
                                                         _298_ (net)
                      0.241740    0.000209    5.403106 ^ _824_/A (sky130_fd_sc_hd__nand2_1)
     3    0.008404    0.163000    0.233376    5.636482 v _824_/Y (sky130_fd_sc_hd__nand2_1)
                                                         _301_ (net)
                      0.163000    0.000153    5.636635 v _827_/A2 (sky130_fd_sc_hd__o21a_1)
     1    0.002630    0.063356    0.342549    5.979184 v _827_/X (sky130_fd_sc_hd__o21a_1)
                                                         _304_ (net)
                      0.063356    0.000075    5.979259 v _840_/B2 (sky130_fd_sc_hd__a221o_1)
     1    0.006311    0.125794    0.628460    6.607719 v _840_/X (sky130_fd_sc_hd__a221o_1)
                                                         _319_ (net)
                      0.125794    0.000205    6.607924 v _842_/B (sky130_fd_sc_hd__or3_1)
     1    0.005511    0.165406    0.856671    7.464594 v _842_/X (sky130_fd_sc_hd__or3_1)
                                                         net26 (net)
                      0.165406    0.000208    7.464802 v output26/A (sky130_fd_sc_hd__buf_2)
     1    0.034400    0.166538    0.390688    7.855491 v output26/X (sky130_fd_sc_hd__buf_2)
                                                         op_out[5] (net)
                      0.166540    0.000789    7.856279 v op_out[5] (out)
                                              7.856279   data arrival time

                      0.000000   20.000000   20.000000   clock __VIRTUAL_CLK__ (rise edge)
                                  0.000000   20.000000   clock network delay (ideal)
                                 -0.250000   19.750002   clock uncertainty
                                  0.000000   19.750002   clock reconvergence pessimism
                                  0.000000   19.750002   output external delay
                                             19.750002   data required time
---------------------------------------------------------------------------------------------
                                             19.750002   data required time
                                             -7.856279   data arrival time
---------------------------------------------------------------------------------------------
                                             11.893722   slack (MET)


Startpoint: op_b[0] (input port clocked by __VIRTUAL_CLK__)
Endpoint: op_out[7] (output port clocked by __VIRTUAL_CLK__)
Path Group: __VIRTUAL_CLK__
Path Type: max

Fanout         Cap        Slew       Delay        Time   Description
---------------------------------------------------------------------------------------------
                      0.000000    0.000000    0.000000   clock __VIRTUAL_CLK__ (rise edge)
                                  0.000000    0.000000   clock network delay (ideal)
                                  0.000000    0.000000 ^ input external delay
     1    0.002952    0.033258    0.016594    0.016594 ^ op_b[0] (in)
                                                         op_b[0] (net)
                      0.033258    0.000000    0.016594 ^ input13/A (sky130_fd_sc_hd__clkbuf_2)
     4    0.024441    0.215186    0.280662    0.297256 ^ input13/X (sky130_fd_sc_hd__clkbuf_2)
                                                         net13 (net)
                      0.215186    0.000788    0.298044 ^ fanout66/A (sky130_fd_sc_hd__buf_2)
    10    0.048913    0.381735    0.487843    0.785887 ^ fanout66/X (sky130_fd_sc_hd__buf_2)
                                                         net66 (net)
                      0.381735    0.000525    0.786412 ^ fanout65/A (sky130_fd_sc_hd__buf_2)
    10    0.040955    0.322774    0.511807    1.298218 ^ fanout65/X (sky130_fd_sc_hd__buf_2)
                                                         net65 (net)
                      0.322778    0.001731    1.299949 ^ _458_/A (sky130_fd_sc_hd__inv_2)
     4    0.013477    0.102600    0.183666    1.483615 v _458_/Y (sky130_fd_sc_hd__inv_2)
                                                         _188_ (net)
                      0.102600    0.000215    1.483830 v fanout35/A (sky130_fd_sc_hd__clkbuf_4)
    10    0.042067    0.163666    0.360085    1.843914 v fanout35/X (sky130_fd_sc_hd__clkbuf_4)
                                                         net35 (net)
                      0.163667    0.000735    1.844650 v _536_/A (sky130_fd_sc_hd__nor2_1)
     4    0.015510    0.478475    0.466304    2.310954 ^ _536_/Y (sky130_fd_sc_hd__nor2_1)
                                                         _007_ (net)
                      0.478475    0.000388    2.311342 ^ _780_/C (sky130_fd_sc_hd__and3_1)
     2    0.010925    0.197278    0.527588    2.838930 ^ _780_/X (sky130_fd_sc_hd__and3_1)
                                                         _254_ (net)
                      0.197278    0.000292    2.839222 ^ _781_/B1 (sky130_fd_sc_hd__a21oi_2)
     2    0.012671    0.131533    0.141661    2.980883 v _781_/Y (sky130_fd_sc_hd__a21oi_2)
                                                         _255_ (net)
                      0.131533    0.000169    2.981051 v _805_/A3 (sky130_fd_sc_hd__a31oi_2)
     2    0.008433    0.276671    0.375400    3.356452 ^ _805_/Y (sky130_fd_sc_hd__a31oi_2)
                                                         _280_ (net)
                      0.276671    0.000247    3.356698 ^ _813_/A (sky130_fd_sc_hd__xnor2_1)
     2    0.006161    0.293765    0.309559    3.666257 ^ _813_/Y (sky130_fd_sc_hd__xnor2_1)
                                                         _289_ (net)
                      0.293765    0.000178    3.666435 ^ _814_/B (sky130_fd_sc_hd__or2_1)
     1    0.002494    0.063615    0.246871    3.913306 ^ _814_/X (sky130_fd_sc_hd__or2_1)
                                                         _290_ (net)
                      0.063615    0.000048    3.913353 ^ _816_/A (sky130_fd_sc_hd__nand2_1)
     2    0.006665    0.128371    0.138925    4.052279 v _816_/Y (sky130_fd_sc_hd__nand2_1)
                                                         _292_ (net)
                      0.128371    0.000229    4.052508 v _817_/C (sky130_fd_sc_hd__and3_1)
     1    0.003934    0.080472    0.399579    4.452086 v _817_/X (sky130_fd_sc_hd__and3_1)
                                                         _293_ (net)
                      0.080472    0.000128    4.452215 v _819_/A (sky130_fd_sc_hd__nor2_1)
     2    0.007916    0.268999    0.278116    4.730330 ^ _819_/Y (sky130_fd_sc_hd__nor2_1)
                                                         _296_ (net)
                      0.268999    0.000131    4.730462 ^ _820_/B (sky130_fd_sc_hd__xnor2_1)
     2    0.005383    0.268997    0.298259    5.028721 ^ _820_/Y (sky130_fd_sc_hd__xnor2_1)
                                                         _297_ (net)
                      0.268997    0.000151    5.028872 ^ _821_/B (sky130_fd_sc_hd__or2_1)
     3    0.015557    0.241740    0.374026    5.402897 ^ _821_/X (sky130_fd_sc_hd__or2_1)
                                                         _298_ (net)
                      0.241740    0.000209    5.403106 ^ _824_/A (sky130_fd_sc_hd__nand2_1)
     3    0.008404    0.163000    0.233376    5.636482 v _824_/Y (sky130_fd_sc_hd__nand2_1)
                                                         _301_ (net)
                      0.163000    0.000107    5.636590 v _826_/B (sky130_fd_sc_hd__nor2_1)
     3    0.010427    0.337150    0.336295    5.972885 ^ _826_/Y (sky130_fd_sc_hd__nor2_1)
                                                         _303_ (net)
                      0.337150    0.000336    5.973221 ^ _892_/A2 (sky130_fd_sc_hd__o21ai_1)
     2    0.005395    0.160146    0.234397    6.207618 v _892_/Y (sky130_fd_sc_hd__o21ai_1)
                                                         _374_ (net)
                      0.160146    0.000147    6.207765 v _917_/A (sky130_fd_sc_hd__or2_1)
     1    0.003483    0.102574    0.539858    6.747623 v _917_/X (sky130_fd_sc_hd__or2_1)
                                                         _401_ (net)
                      0.102574    0.000111    6.747735 v _923_/A2 (sky130_fd_sc_hd__a311o_1)
     1    0.002821    0.093002    0.589746    7.337481 v _923_/X (sky130_fd_sc_hd__a311o_1)
                                                         net28 (net)
                      0.093002    0.000086    7.337567 v output28/A (sky130_fd_sc_hd__buf_2)
     1    0.033940    0.164574    0.354425    7.691991 v output28/X (sky130_fd_sc_hd__buf_2)
                                                         op_out[7] (net)
                      0.164574    0.000614    7.692605 v op_out[7] (out)
                                              7.692605   data arrival time

                      0.000000   20.000000   20.000000   clock __VIRTUAL_CLK__ (rise edge)
                                  0.000000   20.000000   clock network delay (ideal)
                                 -0.250000   19.750002   clock uncertainty
                                  0.000000   19.750002   clock reconvergence pessimism
                                  0.000000   19.750002   output external delay
                                             19.750002   data required time
---------------------------------------------------------------------------------------------
                                             19.750002   data required time
                                             -7.692605   data arrival time
---------------------------------------------------------------------------------------------
                                             12.057396   slack (MET)


Startpoint: op_b[0] (input port clocked by __VIRTUAL_CLK__)
Endpoint: op_out[4] (output port clocked by __VIRTUAL_CLK__)
Path Group: __VIRTUAL_CLK__
Path Type: max

Fanout         Cap        Slew       Delay        Time   Description
---------------------------------------------------------------------------------------------
                      0.000000    0.000000    0.000000   clock __VIRTUAL_CLK__ (rise edge)
                                  0.000000    0.000000   clock network delay (ideal)
                                  0.000000    0.000000 ^ input external delay
     1    0.002952    0.033258    0.016594    0.016594 ^ op_b[0] (in)
                                                         op_b[0] (net)
                      0.033258    0.000000    0.016594 ^ input13/A (sky130_fd_sc_hd__clkbuf_2)
     4    0.024441    0.215186    0.280662    0.297256 ^ input13/X (sky130_fd_sc_hd__clkbuf_2)
                                                         net13 (net)
                      0.215186    0.000788    0.298044 ^ fanout66/A (sky130_fd_sc_hd__buf_2)
    10    0.048913    0.381735    0.487843    0.785887 ^ fanout66/X (sky130_fd_sc_hd__buf_2)
                                                         net66 (net)
                      0.381735    0.000525    0.786412 ^ fanout65/A (sky130_fd_sc_hd__buf_2)
    10    0.040955    0.322774    0.511807    1.298218 ^ fanout65/X (sky130_fd_sc_hd__buf_2)
                                                         net65 (net)
                      0.322778    0.001731    1.299949 ^ _458_/A (sky130_fd_sc_hd__inv_2)
     4    0.013477    0.102600    0.183666    1.483615 v _458_/Y (sky130_fd_sc_hd__inv_2)
                                                         _188_ (net)
                      0.102600    0.000215    1.483830 v fanout35/A (sky130_fd_sc_hd__clkbuf_4)
    10    0.042067    0.163666    0.360085    1.843914 v fanout35/X (sky130_fd_sc_hd__clkbuf_4)
                                                         net35 (net)
                      0.163678    0.001514    1.845429 v _472_/A1 (sky130_fd_sc_hd__o41ai_4)
     5    0.015771    0.570540    0.778294    2.623722 ^ _472_/Y (sky130_fd_sc_hd__o41ai_4)
                                                         _338_ (net)
                      0.570540    0.000308    2.624030 ^ _481_/A2 (sky130_fd_sc_hd__a211o_1)
     4    0.012510    0.191137    0.506285    3.130315 ^ _481_/X (sky130_fd_sc_hd__a211o_1)
                                                         _410_ (net)
                      0.191137    0.000375    3.130689 ^ _484_/A2 (sky130_fd_sc_hd__a21o_1)
     4    0.013046    0.191760    0.358775    3.489465 ^ _484_/X (sky130_fd_sc_hd__a21o_1)
                                                         _413_ (net)
                      0.191760    0.000237    3.489702 ^ _493_/A1 (sky130_fd_sc_hd__a211oi_1)
     3    0.008350    0.187125    0.246030    3.735732 v _493_/Y (sky130_fd_sc_hd__a211oi_1)
                                                         _422_ (net)
                      0.187125    0.000206    3.735938 v _503_/D (sky130_fd_sc_hd__or4_1)
     3    0.008214    0.241210    1.094604    4.830542 v _503_/X (sky130_fd_sc_hd__or4_1)
                                                         _432_ (net)
                      0.241210    0.000184    4.830726 v _507_/A3 (sky130_fd_sc_hd__a31o_1)
     2    0.006148    0.093660    0.491545    5.322271 v _507_/X (sky130_fd_sc_hd__a31o_1)
                                                         _436_ (net)
                      0.093660    0.000159    5.322430 v _509_/A2 (sky130_fd_sc_hd__a211o_1)
     3    0.014876    0.184279    0.667045    5.989475 v _509_/X (sky130_fd_sc_hd__a211o_1)
                                                         _438_ (net)
                      0.184279    0.000381    5.989856 v _515_/A2 (sky130_fd_sc_hd__a21oi_4)
     8    0.037810    0.460729    0.519181    6.509037 ^ _515_/Y (sky130_fd_sc_hd__a21oi_4)
                                                         _444_ (net)
                      0.460735    0.001370    6.510407 ^ _797_/A2 (sky130_fd_sc_hd__a211oi_1)
     1    0.004310    0.157316    0.300007    6.810414 v _797_/Y (sky130_fd_sc_hd__a211oi_1)
                                                         _272_ (net)
                      0.157316    0.000153    6.810567 v _798_/B1 (sky130_fd_sc_hd__o31ai_1)
     1    0.004801    0.413560    0.164315    6.974882 ^ _798_/Y (sky130_fd_sc_hd__o31ai_1)
                                                         net25 (net)
                      0.413560    0.000183    6.975064 ^ output25/A (sky130_fd_sc_hd__buf_2)
     1    0.034398    0.274307    0.489798    7.464863 ^ output25/X (sky130_fd_sc_hd__buf_2)
                                                         op_out[4] (net)
                      0.274307    0.000789    7.465652 ^ op_out[4] (out)
                                              7.465652   data arrival time

                      0.000000   20.000000   20.000000   clock __VIRTUAL_CLK__ (rise edge)
                                  0.000000   20.000000   clock network delay (ideal)
                                 -0.250000   19.750002   clock uncertainty
                                  0.000000   19.750002   clock reconvergence pessimism
                                  0.000000   19.750002   output external delay
                                             19.750002   data required time
---------------------------------------------------------------------------------------------
                                             19.750002   data required time
                                             -7.465652   data arrival time
---------------------------------------------------------------------------------------------
                                             12.284349   slack (MET)


Startpoint: op_b[0] (input port clocked by __VIRTUAL_CLK__)
Endpoint: op_out[6] (output port clocked by __VIRTUAL_CLK__)
Path Group: __VIRTUAL_CLK__
Path Type: max

Fanout         Cap        Slew       Delay        Time   Description
---------------------------------------------------------------------------------------------
                      0.000000    0.000000    0.000000   clock __VIRTUAL_CLK__ (rise edge)
                                  0.000000    0.000000   clock network delay (ideal)
                                  0.000000    0.000000 ^ input external delay
     1    0.002952    0.033258    0.016594    0.016594 ^ op_b[0] (in)
                                                         op_b[0] (net)
                      0.033258    0.000000    0.016594 ^ input13/A (sky130_fd_sc_hd__clkbuf_2)
     4    0.024441    0.215186    0.280662    0.297256 ^ input13/X (sky130_fd_sc_hd__clkbuf_2)
                                                         net13 (net)
                      0.215186    0.000788    0.298044 ^ fanout66/A (sky130_fd_sc_hd__buf_2)
    10    0.048913    0.381735    0.487843    0.785887 ^ fanout66/X (sky130_fd_sc_hd__buf_2)
                                                         net66 (net)
                      0.381735    0.000525    0.786412 ^ fanout65/A (sky130_fd_sc_hd__buf_2)
    10    0.040955    0.322774    0.511807    1.298218 ^ fanout65/X (sky130_fd_sc_hd__buf_2)
                                                         net65 (net)
                      0.322778    0.001731    1.299949 ^ _458_/A (sky130_fd_sc_hd__inv_2)
     4    0.013477    0.102600    0.183666    1.483615 v _458_/Y (sky130_fd_sc_hd__inv_2)
                                                         _188_ (net)
                      0.102600    0.000215    1.483830 v fanout35/A (sky130_fd_sc_hd__clkbuf_4)
    10    0.042067    0.163666    0.360085    1.843914 v fanout35/X (sky130_fd_sc_hd__clkbuf_4)
                                                         net35 (net)
                      0.163667    0.000735    1.844650 v _536_/A (sky130_fd_sc_hd__nor2_1)
     4    0.015510    0.478475    0.466304    2.310954 ^ _536_/Y (sky130_fd_sc_hd__nor2_1)
                                                         _007_ (net)
                      0.478475    0.000388    2.311342 ^ _780_/C (sky130_fd_sc_hd__and3_1)
     2    0.010925    0.197278    0.527588    2.838930 ^ _780_/X (sky130_fd_sc_hd__and3_1)
                                                         _254_ (net)
                      0.197278    0.000292    2.839222 ^ _781_/B1 (sky130_fd_sc_hd__a21oi_2)
     2    0.012671    0.131533    0.141661    2.980883 v _781_/Y (sky130_fd_sc_hd__a21oi_2)
                                                         _255_ (net)
                      0.131533    0.000169    2.981051 v _805_/A3 (sky130_fd_sc_hd__a31oi_2)
     2    0.008433    0.276671    0.375400    3.356452 ^ _805_/Y (sky130_fd_sc_hd__a31oi_2)
                                                         _280_ (net)
                      0.276671    0.000247    3.356698 ^ _813_/A (sky130_fd_sc_hd__xnor2_1)
     2    0.006161    0.293765    0.309559    3.666257 ^ _813_/Y (sky130_fd_sc_hd__xnor2_1)
                                                         _289_ (net)
                      0.293765    0.000178    3.666435 ^ _814_/B (sky130_fd_sc_hd__or2_1)
     1    0.002494    0.063615    0.246871    3.913306 ^ _814_/X (sky130_fd_sc_hd__or2_1)
                                                         _290_ (net)
                      0.063615    0.000048    3.913353 ^ _816_/A (sky130_fd_sc_hd__nand2_1)
     2    0.006665    0.128371    0.138925    4.052279 v _816_/Y (sky130_fd_sc_hd__nand2_1)
                                                         _292_ (net)
                      0.128371    0.000229    4.052508 v _817_/C (sky130_fd_sc_hd__and3_1)
     1    0.003934    0.080472    0.399579    4.452086 v _817_/X (sky130_fd_sc_hd__and3_1)
                                                         _293_ (net)
                      0.080472    0.000128    4.452215 v _819_/A (sky130_fd_sc_hd__nor2_1)
     2    0.007916    0.268999    0.278116    4.730330 ^ _819_/Y (sky130_fd_sc_hd__nor2_1)
                                                         _296_ (net)
                      0.268999    0.000131    4.730462 ^ _820_/B (sky130_fd_sc_hd__xnor2_1)
     2    0.005066    0.123391    0.216307    4.946768 v _820_/Y (sky130_fd_sc_hd__xnor2_1)
                                                         _297_ (net)
                      0.123391    0.000141    4.946910 v _821_/B (sky130_fd_sc_hd__or2_1)
     3    0.014877    0.197805    0.602218    5.549128 v _821_/X (sky130_fd_sc_hd__or2_1)
                                                         _298_ (net)
                      0.197805    0.000200    5.549328 v _824_/A (sky130_fd_sc_hd__nand2_1)
     3    0.009102    0.153741    0.212410    5.761737 ^ _824_/Y (sky130_fd_sc_hd__nand2_1)
                                                         _301_ (net)
                      0.153741    0.000117    5.761855 ^ _826_/B (sky130_fd_sc_hd__nor2_1)
     3    0.009946    0.107919    0.153489    5.915344 v _826_/Y (sky130_fd_sc_hd__nor2_1)
                                                         _303_ (net)
                      0.107919    0.000249    5.915593 v _878_/A (sky130_fd_sc_hd__or2_1)
     1    0.003051    0.098494    0.511684    6.427277 v _878_/X (sky130_fd_sc_hd__or2_1)
                                                         _359_ (net)
                      0.098494    0.000092    6.427370 v _885_/A2 (sky130_fd_sc_hd__a31o_1)
     1    0.002648    0.064454    0.374194    6.801564 v _885_/X (sky130_fd_sc_hd__a31o_1)
                                                         net27 (net)
                      0.064454    0.000079    6.801643 v output27/A (sky130_fd_sc_hd__buf_2)
     1    0.034326    0.166183    0.342178    7.143821 v output27/X (sky130_fd_sc_hd__buf_2)
                                                         op_out[6] (net)
                      0.166184    0.000717    7.144538 v op_out[6] (out)
                                              7.144538   data arrival time

                      0.000000   20.000000   20.000000   clock __VIRTUAL_CLK__ (rise edge)
                                  0.000000   20.000000   clock network delay (ideal)
                                 -0.250000   19.750002   clock uncertainty
                                  0.000000   19.750002   clock reconvergence pessimism
                                  0.000000   19.750002   output external delay
                                             19.750002   data required time
---------------------------------------------------------------------------------------------
                                             19.750002   data required time
                                             -7.144538   data arrival time
---------------------------------------------------------------------------------------------
                                             12.605464   slack (MET)



%OL_END_REPORT
%OL_CREATE_REPORT checks.rpt

===========================================================================
report_checks -unconstrained
===========================================================================
======================= nom_ss_100C_1v60 Corner ===================================

Startpoint: op_b[0] (input port clocked by __VIRTUAL_CLK__)
Endpoint: op_out[0] (output port clocked by __VIRTUAL_CLK__)
Path Group: __VIRTUAL_CLK__
Path Type: max

Fanout         Cap        Slew       Delay        Time   Description
---------------------------------------------------------------------------------------------
                      0.000000    0.000000    0.000000   clock __VIRTUAL_CLK__ (rise edge)
                                  0.000000    0.000000   clock network delay (ideal)
                                  0.000000    0.000000 ^ input external delay
     1    0.002952    0.033258    0.016594    0.016594 ^ op_b[0] (in)
                                                         op_b[0] (net)
                      0.033258    0.000000    0.016594 ^ input13/A (sky130_fd_sc_hd__clkbuf_2)
     4    0.024441    0.215186    0.280662    0.297256 ^ input13/X (sky130_fd_sc_hd__clkbuf_2)
                                                         net13 (net)
                      0.215186    0.000788    0.298044 ^ fanout66/A (sky130_fd_sc_hd__buf_2)
    10    0.048913    0.381735    0.487843    0.785887 ^ fanout66/X (sky130_fd_sc_hd__buf_2)
                                                         net66 (net)
                      0.381735    0.000525    0.786412 ^ fanout65/A (sky130_fd_sc_hd__buf_2)
    10    0.040955    0.322774    0.511807    1.298218 ^ fanout65/X (sky130_fd_sc_hd__buf_2)
                                                         net65 (net)
                      0.322778    0.001731    1.299949 ^ _458_/A (sky130_fd_sc_hd__inv_2)
     4    0.013477    0.102600    0.183666    1.483615 v _458_/Y (sky130_fd_sc_hd__inv_2)
                                                         _188_ (net)
                      0.102600    0.000215    1.483830 v fanout35/A (sky130_fd_sc_hd__clkbuf_4)
    10    0.042067    0.163666    0.360085    1.843914 v fanout35/X (sky130_fd_sc_hd__clkbuf_4)
                                                         net35 (net)
                      0.163678    0.001514    1.845429 v _472_/A1 (sky130_fd_sc_hd__o41ai_4)
     5    0.015771    0.570540    0.778294    2.623722 ^ _472_/Y (sky130_fd_sc_hd__o41ai_4)
                                                         _338_ (net)
                      0.570540    0.000308    2.624030 ^ _481_/A2 (sky130_fd_sc_hd__a211o_1)
     4    0.012510    0.191137    0.506285    3.130315 ^ _481_/X (sky130_fd_sc_hd__a211o_1)
                                                         _410_ (net)
                      0.191137    0.000375    3.130689 ^ _484_/A2 (sky130_fd_sc_hd__a21o_1)
     4    0.013046    0.191760    0.358775    3.489465 ^ _484_/X (sky130_fd_sc_hd__a21o_1)
                                                         _413_ (net)
                      0.191760    0.000237    3.489702 ^ _493_/A1 (sky130_fd_sc_hd__a211oi_1)
     3    0.008350    0.187125    0.246030    3.735732 v _493_/Y (sky130_fd_sc_hd__a211oi_1)
                                                         _422_ (net)
                      0.187125    0.000206    3.735938 v _503_/D (sky130_fd_sc_hd__or4_1)
     3    0.008214    0.241210    1.094604    4.830542 v _503_/X (sky130_fd_sc_hd__or4_1)
                                                         _432_ (net)
                      0.241210    0.000184    4.830726 v _507_/A3 (sky130_fd_sc_hd__a31o_1)
     2    0.006148    0.093660    0.491545    5.322271 v _507_/X (sky130_fd_sc_hd__a31o_1)
                                                         _436_ (net)
                      0.093660    0.000159    5.322430 v _509_/A2 (sky130_fd_sc_hd__a211o_1)
     3    0.014876    0.184279    0.667045    5.989475 v _509_/X (sky130_fd_sc_hd__a211o_1)
                                                         _438_ (net)
                      0.184279    0.000381    5.989856 v _515_/A2 (sky130_fd_sc_hd__a21oi_4)
     8    0.037810    0.460729    0.519181    6.509037 ^ _515_/Y (sky130_fd_sc_hd__a21oi_4)
                                                         _444_ (net)
                      0.460734    0.001250    6.510287 ^ _524_/S (sky130_fd_sc_hd__mux2_1)
     2    0.008464    0.163301    0.893809    7.404096 v _524_/X (sky130_fd_sc_hd__mux2_1)
                                                         _453_ (net)
                      0.163301    0.000223    7.404319 v _539_/A2 (sky130_fd_sc_hd__a221o_1)
     3    0.009872    0.160012    0.752525    8.156843 v _539_/X (sky130_fd_sc_hd__a221o_1)
                                                         _010_ (net)
                      0.160012    0.000203    8.157046 v _544_/A3 (sky130_fd_sc_hd__a311o_1)
     5    0.016148    0.207144    0.812884    8.969930 v _544_/X (sky130_fd_sc_hd__a311o_1)
                                                         _015_ (net)
                      0.207144    0.000512    8.970443 v _571_/A1 (sky130_fd_sc_hd__a21o_1)
     4    0.011602    0.129731    0.413963    9.384405 v _571_/X (sky130_fd_sc_hd__a21o_1)
                                                         _042_ (net)
                      0.129731    0.000310    9.384715 v _574_/B (sky130_fd_sc_hd__and3_1)
     3    0.007282    0.107056    0.401501    9.786217 v _574_/X (sky130_fd_sc_hd__and3_1)
                                                         _045_ (net)
                      0.107056    0.000177    9.786393 v _585_/A (sky130_fd_sc_hd__or4_1)
     1    0.002545    0.172656    1.205925   10.992318 v _585_/X (sky130_fd_sc_hd__or4_1)
                                                         _056_ (net)
                      0.172656    0.000079   10.992397 v _586_/C (sky130_fd_sc_hd__or4b_1)
     1    0.009014    0.249868    1.244213   12.236610 v _586_/X (sky130_fd_sc_hd__or4b_1)
                                                         _057_ (net)
                      0.249868    0.000283   12.236894 v _590_/A2 (sky130_fd_sc_hd__a311oi_4)
     4    0.019514    0.534267    0.666089   12.902982 ^ _590_/Y (sky130_fd_sc_hd__a311oi_4)
                                                         _061_ (net)
                      0.534267    0.000678   12.903660 ^ max_cap30/A (sky130_fd_sc_hd__buf_6)
     5    0.026837    0.107579    0.383622   13.287282 ^ max_cap30/X (sky130_fd_sc_hd__buf_6)
                                                         net30 (net)
                      0.107579    0.000362   13.287644 ^ _619_/S (sky130_fd_sc_hd__mux2_2)
     5    0.022538    0.178771    0.809316   14.096960 v _619_/X (sky130_fd_sc_hd__mux2_2)
                                                         _090_ (net)
                      0.178771    0.000666   14.097627 v _623_/B1 (sky130_fd_sc_hd__o22a_1)
     2    0.006181    0.117108    0.427179   14.524806 v _623_/X (sky130_fd_sc_hd__o22a_1)
                                                         _094_ (net)
                      0.117108    0.000128   14.524934 v _624_/B (sky130_fd_sc_hd__or4bb_4)
     4    0.020550    0.207884    1.132659   15.657593 v _624_/X (sky130_fd_sc_hd__or4bb_4)
                                                         _095_ (net)
                      0.207884    0.000526   15.658119 v _628_/A1 (sky130_fd_sc_hd__a21oi_4)
     3    0.014440    0.233267    0.321505   15.979624 ^ _628_/Y (sky130_fd_sc_hd__a21oi_4)
                                                         _099_ (net)
                      0.233267    0.000346   15.979970 ^ fanout29/A (sky130_fd_sc_hd__clkbuf_4)
    10    0.042117    0.213834    0.429059   16.409029 ^ fanout29/X (sky130_fd_sc_hd__clkbuf_4)
                                                         net29 (net)
                      0.213838    0.001265   16.410294 ^ _665_/S (sky130_fd_sc_hd__mux2_1)
     3    0.008659    0.165433    0.828470   17.238764 v _665_/X (sky130_fd_sc_hd__mux2_1)
                                                         _136_ (net)
                      0.165433    0.000135   17.238899 v _669_/A2 (sky130_fd_sc_hd__a21o_1)
     1    0.003458    0.065335    0.360091   17.598989 v _669_/X (sky130_fd_sc_hd__a21o_1)
                                                         _140_ (net)
                      0.065392    0.000105   17.599094 v _671_/A2 (sky130_fd_sc_hd__o211a_1)
     1    0.002964    0.072485    0.372360   17.971455 v _671_/X (sky130_fd_sc_hd__o211a_1)
                                                         _142_ (net)
                      0.072485    0.000085   17.971539 v _672_/B2 (sky130_fd_sc_hd__o221a_1)
     1    0.003676    0.101360    0.406018   18.377558 v _672_/X (sky130_fd_sc_hd__o221a_1)
                                                         _143_ (net)
                      0.101360    0.000119   18.377676 v _675_/A2 (sky130_fd_sc_hd__o21a_1)
     1    0.002350    0.061143    0.313079   18.690756 v _675_/X (sky130_fd_sc_hd__o21a_1)
                                                         _146_ (net)
                      0.061143    0.000044   18.690800 v _679_/A1 (sky130_fd_sc_hd__o21a_1)
     1    0.007658    0.107425    0.375474   19.066275 v _679_/X (sky130_fd_sc_hd__o21a_1)
                                                         _150_ (net)
                      0.107425    0.000350   19.066624 v _700_/A (sky130_fd_sc_hd__or3_1)
     1    0.004570    0.157436    0.886494   19.953119 v _700_/X (sky130_fd_sc_hd__or3_1)
                                                         net21 (net)
                      0.157436    0.000160   19.953279 v output21/A (sky130_fd_sc_hd__buf_2)
     1    0.034394    0.166506    0.386828   20.340107 v output21/X (sky130_fd_sc_hd__buf_2)
                                                         op_out[0] (net)
                      0.166507    0.000789   20.340897 v op_out[0] (out)
                                             20.340897   data arrival time

                      0.000000   20.000000   20.000000   clock __VIRTUAL_CLK__ (rise edge)
                                  0.000000   20.000000   clock network delay (ideal)
                                 -0.250000   19.750002   clock uncertainty
                                  0.000000   19.750002   clock reconvergence pessimism
                                  0.000000   19.750002   output external delay
                                             19.750002   data required time
---------------------------------------------------------------------------------------------
                                             19.750002   data required time
                                            -20.340897   data arrival time
---------------------------------------------------------------------------------------------
                                             -0.590894   slack (VIOLATED)




===========================================================================
report_checks --slack_max -0.01
============================================================================
======================= nom_ss_100C_1v60 Corner ===================================

Startpoint: op_b[0] (input port clocked by __VIRTUAL_CLK__)
Endpoint: op_out[0] (output port clocked by __VIRTUAL_CLK__)
Path Group: __VIRTUAL_CLK__
Path Type: max

Fanout         Cap        Slew       Delay        Time   Description
---------------------------------------------------------------------------------------------
                      0.000000    0.000000    0.000000   clock __VIRTUAL_CLK__ (rise edge)
                                  0.000000    0.000000   clock network delay (ideal)
                                  0.000000    0.000000 ^ input external delay
     1    0.002952    0.033258    0.016594    0.016594 ^ op_b[0] (in)
                                                         op_b[0] (net)
                      0.033258    0.000000    0.016594 ^ input13/A (sky130_fd_sc_hd__clkbuf_2)
     4    0.024441    0.215186    0.280662    0.297256 ^ input13/X (sky130_fd_sc_hd__clkbuf_2)
                                                         net13 (net)
                      0.215186    0.000788    0.298044 ^ fanout66/A (sky130_fd_sc_hd__buf_2)
    10    0.048913    0.381735    0.487843    0.785887 ^ fanout66/X (sky130_fd_sc_hd__buf_2)
                                                         net66 (net)
                      0.381735    0.000525    0.786412 ^ fanout65/A (sky130_fd_sc_hd__buf_2)
    10    0.040955    0.322774    0.511807    1.298218 ^ fanout65/X (sky130_fd_sc_hd__buf_2)
                                                         net65 (net)
                      0.322778    0.001731    1.299949 ^ _458_/A (sky130_fd_sc_hd__inv_2)
     4    0.013477    0.102600    0.183666    1.483615 v _458_/Y (sky130_fd_sc_hd__inv_2)
                                                         _188_ (net)
                      0.102600    0.000215    1.483830 v fanout35/A (sky130_fd_sc_hd__clkbuf_4)
    10    0.042067    0.163666    0.360085    1.843914 v fanout35/X (sky130_fd_sc_hd__clkbuf_4)
                                                         net35 (net)
                      0.163678    0.001514    1.845429 v _472_/A1 (sky130_fd_sc_hd__o41ai_4)
     5    0.015771    0.570540    0.778294    2.623722 ^ _472_/Y (sky130_fd_sc_hd__o41ai_4)
                                                         _338_ (net)
                      0.570540    0.000308    2.624030 ^ _481_/A2 (sky130_fd_sc_hd__a211o_1)
     4    0.012510    0.191137    0.506285    3.130315 ^ _481_/X (sky130_fd_sc_hd__a211o_1)
                                                         _410_ (net)
                      0.191137    0.000375    3.130689 ^ _484_/A2 (sky130_fd_sc_hd__a21o_1)
     4    0.013046    0.191760    0.358775    3.489465 ^ _484_/X (sky130_fd_sc_hd__a21o_1)
                                                         _413_ (net)
                      0.191760    0.000237    3.489702 ^ _493_/A1 (sky130_fd_sc_hd__a211oi_1)
     3    0.008350    0.187125    0.246030    3.735732 v _493_/Y (sky130_fd_sc_hd__a211oi_1)
                                                         _422_ (net)
                      0.187125    0.000206    3.735938 v _503_/D (sky130_fd_sc_hd__or4_1)
     3    0.008214    0.241210    1.094604    4.830542 v _503_/X (sky130_fd_sc_hd__or4_1)
                                                         _432_ (net)
                      0.241210    0.000184    4.830726 v _507_/A3 (sky130_fd_sc_hd__a31o_1)
     2    0.006148    0.093660    0.491545    5.322271 v _507_/X (sky130_fd_sc_hd__a31o_1)
                                                         _436_ (net)
                      0.093660    0.000159    5.322430 v _509_/A2 (sky130_fd_sc_hd__a211o_1)
     3    0.014876    0.184279    0.667045    5.989475 v _509_/X (sky130_fd_sc_hd__a211o_1)
                                                         _438_ (net)
                      0.184279    0.000381    5.989856 v _515_/A2 (sky130_fd_sc_hd__a21oi_4)
     8    0.037810    0.460729    0.519181    6.509037 ^ _515_/Y (sky130_fd_sc_hd__a21oi_4)
                                                         _444_ (net)
                      0.460734    0.001250    6.510287 ^ _524_/S (sky130_fd_sc_hd__mux2_1)
     2    0.008464    0.163301    0.893809    7.404096 v _524_/X (sky130_fd_sc_hd__mux2_1)
                                                         _453_ (net)
                      0.163301    0.000223    7.404319 v _539_/A2 (sky130_fd_sc_hd__a221o_1)
     3    0.009872    0.160012    0.752525    8.156843 v _539_/X (sky130_fd_sc_hd__a221o_1)
                                                         _010_ (net)
                      0.160012    0.000203    8.157046 v _544_/A3 (sky130_fd_sc_hd__a311o_1)
     5    0.016148    0.207144    0.812884    8.969930 v _544_/X (sky130_fd_sc_hd__a311o_1)
                                                         _015_ (net)
                      0.207144    0.000512    8.970443 v _571_/A1 (sky130_fd_sc_hd__a21o_1)
     4    0.011602    0.129731    0.413963    9.384405 v _571_/X (sky130_fd_sc_hd__a21o_1)
                                                         _042_ (net)
                      0.129731    0.000310    9.384715 v _574_/B (sky130_fd_sc_hd__and3_1)
     3    0.007282    0.107056    0.401501    9.786217 v _574_/X (sky130_fd_sc_hd__and3_1)
                                                         _045_ (net)
                      0.107056    0.000177    9.786393 v _585_/A (sky130_fd_sc_hd__or4_1)
     1    0.002545    0.172656    1.205925   10.992318 v _585_/X (sky130_fd_sc_hd__or4_1)
                                                         _056_ (net)
                      0.172656    0.000079   10.992397 v _586_/C (sky130_fd_sc_hd__or4b_1)
     1    0.009014    0.249868    1.244213   12.236610 v _586_/X (sky130_fd_sc_hd__or4b_1)
                                                         _057_ (net)
                      0.249868    0.000283   12.236894 v _590_/A2 (sky130_fd_sc_hd__a311oi_4)
     4    0.019514    0.534267    0.666089   12.902982 ^ _590_/Y (sky130_fd_sc_hd__a311oi_4)
                                                         _061_ (net)
                      0.534267    0.000678   12.903660 ^ max_cap30/A (sky130_fd_sc_hd__buf_6)
     5    0.026837    0.107579    0.383622   13.287282 ^ max_cap30/X (sky130_fd_sc_hd__buf_6)
                                                         net30 (net)
                      0.107579    0.000362   13.287644 ^ _619_/S (sky130_fd_sc_hd__mux2_2)
     5    0.022538    0.178771    0.809316   14.096960 v _619_/X (sky130_fd_sc_hd__mux2_2)
                                                         _090_ (net)
                      0.178771    0.000666   14.097627 v _623_/B1 (sky130_fd_sc_hd__o22a_1)
     2    0.006181    0.117108    0.427179   14.524806 v _623_/X (sky130_fd_sc_hd__o22a_1)
                                                         _094_ (net)
                      0.117108    0.000128   14.524934 v _624_/B (sky130_fd_sc_hd__or4bb_4)
     4    0.020550    0.207884    1.132659   15.657593 v _624_/X (sky130_fd_sc_hd__or4bb_4)
                                                         _095_ (net)
                      0.207884    0.000526   15.658119 v _628_/A1 (sky130_fd_sc_hd__a21oi_4)
     3    0.014440    0.233267    0.321505   15.979624 ^ _628_/Y (sky130_fd_sc_hd__a21oi_4)
                                                         _099_ (net)
                      0.233267    0.000346   15.979970 ^ fanout29/A (sky130_fd_sc_hd__clkbuf_4)
    10    0.042117    0.213834    0.429059   16.409029 ^ fanout29/X (sky130_fd_sc_hd__clkbuf_4)
                                                         net29 (net)
                      0.213838    0.001265   16.410294 ^ _665_/S (sky130_fd_sc_hd__mux2_1)
     3    0.008659    0.165433    0.828470   17.238764 v _665_/X (sky130_fd_sc_hd__mux2_1)
                                                         _136_ (net)
                      0.165433    0.000135   17.238899 v _669_/A2 (sky130_fd_sc_hd__a21o_1)
     1    0.003458    0.065335    0.360091   17.598989 v _669_/X (sky130_fd_sc_hd__a21o_1)
                                                         _140_ (net)
                      0.065392    0.000105   17.599094 v _671_/A2 (sky130_fd_sc_hd__o211a_1)
     1    0.002964    0.072485    0.372360   17.971455 v _671_/X (sky130_fd_sc_hd__o211a_1)
                                                         _142_ (net)
                      0.072485    0.000085   17.971539 v _672_/B2 (sky130_fd_sc_hd__o221a_1)
     1    0.003676    0.101360    0.406018   18.377558 v _672_/X (sky130_fd_sc_hd__o221a_1)
                                                         _143_ (net)
                      0.101360    0.000119   18.377676 v _675_/A2 (sky130_fd_sc_hd__o21a_1)
     1    0.002350    0.061143    0.313079   18.690756 v _675_/X (sky130_fd_sc_hd__o21a_1)
                                                         _146_ (net)
                      0.061143    0.000044   18.690800 v _679_/A1 (sky130_fd_sc_hd__o21a_1)
     1    0.007658    0.107425    0.375474   19.066275 v _679_/X (sky130_fd_sc_hd__o21a_1)
                                                         _150_ (net)
                      0.107425    0.000350   19.066624 v _700_/A (sky130_fd_sc_hd__or3_1)
     1    0.004570    0.157436    0.886494   19.953119 v _700_/X (sky130_fd_sc_hd__or3_1)
                                                         net21 (net)
                      0.157436    0.000160   19.953279 v output21/A (sky130_fd_sc_hd__buf_2)
     1    0.034394    0.166506    0.386828   20.340107 v output21/X (sky130_fd_sc_hd__buf_2)
                                                         op_out[0] (net)
                      0.166507    0.000789   20.340897 v op_out[0] (out)
                                             20.340897   data arrival time

                      0.000000   20.000000   20.000000   clock __VIRTUAL_CLK__ (rise edge)
                                  0.000000   20.000000   clock network delay (ideal)
                                 -0.250000   19.750002   clock uncertainty
                                  0.000000   19.750002   clock reconvergence pessimism
                                  0.000000   19.750002   output external delay
                                             19.750002   data required time
---------------------------------------------------------------------------------------------
                                             19.750002   data required time
                                            -20.340897   data arrival time
---------------------------------------------------------------------------------------------
                                             -0.590894   slack (VIOLATED)




===========================================================================
 report_check_types -max_slew -max_cap -max_fanout -violators
============================================================================
======================= nom_ss_100C_1v60 Corner ===================================



===========================================================================
report_parasitic_annotation -report_unannotated
============================================================================
Found 0 unannotated drivers.
Found 0 partially unannotated drivers.

===========================================================================
max slew violation count 0
%OL_METRIC_I design__max_slew_violation__count__corner:nom_ss_100C_1v60 0
max fanout violation count 0
%OL_METRIC_I design__max_fanout_violation__count__corner:nom_ss_100C_1v60 0
max cap violation count 0
%OL_METRIC_I design__max_cap_violation__count__corner:nom_ss_100C_1v60 0
============================================================================

===========================================================================
check_setup -verbose -unconstrained_endpoints -multiple_clock -no_clock -no_input_delay -loops -generated_clocks
===========================================================================
%OL_END_REPORT
%OL_CREATE_REPORT power.rpt

===========================================================================
 report_power
============================================================================
======================= nom_ss_100C_1v60 Corner ===================================

Group                    Internal    Switching      Leakage        Total
                            Power        Power        Power        Power (Watts)
------------------------------------------------------------------------
Sequential           0.000000e+00 0.000000e+00 0.000000e+00 0.000000e+00   0.0%
Combinational        4.764835e-05 5.918670e-05 2.218917e-06 1.090540e-04 100.0%
Clock                0.000000e+00 0.000000e+00 1.398403e-09 1.398403e-09   0.0%
Macro                0.000000e+00 0.000000e+00 0.000000e+00 0.000000e+00   0.0%
Pad                  0.000000e+00 0.000000e+00 0.000000e+00 0.000000e+00   0.0%
------------------------------------------------------------------------
Total                4.764835e-05 5.918670e-05 2.220316e-06 1.090554e-04 100.0%
                            43.7%        54.3%         2.0%
%OL_METRIC_F power__internal__total 4.764835102832876e-5
%OL_METRIC_F power__switching__total 5.91866992181167e-5
%OL_METRIC_F power__leakage__total 2.220315764134284e-6
%OL_METRIC_F power__total 0.00010905537055805326

%OL_END_REPORT
%OL_CREATE_REPORT skew.min.rpt

===========================================================================
Clock Skew (Hold)
============================================================================
%OL_METRIC_F clock__skew__worst_hold__corner:nom_ss_100C_1v60 0.0
======================= nom_ss_100C_1v60 Corner ===================================

Clock __VIRTUAL_CLK__
No launch/capture paths found.

%OL_END_REPORT
%OL_CREATE_REPORT skew.max.rpt

===========================================================================
Clock Skew (Setup)
============================================================================
%OL_METRIC_F clock__skew__worst_setup__corner:nom_ss_100C_1v60 0.0
======================= nom_ss_100C_1v60 Corner ===================================

Clock __VIRTUAL_CLK__
No launch/capture paths found.

%OL_END_REPORT
%OL_CREATE_REPORT ws.min.rpt

===========================================================================
Worst Slack (Hold)
============================================================================
%OL_METRIC_F timing__hold__ws__corner:nom_ss_100C_1v60 0.993895660571061
nom_ss_100C_1v60: 0.993895660571061
%OL_END_REPORT
%OL_CREATE_REPORT ws.max.rpt

===========================================================================
Worst Slack (Setup)
============================================================================
%OL_METRIC_F timing__setup__ws__corner:nom_ss_100C_1v60 -0.5908944611970935
nom_ss_100C_1v60: -0.5908944611970935
%OL_END_REPORT
%OL_CREATE_REPORT tns.min.rpt

===========================================================================
Total Negative Slack (Hold)
============================================================================
%OL_METRIC_F timing__hold__tns__corner:nom_ss_100C_1v60 0.0
nom_ss_100C_1v60: 0.0
%OL_END_REPORT
%OL_CREATE_REPORT tns.max.rpt

===========================================================================
Total Negative Slack (Setup)
============================================================================
%OL_METRIC_F timing__setup__tns__corner:nom_ss_100C_1v60 -0.5908944611970935
nom_ss_100C_1v60: -0.5908944611970935
%OL_END_REPORT
%OL_CREATE_REPORT wns.min.rpt

===========================================================================
Worst Negative Slack (Hold)
============================================================================
%OL_METRIC_F timing__hold__wns__corner:nom_ss_100C_1v60 0
nom_ss_100C_1v60: 0
%OL_END_REPORT
%OL_CREATE_REPORT wns.max.rpt

===========================================================================
Worst Negative Slack (Setup)
============================================================================
%OL_METRIC_F timing__setup__wns__corner:nom_ss_100C_1v60 -0.5908944611970935
nom_ss_100C_1v60: -0.5908944611970935
%OL_END_REPORT
%OL_CREATE_REPORT violator_list.rpt

===========================================================================
Violator List
============================================================================
[setup in-out] op_b[0] -> op_out[0] : -0.590894
%OL_METRIC_I timing__hold_vio__count__corner:nom_ss_100C_1v60 0
%OL_METRIC_F timing__hold_r2r__ws__corner:nom_ss_100C_1v60 inf
%OL_METRIC_I timing__hold_r2r_vio__count__corner:nom_ss_100C_1v60 0
%OL_METRIC_I timing__setup_vio__count__corner:nom_ss_100C_1v60 1
%OL_METRIC_F timing__setup_r2r__ws__corner:nom_ss_100C_1v60 inf
%OL_METRIC_I timing__setup_r2r_vio__count__corner:nom_ss_100C_1v60 0
%OL_END_REPORT
%OL_CREATE_REPORT unpropagated.rpt
__VIRTUAL_CLK__
%OL_END_REPORT
%OL_CREATE_REPORT clock.rpt
Clock: __VIRTUAL_CLK__
Sources: 
Generated: no
Virtual: yes
Propagated: no
Period: 20.000000

===========================================================================
report_clock_properties
============================================================================
Clock                   Period          Waveform
----------------------------------------------------
__VIRTUAL_CLK__      20.000000    0.000000 10.000000

===========================================================================
report_clock_latency
============================================================================
Clock __VIRTUAL_CLK__


===========================================================================
report_clock_min_period
============================================================================
__VIRTUAL_CLK__ period_min = 0.00 fmax = inf
%OL_END_REPORT
Writing SDF files for all corners…
Removing Clock latencies before writing libs…
Writing timing models for all corners…
Writing timing models for the nom_ss_100C_1v60 corner to /home/letienthanh/8bitalu/runs/RUN_2026-08-05_11-53-42/54-openroad-stapostpnr/nom_ss_100C_1v60/alu8bit__nom_ss_100C_1v60.lib…
