Reading timing models for corner nom_tt_025C_1v80…
Reading cell library for the 'nom_tt_025C_1v80' corner at '/home/letienthanh/.volare/volare/sky130/versions/0fe599b2afb6708d281543108caf8310912f54af/sky130A/libs.ref/sky130_fd_sc_hd/lib/sky130_fd_sc_hd__tt_025C_1v80.lib'…
Reading top-level netlist at '/home/letienthanh/8bitalu/runs/RUN_2026-08-05_09-54-51/06-yosys-synthesis/alu8bit.nl.v'…
Linking design 'alu8bit' from netlist…
Reading design constraints file at '/nix/store/ss2cw3sxbrwwx9jl0rrppbw4kgcmgi2n-python3-3.11.9-env/lib/python3.11/site-packages/openlane/scripts/base.sdc'…
Warning: base.sdc line 15, port '__VIRTUAL_CLK__' not found.
[INFO] Using clock __VIRTUAL_CLK__…
[INFO] Setting output delay to: 2
[INFO] Setting input delay to: 2
Warning: base.sdc line 32, port '__VIRTUAL_CLK__' not found.
[INFO] Setting load to: 0.033442
[INFO] Setting clock uncertainty to: 0.25
[INFO] Setting clock transition to: 0.1499999999999999944488848768742172978818416595458984375
Warning: base.sdc line 69, transition time can not be specified for virtual clocks.
[INFO] Setting timing derate to: 5%
%OL_CREATE_REPORT min.rpt

===========================================================================
report_checks -path_delay min (Hold)
============================================================================
======================= nom_tt_025C_1v80 Corner ===================================

Startpoint: inst[2] (input port clocked by __VIRTUAL_CLK__)
Endpoint: op_out[6] (output port clocked by __VIRTUAL_CLK__)
Path Group: __VIRTUAL_CLK__
Path Type: min

Fanout         Cap        Slew       Delay        Time   Description
---------------------------------------------------------------------------------------------
                      0.000000    0.000000    0.000000   clock __VIRTUAL_CLK__ (rise edge)
                                  0.000000    0.000000   clock network delay (ideal)
                                  2.000000    2.000000 ^ input external delay
     8    0.018596    0.091179    0.061101    2.061101 ^ inst[2] (in)
                                                         inst[2] (net)
                      0.091179    0.000000    2.061101 ^ _694_/A (sky130_fd_sc_hd__nor3_2)
     8    0.017159    0.051097    0.080443    2.141544 v _694_/Y (sky130_fd_sc_hd__nor3_2)
                                                         _165_ (net)
                      0.051097    0.000000    2.141544 v _885_/A1 (sky130_fd_sc_hd__a31o_2)
     1    0.033442    0.102761    0.277015    2.418558 v _885_/X (sky130_fd_sc_hd__a31o_2)
                                                         op_out[6] (net)
                      0.102761    0.000000    2.418558 v op_out[6] (out)
                                              2.418558   data arrival time

                      0.000000    0.000000    0.000000   clock __VIRTUAL_CLK__ (rise edge)
                                  0.000000    0.000000   clock network delay (ideal)
                                  0.250000    0.250000   clock uncertainty
                                  0.000000    0.250000   clock reconvergence pessimism
                                 -2.000000   -1.750000   output external delay
                                             -1.750000   data required time
---------------------------------------------------------------------------------------------
                                             -1.750000   data required time
                                             -2.418558   data arrival time
---------------------------------------------------------------------------------------------
                                              4.168558   slack (MET)


Startpoint: inst[3] (input port clocked by __VIRTUAL_CLK__)
Endpoint: op_out[0] (output port clocked by __VIRTUAL_CLK__)
Path Group: __VIRTUAL_CLK__
Path Type: min

Fanout         Cap        Slew       Delay        Time   Description
---------------------------------------------------------------------------------------------
                      0.000000    0.000000    0.000000   clock __VIRTUAL_CLK__ (rise edge)
                                  0.000000    0.000000   clock network delay (ideal)
                                  2.000000    2.000000 ^ input external delay
    11    0.024383    0.117111    0.079158    2.079158 ^ inst[3] (in)
                                                         inst[3] (net)
                      0.117111    0.000000    2.079158 ^ _685_/C1 (sky130_fd_sc_hd__o2111a_2)
     1    0.001705    0.035627    0.189846    2.269004 ^ _685_/X (sky130_fd_sc_hd__o2111a_2)
                                                         _156_ (net)
                      0.035627    0.000000    2.269004 ^ _700_/B (sky130_fd_sc_hd__or3_2)
     1    0.033442    0.171551    0.202740    2.471744 ^ _700_/X (sky130_fd_sc_hd__or3_2)
                                                         op_out[0] (net)
                      0.171551    0.000000    2.471744 ^ op_out[0] (out)
                                              2.471744   data arrival time

                      0.000000    0.000000    0.000000   clock __VIRTUAL_CLK__ (rise edge)
                                  0.000000    0.000000   clock network delay (ideal)
                                  0.250000    0.250000   clock uncertainty
                                  0.000000    0.250000   clock reconvergence pessimism
                                 -2.000000   -1.750000   output external delay
                                             -1.750000   data required time
---------------------------------------------------------------------------------------------
                                             -1.750000   data required time
                                             -2.471744   data arrival time
---------------------------------------------------------------------------------------------
                                              4.221744   slack (MET)


Startpoint: inst[2] (input port clocked by __VIRTUAL_CLK__)
Endpoint: op_out[4] (output port clocked by __VIRTUAL_CLK__)
Path Group: __VIRTUAL_CLK__
Path Type: min

Fanout         Cap        Slew       Delay        Time   Description
---------------------------------------------------------------------------------------------
                      0.000000    0.000000    0.000000   clock __VIRTUAL_CLK__ (rise edge)
                                  0.000000    0.000000   clock network delay (ideal)
                                  2.000000    2.000000 ^ input external delay
     8    0.018596    0.091179    0.061101    2.061101 ^ inst[2] (in)
                                                         inst[2] (net)
                      0.091179    0.000000    2.061101 ^ _690_/A (sky130_fd_sc_hd__or4b_2)
     8    0.028765    0.173814    0.227891    2.288992 ^ _690_/X (sky130_fd_sc_hd__or4b_2)
                                                         _161_ (net)
                      0.173814    0.000000    2.288992 ^ _798_/A1 (sky130_fd_sc_hd__o31ai_2)
     1    0.033442    0.137990    0.196684    2.485677 v _798_/Y (sky130_fd_sc_hd__o31ai_2)
                                                         op_out[4] (net)
                      0.137990    0.000000    2.485677 v op_out[4] (out)
                                              2.485677   data arrival time

                      0.000000    0.000000    0.000000   clock __VIRTUAL_CLK__ (rise edge)
                                  0.000000    0.000000   clock network delay (ideal)
                                  0.250000    0.250000   clock uncertainty
                                  0.000000    0.250000   clock reconvergence pessimism
                                 -2.000000   -1.750000   output external delay
                                             -1.750000   data required time
---------------------------------------------------------------------------------------------
                                             -1.750000   data required time
                                             -2.485677   data arrival time
---------------------------------------------------------------------------------------------
                                              4.235677   slack (MET)


Startpoint: op_a[5] (input port clocked by __VIRTUAL_CLK__)
Endpoint: op_out[5] (output port clocked by __VIRTUAL_CLK__)
Path Group: __VIRTUAL_CLK__
Path Type: min

Fanout         Cap        Slew       Delay        Time   Description
---------------------------------------------------------------------------------------------
                      0.000000    0.000000    0.000000   clock __VIRTUAL_CLK__ (rise edge)
                                  0.000000    0.000000   clock network delay (ideal)
                                  2.000000    2.000000 ^ input external delay
    14    0.042635    0.198964    0.135861    2.135861 ^ op_a[5] (in)
                                                         op_a[5] (net)
                      0.198964    0.000000    2.135861 ^ _839_/A1 (sky130_fd_sc_hd__a32o_2)
     1    0.001649    0.036188    0.183143    2.319004 ^ _839_/X (sky130_fd_sc_hd__a32o_2)
                                                         _318_ (net)
                      0.036188    0.000000    2.319004 ^ _842_/A (sky130_fd_sc_hd__or3_2)
     1    0.033442    0.171550    0.204812    2.523816 ^ _842_/X (sky130_fd_sc_hd__or3_2)
                                                         op_out[5] (net)
                      0.171550    0.000000    2.523816 ^ op_out[5] (out)
                                              2.523816   data arrival time

                      0.000000    0.000000    0.000000   clock __VIRTUAL_CLK__ (rise edge)
                                  0.000000    0.000000   clock network delay (ideal)
                                  0.250000    0.250000   clock uncertainty
                                  0.000000    0.250000   clock reconvergence pessimism
                                 -2.000000   -1.750000   output external delay
                                             -1.750000   data required time
---------------------------------------------------------------------------------------------
                                             -1.750000   data required time
                                             -2.523816   data arrival time
---------------------------------------------------------------------------------------------
                                              4.273816   slack (MET)


Startpoint: op_a[6] (input port clocked by __VIRTUAL_CLK__)
Endpoint: op_out[7] (output port clocked by __VIRTUAL_CLK__)
Path Group: __VIRTUAL_CLK__
Path Type: min

Fanout         Cap        Slew       Delay        Time   Description
---------------------------------------------------------------------------------------------
                      0.000000    0.000000    0.000000   clock __VIRTUAL_CLK__ (rise edge)
                                  0.000000    0.000000   clock network delay (ideal)
                                  2.000000    2.000000 ^ input external delay
    16    0.052899    0.245102    0.167338    2.167338 ^ op_a[6] (in)
                                                         op_a[6] (net)
                      0.245102    0.000000    2.167338 ^ _922_/A1 (sky130_fd_sc_hd__a211o_2)
     1    0.002434    0.024880    0.168977    2.336315 ^ _922_/X (sky130_fd_sc_hd__a211o_2)
                                                         _407_ (net)
                      0.024880    0.000000    2.336315 ^ _923_/B1 (sky130_fd_sc_hd__a311o_2)
     1    0.033442    0.177949    0.202385    2.538700 ^ _923_/X (sky130_fd_sc_hd__a311o_2)
                                                         op_out[7] (net)
                      0.177949    0.000000    2.538700 ^ op_out[7] (out)
                                              2.538700   data arrival time

                      0.000000    0.000000    0.000000   clock __VIRTUAL_CLK__ (rise edge)
                                  0.000000    0.000000   clock network delay (ideal)
                                  0.250000    0.250000   clock uncertainty
                                  0.000000    0.250000   clock reconvergence pessimism
                                 -2.000000   -1.750000   output external delay
                                             -1.750000   data required time
---------------------------------------------------------------------------------------------
                                             -1.750000   data required time
                                             -2.538700   data arrival time
---------------------------------------------------------------------------------------------
                                              4.288699   slack (MET)


Startpoint: op_a[1] (input port clocked by __VIRTUAL_CLK__)
Endpoint: op_out[2] (output port clocked by __VIRTUAL_CLK__)
Path Group: __VIRTUAL_CLK__
Path Type: min

Fanout         Cap        Slew       Delay        Time   Description
---------------------------------------------------------------------------------------------
                      0.000000    0.000000    0.000000   clock __VIRTUAL_CLK__ (rise edge)
                                  0.000000    0.000000   clock network delay (ideal)
                                  2.000000    2.000000 v input external delay
    21    0.062324    0.135973    0.100052    2.100052 v op_a[1] (in)
                                                         op_a[1] (net)
                      0.135973    0.000000    2.100052 v _713_/A (sky130_fd_sc_hd__nand2_2)
     2    0.007006    0.058244    0.100154    2.200206 ^ _713_/Y (sky130_fd_sc_hd__nand2_2)
                                                         _183_ (net)
                      0.058244    0.000000    2.200206 ^ _724_/A1 (sky130_fd_sc_hd__a21o_2)
     3    0.006402    0.043073    0.124752    2.324958 ^ _724_/X (sky130_fd_sc_hd__a21o_2)
                                                         _194_ (net)
                      0.043073    0.000000    2.324958 ^ _741_/A1 (sky130_fd_sc_hd__a21o_2)
     1    0.033442    0.171500    0.215011    2.539968 ^ _741_/X (sky130_fd_sc_hd__a21o_2)
                                                         op_out[2] (net)
                      0.171500    0.000000    2.539968 ^ op_out[2] (out)
                                              2.539968   data arrival time

                      0.000000    0.000000    0.000000   clock __VIRTUAL_CLK__ (rise edge)
                                  0.000000    0.000000   clock network delay (ideal)
                                  0.250000    0.250000   clock uncertainty
                                  0.000000    0.250000   clock reconvergence pessimism
                                 -2.000000   -1.750000   output external delay
                                             -1.750000   data required time
---------------------------------------------------------------------------------------------
                                             -1.750000   data required time
                                             -2.539968   data arrival time
---------------------------------------------------------------------------------------------
                                              4.289968   slack (MET)


Startpoint: inst[2] (input port clocked by __VIRTUAL_CLK__)
Endpoint: op_out[3] (output port clocked by __VIRTUAL_CLK__)
Path Group: __VIRTUAL_CLK__
Path Type: min

Fanout         Cap        Slew       Delay        Time   Description
---------------------------------------------------------------------------------------------
                      0.000000    0.000000    0.000000   clock __VIRTUAL_CLK__ (rise edge)
                                  0.000000    0.000000   clock network delay (ideal)
                                  2.000000    2.000000 ^ input external delay
     8    0.018596    0.091179    0.061101    2.061101 ^ inst[2] (in)
                                                         inst[2] (net)
                      0.091179    0.000000    2.061101 ^ _690_/A (sky130_fd_sc_hd__or4b_2)
     8    0.028765    0.173814    0.227891    2.288992 ^ _690_/X (sky130_fd_sc_hd__or4b_2)
                                                         _161_ (net)
                      0.173814    0.000000    2.288992 ^ _749_/A (sky130_fd_sc_hd__or3b_2)
     1    0.004776    0.041919    0.154156    2.443148 ^ _749_/X (sky130_fd_sc_hd__or3b_2)
                                                         _221_ (net)
                      0.041919    0.000000    2.443148 ^ _770_/B (sky130_fd_sc_hd__nand2b_2)
     1    0.033442    0.142951    0.137733    2.580882 v _770_/Y (sky130_fd_sc_hd__nand2b_2)
                                                         op_out[3] (net)
                      0.142951    0.000000    2.580882 v op_out[3] (out)
                                              2.580882   data arrival time

                      0.000000    0.000000    0.000000   clock __VIRTUAL_CLK__ (rise edge)
                                  0.000000    0.000000   clock network delay (ideal)
                                  0.250000    0.250000   clock uncertainty
                                  0.000000    0.250000   clock reconvergence pessimism
                                 -2.000000   -1.750000   output external delay
                                             -1.750000   data required time
---------------------------------------------------------------------------------------------
                                             -1.750000   data required time
                                             -2.580882   data arrival time
---------------------------------------------------------------------------------------------
                                              4.330882   slack (MET)


Startpoint: op_a[0] (input port clocked by __VIRTUAL_CLK__)
Endpoint: op_out[1] (output port clocked by __VIRTUAL_CLK__)
Path Group: __VIRTUAL_CLK__
Path Type: min

Fanout         Cap        Slew       Delay        Time   Description
---------------------------------------------------------------------------------------------
                      0.000000    0.000000    0.000000   clock __VIRTUAL_CLK__ (rise edge)
                                  0.000000    0.000000   clock network delay (ideal)
                                  2.000000    2.000000 ^ input external delay
    21    0.060179    0.277826    0.189664    2.189664 ^ op_a[0] (in)
                                                         op_a[0] (net)
                      0.277826    0.000000    2.189664 ^ _709_/B2 (sky130_fd_sc_hd__a32o_2)
     1    0.001469    0.035468    0.158059    2.347723 ^ _709_/X (sky130_fd_sc_hd__a32o_2)
                                                         _179_ (net)
                      0.035468    0.000000    2.347723 ^ _710_/C (sky130_fd_sc_hd__or3_2)
     1    0.001570    0.023555    0.087038    2.434761 ^ _710_/X (sky130_fd_sc_hd__or3_2)
                                                         _180_ (net)
                      0.023555    0.000000    2.434761 ^ _718_/A (sky130_fd_sc_hd__or2_2)
     1    0.033442    0.178483    0.197443    2.632204 ^ _718_/X (sky130_fd_sc_hd__or2_2)
                                                         op_out[1] (net)
                      0.178483    0.000000    2.632204 ^ op_out[1] (out)
                                              2.632204   data arrival time

                      0.000000    0.000000    0.000000   clock __VIRTUAL_CLK__ (rise edge)
                                  0.000000    0.000000   clock network delay (ideal)
                                  0.250000    0.250000   clock uncertainty
                                  0.000000    0.250000   clock reconvergence pessimism
                                 -2.000000   -1.750000   output external delay
                                             -1.750000   data required time
---------------------------------------------------------------------------------------------
                                             -1.750000   data required time
                                             -2.632204   data arrival time
---------------------------------------------------------------------------------------------
                                              4.382204   slack (MET)



%OL_END_REPORT
%OL_CREATE_REPORT max.rpt

===========================================================================
report_checks -path_delay max (Setup)
============================================================================
======================= nom_tt_025C_1v80 Corner ===================================

Startpoint: op_b[4] (input port clocked by __VIRTUAL_CLK__)
Endpoint: op_out[0] (output port clocked by __VIRTUAL_CLK__)
Path Group: __VIRTUAL_CLK__
Path Type: max

Fanout         Cap        Slew       Delay        Time   Description
---------------------------------------------------------------------------------------------
                      0.000000    0.000000    0.000000   clock __VIRTUAL_CLK__ (rise edge)
                                  0.000000    0.000000   clock network delay (ideal)
                                  2.000000    2.000000 v input external delay
    23    0.074751    0.162164    0.120191    2.120191 v op_b[4] (in)
                                                         op_b[4] (net)
                      0.162164    0.000000    2.120191 v _469_/B (sky130_fd_sc_hd__or4_2)
     6    0.018140    0.158348    0.761250    2.881441 v _469_/X (sky130_fd_sc_hd__or4_2)
                                                         _306_ (net)
                      0.158348    0.000000    2.881441 v _472_/A3 (sky130_fd_sc_hd__o41ai_2)
     5    0.015471    0.486638    0.500674    3.382115 ^ _472_/Y (sky130_fd_sc_hd__o41ai_2)
                                                         _338_ (net)
                      0.486638    0.000000    3.382115 ^ _481_/A1 (sky130_fd_sc_hd__a211o_2)
     4    0.011259    0.071720    0.245660    3.627775 ^ _481_/X (sky130_fd_sc_hd__a211o_2)
                                                         _410_ (net)
                      0.071720    0.000000    3.627775 ^ _484_/A2 (sky130_fd_sc_hd__a21o_2)
     4    0.013980    0.083060    0.161948    3.789723 ^ _484_/X (sky130_fd_sc_hd__a21o_2)
                                                         _413_ (net)
                      0.083060    0.000000    3.789723 ^ _493_/A1 (sky130_fd_sc_hd__a211oi_2)
     3    0.007580    0.064482    0.080195    3.869917 v _493_/Y (sky130_fd_sc_hd__a211oi_2)
                                                         _422_ (net)
                      0.064482    0.000000    3.869917 v _503_/D (sky130_fd_sc_hd__or4_2)
     3    0.008662    0.126322    0.578151    4.448068 v _503_/X (sky130_fd_sc_hd__or4_2)
                                                         _432_ (net)
                      0.126322    0.000000    4.448068 v _507_/A3 (sky130_fd_sc_hd__a31o_2)
     2    0.006450    0.047491    0.284942    4.733011 v _507_/X (sky130_fd_sc_hd__a31o_2)
                                                         _436_ (net)
                      0.047491    0.000000    4.733011 v _509_/A2 (sky130_fd_sc_hd__a211o_2)
     3    0.008759    0.065490    0.348777    5.081788 v _509_/X (sky130_fd_sc_hd__a211o_2)
                                                         _438_ (net)
                      0.065490    0.000000    5.081788 v _515_/A1 (sky130_fd_sc_hd__a21oi_2)
     8    0.028544    0.362325    0.329929    5.411717 ^ _515_/Y (sky130_fd_sc_hd__a21oi_2)
                                                         _444_ (net)
                      0.362325    0.000000    5.411717 ^ _524_/S (sky130_fd_sc_hd__mux2_1)
     2    0.004396    0.065410    0.371228    5.782945 v _524_/X (sky130_fd_sc_hd__mux2_1)
                                                         _453_ (net)
                      0.065410    0.000000    5.782945 v _539_/A2 (sky130_fd_sc_hd__a221o_2)
     3    0.010572    0.077019    0.419124    6.202069 v _539_/X (sky130_fd_sc_hd__a221o_2)
                                                         _010_ (net)
                      0.077019    0.000000    6.202069 v _544_/A3 (sky130_fd_sc_hd__a311o_2)
     5    0.013379    0.084992    0.434834    6.636902 v _544_/X (sky130_fd_sc_hd__a311o_2)
                                                         _015_ (net)
                      0.084992    0.000000    6.636902 v _571_/A1 (sky130_fd_sc_hd__a21o_2)
     4    0.012333    0.058379    0.229161    6.866064 v _571_/X (sky130_fd_sc_hd__a21o_2)
                                                         _042_ (net)
                      0.058379    0.000000    6.866064 v _574_/B (sky130_fd_sc_hd__and3_2)
     3    0.007729    0.051039    0.211996    7.078059 v _574_/X (sky130_fd_sc_hd__and3_2)
                                                         _045_ (net)
                      0.051039    0.000000    7.078059 v _585_/A (sky130_fd_sc_hd__or4_2)
     1    0.001393    0.090874    0.638478    7.716537 v _585_/X (sky130_fd_sc_hd__or4_2)
                                                         _056_ (net)
                      0.090874    0.000000    7.716537 v _586_/C (sky130_fd_sc_hd__or4b_2)
     1    0.004337    0.107905    0.626144    8.342682 v _586_/X (sky130_fd_sc_hd__or4b_2)
                                                         _057_ (net)
                      0.107905    0.000000    8.342682 v _590_/A1 (sky130_fd_sc_hd__a311oi_2)
     8    0.026541    0.563215    0.496105    8.838787 ^ _590_/Y (sky130_fd_sc_hd__a311oi_2)
                                                         _061_ (net)
                      0.563215    0.000000    8.838787 ^ _619_/S (sky130_fd_sc_hd__mux2_1)
     5    0.022168    0.142669    0.478098    9.316885 v _619_/X (sky130_fd_sc_hd__mux2_1)
                                                         _090_ (net)
                      0.142669    0.000000    9.316885 v _623_/B1 (sky130_fd_sc_hd__o22a_2)
     2    0.003721    0.040169    0.234452    9.551337 v _623_/X (sky130_fd_sc_hd__o22a_2)
                                                         _094_ (net)
                      0.040169    0.000000    9.551337 v _624_/B (sky130_fd_sc_hd__or4bb_2)
     4    0.010988    0.129354    0.649769   10.201106 v _624_/X (sky130_fd_sc_hd__or4bb_2)
                                                         _095_ (net)
                      0.129354    0.000000   10.201106 v _628_/A1 (sky130_fd_sc_hd__a21oi_2)
    12    0.036399    0.451562    0.420147   10.621254 ^ _628_/Y (sky130_fd_sc_hd__a21oi_2)
                                                         _099_ (net)
                      0.451562    0.000000   10.621254 ^ _665_/S (sky130_fd_sc_hd__mux2_1)
     3    0.008631    0.085988    0.405763   11.027017 v _665_/X (sky130_fd_sc_hd__mux2_1)
                                                         _136_ (net)
                      0.085988    0.000000   11.027017 v _669_/A2 (sky130_fd_sc_hd__a21o_2)
     1    0.002161    0.032185    0.215460   11.242476 v _669_/X (sky130_fd_sc_hd__a21o_2)
                                                         _140_ (net)
                      0.032185    0.000000   11.242476 v _671_/A2 (sky130_fd_sc_hd__o211a_2)
     1    0.002212    0.039215    0.222650   11.465127 v _671_/X (sky130_fd_sc_hd__o211a_2)
                                                         _142_ (net)
                      0.039215    0.000000   11.465127 v _672_/B2 (sky130_fd_sc_hd__o221a_2)
     1    0.002243    0.041548    0.214432   11.679559 v _672_/X (sky130_fd_sc_hd__o221a_2)
                                                         _143_ (net)
                      0.041548    0.000000   11.679559 v _675_/A2 (sky130_fd_sc_hd__o21a_2)
     1    0.002226    0.032272    0.181678   11.861237 v _675_/X (sky130_fd_sc_hd__o21a_2)
                                                         _146_ (net)
                      0.032272    0.000000   11.861237 v _679_/A1 (sky130_fd_sc_hd__o21a_2)
     1    0.001459    0.029837    0.189726   12.050962 v _679_/X (sky130_fd_sc_hd__o21a_2)
                                                         _150_ (net)
                      0.029837    0.000000   12.050962 v _700_/A (sky130_fd_sc_hd__or3_2)
     1    0.033442    0.165574    0.591697   12.642660 v _700_/X (sky130_fd_sc_hd__or3_2)
                                                         op_out[0] (net)
                      0.165574    0.000000   12.642660 v op_out[0] (out)
                                             12.642660   data arrival time

                      0.000000   10.000000   10.000000   clock __VIRTUAL_CLK__ (rise edge)
                                  0.000000   10.000000   clock network delay (ideal)
                                 -0.250000    9.750000   clock uncertainty
                                  0.000000    9.750000   clock reconvergence pessimism
                                 -2.000000    7.750000   output external delay
                                              7.750000   data required time
---------------------------------------------------------------------------------------------
                                              7.750000   data required time
                                            -12.642660   data arrival time
---------------------------------------------------------------------------------------------
                                             -4.892660   slack (VIOLATED)


Startpoint: op_b[4] (input port clocked by __VIRTUAL_CLK__)
Endpoint: op_out[1] (output port clocked by __VIRTUAL_CLK__)
Path Group: __VIRTUAL_CLK__
Path Type: max

Fanout         Cap        Slew       Delay        Time   Description
---------------------------------------------------------------------------------------------
                      0.000000    0.000000    0.000000   clock __VIRTUAL_CLK__ (rise edge)
                                  0.000000    0.000000   clock network delay (ideal)
                                  2.000000    2.000000 v input external delay
    23    0.074751    0.162164    0.120191    2.120191 v op_b[4] (in)
                                                         op_b[4] (net)
                      0.162164    0.000000    2.120191 v _469_/B (sky130_fd_sc_hd__or4_2)
     6    0.018140    0.158348    0.761250    2.881441 v _469_/X (sky130_fd_sc_hd__or4_2)
                                                         _306_ (net)
                      0.158348    0.000000    2.881441 v _472_/A3 (sky130_fd_sc_hd__o41ai_2)
     5    0.015471    0.486638    0.500674    3.382115 ^ _472_/Y (sky130_fd_sc_hd__o41ai_2)
                                                         _338_ (net)
                      0.486638    0.000000    3.382115 ^ _481_/A1 (sky130_fd_sc_hd__a211o_2)
     4    0.011259    0.071720    0.245660    3.627775 ^ _481_/X (sky130_fd_sc_hd__a211o_2)
                                                         _410_ (net)
                      0.071720    0.000000    3.627775 ^ _484_/A2 (sky130_fd_sc_hd__a21o_2)
     4    0.013980    0.083060    0.161948    3.789723 ^ _484_/X (sky130_fd_sc_hd__a21o_2)
                                                         _413_ (net)
                      0.083060    0.000000    3.789723 ^ _493_/A1 (sky130_fd_sc_hd__a211oi_2)
     3    0.007580    0.064482    0.080195    3.869917 v _493_/Y (sky130_fd_sc_hd__a211oi_2)
                                                         _422_ (net)
                      0.064482    0.000000    3.869917 v _503_/D (sky130_fd_sc_hd__or4_2)
     3    0.008662    0.126322    0.578151    4.448068 v _503_/X (sky130_fd_sc_hd__or4_2)
                                                         _432_ (net)
                      0.126322    0.000000    4.448068 v _507_/A3 (sky130_fd_sc_hd__a31o_2)
     2    0.006450    0.047491    0.284942    4.733011 v _507_/X (sky130_fd_sc_hd__a31o_2)
                                                         _436_ (net)
                      0.047491    0.000000    4.733011 v _509_/A2 (sky130_fd_sc_hd__a211o_2)
     3    0.008759    0.065490    0.348777    5.081788 v _509_/X (sky130_fd_sc_hd__a211o_2)
                                                         _438_ (net)
                      0.065490    0.000000    5.081788 v _515_/A1 (sky130_fd_sc_hd__a21oi_2)
     8    0.028544    0.362325    0.329929    5.411717 ^ _515_/Y (sky130_fd_sc_hd__a21oi_2)
                                                         _444_ (net)
                      0.362325    0.000000    5.411717 ^ _524_/S (sky130_fd_sc_hd__mux2_1)
     2    0.004396    0.065410    0.371228    5.782945 v _524_/X (sky130_fd_sc_hd__mux2_1)
                                                         _453_ (net)
                      0.065410    0.000000    5.782945 v _539_/A2 (sky130_fd_sc_hd__a221o_2)
     3    0.010572    0.077019    0.419124    6.202069 v _539_/X (sky130_fd_sc_hd__a221o_2)
                                                         _010_ (net)
                      0.077019    0.000000    6.202069 v _544_/A3 (sky130_fd_sc_hd__a311o_2)
     5    0.013379    0.084992    0.434834    6.636902 v _544_/X (sky130_fd_sc_hd__a311o_2)
                                                         _015_ (net)
                      0.084992    0.000000    6.636902 v _571_/A1 (sky130_fd_sc_hd__a21o_2)
     4    0.012333    0.058379    0.229161    6.866064 v _571_/X (sky130_fd_sc_hd__a21o_2)
                                                         _042_ (net)
                      0.058379    0.000000    6.866064 v _574_/B (sky130_fd_sc_hd__and3_2)
     3    0.007729    0.051039    0.211996    7.078059 v _574_/X (sky130_fd_sc_hd__and3_2)
                                                         _045_ (net)
                      0.051039    0.000000    7.078059 v _585_/A (sky130_fd_sc_hd__or4_2)
     1    0.001393    0.090874    0.638478    7.716537 v _585_/X (sky130_fd_sc_hd__or4_2)
                                                         _056_ (net)
                      0.090874    0.000000    7.716537 v _586_/C (sky130_fd_sc_hd__or4b_2)
     1    0.004337    0.107905    0.626144    8.342682 v _586_/X (sky130_fd_sc_hd__or4b_2)
                                                         _057_ (net)
                      0.107905    0.000000    8.342682 v _590_/A1 (sky130_fd_sc_hd__a311oi_2)
     8    0.026541    0.563215    0.496105    8.838787 ^ _590_/Y (sky130_fd_sc_hd__a311oi_2)
                                                         _061_ (net)
                      0.563215    0.000000    8.838787 ^ _619_/S (sky130_fd_sc_hd__mux2_1)
     5    0.022168    0.142669    0.478098    9.316885 v _619_/X (sky130_fd_sc_hd__mux2_1)
                                                         _090_ (net)
                      0.142669    0.000000    9.316885 v _623_/B1 (sky130_fd_sc_hd__o22a_2)
     2    0.003721    0.040169    0.234452    9.551337 v _623_/X (sky130_fd_sc_hd__o22a_2)
                                                         _094_ (net)
                      0.040169    0.000000    9.551337 v _624_/B (sky130_fd_sc_hd__or4bb_2)
     4    0.010988    0.129354    0.649769   10.201106 v _624_/X (sky130_fd_sc_hd__or4bb_2)
                                                         _095_ (net)
                      0.129354    0.000000   10.201106 v _628_/A1 (sky130_fd_sc_hd__a21oi_2)
    12    0.036399    0.451562    0.420147   10.621254 ^ _628_/Y (sky130_fd_sc_hd__a21oi_2)
                                                         _099_ (net)
                      0.451562    0.000000   10.621254 ^ _717_/A2 (sky130_fd_sc_hd__a22o_2)
     1    0.001496    0.031895    0.215426   10.836679 ^ _717_/X (sky130_fd_sc_hd__a22o_2)
                                                         _187_ (net)
                      0.031895    0.000000   10.836679 ^ _718_/B (sky130_fd_sc_hd__or2_2)
     1    0.033442    0.178717    0.199474   11.036154 ^ _718_/X (sky130_fd_sc_hd__or2_2)
                                                         op_out[1] (net)
                      0.178717    0.000000   11.036154 ^ op_out[1] (out)
                                             11.036154   data arrival time

                      0.000000   10.000000   10.000000   clock __VIRTUAL_CLK__ (rise edge)
                                  0.000000   10.000000   clock network delay (ideal)
                                 -0.250000    9.750000   clock uncertainty
                                  0.000000    9.750000   clock reconvergence pessimism
                                 -2.000000    7.750000   output external delay
                                              7.750000   data required time
---------------------------------------------------------------------------------------------
                                              7.750000   data required time
                                            -11.036154   data arrival time
---------------------------------------------------------------------------------------------
                                             -3.286154   slack (VIOLATED)


Startpoint: op_b[4] (input port clocked by __VIRTUAL_CLK__)
Endpoint: op_out[2] (output port clocked by __VIRTUAL_CLK__)
Path Group: __VIRTUAL_CLK__
Path Type: max

Fanout         Cap        Slew       Delay        Time   Description
---------------------------------------------------------------------------------------------
                      0.000000    0.000000    0.000000   clock __VIRTUAL_CLK__ (rise edge)
                                  0.000000    0.000000   clock network delay (ideal)
                                  2.000000    2.000000 v input external delay
    23    0.074751    0.162164    0.120191    2.120191 v op_b[4] (in)
                                                         op_b[4] (net)
                      0.162164    0.000000    2.120191 v _469_/B (sky130_fd_sc_hd__or4_2)
     6    0.018140    0.158348    0.761250    2.881441 v _469_/X (sky130_fd_sc_hd__or4_2)
                                                         _306_ (net)
                      0.158348    0.000000    2.881441 v _472_/A3 (sky130_fd_sc_hd__o41ai_2)
     5    0.015471    0.486638    0.500674    3.382115 ^ _472_/Y (sky130_fd_sc_hd__o41ai_2)
                                                         _338_ (net)
                      0.486638    0.000000    3.382115 ^ _481_/A1 (sky130_fd_sc_hd__a211o_2)
     4    0.011259    0.071720    0.245660    3.627775 ^ _481_/X (sky130_fd_sc_hd__a211o_2)
                                                         _410_ (net)
                      0.071720    0.000000    3.627775 ^ _484_/A2 (sky130_fd_sc_hd__a21o_2)
     4    0.013980    0.083060    0.161948    3.789723 ^ _484_/X (sky130_fd_sc_hd__a21o_2)
                                                         _413_ (net)
                      0.083060    0.000000    3.789723 ^ _493_/A1 (sky130_fd_sc_hd__a211oi_2)
     3    0.007580    0.064482    0.080195    3.869917 v _493_/Y (sky130_fd_sc_hd__a211oi_2)
                                                         _422_ (net)
                      0.064482    0.000000    3.869917 v _503_/D (sky130_fd_sc_hd__or4_2)
     3    0.008662    0.126322    0.578151    4.448068 v _503_/X (sky130_fd_sc_hd__or4_2)
                                                         _432_ (net)
                      0.126322    0.000000    4.448068 v _507_/A3 (sky130_fd_sc_hd__a31o_2)
     2    0.006450    0.047491    0.284942    4.733011 v _507_/X (sky130_fd_sc_hd__a31o_2)
                                                         _436_ (net)
                      0.047491    0.000000    4.733011 v _509_/A2 (sky130_fd_sc_hd__a211o_2)
     3    0.008759    0.065490    0.348777    5.081788 v _509_/X (sky130_fd_sc_hd__a211o_2)
                                                         _438_ (net)
                      0.065490    0.000000    5.081788 v _515_/A1 (sky130_fd_sc_hd__a21oi_2)
     8    0.028544    0.362325    0.329929    5.411717 ^ _515_/Y (sky130_fd_sc_hd__a21oi_2)
                                                         _444_ (net)
                      0.362325    0.000000    5.411717 ^ _524_/S (sky130_fd_sc_hd__mux2_1)
     2    0.004396    0.065410    0.371228    5.782945 v _524_/X (sky130_fd_sc_hd__mux2_1)
                                                         _453_ (net)
                      0.065410    0.000000    5.782945 v _539_/A2 (sky130_fd_sc_hd__a221o_2)
     3    0.010572    0.077019    0.419124    6.202069 v _539_/X (sky130_fd_sc_hd__a221o_2)
                                                         _010_ (net)
                      0.077019    0.000000    6.202069 v _544_/A3 (sky130_fd_sc_hd__a311o_2)
     5    0.013379    0.084992    0.434834    6.636902 v _544_/X (sky130_fd_sc_hd__a311o_2)
                                                         _015_ (net)
                      0.084992    0.000000    6.636902 v _571_/A1 (sky130_fd_sc_hd__a21o_2)
     4    0.012333    0.058379    0.229161    6.866064 v _571_/X (sky130_fd_sc_hd__a21o_2)
                                                         _042_ (net)
                      0.058379    0.000000    6.866064 v _574_/B (sky130_fd_sc_hd__and3_2)
     3    0.007729    0.051039    0.211996    7.078059 v _574_/X (sky130_fd_sc_hd__and3_2)
                                                         _045_ (net)
                      0.051039    0.000000    7.078059 v _585_/A (sky130_fd_sc_hd__or4_2)
     1    0.001393    0.090874    0.638478    7.716537 v _585_/X (sky130_fd_sc_hd__or4_2)
                                                         _056_ (net)
                      0.090874    0.000000    7.716537 v _586_/C (sky130_fd_sc_hd__or4b_2)
     1    0.004337    0.107905    0.626144    8.342682 v _586_/X (sky130_fd_sc_hd__or4b_2)
                                                         _057_ (net)
                      0.107905    0.000000    8.342682 v _590_/A1 (sky130_fd_sc_hd__a311oi_2)
     8    0.026541    0.563215    0.496105    8.838787 ^ _590_/Y (sky130_fd_sc_hd__a311oi_2)
                                                         _061_ (net)
                      0.563215    0.000000    8.838787 ^ _740_/A2 (sky130_fd_sc_hd__a211o_2)
     1    0.002564    0.036425    0.216367    9.055154 ^ _740_/X (sky130_fd_sc_hd__a211o_2)
                                                         _212_ (net)
                      0.036425    0.000000    9.055154 ^ _741_/B1 (sky130_fd_sc_hd__a21o_2)
     1    0.033442    0.173384    0.181369    9.236523 ^ _741_/X (sky130_fd_sc_hd__a21o_2)
                                                         op_out[2] (net)
                      0.173384    0.000000    9.236523 ^ op_out[2] (out)
                                              9.236523   data arrival time

                      0.000000   10.000000   10.000000   clock __VIRTUAL_CLK__ (rise edge)
                                  0.000000   10.000000   clock network delay (ideal)
                                 -0.250000    9.750000   clock uncertainty
                                  0.000000    9.750000   clock reconvergence pessimism
                                 -2.000000    7.750000   output external delay
                                              7.750000   data required time
---------------------------------------------------------------------------------------------
                                              7.750000   data required time
                                             -9.236523   data arrival time
---------------------------------------------------------------------------------------------
                                             -1.486523   slack (VIOLATED)


Startpoint: op_b[4] (input port clocked by __VIRTUAL_CLK__)
Endpoint: op_out[3] (output port clocked by __VIRTUAL_CLK__)
Path Group: __VIRTUAL_CLK__
Path Type: max

Fanout         Cap        Slew       Delay        Time   Description
---------------------------------------------------------------------------------------------
                      0.000000    0.000000    0.000000   clock __VIRTUAL_CLK__ (rise edge)
                                  0.000000    0.000000   clock network delay (ideal)
                                  2.000000    2.000000 v input external delay
    23    0.074751    0.162164    0.120191    2.120191 v op_b[4] (in)
                                                         op_b[4] (net)
                      0.162164    0.000000    2.120191 v _469_/B (sky130_fd_sc_hd__or4_2)
     6    0.018140    0.158348    0.761250    2.881441 v _469_/X (sky130_fd_sc_hd__or4_2)
                                                         _306_ (net)
                      0.158348    0.000000    2.881441 v _472_/A3 (sky130_fd_sc_hd__o41ai_2)
     5    0.015471    0.486638    0.500674    3.382115 ^ _472_/Y (sky130_fd_sc_hd__o41ai_2)
                                                         _338_ (net)
                      0.486638    0.000000    3.382115 ^ _481_/A1 (sky130_fd_sc_hd__a211o_2)
     4    0.011259    0.071720    0.245660    3.627775 ^ _481_/X (sky130_fd_sc_hd__a211o_2)
                                                         _410_ (net)
                      0.071720    0.000000    3.627775 ^ _484_/A2 (sky130_fd_sc_hd__a21o_2)
     4    0.013980    0.083060    0.161948    3.789723 ^ _484_/X (sky130_fd_sc_hd__a21o_2)
                                                         _413_ (net)
                      0.083060    0.000000    3.789723 ^ _493_/A1 (sky130_fd_sc_hd__a211oi_2)
     3    0.007580    0.064482    0.080195    3.869917 v _493_/Y (sky130_fd_sc_hd__a211oi_2)
                                                         _422_ (net)
                      0.064482    0.000000    3.869917 v _503_/D (sky130_fd_sc_hd__or4_2)
     3    0.008662    0.126322    0.578151    4.448068 v _503_/X (sky130_fd_sc_hd__or4_2)
                                                         _432_ (net)
                      0.126322    0.000000    4.448068 v _507_/A3 (sky130_fd_sc_hd__a31o_2)
     2    0.006450    0.047491    0.284942    4.733011 v _507_/X (sky130_fd_sc_hd__a31o_2)
                                                         _436_ (net)
                      0.047491    0.000000    4.733011 v _509_/A2 (sky130_fd_sc_hd__a211o_2)
     3    0.008759    0.065490    0.348777    5.081788 v _509_/X (sky130_fd_sc_hd__a211o_2)
                                                         _438_ (net)
                      0.065490    0.000000    5.081788 v _515_/A1 (sky130_fd_sc_hd__a21oi_2)
     8    0.028544    0.362325    0.329929    5.411717 ^ _515_/Y (sky130_fd_sc_hd__a21oi_2)
                                                         _444_ (net)
                      0.362325    0.000000    5.411717 ^ _524_/S (sky130_fd_sc_hd__mux2_1)
     2    0.004396    0.065410    0.371228    5.782945 v _524_/X (sky130_fd_sc_hd__mux2_1)
                                                         _453_ (net)
                      0.065410    0.000000    5.782945 v _539_/A2 (sky130_fd_sc_hd__a221o_2)
     3    0.010572    0.077019    0.419124    6.202069 v _539_/X (sky130_fd_sc_hd__a221o_2)
                                                         _010_ (net)
                      0.077019    0.000000    6.202069 v _543_/A3 (sky130_fd_sc_hd__a311oi_2)
     4    0.009516    0.290523    0.341828    6.543897 ^ _543_/Y (sky130_fd_sc_hd__a311oi_2)
                                                         _014_ (net)
                      0.290523    0.000000    6.543897 ^ _548_/A (sky130_fd_sc_hd__nor2_2)
     2    0.006514    0.068663    0.085856    6.629753 v _548_/Y (sky130_fd_sc_hd__nor2_2)
                                                         _019_ (net)
                      0.068663    0.000000    6.629753 v _769_/A2 (sky130_fd_sc_hd__a211o_2)
     1    0.001317    0.041319    0.319357    6.949110 v _769_/X (sky130_fd_sc_hd__a211o_2)
                                                         _243_ (net)
                      0.041319    0.000000    6.949110 v _770_/A_N (sky130_fd_sc_hd__nand2b_2)
     1    0.033442    0.148065    0.264054    7.213163 v _770_/Y (sky130_fd_sc_hd__nand2b_2)
                                                         op_out[3] (net)
                      0.148065    0.000000    7.213163 v op_out[3] (out)
                                              7.213163   data arrival time

                      0.000000   10.000000   10.000000   clock __VIRTUAL_CLK__ (rise edge)
                                  0.000000   10.000000   clock network delay (ideal)
                                 -0.250000    9.750000   clock uncertainty
                                  0.000000    9.750000   clock reconvergence pessimism
                                 -2.000000    7.750000   output external delay
                                              7.750000   data required time
---------------------------------------------------------------------------------------------
                                              7.750000   data required time
                                             -7.213163   data arrival time
---------------------------------------------------------------------------------------------
                                              0.536836   slack (MET)


Startpoint: op_b[4] (input port clocked by __VIRTUAL_CLK__)
Endpoint: op_out[4] (output port clocked by __VIRTUAL_CLK__)
Path Group: __VIRTUAL_CLK__
Path Type: max

Fanout         Cap        Slew       Delay        Time   Description
---------------------------------------------------------------------------------------------
                      0.000000    0.000000    0.000000   clock __VIRTUAL_CLK__ (rise edge)
                                  0.000000    0.000000   clock network delay (ideal)
                                  2.000000    2.000000 v input external delay
    23    0.074751    0.162164    0.120191    2.120191 v op_b[4] (in)
                                                         op_b[4] (net)
                      0.162164    0.000000    2.120191 v _469_/B (sky130_fd_sc_hd__or4_2)
     6    0.018140    0.158348    0.761250    2.881441 v _469_/X (sky130_fd_sc_hd__or4_2)
                                                         _306_ (net)
                      0.158348    0.000000    2.881441 v _472_/A3 (sky130_fd_sc_hd__o41ai_2)
     5    0.015471    0.486638    0.500674    3.382115 ^ _472_/Y (sky130_fd_sc_hd__o41ai_2)
                                                         _338_ (net)
                      0.486638    0.000000    3.382115 ^ _481_/A1 (sky130_fd_sc_hd__a211o_2)
     4    0.011259    0.071720    0.245660    3.627775 ^ _481_/X (sky130_fd_sc_hd__a211o_2)
                                                         _410_ (net)
                      0.071720    0.000000    3.627775 ^ _484_/A2 (sky130_fd_sc_hd__a21o_2)
     4    0.013980    0.083060    0.161948    3.789723 ^ _484_/X (sky130_fd_sc_hd__a21o_2)
                                                         _413_ (net)
                      0.083060    0.000000    3.789723 ^ _493_/A1 (sky130_fd_sc_hd__a211oi_2)
     3    0.007580    0.064482    0.080195    3.869917 v _493_/Y (sky130_fd_sc_hd__a211oi_2)
                                                         _422_ (net)
                      0.064482    0.000000    3.869917 v _503_/D (sky130_fd_sc_hd__or4_2)
     3    0.008662    0.126322    0.578151    4.448068 v _503_/X (sky130_fd_sc_hd__or4_2)
                                                         _432_ (net)
                      0.126322    0.000000    4.448068 v _507_/A3 (sky130_fd_sc_hd__a31o_2)
     2    0.006450    0.047491    0.284942    4.733011 v _507_/X (sky130_fd_sc_hd__a31o_2)
                                                         _436_ (net)
                      0.047491    0.000000    4.733011 v _509_/A2 (sky130_fd_sc_hd__a211o_2)
     3    0.008759    0.065490    0.348777    5.081788 v _509_/X (sky130_fd_sc_hd__a211o_2)
                                                         _438_ (net)
                      0.065490    0.000000    5.081788 v _515_/A1 (sky130_fd_sc_hd__a21oi_2)
     8    0.028544    0.362325    0.329929    5.411717 ^ _515_/Y (sky130_fd_sc_hd__a21oi_2)
                                                         _444_ (net)
                      0.362325    0.000000    5.411717 ^ _797_/A2 (sky130_fd_sc_hd__a211oi_2)
     1    0.004267    0.083509    0.126875    5.538591 v _797_/Y (sky130_fd_sc_hd__a211oi_2)
                                                         _272_ (net)
                      0.083509    0.000000    5.538591 v _798_/B1 (sky130_fd_sc_hd__o31ai_2)
     1    0.033442    0.678897    0.186203    5.724794 ^ _798_/Y (sky130_fd_sc_hd__o31ai_2)
                                                         op_out[4] (net)
                      0.678897    0.000000    5.724794 ^ op_out[4] (out)
                                              5.724794   data arrival time

                      0.000000   10.000000   10.000000   clock __VIRTUAL_CLK__ (rise edge)
                                  0.000000   10.000000   clock network delay (ideal)
                                 -0.250000    9.750000   clock uncertainty
                                  0.000000    9.750000   clock reconvergence pessimism
                                 -2.000000    7.750000   output external delay
                                              7.750000   data required time
---------------------------------------------------------------------------------------------
                                              7.750000   data required time
                                             -5.724794   data arrival time
---------------------------------------------------------------------------------------------
                                              2.025205   slack (MET)


Startpoint: op_b[0] (input port clocked by __VIRTUAL_CLK__)
Endpoint: op_out[7] (output port clocked by __VIRTUAL_CLK__)
Path Group: __VIRTUAL_CLK__
Path Type: max

Fanout         Cap        Slew       Delay        Time   Description
---------------------------------------------------------------------------------------------
                      0.000000    0.000000    0.000000   clock __VIRTUAL_CLK__ (rise edge)
                                  0.000000    0.000000   clock network delay (ideal)
                                  2.000000    2.000000 v input external delay
    22    0.064851    0.141299    0.104147    2.104147 v op_b[0] (in)
                                                         op_b[0] (net)
                      0.141299    0.000000    2.104147 v _488_/A (sky130_fd_sc_hd__and2_2)
     4    0.008438    0.050886    0.224598    2.328746 v _488_/X (sky130_fd_sc_hd__and2_2)
                                                         _417_ (net)
                      0.050886    0.000000    2.328746 v _861_/C (sky130_fd_sc_hd__and3_2)
     2    0.002708    0.037770    0.203138    2.531884 v _861_/X (sky130_fd_sc_hd__and3_2)
                                                         _341_ (net)
                      0.037770    0.000000    2.531884 v _863_/A (sky130_fd_sc_hd__or2_2)
     1    0.007837    0.071014    0.308639    2.840523 v _863_/X (sky130_fd_sc_hd__or2_2)
                                                         _343_ (net)
                      0.071014    0.000000    2.840523 v _864_/B (sky130_fd_sc_hd__xor2_2)
     2    0.006331    0.053595    0.155088    2.995611 v _864_/X (sky130_fd_sc_hd__xor2_2)
                                                         _344_ (net)
                      0.053595    0.000000    2.995611 v _866_/B1 (sky130_fd_sc_hd__o21a_2)
     2    0.005440    0.041517    0.121625    3.117236 v _866_/X (sky130_fd_sc_hd__o21a_2)
                                                         _346_ (net)
                      0.041517    0.000000    3.117236 v _867_/B (sky130_fd_sc_hd__or2_2)
     2    0.012113    0.083471    0.308687    3.425923 v _867_/X (sky130_fd_sc_hd__or2_2)
                                                         _347_ (net)
                      0.083471    0.000000    3.425923 v _869_/B (sky130_fd_sc_hd__xor2_2)
     2    0.005574    0.066519    0.157553    3.583476 v _869_/X (sky130_fd_sc_hd__xor2_2)
                                                         _350_ (net)
                      0.066519    0.000000    3.583476 v _870_/C (sky130_fd_sc_hd__and3_2)
     2    0.006133    0.047331    0.224235    3.807710 v _870_/X (sky130_fd_sc_hd__and3_2)
                                                         _351_ (net)
                      0.047331    0.000000    3.807710 v _873_/B (sky130_fd_sc_hd__or3_2)
     3    0.007211    0.093716    0.468253    4.275963 v _873_/X (sky130_fd_sc_hd__or3_2)
                                                         _354_ (net)
                      0.093716    0.000000    4.275963 v _875_/C (sky130_fd_sc_hd__and3_2)
     1    0.008077    0.051924    0.243130    4.519093 v _875_/X (sky130_fd_sc_hd__and3_2)
                                                         _356_ (net)
                      0.051924    0.000000    4.519093 v _893_/B (sky130_fd_sc_hd__xnor2_2)
     1    0.008318    0.065172    0.141671    4.660764 v _893_/Y (sky130_fd_sc_hd__xnor2_2)
                                                         _375_ (net)
                      0.065172    0.000000    4.660764 v _916_/A (sky130_fd_sc_hd__xnor2_2)
     2    0.005536    0.059612    0.142517    4.803281 v _916_/Y (sky130_fd_sc_hd__xnor2_2)
                                                         _400_ (net)
                      0.059612    0.000000    4.803281 v _917_/B (sky130_fd_sc_hd__or2_2)
     1    0.002204    0.052404    0.267634    5.070915 v _917_/X (sky130_fd_sc_hd__or2_2)
                                                         _401_ (net)
                      0.052404    0.000000    5.070915 v _923_/A2 (sky130_fd_sc_hd__a311o_2)
     1    0.033442    0.129778    0.458988    5.529904 v _923_/X (sky130_fd_sc_hd__a311o_2)
                                                         op_out[7] (net)
                      0.129778    0.000000    5.529904 v op_out[7] (out)
                                              5.529904   data arrival time

                      0.000000   10.000000   10.000000   clock __VIRTUAL_CLK__ (rise edge)
                                  0.000000   10.000000   clock network delay (ideal)
                                 -0.250000    9.750000   clock uncertainty
                                  0.000000    9.750000   clock reconvergence pessimism
                                 -2.000000    7.750000   output external delay
                                              7.750000   data required time
---------------------------------------------------------------------------------------------
                                              7.750000   data required time
                                             -5.529904   data arrival time
---------------------------------------------------------------------------------------------
                                              2.220096   slack (MET)


Startpoint: op_b[0] (input port clocked by __VIRTUAL_CLK__)
Endpoint: op_out[5] (output port clocked by __VIRTUAL_CLK__)
Path Group: __VIRTUAL_CLK__
Path Type: max

Fanout         Cap        Slew       Delay        Time   Description
---------------------------------------------------------------------------------------------
                      0.000000    0.000000    0.000000   clock __VIRTUAL_CLK__ (rise edge)
                                  0.000000    0.000000   clock network delay (ideal)
                                  2.000000    2.000000 ^ input external delay
    22    0.069790    0.321028    0.219138    2.219138 ^ op_b[0] (in)
                                                         op_b[0] (net)
                      0.321028    0.000000    2.219138 ^ _458_/A (sky130_fd_sc_hd__inv_2)
    13    0.039646    0.136134    0.177641    2.396780 v _458_/Y (sky130_fd_sc_hd__inv_2)
                                                         _188_ (net)
                      0.136134    0.000000    2.396780 v _536_/A (sky130_fd_sc_hd__nor2_2)
     4    0.009701    0.133667    0.179718    2.576497 ^ _536_/Y (sky130_fd_sc_hd__nor2_2)
                                                         _007_ (net)
                      0.133667    0.000000    2.576497 ^ _780_/C (sky130_fd_sc_hd__and3_2)
     2    0.009415    0.077738    0.219369    2.795866 ^ _780_/X (sky130_fd_sc_hd__and3_2)
                                                         _254_ (net)
                      0.077738    0.000000    2.795866 ^ _781_/B1 (sky130_fd_sc_hd__a21oi_2)
     2    0.012236    0.062357    0.055518    2.851384 v _781_/Y (sky130_fd_sc_hd__a21oi_2)
                                                         _255_ (net)
                      0.062357    0.000000    2.851384 v _805_/A3 (sky130_fd_sc_hd__a31oi_2)
     2    0.010689    0.210686    0.241286    3.092670 ^ _805_/Y (sky130_fd_sc_hd__a31oi_2)
                                                         _280_ (net)
                      0.210686    0.000000    3.092670 ^ _813_/A (sky130_fd_sc_hd__xnor2_2)
     2    0.005536    0.063701    0.102104    3.194774 v _813_/Y (sky130_fd_sc_hd__xnor2_2)
                                                         _289_ (net)
                      0.063701    0.000000    3.194774 v _814_/B (sky130_fd_sc_hd__or2_2)
     1    0.004304    0.060857    0.282427    3.477201 v _814_/X (sky130_fd_sc_hd__or2_2)
                                                         _290_ (net)
                      0.060857    0.000000    3.477201 v _816_/A (sky130_fd_sc_hd__nand2_2)
     2    0.006300    0.053897    0.066597    3.543797 ^ _816_/Y (sky130_fd_sc_hd__nand2_2)
                                                         _292_ (net)
                      0.053897    0.000000    3.543797 ^ _817_/C (sky130_fd_sc_hd__and3_2)
     1    0.004611    0.052302    0.178634    3.722432 ^ _817_/X (sky130_fd_sc_hd__and3_2)
                                                         _293_ (net)
                      0.052302    0.000000    3.722432 ^ _819_/A (sky130_fd_sc_hd__nor2_2)
     2    0.010284    0.046920    0.050427    3.772859 v _819_/Y (sky130_fd_sc_hd__nor2_2)
                                                         _296_ (net)
                      0.046920    0.000000    3.772859 v _820_/B (sky130_fd_sc_hd__xnor2_2)
     2    0.006117    0.138646    0.136865    3.909724 ^ _820_/Y (sky130_fd_sc_hd__xnor2_2)
                                                         _297_ (net)
                      0.138646    0.000000    3.909724 ^ _821_/B (sky130_fd_sc_hd__or2_2)
     3    0.018239    0.104196    0.184234    4.093957 ^ _821_/X (sky130_fd_sc_hd__or2_2)
                                                         _298_ (net)
                      0.104196    0.000000    4.093957 ^ _824_/A (sky130_fd_sc_hd__nand2_2)
     3    0.010594    0.060633    0.077731    4.171689 v _824_/Y (sky130_fd_sc_hd__nand2_2)
                                                         _301_ (net)
                      0.060633    0.000000    4.171689 v _827_/A2 (sky130_fd_sc_hd__o21a_2)
     1    0.002188    0.032087    0.188679    4.360368 v _827_/X (sky130_fd_sc_hd__o21a_2)
                                                         _304_ (net)
                      0.032087    0.000000    4.360368 v _840_/B2 (sky130_fd_sc_hd__a221o_2)
     1    0.001539    0.047748    0.333803    4.694170 v _840_/X (sky130_fd_sc_hd__a221o_2)
                                                         _319_ (net)
                      0.047748    0.000000    4.694170 v _842_/B (sky130_fd_sc_hd__or3_2)
     1    0.033442    0.165434    0.571990    5.266160 v _842_/X (sky130_fd_sc_hd__or3_2)
                                                         op_out[5] (net)
                      0.165434    0.000000    5.266160 v op_out[5] (out)
                                              5.266160   data arrival time

                      0.000000   10.000000   10.000000   clock __VIRTUAL_CLK__ (rise edge)
                                  0.000000   10.000000   clock network delay (ideal)
                                 -0.250000    9.750000   clock uncertainty
                                  0.000000    9.750000   clock reconvergence pessimism
                                 -2.000000    7.750000   output external delay
                                              7.750000   data required time
---------------------------------------------------------------------------------------------
                                              7.750000   data required time
                                             -5.266160   data arrival time
---------------------------------------------------------------------------------------------
                                              2.483840   slack (MET)


Startpoint: op_b[0] (input port clocked by __VIRTUAL_CLK__)
Endpoint: op_out[6] (output port clocked by __VIRTUAL_CLK__)
Path Group: __VIRTUAL_CLK__
Path Type: max

Fanout         Cap        Slew       Delay        Time   Description
---------------------------------------------------------------------------------------------
                      0.000000    0.000000    0.000000   clock __VIRTUAL_CLK__ (rise edge)
                                  0.000000    0.000000   clock network delay (ideal)
                                  2.000000    2.000000 v input external delay
    22    0.064851    0.141299    0.104147    2.104147 v op_b[0] (in)
                                                         op_b[0] (net)
                      0.141299    0.000000    2.104147 v _488_/A (sky130_fd_sc_hd__and2_2)
     4    0.008438    0.050886    0.224598    2.328746 v _488_/X (sky130_fd_sc_hd__and2_2)
                                                         _417_ (net)
                      0.050886    0.000000    2.328746 v _861_/C (sky130_fd_sc_hd__and3_2)
     2    0.002708    0.037770    0.203138    2.531884 v _861_/X (sky130_fd_sc_hd__and3_2)
                                                         _341_ (net)
                      0.037770    0.000000    2.531884 v _863_/A (sky130_fd_sc_hd__or2_2)
     1    0.007837    0.071014    0.308639    2.840523 v _863_/X (sky130_fd_sc_hd__or2_2)
                                                         _343_ (net)
                      0.071014    0.000000    2.840523 v _864_/B (sky130_fd_sc_hd__xor2_2)
     2    0.006331    0.053595    0.155088    2.995611 v _864_/X (sky130_fd_sc_hd__xor2_2)
                                                         _344_ (net)
                      0.053595    0.000000    2.995611 v _866_/B1 (sky130_fd_sc_hd__o21a_2)
     2    0.005440    0.041517    0.121625    3.117236 v _866_/X (sky130_fd_sc_hd__o21a_2)
                                                         _346_ (net)
                      0.041517    0.000000    3.117236 v _867_/B (sky130_fd_sc_hd__or2_2)
     2    0.012113    0.083471    0.308687    3.425923 v _867_/X (sky130_fd_sc_hd__or2_2)
                                                         _347_ (net)
                      0.083471    0.000000    3.425923 v _869_/B (sky130_fd_sc_hd__xor2_2)
     2    0.005574    0.066519    0.157553    3.583476 v _869_/X (sky130_fd_sc_hd__xor2_2)
                                                         _350_ (net)
                      0.066519    0.000000    3.583476 v _870_/C (sky130_fd_sc_hd__and3_2)
     2    0.006133    0.047331    0.224235    3.807710 v _870_/X (sky130_fd_sc_hd__and3_2)
                                                         _351_ (net)
                      0.047331    0.000000    3.807710 v _873_/B (sky130_fd_sc_hd__or3_2)
     3    0.007211    0.093716    0.468253    4.275963 v _873_/X (sky130_fd_sc_hd__or3_2)
                                                         _354_ (net)
                      0.093716    0.000000    4.275963 v _874_/B (sky130_fd_sc_hd__nand2_2)
     1    0.008442    0.067131    0.098760    4.374723 ^ _874_/Y (sky130_fd_sc_hd__nand2_2)
                                                         _355_ (net)
                      0.067131    0.000000    4.374723 ^ _876_/B (sky130_fd_sc_hd__xnor2_2)
     2    0.012314    0.081048    0.087077    4.461801 v _876_/Y (sky130_fd_sc_hd__xnor2_2)
                                                         _357_ (net)
                      0.081048    0.000000    4.461801 v _877_/B (sky130_fd_sc_hd__xnor2_2)
     2    0.005536    0.056063    0.144484    4.606284 v _877_/Y (sky130_fd_sc_hd__xnor2_2)
                                                         _358_ (net)
                      0.056063    0.000000    4.606284 v _878_/B (sky130_fd_sc_hd__or2_2)
     1    0.002252    0.052514    0.266584    4.872869 v _878_/X (sky130_fd_sc_hd__or2_2)
                                                         _359_ (net)
                      0.052514    0.000000    4.872869 v _885_/A2 (sky130_fd_sc_hd__a31o_2)
     1    0.033442    0.106502    0.310990    5.183859 v _885_/X (sky130_fd_sc_hd__a31o_2)
                                                         op_out[6] (net)
                      0.106502    0.000000    5.183859 v op_out[6] (out)
                                              5.183859   data arrival time

                      0.000000   10.000000   10.000000   clock __VIRTUAL_CLK__ (rise edge)
                                  0.000000   10.000000   clock network delay (ideal)
                                 -0.250000    9.750000   clock uncertainty
                                  0.000000    9.750000   clock reconvergence pessimism
                                 -2.000000    7.750000   output external delay
                                              7.750000   data required time
---------------------------------------------------------------------------------------------
                                              7.750000   data required time
                                             -5.183859   data arrival time
---------------------------------------------------------------------------------------------
                                              2.566141   slack (MET)



%OL_END_REPORT
%OL_CREATE_REPORT checks.rpt

===========================================================================
report_checks -unconstrained
===========================================================================
======================= nom_tt_025C_1v80 Corner ===================================

Startpoint: op_b[4] (input port clocked by __VIRTUAL_CLK__)
Endpoint: op_out[0] (output port clocked by __VIRTUAL_CLK__)
Path Group: __VIRTUAL_CLK__
Path Type: max

Fanout         Cap        Slew       Delay        Time   Description
---------------------------------------------------------------------------------------------
                      0.000000    0.000000    0.000000   clock __VIRTUAL_CLK__ (rise edge)
                                  0.000000    0.000000   clock network delay (ideal)
                                  2.000000    2.000000 v input external delay
    23    0.074751    0.162164    0.120191    2.120191 v op_b[4] (in)
                                                         op_b[4] (net)
                      0.162164    0.000000    2.120191 v _469_/B (sky130_fd_sc_hd__or4_2)
     6    0.018140    0.158348    0.761250    2.881441 v _469_/X (sky130_fd_sc_hd__or4_2)
                                                         _306_ (net)
                      0.158348    0.000000    2.881441 v _472_/A3 (sky130_fd_sc_hd__o41ai_2)
     5    0.015471    0.486638    0.500674    3.382115 ^ _472_/Y (sky130_fd_sc_hd__o41ai_2)
                                                         _338_ (net)
                      0.486638    0.000000    3.382115 ^ _481_/A1 (sky130_fd_sc_hd__a211o_2)
     4    0.011259    0.071720    0.245660    3.627775 ^ _481_/X (sky130_fd_sc_hd__a211o_2)
                                                         _410_ (net)
                      0.071720    0.000000    3.627775 ^ _484_/A2 (sky130_fd_sc_hd__a21o_2)
     4    0.013980    0.083060    0.161948    3.789723 ^ _484_/X (sky130_fd_sc_hd__a21o_2)
                                                         _413_ (net)
                      0.083060    0.000000    3.789723 ^ _493_/A1 (sky130_fd_sc_hd__a211oi_2)
     3    0.007580    0.064482    0.080195    3.869917 v _493_/Y (sky130_fd_sc_hd__a211oi_2)
                                                         _422_ (net)
                      0.064482    0.000000    3.869917 v _503_/D (sky130_fd_sc_hd__or4_2)
     3    0.008662    0.126322    0.578151    4.448068 v _503_/X (sky130_fd_sc_hd__or4_2)
                                                         _432_ (net)
                      0.126322    0.000000    4.448068 v _507_/A3 (sky130_fd_sc_hd__a31o_2)
     2    0.006450    0.047491    0.284942    4.733011 v _507_/X (sky130_fd_sc_hd__a31o_2)
                                                         _436_ (net)
                      0.047491    0.000000    4.733011 v _509_/A2 (sky130_fd_sc_hd__a211o_2)
     3    0.008759    0.065490    0.348777    5.081788 v _509_/X (sky130_fd_sc_hd__a211o_2)
                                                         _438_ (net)
                      0.065490    0.000000    5.081788 v _515_/A1 (sky130_fd_sc_hd__a21oi_2)
     8    0.028544    0.362325    0.329929    5.411717 ^ _515_/Y (sky130_fd_sc_hd__a21oi_2)
                                                         _444_ (net)
                      0.362325    0.000000    5.411717 ^ _524_/S (sky130_fd_sc_hd__mux2_1)
     2    0.004396    0.065410    0.371228    5.782945 v _524_/X (sky130_fd_sc_hd__mux2_1)
                                                         _453_ (net)
                      0.065410    0.000000    5.782945 v _539_/A2 (sky130_fd_sc_hd__a221o_2)
     3    0.010572    0.077019    0.419124    6.202069 v _539_/X (sky130_fd_sc_hd__a221o_2)
                                                         _010_ (net)
                      0.077019    0.000000    6.202069 v _544_/A3 (sky130_fd_sc_hd__a311o_2)
     5    0.013379    0.084992    0.434834    6.636902 v _544_/X (sky130_fd_sc_hd__a311o_2)
                                                         _015_ (net)
                      0.084992    0.000000    6.636902 v _571_/A1 (sky130_fd_sc_hd__a21o_2)
     4    0.012333    0.058379    0.229161    6.866064 v _571_/X (sky130_fd_sc_hd__a21o_2)
                                                         _042_ (net)
                      0.058379    0.000000    6.866064 v _574_/B (sky130_fd_sc_hd__and3_2)
     3    0.007729    0.051039    0.211996    7.078059 v _574_/X (sky130_fd_sc_hd__and3_2)
                                                         _045_ (net)
                      0.051039    0.000000    7.078059 v _585_/A (sky130_fd_sc_hd__or4_2)
     1    0.001393    0.090874    0.638478    7.716537 v _585_/X (sky130_fd_sc_hd__or4_2)
                                                         _056_ (net)
                      0.090874    0.000000    7.716537 v _586_/C (sky130_fd_sc_hd__or4b_2)
     1    0.004337    0.107905    0.626144    8.342682 v _586_/X (sky130_fd_sc_hd__or4b_2)
                                                         _057_ (net)
                      0.107905    0.000000    8.342682 v _590_/A1 (sky130_fd_sc_hd__a311oi_2)
     8    0.026541    0.563215    0.496105    8.838787 ^ _590_/Y (sky130_fd_sc_hd__a311oi_2)
                                                         _061_ (net)
                      0.563215    0.000000    8.838787 ^ _619_/S (sky130_fd_sc_hd__mux2_1)
     5    0.022168    0.142669    0.478098    9.316885 v _619_/X (sky130_fd_sc_hd__mux2_1)
                                                         _090_ (net)
                      0.142669    0.000000    9.316885 v _623_/B1 (sky130_fd_sc_hd__o22a_2)
     2    0.003721    0.040169    0.234452    9.551337 v _623_/X (sky130_fd_sc_hd__o22a_2)
                                                         _094_ (net)
                      0.040169    0.000000    9.551337 v _624_/B (sky130_fd_sc_hd__or4bb_2)
     4    0.010988    0.129354    0.649769   10.201106 v _624_/X (sky130_fd_sc_hd__or4bb_2)
                                                         _095_ (net)
                      0.129354    0.000000   10.201106 v _628_/A1 (sky130_fd_sc_hd__a21oi_2)
    12    0.036399    0.451562    0.420147   10.621254 ^ _628_/Y (sky130_fd_sc_hd__a21oi_2)
                                                         _099_ (net)
                      0.451562    0.000000   10.621254 ^ _665_/S (sky130_fd_sc_hd__mux2_1)
     3    0.008631    0.085988    0.405763   11.027017 v _665_/X (sky130_fd_sc_hd__mux2_1)
                                                         _136_ (net)
                      0.085988    0.000000   11.027017 v _669_/A2 (sky130_fd_sc_hd__a21o_2)
     1    0.002161    0.032185    0.215460   11.242476 v _669_/X (sky130_fd_sc_hd__a21o_2)
                                                         _140_ (net)
                      0.032185    0.000000   11.242476 v _671_/A2 (sky130_fd_sc_hd__o211a_2)
     1    0.002212    0.039215    0.222650   11.465127 v _671_/X (sky130_fd_sc_hd__o211a_2)
                                                         _142_ (net)
                      0.039215    0.000000   11.465127 v _672_/B2 (sky130_fd_sc_hd__o221a_2)
     1    0.002243    0.041548    0.214432   11.679559 v _672_/X (sky130_fd_sc_hd__o221a_2)
                                                         _143_ (net)
                      0.041548    0.000000   11.679559 v _675_/A2 (sky130_fd_sc_hd__o21a_2)
     1    0.002226    0.032272    0.181678   11.861237 v _675_/X (sky130_fd_sc_hd__o21a_2)
                                                         _146_ (net)
                      0.032272    0.000000   11.861237 v _679_/A1 (sky130_fd_sc_hd__o21a_2)
     1    0.001459    0.029837    0.189726   12.050962 v _679_/X (sky130_fd_sc_hd__o21a_2)
                                                         _150_ (net)
                      0.029837    0.000000   12.050962 v _700_/A (sky130_fd_sc_hd__or3_2)
     1    0.033442    0.165574    0.591697   12.642660 v _700_/X (sky130_fd_sc_hd__or3_2)
                                                         op_out[0] (net)
                      0.165574    0.000000   12.642660 v op_out[0] (out)
                                             12.642660   data arrival time

                      0.000000   10.000000   10.000000   clock __VIRTUAL_CLK__ (rise edge)
                                  0.000000   10.000000   clock network delay (ideal)
                                 -0.250000    9.750000   clock uncertainty
                                  0.000000    9.750000   clock reconvergence pessimism
                                 -2.000000    7.750000   output external delay
                                              7.750000   data required time
---------------------------------------------------------------------------------------------
                                              7.750000   data required time
                                            -12.642660   data arrival time
---------------------------------------------------------------------------------------------
                                             -4.892660   slack (VIOLATED)




===========================================================================
report_checks --slack_max -0.01
============================================================================
======================= nom_tt_025C_1v80 Corner ===================================

Startpoint: op_b[4] (input port clocked by __VIRTUAL_CLK__)
Endpoint: op_out[0] (output port clocked by __VIRTUAL_CLK__)
Path Group: __VIRTUAL_CLK__
Path Type: max

Fanout         Cap        Slew       Delay        Time   Description
---------------------------------------------------------------------------------------------
                      0.000000    0.000000    0.000000   clock __VIRTUAL_CLK__ (rise edge)
                                  0.000000    0.000000   clock network delay (ideal)
                                  2.000000    2.000000 v input external delay
    23    0.074751    0.162164    0.120191    2.120191 v op_b[4] (in)
                                                         op_b[4] (net)
                      0.162164    0.000000    2.120191 v _469_/B (sky130_fd_sc_hd__or4_2)
     6    0.018140    0.158348    0.761250    2.881441 v _469_/X (sky130_fd_sc_hd__or4_2)
                                                         _306_ (net)
                      0.158348    0.000000    2.881441 v _472_/A3 (sky130_fd_sc_hd__o41ai_2)
     5    0.015471    0.486638    0.500674    3.382115 ^ _472_/Y (sky130_fd_sc_hd__o41ai_2)
                                                         _338_ (net)
                      0.486638    0.000000    3.382115 ^ _481_/A1 (sky130_fd_sc_hd__a211o_2)
     4    0.011259    0.071720    0.245660    3.627775 ^ _481_/X (sky130_fd_sc_hd__a211o_2)
                                                         _410_ (net)
                      0.071720    0.000000    3.627775 ^ _484_/A2 (sky130_fd_sc_hd__a21o_2)
     4    0.013980    0.083060    0.161948    3.789723 ^ _484_/X (sky130_fd_sc_hd__a21o_2)
                                                         _413_ (net)
                      0.083060    0.000000    3.789723 ^ _493_/A1 (sky130_fd_sc_hd__a211oi_2)
     3    0.007580    0.064482    0.080195    3.869917 v _493_/Y (sky130_fd_sc_hd__a211oi_2)
                                                         _422_ (net)
                      0.064482    0.000000    3.869917 v _503_/D (sky130_fd_sc_hd__or4_2)
     3    0.008662    0.126322    0.578151    4.448068 v _503_/X (sky130_fd_sc_hd__or4_2)
                                                         _432_ (net)
                      0.126322    0.000000    4.448068 v _507_/A3 (sky130_fd_sc_hd__a31o_2)
     2    0.006450    0.047491    0.284942    4.733011 v _507_/X (sky130_fd_sc_hd__a31o_2)
                                                         _436_ (net)
                      0.047491    0.000000    4.733011 v _509_/A2 (sky130_fd_sc_hd__a211o_2)
     3    0.008759    0.065490    0.348777    5.081788 v _509_/X (sky130_fd_sc_hd__a211o_2)
                                                         _438_ (net)
                      0.065490    0.000000    5.081788 v _515_/A1 (sky130_fd_sc_hd__a21oi_2)
     8    0.028544    0.362325    0.329929    5.411717 ^ _515_/Y (sky130_fd_sc_hd__a21oi_2)
                                                         _444_ (net)
                      0.362325    0.000000    5.411717 ^ _524_/S (sky130_fd_sc_hd__mux2_1)
     2    0.004396    0.065410    0.371228    5.782945 v _524_/X (sky130_fd_sc_hd__mux2_1)
                                                         _453_ (net)
                      0.065410    0.000000    5.782945 v _539_/A2 (sky130_fd_sc_hd__a221o_2)
     3    0.010572    0.077019    0.419124    6.202069 v _539_/X (sky130_fd_sc_hd__a221o_2)
                                                         _010_ (net)
                      0.077019    0.000000    6.202069 v _544_/A3 (sky130_fd_sc_hd__a311o_2)
     5    0.013379    0.084992    0.434834    6.636902 v _544_/X (sky130_fd_sc_hd__a311o_2)
                                                         _015_ (net)
                      0.084992    0.000000    6.636902 v _571_/A1 (sky130_fd_sc_hd__a21o_2)
     4    0.012333    0.058379    0.229161    6.866064 v _571_/X (sky130_fd_sc_hd__a21o_2)
                                                         _042_ (net)
                      0.058379    0.000000    6.866064 v _574_/B (sky130_fd_sc_hd__and3_2)
     3    0.007729    0.051039    0.211996    7.078059 v _574_/X (sky130_fd_sc_hd__and3_2)
                                                         _045_ (net)
                      0.051039    0.000000    7.078059 v _585_/A (sky130_fd_sc_hd__or4_2)
     1    0.001393    0.090874    0.638478    7.716537 v _585_/X (sky130_fd_sc_hd__or4_2)
                                                         _056_ (net)
                      0.090874    0.000000    7.716537 v _586_/C (sky130_fd_sc_hd__or4b_2)
     1    0.004337    0.107905    0.626144    8.342682 v _586_/X (sky130_fd_sc_hd__or4b_2)
                                                         _057_ (net)
                      0.107905    0.000000    8.342682 v _590_/A1 (sky130_fd_sc_hd__a311oi_2)
     8    0.026541    0.563215    0.496105    8.838787 ^ _590_/Y (sky130_fd_sc_hd__a311oi_2)
                                                         _061_ (net)
                      0.563215    0.000000    8.838787 ^ _619_/S (sky130_fd_sc_hd__mux2_1)
     5    0.022168    0.142669    0.478098    9.316885 v _619_/X (sky130_fd_sc_hd__mux2_1)
                                                         _090_ (net)
                      0.142669    0.000000    9.316885 v _623_/B1 (sky130_fd_sc_hd__o22a_2)
     2    0.003721    0.040169    0.234452    9.551337 v _623_/X (sky130_fd_sc_hd__o22a_2)
                                                         _094_ (net)
                      0.040169    0.000000    9.551337 v _624_/B (sky130_fd_sc_hd__or4bb_2)
     4    0.010988    0.129354    0.649769   10.201106 v _624_/X (sky130_fd_sc_hd__or4bb_2)
                                                         _095_ (net)
                      0.129354    0.000000   10.201106 v _628_/A1 (sky130_fd_sc_hd__a21oi_2)
    12    0.036399    0.451562    0.420147   10.621254 ^ _628_/Y (sky130_fd_sc_hd__a21oi_2)
                                                         _099_ (net)
                      0.451562    0.000000   10.621254 ^ _665_/S (sky130_fd_sc_hd__mux2_1)
     3    0.008631    0.085988    0.405763   11.027017 v _665_/X (sky130_fd_sc_hd__mux2_1)
                                                         _136_ (net)
                      0.085988    0.000000   11.027017 v _669_/A2 (sky130_fd_sc_hd__a21o_2)
     1    0.002161    0.032185    0.215460   11.242476 v _669_/X (sky130_fd_sc_hd__a21o_2)
                                                         _140_ (net)
                      0.032185    0.000000   11.242476 v _671_/A2 (sky130_fd_sc_hd__o211a_2)
     1    0.002212    0.039215    0.222650   11.465127 v _671_/X (sky130_fd_sc_hd__o211a_2)
                                                         _142_ (net)
                      0.039215    0.000000   11.465127 v _672_/B2 (sky130_fd_sc_hd__o221a_2)
     1    0.002243    0.041548    0.214432   11.679559 v _672_/X (sky130_fd_sc_hd__o221a_2)
                                                         _143_ (net)
                      0.041548    0.000000   11.679559 v _675_/A2 (sky130_fd_sc_hd__o21a_2)
     1    0.002226    0.032272    0.181678   11.861237 v _675_/X (sky130_fd_sc_hd__o21a_2)
                                                         _146_ (net)
                      0.032272    0.000000   11.861237 v _679_/A1 (sky130_fd_sc_hd__o21a_2)
     1    0.001459    0.029837    0.189726   12.050962 v _679_/X (sky130_fd_sc_hd__o21a_2)
                                                         _150_ (net)
                      0.029837    0.000000   12.050962 v _700_/A (sky130_fd_sc_hd__or3_2)
     1    0.033442    0.165574    0.591697   12.642660 v _700_/X (sky130_fd_sc_hd__or3_2)
                                                         op_out[0] (net)
                      0.165574    0.000000   12.642660 v op_out[0] (out)
                                             12.642660   data arrival time

                      0.000000   10.000000   10.000000   clock __VIRTUAL_CLK__ (rise edge)
                                  0.000000   10.000000   clock network delay (ideal)
                                 -0.250000    9.750000   clock uncertainty
                                  0.000000    9.750000   clock reconvergence pessimism
                                 -2.000000    7.750000   output external delay
                                              7.750000   data required time
---------------------------------------------------------------------------------------------
                                              7.750000   data required time
                                            -12.642660   data arrival time
---------------------------------------------------------------------------------------------
                                             -4.892660   slack (VIOLATED)




===========================================================================
 report_check_types -max_slew -max_cap -max_fanout -violators
============================================================================
======================= nom_tt_025C_1v80 Corner ===================================

max fanout

Pin                                   Limit Fanout  Slack
---------------------------------------------------------
op_b[1]                                  10     27    -17 (VIOLATED)
op_b[2]                                  10     23    -13 (VIOLATED)
op_b[4]                                  10     23    -13 (VIOLATED)
op_a[2]                                  10     22    -12 (VIOLATED)
op_b[0]                                  10     22    -12 (VIOLATED)
op_b[3]                                  10     22    -12 (VIOLATED)
op_a[0]                                  10     21    -11 (VIOLATED)
op_a[1]                                  10     21    -11 (VIOLATED)
op_a[4]                                  10     19     -9 (VIOLATED)
op_b[5]                                  10     18     -8 (VIOLATED)
op_b[6]                                  10     17     -7 (VIOLATED)
op_a[6]                                  10     16     -6 (VIOLATED)
op_b[7]                                  10     16     -6 (VIOLATED)
op_a[3]                                  10     15     -5 (VIOLATED)
op_a[5]                                  10     14     -4 (VIOLATED)
_458_/Y                                  10     13     -3 (VIOLATED)
_463_/Y                                  10     12     -2 (VIOLATED)
_628_/Y                                  10     12     -2 (VIOLATED)
inst[3]                                  10     11        (VIOLATED)



===========================================================================
report_parasitic_annotation -report_unannotated
============================================================================
Found 486 unannotated drivers.
 inst[0]
 inst[1]
 inst[2]
 inst[3]
 op_a[0]
 op_a[1]
 op_a[2]
 op_a[3]
 op_a[4]
 op_a[5]
 op_a[6]
 op_a[7]
 op_b[0]
 op_b[1]
 op_b[2]
 op_b[3]
 op_b[4]
 op_b[5]
 op_b[6]
 op_b[7]
 _458_/Y
 _459_/Y
 _460_/Y
 _461_/Y
 _462_/Y
 _463_/Y
 _464_/Y
 _465_/Y
 _466_/Y
 _467_/Y
 _468_/X
 _469_/X
 _470_/X
 _471_/Y
 _472_/Y
 _473_/X
 _474_/X
 _475_/Y
 _476_/X
 _477_/Y
 _478_/Y
 _479_/Y
 _480_/Y
 _481_/X
 _482_/X
 _483_/Y
 _484_/X
 _485_/X
 _486_/Y
 _487_/Y
 _488_/X
 _489_/X
 _490_/Y
 _491_/Y
 _492_/X
 _493_/Y
 _494_/X
 _495_/X
 _496_/X
 _497_/X
 _498_/Y
 _499_/X
 _500_/Y
 _501_/Y
 _502_/Y
 _503_/X
 _504_/Y
 _505_/Y
 _506_/X
 _507_/X
 _508_/Y
 _509_/X
 _510_/X
 _511_/X
 _512_/X
 _513_/X
 _514_/X
 _515_/Y
 _516_/Y
 _517_/X
 _518_/Y
 _519_/Y
 _520_/Y
 _521_/Y
 _522_/X
 _523_/X
 _524_/X
 _525_/Y
 _526_/Y
 _527_/X
 _528_/Y
 _529_/X
 _530_/X
 _531_/Y
 _532_/X
 _533_/Y
 _534_/X
 _535_/Y
 _536_/Y
 _537_/Y
 _538_/Y
 _539_/X
 _540_/Y
 _541_/X
 _542_/Y
 _543_/Y
 _544_/X
 _545_/X
 _546_/Y
 _547_/X
 _548_/Y
 _549_/X
 _550_/X
 _551_/Y
 _552_/Y
 _553_/X
 _554_/X
 _555_/X
 _556_/Y
 _557_/Y
 _558_/X
 _559_/Y
 _560_/Y
 _561_/Y
 _562_/Y
 _563_/X
 _564_/Y
 _565_/X
 _566_/X
 _567_/X
 _568_/Y
 _569_/Y
 _570_/Y
 _571_/X
 _572_/X
 _573_/Y
 _574_/X
 _575_/Y
 _576_/X
 _577_/Y
 _578_/Y
 _579_/X
 _580_/X
 _581_/X
 _582_/Y
 _583_/X
 _584_/Y
 _585_/X
 _586_/X
 _587_/X
 _588_/X
 _589_/X
 _590_/Y
 _591_/X
 _592_/X
 _593_/X
 _594_/Y
 _595_/X
 _596_/Y
 _597_/Y
 _598_/X
 _599_/Y
 _600_/Y
 _601_/X
 _602_/Y
 _603_/X
 _604_/Y
 _605_/X
 _606_/Y
 _607_/X
 _608_/Y
 _609_/Y
 _610_/X
 _611_/Y
 _612_/Y
 _613_/X
 _614_/Y
 _615_/X
 _616_/X
 _617_/X
 _618_/Y
 _619_/X
 _620_/Y
 _621_/Y
 _622_/Y
 _623_/X
 _624_/X
 _625_/Y
 _626_/X
 _627_/X
 _628_/Y
 _629_/Y
 _630_/X
 _631_/X
 _632_/Y
 _633_/X
 _634_/X
 _635_/Y
 _636_/X
 _637_/X
 _638_/X
 _639_/X
 _640_/X
 _641_/X
 _642_/Y
 _643_/Y
 _644_/Y
 _645_/X
 _646_/X
 _647_/Y
 _648_/Y
 _649_/X
 _650_/Y
 _651_/X
 _652_/X
 _653_/X
 _654_/X
 _655_/X
 _656_/Y
 _657_/X
 _658_/Y
 _659_/X
 _660_/X
 _661_/X
 _662_/Y
 _663_/Y
 _664_/Y
 _665_/X
 _666_/X
 _667_/Y
 _668_/X
 _669_/X
 _670_/Y
 _671_/X
 _672_/X
 _673_/Y
 _674_/Y
 _675_/X
 _676_/Y
 _677_/X
 _678_/Y
 _679_/X
 _680_/X
 _681_/X
 _682_/X
 _683_/X
 _684_/X
 _685_/X
 _686_/X
 _687_/Y
 _688_/X
 _689_/X
 _690_/X
 _691_/Y
 _692_/X
 _693_/Y
 _694_/Y
 _695_/X
 _696_/X
 _697_/X
 _698_/X
 _699_/X
 _700_/X
 _701_/X
 _702_/Y
 _703_/X
 _704_/X
 _705_/X
 _706_/X
 _707_/Y
 _708_/X
 _709_/X
 _710_/X
 _711_/Y
 _712_/Y
 _713_/Y
 _714_/Y
 _715_/X
 _716_/Y
 _717_/X
 _718_/X
 _719_/X
 _720_/Y
 _721_/X
 _722_/Y
 _723_/Y
 _724_/X
 _725_/Y
 _726_/X
 _727_/Y
 _728_/X
 _729_/X
 _730_/X
 _731_/Y
 _732_/X
 _733_/Y
 _734_/Y
 _735_/Y
 _736_/X
 _737_/X
 _738_/X
 _739_/X
 _740_/X
 _741_/X
 _742_/X
 _743_/Y
 _744_/X
 _745_/Y
 _746_/Y
 _747_/X
 _748_/X
 _749_/X
 _750_/Y
 _751_/Y
 _752_/Y
 _753_/X
 _754_/Y
 _755_/Y
 _756_/Y
 _757_/X
 _758_/Y
 _759_/X
 _760_/Y
 _761_/Y
 _762_/X
 _763_/Y
 _764_/X
 _765_/Y
 _766_/X
 _767_/X
 _768_/X
 _769_/X
 _770_/Y
 _771_/Y
 _772_/X
 _773_/Y
 _774_/X
 _775_/Y
 _776_/X
 _777_/Y
 _778_/X
 _779_/X
 _780_/X
 _781_/Y
 _782_/Y
 _783_/Y
 _784_/Y
 _785_/Y
 _786_/Y
 _787_/Y
 _788_/X
 _789_/X
 _790_/X
 _791_/Y
 _792_/Y
 _793_/X
 _794_/X
 _795_/X
 _796_/X
 _797_/Y
 _798_/Y
 _799_/Y
 _800_/X
 _801_/Y
 _802_/X
 _803_/Y
 _804_/Y
 _805_/Y
 _806_/Y
 _807_/X
 _808_/Y
 _809_/X
 _810_/Y
 _811_/Y
 _812_/X
 _813_/Y
 _814_/X
 _815_/Y
 _816_/Y
 _817_/X
 _818_/Y
 _819_/Y
 _820_/Y
 _821_/X
 _822_/Y
 _823_/Y
 _824_/Y
 _825_/Y
 _826_/Y
 _827_/X
 _828_/X
 _829_/X
 _830_/Y
 _831_/X
 _832_/Y
 _833_/X
 _834_/Y
 _835_/X
 _836_/X
 _837_/Y
 _838_/X
 _839_/X
 _840_/X
 _841_/X
 _842_/X
 _843_/X
 _844_/X
 _845_/Y
 _846_/X
 _847_/Y
 _848_/X
 _849_/Y
 _850_/X
 _851_/X
 _852_/Y
 _853_/X
 _854_/Y
 _855_/Y
 _856_/X
 _857_/Y
 _858_/Y
 _859_/Y
 _860_/Y
 _861_/X
 _862_/Y
 _863_/X
 _864_/X
 _865_/Y
 _866_/X
 _867_/X
 _868_/Y
 _869_/X
 _870_/X
 _871_/Y
 _872_/Y
 _873_/X
 _874_/Y
 _875_/X
 _876_/Y
 _877_/Y
 _878_/X
 _879_/Y
 _880_/Y
 _881_/X
 _882_/X
 _883_/X
 _884_/X
 _885_/X
 _886_/Y
 _887_/Y
 _888_/X
 _889_/Y
 _890_/Y
 _891_/Y
 _892_/Y
 _893_/Y
 _894_/X
 _895_/Y
 _896_/X
 _897_/Y
 _898_/X
 _899_/X
 _900_/X
 _901_/X
 _902_/X
 _903_/Y
 _904_/Y
 _905_/Y
 _906_/Y
 _907_/X
 _908_/Y
 _909_/Y
 _910_/Y
 _911_/X
 _912_/Y
 _913_/Y
 _914_/Y
 _915_/Y
 _916_/Y
 _917_/X
 _918_/Y
 _919_/Y
 _920_/X
 _921_/X
 _922_/X
 _923_/X
Found 0 partially unannotated drivers.

===========================================================================
max slew violation count 0
%OL_METRIC_I design__max_slew_violation__count__corner:nom_tt_025C_1v80 0
max fanout violation count 19
%OL_METRIC_I design__max_fanout_violation__count__corner:nom_tt_025C_1v80 19
max cap violation count 0
%OL_METRIC_I design__max_cap_violation__count__corner:nom_tt_025C_1v80 0
============================================================================

===========================================================================
check_setup -verbose -unconstrained_endpoints -multiple_clock -no_clock -no_input_delay -loops -generated_clocks
===========================================================================
%OL_END_REPORT
%OL_CREATE_REPORT power.rpt

===========================================================================
 report_power
============================================================================
======================= nom_tt_025C_1v80 Corner ===================================

Group                    Internal    Switching      Leakage        Total
                            Power        Power        Power        Power (Watts)
------------------------------------------------------------------------
Sequential           0.000000e+00 0.000000e+00 0.000000e+00 0.000000e+00   0.0%
Combinational        1.588615e-04 1.212245e-04 1.782256e-09 2.800878e-04 100.0%
Clock                0.000000e+00 0.000000e+00 0.000000e+00 0.000000e+00   0.0%
Macro                0.000000e+00 0.000000e+00 0.000000e+00 0.000000e+00   0.0%
Pad                  0.000000e+00 0.000000e+00 0.000000e+00 0.000000e+00   0.0%
------------------------------------------------------------------------
Total                1.588615e-04 1.212245e-04 1.782256e-09 2.800878e-04 100.0%
                            56.7%        43.3%         0.0%
%OL_METRIC_F power__internal__total 0.00015886152687016875
%OL_METRIC_F power__switching__total 0.00012122448242735118
%OL_METRIC_F power__leakage__total 1.7822558984192938e-9
%OL_METRIC_F power__total 0.0002800877846311778

%OL_END_REPORT
%OL_CREATE_REPORT skew.min.rpt

===========================================================================
Clock Skew (Hold)
============================================================================
%OL_METRIC_F clock__skew__worst_hold__corner:nom_tt_025C_1v80 0.0
======================= nom_tt_025C_1v80 Corner ===================================

Clock __VIRTUAL_CLK__
No launch/capture paths found.

%OL_END_REPORT
%OL_CREATE_REPORT skew.max.rpt

===========================================================================
Clock Skew (Setup)
============================================================================
%OL_METRIC_F clock__skew__worst_setup__corner:nom_tt_025C_1v80 0.0
======================= nom_tt_025C_1v80 Corner ===================================

Clock __VIRTUAL_CLK__
No launch/capture paths found.

%OL_END_REPORT
%OL_CREATE_REPORT ws.min.rpt

===========================================================================
Worst Slack (Hold)
============================================================================
%OL_METRIC_F timing__hold__ws__corner:nom_tt_025C_1v80 4.1685580611686275
nom_tt_025C_1v80: 4.1685580611686275
%OL_END_REPORT
%OL_CREATE_REPORT ws.max.rpt

===========================================================================
Worst Slack (Setup)
============================================================================
%OL_METRIC_F timing__setup__ws__corner:nom_tt_025C_1v80 -4.892659749162864
nom_tt_025C_1v80: -4.892659749162864
%OL_END_REPORT
%OL_CREATE_REPORT tns.min.rpt

===========================================================================
Total Negative Slack (Hold)
============================================================================
%OL_METRIC_F timing__hold__tns__corner:nom_tt_025C_1v80 0.0
nom_tt_025C_1v80: 0.0
%OL_END_REPORT
%OL_CREATE_REPORT tns.max.rpt

===========================================================================
Total Negative Slack (Setup)
============================================================================
%OL_METRIC_F timing__setup__tns__corner:nom_tt_025C_1v80 -9.665336360393503
nom_tt_025C_1v80: -9.665336360393503
%OL_END_REPORT
%OL_CREATE_REPORT wns.min.rpt

===========================================================================
Worst Negative Slack (Hold)
============================================================================
%OL_METRIC_F timing__hold__wns__corner:nom_tt_025C_1v80 0
nom_tt_025C_1v80: 0
%OL_END_REPORT
%OL_CREATE_REPORT wns.max.rpt

===========================================================================
Worst Negative Slack (Setup)
============================================================================
%OL_METRIC_F timing__setup__wns__corner:nom_tt_025C_1v80 -4.892659749162864
nom_tt_025C_1v80: -4.892659749162864
%OL_END_REPORT
%OL_CREATE_REPORT violator_list.rpt

===========================================================================
Violator List
============================================================================
[setup in-out] op_b[4] -> op_out[0] : -4.892660
[setup in-out] op_b[4] -> op_out[1] : -3.286154
[setup in-out] op_b[4] -> op_out[2] : -1.486523
%OL_METRIC_I timing__hold_vio__count__corner:nom_tt_025C_1v80 0
%OL_METRIC_F timing__hold_r2r__ws__corner:nom_tt_025C_1v80 inf
%OL_METRIC_I timing__hold_r2r_vio__count__corner:nom_tt_025C_1v80 0
%OL_METRIC_I timing__setup_vio__count__corner:nom_tt_025C_1v80 3
%OL_METRIC_F timing__setup_r2r__ws__corner:nom_tt_025C_1v80 inf
%OL_METRIC_I timing__setup_r2r_vio__count__corner:nom_tt_025C_1v80 0
%OL_END_REPORT
%OL_CREATE_REPORT unpropagated.rpt
__VIRTUAL_CLK__
%OL_END_REPORT
%OL_CREATE_REPORT clock.rpt
Clock: __VIRTUAL_CLK__
Sources: 
Generated: no
Virtual: yes
Propagated: no
Period: 10.000000

===========================================================================
report_clock_properties
============================================================================
Clock                   Period          Waveform
----------------------------------------------------
__VIRTUAL_CLK__      10.000000    0.000000  5.000000

===========================================================================
report_clock_latency
============================================================================
Clock __VIRTUAL_CLK__


===========================================================================
report_clock_min_period
============================================================================
__VIRTUAL_CLK__ period_min = 0.00 fmax = inf
%OL_END_REPORT
Writing SDF files for all corners…
