Reading timing models for corner min_tt_025C_1v80…
Reading cell library for the 'min_tt_025C_1v80' corner at '/home/letienthanh/.volare/volare/sky130/versions/0fe599b2afb6708d281543108caf8310912f54af/sky130A/libs.ref/sky130_fd_sc_hd/lib/sky130_fd_sc_hd__tt_025C_1v80.lib'…
Reading top-level netlist at '/home/letienthanh/8bitalu/runs/RUN_2026-08-05_11-42-16/51-openroad-fillinsertion/alu8bit.nl.v'…
Linking design 'alu8bit' from netlist…
Warning: /home/letienthanh/8bitalu/runs/RUN_2026-08-05_11-42-16/51-openroad-fillinsertion/alu8bit.nl.v line 2421, module sky130_fd_sc_hd__tapvpwrvgnd_1 not found. Creating black box for TAP_TAPCELL_ROW_0_88.
Warning: /home/letienthanh/8bitalu/runs/RUN_2026-08-05_11-42-16/51-openroad-fillinsertion/alu8bit.nl.v line 2822, module sky130_ef_sc_hd__decap_12 not found. Creating black box for FILLER_0_3.
Warning: /home/letienthanh/8bitalu/runs/RUN_2026-08-05_11-42-16/51-openroad-fillinsertion/alu8bit.nl.v line 2824, module sky130_fd_sc_hd__fill_1 not found. Creating black box for FILLER_0_27.
Warning: /home/letienthanh/8bitalu/runs/RUN_2026-08-05_11-42-16/51-openroad-fillinsertion/alu8bit.nl.v line 2877, module sky130_fd_sc_hd__fill_2 not found. Creating black box for FILLER_1_257.
Reading design constraints file at '/nix/store/ss2cw3sxbrwwx9jl0rrppbw4kgcmgi2n-python3-3.11.9-env/lib/python3.11/site-packages/openlane/scripts/base.sdc'…
Warning: base.sdc line 15, port '__VIRTUAL_CLK__' not found.
[INFO] Using clock __VIRTUAL_CLK__…
[INFO] Setting output delay to: 4
[INFO] Setting input delay to: 4
Warning: base.sdc line 32, port '__VIRTUAL_CLK__' not found.
[INFO] Setting load to: 0.033442
[INFO] Setting clock uncertainty to: 0.25
[INFO] Setting clock transition to: 0.1499999999999999944488848768742172978818416595458984375
Warning: base.sdc line 69, transition time can not be specified for virtual clocks.
[INFO] Setting timing derate to: 5%
Warning: base.sdc line 79, virtual clock __VIRTUAL_CLK__ can not be propagated.
Reading top-level design parasitics for the 'min_tt_025C_1v80' corner at '/home/letienthanh/8bitalu/runs/RUN_2026-08-05_11-42-16/53-openroad-rcx/min/alu8bit.min.spef'…
%OL_CREATE_REPORT min.rpt

===========================================================================
report_checks -path_delay min (Hold)
============================================================================
======================= min_tt_025C_1v80 Corner ===================================

Startpoint: op_a[5] (input port clocked by __VIRTUAL_CLK__)
Endpoint: op_out[5] (output port clocked by __VIRTUAL_CLK__)
Path Group: __VIRTUAL_CLK__
Path Type: min

Fanout         Cap        Slew       Delay        Time   Description
---------------------------------------------------------------------------------------------
                      0.000000    0.000000    0.000000   clock __VIRTUAL_CLK__ (rise edge)
                                  0.000000    0.000000   clock network delay (ideal)
                                  4.000000    4.000000 ^ input external delay
     1    0.002766    0.019587    0.010177    4.010177 ^ op_a[5] (in)
                                                         op_a[5] (net)
                      0.019587    0.000000    4.010177 ^ input10/A (sky130_fd_sc_hd__clkbuf_2)
     5    0.026640    0.149139    0.169614    4.179791 ^ input10/X (sky130_fd_sc_hd__clkbuf_2)
                                                         net10 (net)
                      0.149164    0.001562    4.181353 ^ _839_/A1 (sky130_fd_sc_hd__a32o_1)
     1    0.002083    0.044851    0.166600    4.347953 ^ _839_/X (sky130_fd_sc_hd__a32o_1)
                                                         _318_ (net)
                      0.044851    0.000018    4.347971 ^ _842_/A (sky130_fd_sc_hd__or3_1)
     1    0.005202    0.057666    0.109837    4.457808 ^ _842_/X (sky130_fd_sc_hd__or3_1)
                                                         net26 (net)
                      0.057666    0.000116    4.457924 ^ output26/A (sky130_fd_sc_hd__buf_2)
     1    0.034336    0.170486    0.203169    4.661093 ^ output26/X (sky130_fd_sc_hd__buf_2)
                                                         op_out[5] (net)
                      0.170486    0.000391    4.661485 ^ op_out[5] (out)
                                              4.661485   data arrival time

                      0.000000    0.000000    0.000000   clock __VIRTUAL_CLK__ (rise edge)
                                  0.000000    0.000000   clock network delay (ideal)
                                  0.250000    0.250000   clock uncertainty
                                  0.000000    0.250000   clock reconvergence pessimism
                                 -4.000000   -3.750000   output external delay
                                             -3.750000   data required time
---------------------------------------------------------------------------------------------
                                             -3.750000   data required time
                                             -4.661485   data arrival time
---------------------------------------------------------------------------------------------
                                              8.411485   slack (MET)


Startpoint: inst[2] (input port clocked by __VIRTUAL_CLK__)
Endpoint: op_out[0] (output port clocked by __VIRTUAL_CLK__)
Path Group: __VIRTUAL_CLK__
Path Type: min

Fanout         Cap        Slew       Delay        Time   Description
---------------------------------------------------------------------------------------------
                      0.000000    0.000000    0.000000   clock __VIRTUAL_CLK__ (rise edge)
                                  0.000000    0.000000   clock network delay (ideal)
                                  4.000000    4.000000 v input external delay
     1    0.003162    0.009472    0.005035    4.005035 v inst[2] (in)
                                                         inst[2] (net)
                      0.009472    0.000000    4.005035 v input3/A (sky130_fd_sc_hd__clkbuf_2)
     8    0.025542    0.101492    0.149274    4.154309 v input3/X (sky130_fd_sc_hd__clkbuf_2)
                                                         net3 (net)
                      0.101494    0.000597    4.154906 v _459_/A (sky130_fd_sc_hd__inv_2)
     4    0.011175    0.062912    0.091818    4.246724 ^ _459_/Y (sky130_fd_sc_hd__inv_2)
                                                         _199_ (net)
                      0.062912    0.000093    4.246817 ^ _685_/B1 (sky130_fd_sc_hd__o2111a_1)
     1    0.003136    0.051585    0.183483    4.430300 ^ _685_/X (sky130_fd_sc_hd__o2111a_1)
                                                         _156_ (net)
                      0.051585    0.000019    4.430318 ^ _700_/B (sky130_fd_sc_hd__or3_4)
     1    0.009786    0.043175    0.123025    4.553343 ^ _700_/X (sky130_fd_sc_hd__or3_4)
                                                         net21 (net)
                      0.043176    0.000196    4.553539 ^ output21/A (sky130_fd_sc_hd__buf_8)
     1    0.034582    0.066161    0.115520    4.669059 ^ output21/X (sky130_fd_sc_hd__buf_8)
                                                         op_out[0] (net)
                      0.066163    0.000457    4.669516 ^ op_out[0] (out)
                                              4.669516   data arrival time

                      0.000000    0.000000    0.000000   clock __VIRTUAL_CLK__ (rise edge)
                                  0.000000    0.000000   clock network delay (ideal)
                                  0.250000    0.250000   clock uncertainty
                                  0.000000    0.250000   clock reconvergence pessimism
                                 -4.000000   -3.750000   output external delay
                                             -3.750000   data required time
---------------------------------------------------------------------------------------------
                                             -3.750000   data required time
                                             -4.669516   data arrival time
---------------------------------------------------------------------------------------------
                                              8.419516   slack (MET)


Startpoint: inst[2] (input port clocked by __VIRTUAL_CLK__)
Endpoint: op_out[4] (output port clocked by __VIRTUAL_CLK__)
Path Group: __VIRTUAL_CLK__
Path Type: min

Fanout         Cap        Slew       Delay        Time   Description
---------------------------------------------------------------------------------------------
                      0.000000    0.000000    0.000000   clock __VIRTUAL_CLK__ (rise edge)
                                  0.000000    0.000000   clock network delay (ideal)
                                  4.000000    4.000000 ^ input external delay
     1    0.003392    0.022296    0.012380    4.012380 ^ inst[2] (in)
                                                         inst[2] (net)
                      0.022296    0.000000    4.012380 ^ input3/A (sky130_fd_sc_hd__clkbuf_2)
     8    0.027236    0.152130    0.173237    4.185617 ^ input3/X (sky130_fd_sc_hd__clkbuf_2)
                                                         net3 (net)
                      0.152133    0.000556    4.186172 ^ _690_/A (sky130_fd_sc_hd__or4b_4)
     8    0.034178    0.108445    0.215556    4.401729 ^ _690_/X (sky130_fd_sc_hd__or4b_4)
                                                         _161_ (net)
                      0.108466    0.001501    4.403230 ^ _798_/A1 (sky130_fd_sc_hd__o31ai_1)
     1    0.004459    0.052696    0.096666    4.499897 v _798_/Y (sky130_fd_sc_hd__o31ai_1)
                                                         net25 (net)
                      0.052696    0.000089    4.499985 v output25/A (sky130_fd_sc_hd__buf_2)
     1    0.034339    0.089492    0.183763    4.683749 v output25/X (sky130_fd_sc_hd__buf_2)
                                                         op_out[4] (net)
                      0.089493    0.000391    4.684140 v op_out[4] (out)
                                              4.684140   data arrival time

                      0.000000    0.000000    0.000000   clock __VIRTUAL_CLK__ (rise edge)
                                  0.000000    0.000000   clock network delay (ideal)
                                  0.250000    0.250000   clock uncertainty
                                  0.000000    0.250000   clock reconvergence pessimism
                                 -4.000000   -3.750000   output external delay
                                             -3.750000   data required time
---------------------------------------------------------------------------------------------
                                             -3.750000   data required time
                                             -4.684140   data arrival time
---------------------------------------------------------------------------------------------
                                              8.434140   slack (MET)


Startpoint: inst[2] (input port clocked by __VIRTUAL_CLK__)
Endpoint: op_out[3] (output port clocked by __VIRTUAL_CLK__)
Path Group: __VIRTUAL_CLK__
Path Type: min

Fanout         Cap        Slew       Delay        Time   Description
---------------------------------------------------------------------------------------------
                      0.000000    0.000000    0.000000   clock __VIRTUAL_CLK__ (rise edge)
                                  0.000000    0.000000   clock network delay (ideal)
                                  4.000000    4.000000 ^ input external delay
     1    0.003392    0.022296    0.012380    4.012380 ^ inst[2] (in)
                                                         inst[2] (net)
                      0.022296    0.000000    4.012380 ^ input3/A (sky130_fd_sc_hd__clkbuf_2)
     8    0.027236    0.152130    0.173237    4.185617 ^ input3/X (sky130_fd_sc_hd__clkbuf_2)
                                                         net3 (net)
                      0.152133    0.000556    4.186172 ^ _690_/A (sky130_fd_sc_hd__or4b_4)
     8    0.034178    0.108445    0.215556    4.401729 ^ _690_/X (sky130_fd_sc_hd__or4b_4)
                                                         _161_ (net)
                      0.108455    0.001116    4.402845 ^ _749_/A (sky130_fd_sc_hd__or3b_1)
     1    0.002889    0.038386    0.118894    4.521739 ^ _749_/X (sky130_fd_sc_hd__or3b_1)
                                                         _221_ (net)
                      0.038386    0.000027    4.521766 ^ _770_/B (sky130_fd_sc_hd__nand2b_1)
     1    0.001960    0.028029    0.043484    4.565250 v _770_/Y (sky130_fd_sc_hd__nand2b_1)
                                                         net24 (net)
                      0.028029    0.000017    4.565268 v output24/A (sky130_fd_sc_hd__buf_2)
     1    0.034394    0.089787    0.173235    4.738502 v output24/X (sky130_fd_sc_hd__buf_2)
                                                         op_out[3] (net)
                      0.089788    0.000395    4.738897 v op_out[3] (out)
                                              4.738897   data arrival time

                      0.000000    0.000000    0.000000   clock __VIRTUAL_CLK__ (rise edge)
                                  0.000000    0.000000   clock network delay (ideal)
                                  0.250000    0.250000   clock uncertainty
                                  0.000000    0.250000   clock reconvergence pessimism
                                 -4.000000   -3.750000   output external delay
                                             -3.750000   data required time
---------------------------------------------------------------------------------------------
                                             -3.750000   data required time
                                             -4.738897   data arrival time
---------------------------------------------------------------------------------------------
                                              8.488897   slack (MET)


Startpoint: op_a[1] (input port clocked by __VIRTUAL_CLK__)
Endpoint: op_out[1] (output port clocked by __VIRTUAL_CLK__)
Path Group: __VIRTUAL_CLK__
Path Type: min

Fanout         Cap        Slew       Delay        Time   Description
---------------------------------------------------------------------------------------------
                      0.000000    0.000000    0.000000   clock __VIRTUAL_CLK__ (rise edge)
                                  0.000000    0.000000   clock network delay (ideal)
                                  4.000000    4.000000 ^ input external delay
     1    0.002669    0.019174    0.009839    4.009839 ^ op_a[1] (in)
                                                         op_a[1] (net)
                      0.019174    0.000000    4.009839 ^ input6/A (sky130_fd_sc_hd__buf_1)
     3    0.019031    0.227323    0.199358    4.209197 ^ input6/X (sky130_fd_sc_hd__buf_1)
                                                         net6 (net)
                      0.227329    0.000998    4.210196 ^ _703_/A1 (sky130_fd_sc_hd__o22a_1)
     1    0.002597    0.039869    0.178169    4.388365 ^ _703_/X (sky130_fd_sc_hd__o22a_1)
                                                         _173_ (net)
                      0.039869    0.000028    4.388393 ^ _710_/A (sky130_fd_sc_hd__or3_1)
     1    0.009091    0.091080    0.132685    4.521078 ^ _710_/X (sky130_fd_sc_hd__or3_1)
                                                         _180_ (net)
                      0.091080    0.000245    4.521323 ^ _718_/A (sky130_fd_sc_hd__or2_4)
     1    0.007620    0.038596    0.129404    4.650727 ^ _718_/X (sky130_fd_sc_hd__or2_4)
                                                         net22 (net)
                      0.038596    0.000070    4.650797 ^ output22/A (sky130_fd_sc_hd__buf_8)
     1    0.034569    0.066132    0.113899    4.764696 ^ output22/X (sky130_fd_sc_hd__buf_8)
                                                         op_out[1] (net)
                      0.066134    0.000446    4.765142 ^ op_out[1] (out)
                                              4.765142   data arrival time

                      0.000000    0.000000    0.000000   clock __VIRTUAL_CLK__ (rise edge)
                                  0.000000    0.000000   clock network delay (ideal)
                                  0.250000    0.250000   clock uncertainty
                                  0.000000    0.250000   clock reconvergence pessimism
                                 -4.000000   -3.750000   output external delay
                                             -3.750000   data required time
---------------------------------------------------------------------------------------------
                                             -3.750000   data required time
                                             -4.765142   data arrival time
---------------------------------------------------------------------------------------------
                                              8.515141   slack (MET)


Startpoint: op_a[7] (input port clocked by __VIRTUAL_CLK__)
Endpoint: op_out[6] (output port clocked by __VIRTUAL_CLK__)
Path Group: __VIRTUAL_CLK__
Path Type: min

Fanout         Cap        Slew       Delay        Time   Description
---------------------------------------------------------------------------------------------
                      0.000000    0.000000    0.000000   clock __VIRTUAL_CLK__ (rise edge)
                                  0.000000    0.000000   clock network delay (ideal)
                                  4.000000    4.000000 ^ input external delay
     1    0.003454    0.022565    0.012597    4.012597 ^ op_a[7] (in)
                                                         op_a[7] (net)
                      0.022565    0.000000    4.012597 ^ input12/A (sky130_fd_sc_hd__clkbuf_4)
     9    0.044380    0.140677    0.196907    4.209504 ^ input12/X (sky130_fd_sc_hd__clkbuf_4)
                                                         net12 (net)
                      0.140685    0.001203    4.210707 ^ _883_/A1 (sky130_fd_sc_hd__a211o_1)
     1    0.004081    0.046100    0.146440    4.357147 ^ _883_/X (sky130_fd_sc_hd__a211o_1)
                                                         _365_ (net)
                      0.046100    0.000058    4.357204 ^ _884_/C1 (sky130_fd_sc_hd__a211o_1)
     1    0.007865    0.076594    0.116181    4.473385 ^ _884_/X (sky130_fd_sc_hd__a211o_1)
                                                         _366_ (net)
                      0.076594    0.000215    4.473601 ^ _885_/B1 (sky130_fd_sc_hd__a31o_1)
     1    0.002731    0.040115    0.096294    4.569894 ^ _885_/X (sky130_fd_sc_hd__a31o_1)
                                                         net27 (net)
                      0.040115    0.000030    4.569924 ^ output27/A (sky130_fd_sc_hd__buf_2)
     1    0.034259    0.170072    0.196356    4.766280 ^ output27/X (sky130_fd_sc_hd__buf_2)
                                                         op_out[6] (net)
                      0.170072    0.000249    4.766530 ^ op_out[6] (out)
                                              4.766530   data arrival time

                      0.000000    0.000000    0.000000   clock __VIRTUAL_CLK__ (rise edge)
                                  0.000000    0.000000   clock network delay (ideal)
                                  0.250000    0.250000   clock uncertainty
                                  0.000000    0.250000   clock reconvergence pessimism
                                 -4.000000   -3.750000   output external delay
                                             -3.750000   data required time
---------------------------------------------------------------------------------------------
                                             -3.750000   data required time
                                             -4.766530   data arrival time
---------------------------------------------------------------------------------------------
                                              8.516530   slack (MET)


Startpoint: inst[2] (input port clocked by __VIRTUAL_CLK__)
Endpoint: op_out[2] (output port clocked by __VIRTUAL_CLK__)
Path Group: __VIRTUAL_CLK__
Path Type: min

Fanout         Cap        Slew       Delay        Time   Description
---------------------------------------------------------------------------------------------
                      0.000000    0.000000    0.000000   clock __VIRTUAL_CLK__ (rise edge)
                                  0.000000    0.000000   clock network delay (ideal)
                                  4.000000    4.000000 ^ input external delay
     1    0.003392    0.022296    0.012380    4.012380 ^ inst[2] (in)
                                                         inst[2] (net)
                      0.022296    0.000000    4.012380 ^ input3/A (sky130_fd_sc_hd__clkbuf_2)
     8    0.027236    0.152130    0.173237    4.185617 ^ input3/X (sky130_fd_sc_hd__clkbuf_2)
                                                         net3 (net)
                      0.152133    0.000556    4.186172 ^ _690_/A (sky130_fd_sc_hd__or4b_4)
     8    0.034178    0.108445    0.215556    4.401729 ^ _690_/X (sky130_fd_sc_hd__or4b_4)
                                                         _161_ (net)
                      0.108457    0.001223    4.402951 ^ _725_/B1 (sky130_fd_sc_hd__a31oi_1)
     1    0.002507    0.039866    0.050227    4.453179 v _725_/Y (sky130_fd_sc_hd__a31oi_1)
                                                         _195_ (net)
                      0.039866    0.000022    4.453201 v _741_/A2 (sky130_fd_sc_hd__a21o_1)
     1    0.004790    0.039783    0.178906    4.632106 v _741_/X (sky130_fd_sc_hd__a21o_1)
                                                         net23 (net)
                      0.039783    0.000048    4.632154 v output23/A (sky130_fd_sc_hd__buf_6)
     1    0.034288    0.043672    0.134460    4.766614 v output23/X (sky130_fd_sc_hd__buf_6)
                                                         op_out[2] (net)
                      0.043674    0.000376    4.766991 v op_out[2] (out)
                                              4.766991   data arrival time

                      0.000000    0.000000    0.000000   clock __VIRTUAL_CLK__ (rise edge)
                                  0.000000    0.000000   clock network delay (ideal)
                                  0.250000    0.250000   clock uncertainty
                                  0.000000    0.250000   clock reconvergence pessimism
                                 -4.000000   -3.750000   output external delay
                                             -3.750000   data required time
---------------------------------------------------------------------------------------------
                                             -3.750000   data required time
                                             -4.766991   data arrival time
---------------------------------------------------------------------------------------------
                                              8.516990   slack (MET)


Startpoint: op_a[6] (input port clocked by __VIRTUAL_CLK__)
Endpoint: op_out[7] (output port clocked by __VIRTUAL_CLK__)
Path Group: __VIRTUAL_CLK__
Path Type: min

Fanout         Cap        Slew       Delay        Time   Description
---------------------------------------------------------------------------------------------
                      0.000000    0.000000    0.000000   clock __VIRTUAL_CLK__ (rise edge)
                                  0.000000    0.000000   clock network delay (ideal)
                                  4.000000    4.000000 ^ input external delay
     1    0.003065    0.020875    0.011233    4.011233 ^ op_a[6] (in)
                                                         op_a[6] (net)
                      0.020875    0.000000    4.011233 ^ input11/A (sky130_fd_sc_hd__buf_1)
     2    0.008905    0.112238    0.120732    4.131965 ^ input11/X (sky130_fd_sc_hd__buf_1)
                                                         net11 (net)
                      0.112239    0.000238    4.132204 ^ fanout68/A (sky130_fd_sc_hd__clkbuf_2)
     6    0.023480    0.132827    0.192460    4.324664 ^ fanout68/X (sky130_fd_sc_hd__clkbuf_2)
                                                         net68 (net)
                      0.132827    0.000217    4.324881 ^ _922_/A1 (sky130_fd_sc_hd__a211o_1)
     1    0.008005    0.077719    0.169042    4.493923 ^ _922_/X (sky130_fd_sc_hd__a211o_1)
                                                         _407_ (net)
                      0.077719    0.000102    4.494025 ^ _923_/B1 (sky130_fd_sc_hd__a311o_1)
     1    0.002913    0.046873    0.113462    4.607487 ^ _923_/X (sky130_fd_sc_hd__a311o_1)
                                                         net28 (net)
                      0.046873    0.000034    4.607521 ^ output28/A (sky130_fd_sc_hd__buf_2)
     1    0.033907    0.168426    0.197836    4.805357 ^ output28/X (sky130_fd_sc_hd__buf_2)
                                                         op_out[7] (net)
                      0.168426    0.000165    4.805522 ^ op_out[7] (out)
                                              4.805522   data arrival time

                      0.000000    0.000000    0.000000   clock __VIRTUAL_CLK__ (rise edge)
                                  0.000000    0.000000   clock network delay (ideal)
                                  0.250000    0.250000   clock uncertainty
                                  0.000000    0.250000   clock reconvergence pessimism
                                 -4.000000   -3.750000   output external delay
                                             -3.750000   data required time
---------------------------------------------------------------------------------------------
                                             -3.750000   data required time
                                             -4.805522   data arrival time
---------------------------------------------------------------------------------------------
                                              8.555522   slack (MET)



%OL_END_REPORT
%OL_CREATE_REPORT max.rpt

===========================================================================
report_checks -path_delay max (Setup)
============================================================================
======================= min_tt_025C_1v80 Corner ===================================

Startpoint: op_b[0] (input port clocked by __VIRTUAL_CLK__)
Endpoint: op_out[0] (output port clocked by __VIRTUAL_CLK__)
Path Group: __VIRTUAL_CLK__
Path Type: max

Fanout         Cap        Slew       Delay        Time   Description
---------------------------------------------------------------------------------------------
                      0.000000    0.000000    0.000000   clock __VIRTUAL_CLK__ (rise edge)
                                  0.000000    0.000000   clock network delay (ideal)
                                  4.000000    4.000000 ^ input external delay
     1    0.002931    0.020294    0.010755    4.010755 ^ op_b[0] (in)
                                                         op_b[0] (net)
                      0.020294    0.000000    4.010755 ^ input13/A (sky130_fd_sc_hd__clkbuf_2)
     4    0.024592    0.138376    0.163121    4.173875 ^ input13/X (sky130_fd_sc_hd__clkbuf_2)
                                                         net13 (net)
                      0.138421    0.000417    4.174292 ^ fanout66/A (sky130_fd_sc_hd__buf_4)
    10    0.047147    0.135883    0.212213    4.386505 ^ fanout66/X (sky130_fd_sc_hd__buf_4)
                                                         net66 (net)
                      0.135883    0.000112    4.386617 ^ fanout65/A (sky130_fd_sc_hd__buf_4)
    10    0.038810    0.114503    0.196354    4.582971 ^ fanout65/X (sky130_fd_sc_hd__buf_4)
                                                         net65 (net)
                      0.114511    0.001094    4.584064 ^ _458_/A (sky130_fd_sc_hd__inv_2)
     4    0.013147    0.046460    0.067020    4.651084 v _458_/Y (sky130_fd_sc_hd__inv_2)
                                                         _188_ (net)
                      0.046460    0.000060    4.651145 v fanout35/A (sky130_fd_sc_hd__clkbuf_4)
    10    0.039691    0.089194    0.191726    4.842871 v fanout35/X (sky130_fd_sc_hd__clkbuf_4)
                                                         net35 (net)
                      0.089195    0.000520    4.843391 v _472_/A1 (sky130_fd_sc_hd__o41ai_4)
     5    0.016336    0.366720    0.460656    5.304047 ^ _472_/Y (sky130_fd_sc_hd__o41ai_4)
                                                         _338_ (net)
                      0.366720    0.000215    5.304263 ^ _481_/A2 (sky130_fd_sc_hd__a211o_1)
     4    0.013801    0.128935    0.249725    5.553987 ^ _481_/X (sky130_fd_sc_hd__a211o_1)
                                                         _410_ (net)
                      0.128935    0.000139    5.554126 ^ _484_/A1 (sky130_fd_sc_hd__a21o_1)
     4    0.013747    0.125839    0.191031    5.745157 ^ _484_/X (sky130_fd_sc_hd__a21o_1)
                                                         _413_ (net)
                      0.125839    0.000074    5.745231 ^ _493_/A1 (sky130_fd_sc_hd__a211oi_2)
     3    0.009042    0.072855    0.099765    5.844995 v _493_/Y (sky130_fd_sc_hd__a211oi_2)
                                                         _422_ (net)
                      0.072855    0.000106    5.845101 v _503_/D (sky130_fd_sc_hd__or4_4)
     3    0.007989    0.090510    0.431057    6.276158 v _503_/X (sky130_fd_sc_hd__or4_4)
                                                         _432_ (net)
                      0.090510    0.000061    6.276219 v _507_/A3 (sky130_fd_sc_hd__a31o_1)
     2    0.008847    0.062978    0.259774    6.535993 v _507_/X (sky130_fd_sc_hd__a31o_1)
                                                         _436_ (net)
                      0.062978    0.000083    6.536077 v _509_/A2 (sky130_fd_sc_hd__a211o_4)
     3    0.016717    0.069526    0.363757    6.899834 v _509_/X (sky130_fd_sc_hd__a211o_4)
                                                         _438_ (net)
                      0.069526    0.000211    6.900045 v _515_/A2 (sky130_fd_sc_hd__a21oi_4)
     5    0.019176    0.178427    0.211726    7.111771 ^ _515_/Y (sky130_fd_sc_hd__a21oi_4)
                                                         _444_ (net)
                      0.178427    0.000282    7.112052 ^ rebuffer5/A (sky130_fd_sc_hd__buf_6)
     3    0.013248    0.040489    0.133160    7.245212 ^ rebuffer5/X (sky130_fd_sc_hd__buf_6)
                                                         net74 (net)
                      0.040490    0.000180    7.245392 ^ _524_/S (sky130_fd_sc_hd__mux2_4)
     2    0.007174    0.055475    0.297153    7.542544 v _524_/X (sky130_fd_sc_hd__mux2_4)
                                                         _453_ (net)
                      0.055475    0.000094    7.542639 v _539_/A1 (sky130_fd_sc_hd__a221o_1)
     3    0.009549    0.084881    0.354329    7.896968 v _539_/X (sky130_fd_sc_hd__a221o_1)
                                                         _010_ (net)
                      0.084881    0.000033    7.897001 v _544_/A2 (sky130_fd_sc_hd__a311o_1)
     3    0.008703    0.081645    0.357498    8.254498 v _544_/X (sky130_fd_sc_hd__a311o_1)
                                                         _015_ (net)
                      0.081645    0.000130    8.254628 v _579_/A2 (sky130_fd_sc_hd__a21o_1)
     3    0.008181    0.056456    0.211552    8.466180 v _579_/X (sky130_fd_sc_hd__a21o_1)
                                                         _050_ (net)
                      0.056456    0.000110    8.466290 v _583_/C (sky130_fd_sc_hd__and3_1)
     2    0.005269    0.047273    0.191397    8.657687 v _583_/X (sky130_fd_sc_hd__and3_1)
                                                         _054_ (net)
                      0.047273    0.000039    8.657726 v _585_/A (sky130_fd_sc_hd__or4_4)
     1    0.003626    0.081097    0.521129    9.178855 v _585_/X (sky130_fd_sc_hd__or4_4)
                                                         _056_ (net)
                      0.081097    0.000044    9.178900 v _586_/B (sky130_fd_sc_hd__or4b_4)
     1    0.009036    0.092533    0.536536    9.715436 v _586_/X (sky130_fd_sc_hd__or4b_4)
                                                         _057_ (net)
                      0.092533    0.000100    9.715536 v _590_/A2 (sky130_fd_sc_hd__a311oi_4)
     4    0.019145    0.344132    0.373738   10.089274 ^ _590_/Y (sky130_fd_sc_hd__a311oi_4)
                                                         _061_ (net)
                      0.344132    0.000353   10.089627 ^ max_cap30/A (sky130_fd_sc_hd__buf_6)
     5    0.031684    0.075324    0.188526   10.278152 ^ max_cap30/X (sky130_fd_sc_hd__buf_6)
                                                         net30 (net)
                      0.075324    0.000128   10.278281 ^ _619_/S (sky130_fd_sc_hd__mux2_4)
     5    0.021022    0.074916    0.338380   10.616661 v _619_/X (sky130_fd_sc_hd__mux2_4)
                                                         _090_ (net)
                      0.074916    0.000349   10.617010 v _623_/B2 (sky130_fd_sc_hd__o22a_1)
     2    0.005826    0.058514    0.182811   10.799821 v _623_/X (sky130_fd_sc_hd__o22a_1)
                                                         _094_ (net)
                      0.058514    0.000036   10.799856 v _624_/A (sky130_fd_sc_hd__or4bb_4)
     4    0.019061    0.112642    0.582805   11.382662 v _624_/X (sky130_fd_sc_hd__or4bb_4)
                                                         _095_ (net)
                      0.112642    0.000122   11.382783 v _628_/A2 (sky130_fd_sc_hd__a21oi_4)
     4    0.021410    0.192176    0.239461   11.622244 ^ _628_/Y (sky130_fd_sc_hd__a21oi_4)
                                                         _099_ (net)
                      0.192176    0.000201   11.622445 ^ fanout29/A (sky130_fd_sc_hd__buf_6)
     5    0.027918    0.066341    0.157476   11.779921 ^ fanout29/X (sky130_fd_sc_hd__buf_6)
                                                         net29 (net)
                      0.066349    0.000752   11.780673 ^ _665_/S (sky130_fd_sc_hd__mux2_4)
     3    0.008302    0.057078    0.308222   12.088895 v _665_/X (sky130_fd_sc_hd__mux2_4)
                                                         _136_ (net)
                      0.057078    0.000020   12.088915 v _669_/A2 (sky130_fd_sc_hd__a21o_1)
     1    0.003343    0.035589    0.178900   12.267816 v _669_/X (sky130_fd_sc_hd__a21o_1)
                                                         _140_ (net)
                      0.035589    0.000036   12.267852 v _671_/A1 (sky130_fd_sc_hd__o211a_1)
     1    0.002727    0.038002    0.211239   12.479091 v _671_/X (sky130_fd_sc_hd__o211a_1)
                                                         _142_ (net)
                      0.038002    0.000026   12.479116 v _672_/B2 (sky130_fd_sc_hd__o221a_1)
     1    0.003334    0.048612    0.201950   12.681067 v _672_/X (sky130_fd_sc_hd__o221a_1)
                                                         _143_ (net)
                      0.048612    0.000044   12.681109 v _675_/A1 (sky130_fd_sc_hd__o21a_1)
     1    0.002420    0.034137    0.177367   12.858477 v _675_/X (sky130_fd_sc_hd__o21a_1)
                                                         _146_ (net)
                      0.034137    0.000010   12.858486 v _679_/A2 (sky130_fd_sc_hd__o21a_1)
     1    0.007326    0.056022    0.181771   13.040257 v _679_/X (sky130_fd_sc_hd__o21a_1)
                                                         _150_ (net)
                      0.056022    0.000208   13.040465 v _700_/C (sky130_fd_sc_hd__or3_4)
     1    0.009125    0.073379    0.339948   13.380413 v _700_/X (sky130_fd_sc_hd__or3_4)
                                                         net21 (net)
                      0.073379    0.000181   13.380594 v output21/A (sky130_fd_sc_hd__buf_8)
     1    0.034582    0.040009    0.146653   13.527247 v output21/X (sky130_fd_sc_hd__buf_8)
                                                         op_out[0] (net)
                      0.040014    0.000457   13.527704 v op_out[0] (out)
                                             13.527704   data arrival time

                      0.000000   20.000000   20.000000   clock __VIRTUAL_CLK__ (rise edge)
                                  0.000000   20.000000   clock network delay (ideal)
                                 -0.250000   19.750002   clock uncertainty
                                  0.000000   19.750002   clock reconvergence pessimism
                                 -4.000000   15.750001   output external delay
                                             15.750001   data required time
---------------------------------------------------------------------------------------------
                                             15.750001   data required time
                                            -13.527704   data arrival time
---------------------------------------------------------------------------------------------
                                              2.222296   slack (MET)


Startpoint: op_b[0] (input port clocked by __VIRTUAL_CLK__)
Endpoint: op_out[1] (output port clocked by __VIRTUAL_CLK__)
Path Group: __VIRTUAL_CLK__
Path Type: max

Fanout         Cap        Slew       Delay        Time   Description
---------------------------------------------------------------------------------------------
                      0.000000    0.000000    0.000000   clock __VIRTUAL_CLK__ (rise edge)
                                  0.000000    0.000000   clock network delay (ideal)
                                  4.000000    4.000000 ^ input external delay
     1    0.002931    0.020294    0.010755    4.010755 ^ op_b[0] (in)
                                                         op_b[0] (net)
                      0.020294    0.000000    4.010755 ^ input13/A (sky130_fd_sc_hd__clkbuf_2)
     4    0.024592    0.138376    0.163121    4.173875 ^ input13/X (sky130_fd_sc_hd__clkbuf_2)
                                                         net13 (net)
                      0.138421    0.000417    4.174292 ^ fanout66/A (sky130_fd_sc_hd__buf_4)
    10    0.047147    0.135883    0.212213    4.386505 ^ fanout66/X (sky130_fd_sc_hd__buf_4)
                                                         net66 (net)
                      0.135883    0.000112    4.386617 ^ fanout65/A (sky130_fd_sc_hd__buf_4)
    10    0.038810    0.114503    0.196354    4.582971 ^ fanout65/X (sky130_fd_sc_hd__buf_4)
                                                         net65 (net)
                      0.114511    0.001094    4.584064 ^ _458_/A (sky130_fd_sc_hd__inv_2)
     4    0.013147    0.046460    0.067020    4.651084 v _458_/Y (sky130_fd_sc_hd__inv_2)
                                                         _188_ (net)
                      0.046460    0.000060    4.651145 v fanout35/A (sky130_fd_sc_hd__clkbuf_4)
    10    0.039691    0.089194    0.191726    4.842871 v fanout35/X (sky130_fd_sc_hd__clkbuf_4)
                                                         net35 (net)
                      0.089195    0.000520    4.843391 v _472_/A1 (sky130_fd_sc_hd__o41ai_4)
     5    0.016336    0.366720    0.460656    5.304047 ^ _472_/Y (sky130_fd_sc_hd__o41ai_4)
                                                         _338_ (net)
                      0.366720    0.000215    5.304263 ^ _481_/A2 (sky130_fd_sc_hd__a211o_1)
     4    0.013801    0.128935    0.249725    5.553987 ^ _481_/X (sky130_fd_sc_hd__a211o_1)
                                                         _410_ (net)
                      0.128935    0.000139    5.554126 ^ _484_/A1 (sky130_fd_sc_hd__a21o_1)
     4    0.013747    0.125839    0.191031    5.745157 ^ _484_/X (sky130_fd_sc_hd__a21o_1)
                                                         _413_ (net)
                      0.125839    0.000074    5.745231 ^ _493_/A1 (sky130_fd_sc_hd__a211oi_2)
     3    0.009042    0.072855    0.099765    5.844995 v _493_/Y (sky130_fd_sc_hd__a211oi_2)
                                                         _422_ (net)
                      0.072855    0.000106    5.845101 v _503_/D (sky130_fd_sc_hd__or4_4)
     3    0.007989    0.090510    0.431057    6.276158 v _503_/X (sky130_fd_sc_hd__or4_4)
                                                         _432_ (net)
                      0.090510    0.000061    6.276219 v _507_/A3 (sky130_fd_sc_hd__a31o_1)
     2    0.008847    0.062978    0.259774    6.535993 v _507_/X (sky130_fd_sc_hd__a31o_1)
                                                         _436_ (net)
                      0.062978    0.000083    6.536077 v _509_/A2 (sky130_fd_sc_hd__a211o_4)
     3    0.016717    0.069526    0.363757    6.899834 v _509_/X (sky130_fd_sc_hd__a211o_4)
                                                         _438_ (net)
                      0.069526    0.000211    6.900045 v _515_/A2 (sky130_fd_sc_hd__a21oi_4)
     5    0.019176    0.178427    0.211726    7.111771 ^ _515_/Y (sky130_fd_sc_hd__a21oi_4)
                                                         _444_ (net)
                      0.178427    0.000282    7.112052 ^ rebuffer5/A (sky130_fd_sc_hd__buf_6)
     3    0.013248    0.040489    0.133160    7.245212 ^ rebuffer5/X (sky130_fd_sc_hd__buf_6)
                                                         net74 (net)
                      0.040490    0.000180    7.245392 ^ _524_/S (sky130_fd_sc_hd__mux2_4)
     2    0.007174    0.055475    0.297153    7.542544 v _524_/X (sky130_fd_sc_hd__mux2_4)
                                                         _453_ (net)
                      0.055475    0.000094    7.542639 v _539_/A1 (sky130_fd_sc_hd__a221o_1)
     3    0.009549    0.084881    0.354329    7.896968 v _539_/X (sky130_fd_sc_hd__a221o_1)
                                                         _010_ (net)
                      0.084881    0.000033    7.897001 v _544_/A2 (sky130_fd_sc_hd__a311o_1)
     3    0.008703    0.081645    0.357498    8.254498 v _544_/X (sky130_fd_sc_hd__a311o_1)
                                                         _015_ (net)
                      0.081645    0.000130    8.254628 v _579_/A2 (sky130_fd_sc_hd__a21o_1)
     3    0.008181    0.056456    0.211552    8.466180 v _579_/X (sky130_fd_sc_hd__a21o_1)
                                                         _050_ (net)
                      0.056456    0.000110    8.466290 v _583_/C (sky130_fd_sc_hd__and3_1)
     2    0.005269    0.047273    0.191397    8.657687 v _583_/X (sky130_fd_sc_hd__and3_1)
                                                         _054_ (net)
                      0.047273    0.000039    8.657726 v _585_/A (sky130_fd_sc_hd__or4_4)
     1    0.003626    0.081097    0.521129    9.178855 v _585_/X (sky130_fd_sc_hd__or4_4)
                                                         _056_ (net)
                      0.081097    0.000044    9.178900 v _586_/B (sky130_fd_sc_hd__or4b_4)
     1    0.009036    0.092533    0.536536    9.715436 v _586_/X (sky130_fd_sc_hd__or4b_4)
                                                         _057_ (net)
                      0.092533    0.000100    9.715536 v _590_/A2 (sky130_fd_sc_hd__a311oi_4)
     4    0.019145    0.344132    0.373738   10.089274 ^ _590_/Y (sky130_fd_sc_hd__a311oi_4)
                                                         _061_ (net)
                      0.344132    0.000353   10.089627 ^ max_cap30/A (sky130_fd_sc_hd__buf_6)
     5    0.031684    0.075324    0.188526   10.278152 ^ max_cap30/X (sky130_fd_sc_hd__buf_6)
                                                         net30 (net)
                      0.075326    0.000528   10.278682 ^ _601_/S (sky130_fd_sc_hd__mux2_4)
     4    0.025843    0.080446    0.346212   10.624893 v _601_/X (sky130_fd_sc_hd__mux2_4)
                                                         _072_ (net)
                      0.080446    0.000148   10.625042 v _604_/A (sky130_fd_sc_hd__xnor2_4)
     4    0.016632    0.073689    0.170355   10.795397 v _604_/Y (sky130_fd_sc_hd__xnor2_4)
                                                         _075_ (net)
                      0.073689    0.000137   10.795534 v _608_/A2 (sky130_fd_sc_hd__a211oi_4)
     4    0.014022    0.246542    0.302924   11.098457 ^ _608_/Y (sky130_fd_sc_hd__a211oi_4)
                                                         _079_ (net)
                      0.246542    0.000190   11.098648 ^ _627_/A3 (sky130_fd_sc_hd__o31a_1)
     4    0.019895    0.212036    0.273882   11.372530 ^ _627_/X (sky130_fd_sc_hd__o31a_1)
                                                         _098_ (net)
                      0.212036    0.000115   11.372644 ^ _628_/A1 (sky130_fd_sc_hd__a21oi_4)
     4    0.019837    0.081753    0.108566   11.481211 v _628_/Y (sky130_fd_sc_hd__a21oi_4)
                                                         _099_ (net)
                      0.081753    0.000297   11.481507 v clone21/A (sky130_fd_sc_hd__buf_6)
     5    0.018316    0.032350    0.141018   11.622525 v clone21/X (sky130_fd_sc_hd__buf_6)
                                                         net90 (net)
                      0.032350    0.000198   11.622724 v _717_/A1 (sky130_fd_sc_hd__a22o_1)
     1    0.003812    0.045159    0.202709   11.825433 v _717_/X (sky130_fd_sc_hd__a22o_1)
                                                         _187_ (net)
                      0.045159    0.000054   11.825487 v _718_/B (sky130_fd_sc_hd__or2_4)
     1    0.006959    0.050099    0.229404   12.054891 v _718_/X (sky130_fd_sc_hd__or2_4)
                                                         net22 (net)
                      0.050099    0.000064   12.054955 v output22/A (sky130_fd_sc_hd__buf_8)
     1    0.034569    0.040026    0.136385   12.191339 v output22/X (sky130_fd_sc_hd__buf_8)
                                                         op_out[1] (net)
                      0.040031    0.000446   12.191786 v op_out[1] (out)
                                             12.191786   data arrival time

                      0.000000   20.000000   20.000000   clock __VIRTUAL_CLK__ (rise edge)
                                  0.000000   20.000000   clock network delay (ideal)
                                 -0.250000   19.750002   clock uncertainty
                                  0.000000   19.750002   clock reconvergence pessimism
                                 -4.000000   15.750001   output external delay
                                             15.750001   data required time
---------------------------------------------------------------------------------------------
                                             15.750001   data required time
                                            -12.191786   data arrival time
---------------------------------------------------------------------------------------------
                                              3.558215   slack (MET)


Startpoint: op_b[0] (input port clocked by __VIRTUAL_CLK__)
Endpoint: op_out[2] (output port clocked by __VIRTUAL_CLK__)
Path Group: __VIRTUAL_CLK__
Path Type: max

Fanout         Cap        Slew       Delay        Time   Description
---------------------------------------------------------------------------------------------
                      0.000000    0.000000    0.000000   clock __VIRTUAL_CLK__ (rise edge)
                                  0.000000    0.000000   clock network delay (ideal)
                                  4.000000    4.000000 ^ input external delay
     1    0.002931    0.020294    0.010755    4.010755 ^ op_b[0] (in)
                                                         op_b[0] (net)
                      0.020294    0.000000    4.010755 ^ input13/A (sky130_fd_sc_hd__clkbuf_2)
     4    0.024592    0.138376    0.163121    4.173875 ^ input13/X (sky130_fd_sc_hd__clkbuf_2)
                                                         net13 (net)
                      0.138421    0.000417    4.174292 ^ fanout66/A (sky130_fd_sc_hd__buf_4)
    10    0.047147    0.135883    0.212213    4.386505 ^ fanout66/X (sky130_fd_sc_hd__buf_4)
                                                         net66 (net)
                      0.135883    0.000112    4.386617 ^ fanout65/A (sky130_fd_sc_hd__buf_4)
    10    0.038810    0.114503    0.196354    4.582971 ^ fanout65/X (sky130_fd_sc_hd__buf_4)
                                                         net65 (net)
                      0.114511    0.001094    4.584064 ^ _458_/A (sky130_fd_sc_hd__inv_2)
     4    0.013147    0.046460    0.067020    4.651084 v _458_/Y (sky130_fd_sc_hd__inv_2)
                                                         _188_ (net)
                      0.046460    0.000060    4.651145 v fanout35/A (sky130_fd_sc_hd__clkbuf_4)
    10    0.039691    0.089194    0.191726    4.842871 v fanout35/X (sky130_fd_sc_hd__clkbuf_4)
                                                         net35 (net)
                      0.089195    0.000520    4.843391 v _472_/A1 (sky130_fd_sc_hd__o41ai_4)
     5    0.016336    0.366720    0.460656    5.304047 ^ _472_/Y (sky130_fd_sc_hd__o41ai_4)
                                                         _338_ (net)
                      0.366720    0.000215    5.304263 ^ _481_/A2 (sky130_fd_sc_hd__a211o_1)
     4    0.013801    0.128935    0.249725    5.553987 ^ _481_/X (sky130_fd_sc_hd__a211o_1)
                                                         _410_ (net)
                      0.128935    0.000139    5.554126 ^ _484_/A1 (sky130_fd_sc_hd__a21o_1)
     4    0.013747    0.125839    0.191031    5.745157 ^ _484_/X (sky130_fd_sc_hd__a21o_1)
                                                         _413_ (net)
                      0.125839    0.000074    5.745231 ^ _493_/A1 (sky130_fd_sc_hd__a211oi_2)
     3    0.009042    0.072855    0.099765    5.844995 v _493_/Y (sky130_fd_sc_hd__a211oi_2)
                                                         _422_ (net)
                      0.072855    0.000106    5.845101 v _503_/D (sky130_fd_sc_hd__or4_4)
     3    0.007989    0.090510    0.431057    6.276158 v _503_/X (sky130_fd_sc_hd__or4_4)
                                                         _432_ (net)
                      0.090510    0.000061    6.276219 v _507_/A3 (sky130_fd_sc_hd__a31o_1)
     2    0.008847    0.062978    0.259774    6.535993 v _507_/X (sky130_fd_sc_hd__a31o_1)
                                                         _436_ (net)
                      0.062978    0.000083    6.536077 v _509_/A2 (sky130_fd_sc_hd__a211o_4)
     3    0.016717    0.069526    0.363757    6.899834 v _509_/X (sky130_fd_sc_hd__a211o_4)
                                                         _438_ (net)
                      0.069526    0.000211    6.900045 v _515_/A2 (sky130_fd_sc_hd__a21oi_4)
     5    0.019176    0.178427    0.211726    7.111771 ^ _515_/Y (sky130_fd_sc_hd__a21oi_4)
                                                         _444_ (net)
                      0.178427    0.000282    7.112052 ^ rebuffer5/A (sky130_fd_sc_hd__buf_6)
     3    0.013248    0.040489    0.133160    7.245212 ^ rebuffer5/X (sky130_fd_sc_hd__buf_6)
                                                         net74 (net)
                      0.040490    0.000180    7.245392 ^ _524_/S (sky130_fd_sc_hd__mux2_4)
     2    0.007174    0.055475    0.297153    7.542544 v _524_/X (sky130_fd_sc_hd__mux2_4)
                                                         _453_ (net)
                      0.055475    0.000094    7.542639 v _539_/A1 (sky130_fd_sc_hd__a221o_1)
     3    0.009549    0.084881    0.354329    7.896968 v _539_/X (sky130_fd_sc_hd__a221o_1)
                                                         _010_ (net)
                      0.084881    0.000033    7.897001 v _544_/A2 (sky130_fd_sc_hd__a311o_1)
     3    0.008703    0.081645    0.357498    8.254498 v _544_/X (sky130_fd_sc_hd__a311o_1)
                                                         _015_ (net)
                      0.081645    0.000130    8.254628 v _579_/A2 (sky130_fd_sc_hd__a21o_1)
     3    0.008181    0.056456    0.211552    8.466180 v _579_/X (sky130_fd_sc_hd__a21o_1)
                                                         _050_ (net)
                      0.056456    0.000110    8.466290 v _583_/C (sky130_fd_sc_hd__and3_1)
     2    0.005269    0.047273    0.191397    8.657687 v _583_/X (sky130_fd_sc_hd__and3_1)
                                                         _054_ (net)
                      0.047273    0.000039    8.657726 v _585_/A (sky130_fd_sc_hd__or4_4)
     1    0.003626    0.081097    0.521129    9.178855 v _585_/X (sky130_fd_sc_hd__or4_4)
                                                         _056_ (net)
                      0.081097    0.000044    9.178900 v _586_/B (sky130_fd_sc_hd__or4b_4)
     1    0.009036    0.092533    0.536536    9.715436 v _586_/X (sky130_fd_sc_hd__or4b_4)
                                                         _057_ (net)
                      0.092533    0.000100    9.715536 v _590_/A2 (sky130_fd_sc_hd__a311oi_4)
     4    0.019145    0.344132    0.373738   10.089274 ^ _590_/Y (sky130_fd_sc_hd__a311oi_4)
                                                         _061_ (net)
                      0.344132    0.000353   10.089627 ^ max_cap30/A (sky130_fd_sc_hd__buf_6)
     5    0.031684    0.075324    0.188526   10.278152 ^ max_cap30/X (sky130_fd_sc_hd__buf_6)
                                                         net30 (net)
                      0.075329    0.000690   10.278843 ^ _740_/A2 (sky130_fd_sc_hd__a211o_1)
     1    0.004545    0.054023    0.131313   10.410155 ^ _740_/X (sky130_fd_sc_hd__a211o_1)
                                                         _212_ (net)
                      0.054023    0.000075   10.410231 ^ _741_/B1 (sky130_fd_sc_hd__a21o_1)
     1    0.005269    0.056926    0.093456   10.503686 ^ _741_/X (sky130_fd_sc_hd__a21o_1)
                                                         net23 (net)
                      0.056926    0.000052   10.503738 ^ output23/A (sky130_fd_sc_hd__buf_6)
     1    0.034288    0.076810    0.129537   10.633276 ^ output23/X (sky130_fd_sc_hd__buf_6)
                                                         op_out[2] (net)
                      0.076811    0.000377   10.633653 ^ op_out[2] (out)
                                             10.633653   data arrival time

                      0.000000   20.000000   20.000000   clock __VIRTUAL_CLK__ (rise edge)
                                  0.000000   20.000000   clock network delay (ideal)
                                 -0.250000   19.750002   clock uncertainty
                                  0.000000   19.750002   clock reconvergence pessimism
                                 -4.000000   15.750001   output external delay
                                             15.750001   data required time
---------------------------------------------------------------------------------------------
                                             15.750001   data required time
                                            -10.633653   data arrival time
---------------------------------------------------------------------------------------------
                                              5.116348   slack (MET)


Startpoint: op_b[0] (input port clocked by __VIRTUAL_CLK__)
Endpoint: op_out[3] (output port clocked by __VIRTUAL_CLK__)
Path Group: __VIRTUAL_CLK__
Path Type: max

Fanout         Cap        Slew       Delay        Time   Description
---------------------------------------------------------------------------------------------
                      0.000000    0.000000    0.000000   clock __VIRTUAL_CLK__ (rise edge)
                                  0.000000    0.000000   clock network delay (ideal)
                                  4.000000    4.000000 ^ input external delay
     1    0.002931    0.020294    0.010755    4.010755 ^ op_b[0] (in)
                                                         op_b[0] (net)
                      0.020294    0.000000    4.010755 ^ input13/A (sky130_fd_sc_hd__clkbuf_2)
     4    0.024592    0.138376    0.163121    4.173875 ^ input13/X (sky130_fd_sc_hd__clkbuf_2)
                                                         net13 (net)
                      0.138421    0.000417    4.174292 ^ fanout66/A (sky130_fd_sc_hd__buf_4)
    10    0.047147    0.135883    0.212213    4.386505 ^ fanout66/X (sky130_fd_sc_hd__buf_4)
                                                         net66 (net)
                      0.135883    0.000112    4.386617 ^ fanout65/A (sky130_fd_sc_hd__buf_4)
    10    0.038810    0.114503    0.196354    4.582971 ^ fanout65/X (sky130_fd_sc_hd__buf_4)
                                                         net65 (net)
                      0.114511    0.001094    4.584064 ^ _458_/A (sky130_fd_sc_hd__inv_2)
     4    0.013147    0.046460    0.067020    4.651084 v _458_/Y (sky130_fd_sc_hd__inv_2)
                                                         _188_ (net)
                      0.046460    0.000060    4.651145 v fanout35/A (sky130_fd_sc_hd__clkbuf_4)
    10    0.039691    0.089194    0.191726    4.842871 v fanout35/X (sky130_fd_sc_hd__clkbuf_4)
                                                         net35 (net)
                      0.089195    0.000520    4.843391 v _472_/A1 (sky130_fd_sc_hd__o41ai_4)
     5    0.016336    0.366720    0.460656    5.304047 ^ _472_/Y (sky130_fd_sc_hd__o41ai_4)
                                                         _338_ (net)
                      0.366720    0.000215    5.304263 ^ _481_/A2 (sky130_fd_sc_hd__a211o_1)
     4    0.013801    0.128935    0.249725    5.553987 ^ _481_/X (sky130_fd_sc_hd__a211o_1)
                                                         _410_ (net)
                      0.128935    0.000139    5.554126 ^ _484_/A1 (sky130_fd_sc_hd__a21o_1)
     4    0.013747    0.125839    0.191031    5.745157 ^ _484_/X (sky130_fd_sc_hd__a21o_1)
                                                         _413_ (net)
                      0.125839    0.000074    5.745231 ^ _493_/A1 (sky130_fd_sc_hd__a211oi_2)
     3    0.009042    0.072855    0.099765    5.844995 v _493_/Y (sky130_fd_sc_hd__a211oi_2)
                                                         _422_ (net)
                      0.072855    0.000106    5.845101 v _503_/D (sky130_fd_sc_hd__or4_4)
     3    0.007989    0.090510    0.431057    6.276158 v _503_/X (sky130_fd_sc_hd__or4_4)
                                                         _432_ (net)
                      0.090510    0.000061    6.276219 v _507_/A3 (sky130_fd_sc_hd__a31o_1)
     2    0.008847    0.062978    0.259774    6.535993 v _507_/X (sky130_fd_sc_hd__a31o_1)
                                                         _436_ (net)
                      0.062978    0.000083    6.536077 v _509_/A2 (sky130_fd_sc_hd__a211o_4)
     3    0.016717    0.069526    0.363757    6.899834 v _509_/X (sky130_fd_sc_hd__a211o_4)
                                                         _438_ (net)
                      0.069526    0.000211    6.900045 v _515_/A2 (sky130_fd_sc_hd__a21oi_4)
     5    0.019176    0.178427    0.211726    7.111771 ^ _515_/Y (sky130_fd_sc_hd__a21oi_4)
                                                         _444_ (net)
                      0.178427    0.000282    7.112052 ^ rebuffer5/A (sky130_fd_sc_hd__buf_6)
     3    0.013248    0.040489    0.133160    7.245212 ^ rebuffer5/X (sky130_fd_sc_hd__buf_6)
                                                         net74 (net)
                      0.040490    0.000180    7.245392 ^ _524_/S (sky130_fd_sc_hd__mux2_4)
     2    0.007174    0.055475    0.297153    7.542544 v _524_/X (sky130_fd_sc_hd__mux2_4)
                                                         _453_ (net)
                      0.055475    0.000094    7.542639 v _539_/A1 (sky130_fd_sc_hd__a221o_1)
     3    0.009549    0.084881    0.354329    7.896968 v _539_/X (sky130_fd_sc_hd__a221o_1)
                                                         _010_ (net)
                      0.084881    0.000048    7.897016 v _543_/A3 (sky130_fd_sc_hd__a311oi_2)
     4    0.014508    0.358317    0.405044    8.302060 ^ _543_/Y (sky130_fd_sc_hd__a311oi_2)
                                                         _014_ (net)
                      0.358317    0.000223    8.302282 ^ _548_/A (sky130_fd_sc_hd__nor2_1)
     2    0.016259    0.130562    0.179111    8.481394 v _548_/Y (sky130_fd_sc_hd__nor2_1)
                                                         _019_ (net)
                      0.130562    0.000403    8.481797 v _769_/A2 (sky130_fd_sc_hd__a211o_1)
     1    0.002237    0.043962    0.309924    8.791720 v _769_/X (sky130_fd_sc_hd__a211o_1)
                                                         _243_ (net)
                      0.043962    0.000025    8.791745 v _770_/A_N (sky130_fd_sc_hd__nand2b_1)
     1    0.001960    0.036546    0.128861    8.920607 v _770_/Y (sky130_fd_sc_hd__nand2b_1)
                                                         net24 (net)
                      0.036546    0.000017    8.920624 v output24/A (sky130_fd_sc_hd__buf_2)
     1    0.034394    0.089726    0.176904    9.097528 v output24/X (sky130_fd_sc_hd__buf_2)
                                                         op_out[3] (net)
                      0.089727    0.000395    9.097922 v op_out[3] (out)
                                              9.097922   data arrival time

                      0.000000   20.000000   20.000000   clock __VIRTUAL_CLK__ (rise edge)
                                  0.000000   20.000000   clock network delay (ideal)
                                 -0.250000   19.750002   clock uncertainty
                                  0.000000   19.750002   clock reconvergence pessimism
                                 -4.000000   15.750001   output external delay
                                             15.750001   data required time
---------------------------------------------------------------------------------------------
                                             15.750001   data required time
                                             -9.097922   data arrival time
---------------------------------------------------------------------------------------------
                                              6.652078   slack (MET)


Startpoint: op_b[0] (input port clocked by __VIRTUAL_CLK__)
Endpoint: op_out[5] (output port clocked by __VIRTUAL_CLK__)
Path Group: __VIRTUAL_CLK__
Path Type: max

Fanout         Cap        Slew       Delay        Time   Description
---------------------------------------------------------------------------------------------
                      0.000000    0.000000    0.000000   clock __VIRTUAL_CLK__ (rise edge)
                                  0.000000    0.000000   clock network delay (ideal)
                                  4.000000    4.000000 ^ input external delay
     1    0.002931    0.020294    0.010755    4.010755 ^ op_b[0] (in)
                                                         op_b[0] (net)
                      0.020294    0.000000    4.010755 ^ input13/A (sky130_fd_sc_hd__clkbuf_2)
     4    0.024592    0.138376    0.163121    4.173875 ^ input13/X (sky130_fd_sc_hd__clkbuf_2)
                                                         net13 (net)
                      0.138421    0.000417    4.174292 ^ fanout66/A (sky130_fd_sc_hd__buf_4)
    10    0.047147    0.135883    0.212213    4.386505 ^ fanout66/X (sky130_fd_sc_hd__buf_4)
                                                         net66 (net)
                      0.135883    0.000112    4.386617 ^ fanout65/A (sky130_fd_sc_hd__buf_4)
    10    0.038810    0.114503    0.196354    4.582971 ^ fanout65/X (sky130_fd_sc_hd__buf_4)
                                                         net65 (net)
                      0.114511    0.001094    4.584064 ^ _458_/A (sky130_fd_sc_hd__inv_2)
     4    0.013147    0.046460    0.067020    4.651084 v _458_/Y (sky130_fd_sc_hd__inv_2)
                                                         _188_ (net)
                      0.046460    0.000060    4.651145 v fanout35/A (sky130_fd_sc_hd__clkbuf_4)
    10    0.039691    0.089194    0.191726    4.842871 v fanout35/X (sky130_fd_sc_hd__clkbuf_4)
                                                         net35 (net)
                      0.089194    0.000248    4.843119 v _536_/A (sky130_fd_sc_hd__nor2_1)
     4    0.015913    0.292555    0.273869    5.116988 ^ _536_/Y (sky130_fd_sc_hd__nor2_1)
                                                         _007_ (net)
                      0.292556    0.000479    5.117467 ^ _780_/C (sky130_fd_sc_hd__and3_1)
     2    0.010864    0.120642    0.256600    5.374067 ^ _780_/X (sky130_fd_sc_hd__and3_1)
                                                         _254_ (net)
                      0.120642    0.000109    5.374176 ^ _781_/B1 (sky130_fd_sc_hd__a21oi_2)
     2    0.012576    0.066594    0.067906    5.442081 v _781_/Y (sky130_fd_sc_hd__a21oi_2)
                                                         _255_ (net)
                      0.066594    0.000037    5.442119 v _805_/A3 (sky130_fd_sc_hd__a31oi_2)
     2    0.008359    0.178466    0.222725    5.664843 ^ _805_/Y (sky130_fd_sc_hd__a31oi_2)
                                                         _280_ (net)
                      0.178466    0.000113    5.664956 ^ _813_/A (sky130_fd_sc_hd__xnor2_1)
     2    0.005878    0.174521    0.160552    5.825507 ^ _813_/Y (sky130_fd_sc_hd__xnor2_1)
                                                         _289_ (net)
                      0.174521    0.000080    5.825587 ^ _814_/B (sky130_fd_sc_hd__or2_1)
     1    0.002487    0.040006    0.121503    5.947091 ^ _814_/X (sky130_fd_sc_hd__or2_1)
                                                         _290_ (net)
                      0.040006    0.000009    5.947099 ^ _816_/A (sky130_fd_sc_hd__nand2_1)
     2    0.006778    0.058248    0.063133    6.010232 v _816_/Y (sky130_fd_sc_hd__nand2_1)
                                                         _292_ (net)
                      0.058248    0.000121    6.010353 v _817_/C (sky130_fd_sc_hd__and3_1)
     1    0.003782    0.041215    0.184948    6.195301 v _817_/X (sky130_fd_sc_hd__and3_1)
                                                         _293_ (net)
                      0.041215    0.000051    6.195352 v _819_/A (sky130_fd_sc_hd__nor2_1)
     2    0.007979    0.165081    0.158861    6.354213 ^ _819_/Y (sky130_fd_sc_hd__nor2_1)
                                                         _296_ (net)
                      0.165081    0.000037    6.354250 ^ _820_/B (sky130_fd_sc_hd__xnor2_1)
     2    0.005363    0.164516    0.155023    6.509274 ^ _820_/Y (sky130_fd_sc_hd__xnor2_1)
                                                         _297_ (net)
                      0.164516    0.000071    6.509344 ^ _821_/B (sky130_fd_sc_hd__or2_1)
     3    0.015311    0.150172    0.202331    6.711675 ^ _821_/X (sky130_fd_sc_hd__or2_1)
                                                         _298_ (net)
                      0.150172    0.000049    6.711725 ^ _824_/A (sky130_fd_sc_hd__nand2_1)
     3    0.008237    0.079788    0.105298    6.817023 v _824_/Y (sky130_fd_sc_hd__nand2_1)
                                                         _301_ (net)
                      0.079788    0.000056    6.817079 v _827_/A2 (sky130_fd_sc_hd__o21a_1)
     1    0.002522    0.033458    0.174038    6.991117 v _827_/X (sky130_fd_sc_hd__o21a_1)
                                                         _304_ (net)
                      0.033458    0.000022    6.991139 v _840_/B2 (sky130_fd_sc_hd__a221o_1)
     1    0.005835    0.067400    0.328892    7.320032 v _840_/X (sky130_fd_sc_hd__a221o_1)
                                                         _319_ (net)
                      0.067400    0.000114    7.320146 v _842_/B (sky130_fd_sc_hd__or3_1)
     1    0.005042    0.077238    0.364270    7.684416 v _842_/X (sky130_fd_sc_hd__or3_1)
                                                         net26 (net)
                      0.077238    0.000112    7.684528 v output26/A (sky130_fd_sc_hd__buf_2)
     1    0.034336    0.089508    0.194912    7.879439 v output26/X (sky130_fd_sc_hd__buf_2)
                                                         op_out[5] (net)
                      0.089508    0.000391    7.879830 v op_out[5] (out)
                                              7.879830   data arrival time

                      0.000000   20.000000   20.000000   clock __VIRTUAL_CLK__ (rise edge)
                                  0.000000   20.000000   clock network delay (ideal)
                                 -0.250000   19.750002   clock uncertainty
                                  0.000000   19.750002   clock reconvergence pessimism
                                 -4.000000   15.750001   output external delay
                                             15.750001   data required time
---------------------------------------------------------------------------------------------
                                             15.750001   data required time
                                             -7.879830   data arrival time
---------------------------------------------------------------------------------------------
                                              7.870171   slack (MET)


Startpoint: op_b[0] (input port clocked by __VIRTUAL_CLK__)
Endpoint: op_out[7] (output port clocked by __VIRTUAL_CLK__)
Path Group: __VIRTUAL_CLK__
Path Type: max

Fanout         Cap        Slew       Delay        Time   Description
---------------------------------------------------------------------------------------------
                      0.000000    0.000000    0.000000   clock __VIRTUAL_CLK__ (rise edge)
                                  0.000000    0.000000   clock network delay (ideal)
                                  4.000000    4.000000 ^ input external delay
     1    0.002931    0.020294    0.010755    4.010755 ^ op_b[0] (in)
                                                         op_b[0] (net)
                      0.020294    0.000000    4.010755 ^ input13/A (sky130_fd_sc_hd__clkbuf_2)
     4    0.024592    0.138376    0.163121    4.173875 ^ input13/X (sky130_fd_sc_hd__clkbuf_2)
                                                         net13 (net)
                      0.138421    0.000417    4.174292 ^ fanout66/A (sky130_fd_sc_hd__buf_4)
    10    0.047147    0.135883    0.212213    4.386505 ^ fanout66/X (sky130_fd_sc_hd__buf_4)
                                                         net66 (net)
                      0.135883    0.000112    4.386617 ^ fanout65/A (sky130_fd_sc_hd__buf_4)
    10    0.038810    0.114503    0.196354    4.582971 ^ fanout65/X (sky130_fd_sc_hd__buf_4)
                                                         net65 (net)
                      0.114511    0.001094    4.584064 ^ _458_/A (sky130_fd_sc_hd__inv_2)
     4    0.013147    0.046460    0.067020    4.651084 v _458_/Y (sky130_fd_sc_hd__inv_2)
                                                         _188_ (net)
                      0.046460    0.000060    4.651145 v fanout35/A (sky130_fd_sc_hd__clkbuf_4)
    10    0.039691    0.089194    0.191726    4.842871 v fanout35/X (sky130_fd_sc_hd__clkbuf_4)
                                                         net35 (net)
                      0.089194    0.000248    4.843119 v _536_/A (sky130_fd_sc_hd__nor2_1)
     4    0.015913    0.292555    0.273869    5.116988 ^ _536_/Y (sky130_fd_sc_hd__nor2_1)
                                                         _007_ (net)
                      0.292556    0.000479    5.117467 ^ _780_/C (sky130_fd_sc_hd__and3_1)
     2    0.010864    0.120642    0.256600    5.374067 ^ _780_/X (sky130_fd_sc_hd__and3_1)
                                                         _254_ (net)
                      0.120642    0.000109    5.374176 ^ _781_/B1 (sky130_fd_sc_hd__a21oi_2)
     2    0.012576    0.066594    0.067906    5.442081 v _781_/Y (sky130_fd_sc_hd__a21oi_2)
                                                         _255_ (net)
                      0.066594    0.000037    5.442119 v _805_/A3 (sky130_fd_sc_hd__a31oi_2)
     2    0.008359    0.178466    0.222725    5.664843 ^ _805_/Y (sky130_fd_sc_hd__a31oi_2)
                                                         _280_ (net)
                      0.178466    0.000113    5.664956 ^ _813_/A (sky130_fd_sc_hd__xnor2_1)
     2    0.005878    0.174521    0.160552    5.825507 ^ _813_/Y (sky130_fd_sc_hd__xnor2_1)
                                                         _289_ (net)
                      0.174521    0.000080    5.825587 ^ _814_/B (sky130_fd_sc_hd__or2_1)
     1    0.002487    0.040006    0.121503    5.947091 ^ _814_/X (sky130_fd_sc_hd__or2_1)
                                                         _290_ (net)
                      0.040006    0.000009    5.947099 ^ _816_/A (sky130_fd_sc_hd__nand2_1)
     2    0.006778    0.058248    0.063133    6.010232 v _816_/Y (sky130_fd_sc_hd__nand2_1)
                                                         _292_ (net)
                      0.058248    0.000121    6.010353 v _817_/C (sky130_fd_sc_hd__and3_1)
     1    0.003782    0.041215    0.184948    6.195301 v _817_/X (sky130_fd_sc_hd__and3_1)
                                                         _293_ (net)
                      0.041215    0.000051    6.195352 v _819_/A (sky130_fd_sc_hd__nor2_1)
     2    0.007979    0.165081    0.158861    6.354213 ^ _819_/Y (sky130_fd_sc_hd__nor2_1)
                                                         _296_ (net)
                      0.165081    0.000037    6.354250 ^ _820_/B (sky130_fd_sc_hd__xnor2_1)
     2    0.005363    0.164516    0.155023    6.509274 ^ _820_/Y (sky130_fd_sc_hd__xnor2_1)
                                                         _297_ (net)
                      0.164516    0.000071    6.509344 ^ _821_/B (sky130_fd_sc_hd__or2_1)
     3    0.015311    0.150172    0.202331    6.711675 ^ _821_/X (sky130_fd_sc_hd__or2_1)
                                                         _298_ (net)
                      0.150172    0.000049    6.711725 ^ _824_/A (sky130_fd_sc_hd__nand2_1)
     3    0.008237    0.079788    0.105298    6.817023 v _824_/Y (sky130_fd_sc_hd__nand2_1)
                                                         _301_ (net)
                      0.079788    0.000024    6.817047 v _826_/B (sky130_fd_sc_hd__nor2_1)
     3    0.009922    0.192771    0.182220    6.999266 ^ _826_/Y (sky130_fd_sc_hd__nor2_1)
                                                         _303_ (net)
                      0.192771    0.000146    6.999412 ^ _892_/A2 (sky130_fd_sc_hd__o21ai_1)
     2    0.005150    0.086714    0.098507    7.097919 v _892_/Y (sky130_fd_sc_hd__o21ai_1)
                                                         _374_ (net)
                      0.086714    0.000055    7.097973 v _917_/A (sky130_fd_sc_hd__or2_1)
     1    0.003324    0.050996    0.239503    7.337476 v _917_/X (sky130_fd_sc_hd__or2_1)
                                                         _401_ (net)
                      0.050996    0.000040    7.337516 v _923_/A2 (sky130_fd_sc_hd__a311o_1)
     1    0.002753    0.052656    0.304192    7.641708 v _923_/X (sky130_fd_sc_hd__a311o_1)
                                                         net28 (net)
                      0.052656    0.000032    7.641740 v output28/A (sky130_fd_sc_hd__buf_2)
     1    0.033907    0.088461    0.183120    7.824860 v output28/X (sky130_fd_sc_hd__buf_2)
                                                         op_out[7] (net)
                      0.088461    0.000165    7.825025 v op_out[7] (out)
                                              7.825025   data arrival time

                      0.000000   20.000000   20.000000   clock __VIRTUAL_CLK__ (rise edge)
                                  0.000000   20.000000   clock network delay (ideal)
                                 -0.250000   19.750002   clock uncertainty
                                  0.000000   19.750002   clock reconvergence pessimism
                                 -4.000000   15.750001   output external delay
                                             15.750001   data required time
---------------------------------------------------------------------------------------------
                                             15.750001   data required time
                                             -7.825025   data arrival time
---------------------------------------------------------------------------------------------
                                              7.924975   slack (MET)


Startpoint: op_b[0] (input port clocked by __VIRTUAL_CLK__)
Endpoint: op_out[4] (output port clocked by __VIRTUAL_CLK__)
Path Group: __VIRTUAL_CLK__
Path Type: max

Fanout         Cap        Slew       Delay        Time   Description
---------------------------------------------------------------------------------------------
                      0.000000    0.000000    0.000000   clock __VIRTUAL_CLK__ (rise edge)
                                  0.000000    0.000000   clock network delay (ideal)
                                  4.000000    4.000000 ^ input external delay
     1    0.002931    0.020294    0.010755    4.010755 ^ op_b[0] (in)
                                                         op_b[0] (net)
                      0.020294    0.000000    4.010755 ^ input13/A (sky130_fd_sc_hd__clkbuf_2)
     4    0.024592    0.138376    0.163121    4.173875 ^ input13/X (sky130_fd_sc_hd__clkbuf_2)
                                                         net13 (net)
                      0.138421    0.000417    4.174292 ^ fanout66/A (sky130_fd_sc_hd__buf_4)
    10    0.047147    0.135883    0.212213    4.386505 ^ fanout66/X (sky130_fd_sc_hd__buf_4)
                                                         net66 (net)
                      0.135883    0.000112    4.386617 ^ fanout65/A (sky130_fd_sc_hd__buf_4)
    10    0.038810    0.114503    0.196354    4.582971 ^ fanout65/X (sky130_fd_sc_hd__buf_4)
                                                         net65 (net)
                      0.114511    0.001094    4.584064 ^ _458_/A (sky130_fd_sc_hd__inv_2)
     4    0.013147    0.046460    0.067020    4.651084 v _458_/Y (sky130_fd_sc_hd__inv_2)
                                                         _188_ (net)
                      0.046460    0.000060    4.651145 v fanout35/A (sky130_fd_sc_hd__clkbuf_4)
    10    0.039691    0.089194    0.191726    4.842871 v fanout35/X (sky130_fd_sc_hd__clkbuf_4)
                                                         net35 (net)
                      0.089195    0.000520    4.843391 v _472_/A1 (sky130_fd_sc_hd__o41ai_4)
     5    0.016336    0.366720    0.460656    5.304047 ^ _472_/Y (sky130_fd_sc_hd__o41ai_4)
                                                         _338_ (net)
                      0.366720    0.000215    5.304263 ^ _481_/A2 (sky130_fd_sc_hd__a211o_1)
     4    0.013801    0.128935    0.249725    5.553987 ^ _481_/X (sky130_fd_sc_hd__a211o_1)
                                                         _410_ (net)
                      0.128935    0.000139    5.554126 ^ _484_/A1 (sky130_fd_sc_hd__a21o_1)
     4    0.013747    0.125839    0.191031    5.745157 ^ _484_/X (sky130_fd_sc_hd__a21o_1)
                                                         _413_ (net)
                      0.125839    0.000074    5.745231 ^ _493_/A1 (sky130_fd_sc_hd__a211oi_2)
     3    0.009042    0.072855    0.099765    5.844995 v _493_/Y (sky130_fd_sc_hd__a211oi_2)
                                                         _422_ (net)
                      0.072855    0.000106    5.845101 v _503_/D (sky130_fd_sc_hd__or4_4)
     3    0.007989    0.090510    0.431057    6.276158 v _503_/X (sky130_fd_sc_hd__or4_4)
                                                         _432_ (net)
                      0.090510    0.000061    6.276219 v _507_/A3 (sky130_fd_sc_hd__a31o_1)
     2    0.008847    0.062978    0.259774    6.535993 v _507_/X (sky130_fd_sc_hd__a31o_1)
                                                         _436_ (net)
                      0.062978    0.000083    6.536077 v _509_/A2 (sky130_fd_sc_hd__a211o_4)
     3    0.016717    0.069526    0.363757    6.899834 v _509_/X (sky130_fd_sc_hd__a211o_4)
                                                         _438_ (net)
                      0.069526    0.000211    6.900045 v _515_/A2 (sky130_fd_sc_hd__a21oi_4)
     5    0.019176    0.178427    0.211726    7.111771 ^ _515_/Y (sky130_fd_sc_hd__a21oi_4)
                                                         _444_ (net)
                      0.178427    0.000178    7.111948 ^ rebuffer13/A (sky130_fd_sc_hd__dlygate4sd1_1)
     1    0.008255    0.088682    0.257160    7.369108 ^ rebuffer13/X (sky130_fd_sc_hd__dlygate4sd1_1)
                                                         net82 (net)
                      0.088682    0.000275    7.369383 ^ _797_/A2 (sky130_fd_sc_hd__a211oi_1)
     1    0.004048    0.076311    0.083340    7.452723 v _797_/Y (sky130_fd_sc_hd__a211oi_1)
                                                         _272_ (net)
                      0.076311    0.000058    7.452781 v _798_/B1 (sky130_fd_sc_hd__o31ai_1)
     1    0.004619    0.237353    0.086836    7.539617 ^ _798_/Y (sky130_fd_sc_hd__o31ai_1)
                                                         net25 (net)
                      0.237353    0.000093    7.539711 ^ output25/A (sky130_fd_sc_hd__buf_2)
     1    0.034339    0.171020    0.258129    7.797839 ^ output25/X (sky130_fd_sc_hd__buf_2)
                                                         op_out[4] (net)
                      0.171020    0.000392    7.798231 ^ op_out[4] (out)
                                              7.798231   data arrival time

                      0.000000   20.000000   20.000000   clock __VIRTUAL_CLK__ (rise edge)
                                  0.000000   20.000000   clock network delay (ideal)
                                 -0.250000   19.750002   clock uncertainty
                                  0.000000   19.750002   clock reconvergence pessimism
                                 -4.000000   15.750001   output external delay
                                             15.750001   data required time
---------------------------------------------------------------------------------------------
                                             15.750001   data required time
                                             -7.798231   data arrival time
---------------------------------------------------------------------------------------------
                                              7.951770   slack (MET)


Startpoint: op_b[0] (input port clocked by __VIRTUAL_CLK__)
Endpoint: op_out[6] (output port clocked by __VIRTUAL_CLK__)
Path Group: __VIRTUAL_CLK__
Path Type: max

Fanout         Cap        Slew       Delay        Time   Description
---------------------------------------------------------------------------------------------
                      0.000000    0.000000    0.000000   clock __VIRTUAL_CLK__ (rise edge)
                                  0.000000    0.000000   clock network delay (ideal)
                                  4.000000    4.000000 ^ input external delay
     1    0.002931    0.020294    0.010755    4.010755 ^ op_b[0] (in)
                                                         op_b[0] (net)
                      0.020294    0.000000    4.010755 ^ input13/A (sky130_fd_sc_hd__clkbuf_2)
     4    0.024592    0.138376    0.163121    4.173875 ^ input13/X (sky130_fd_sc_hd__clkbuf_2)
                                                         net13 (net)
                      0.138421    0.000417    4.174292 ^ fanout66/A (sky130_fd_sc_hd__buf_4)
    10    0.047147    0.135883    0.212213    4.386505 ^ fanout66/X (sky130_fd_sc_hd__buf_4)
                                                         net66 (net)
                      0.135883    0.000112    4.386617 ^ fanout65/A (sky130_fd_sc_hd__buf_4)
    10    0.038810    0.114503    0.196354    4.582971 ^ fanout65/X (sky130_fd_sc_hd__buf_4)
                                                         net65 (net)
                      0.114511    0.001094    4.584064 ^ _458_/A (sky130_fd_sc_hd__inv_2)
     4    0.013147    0.046460    0.067020    4.651084 v _458_/Y (sky130_fd_sc_hd__inv_2)
                                                         _188_ (net)
                      0.046460    0.000060    4.651145 v fanout35/A (sky130_fd_sc_hd__clkbuf_4)
    10    0.039691    0.089194    0.191726    4.842871 v fanout35/X (sky130_fd_sc_hd__clkbuf_4)
                                                         net35 (net)
                      0.089194    0.000248    4.843119 v _536_/A (sky130_fd_sc_hd__nor2_1)
     4    0.015913    0.292555    0.273869    5.116988 ^ _536_/Y (sky130_fd_sc_hd__nor2_1)
                                                         _007_ (net)
                      0.292556    0.000479    5.117467 ^ _780_/C (sky130_fd_sc_hd__and3_1)
     2    0.010864    0.120642    0.256600    5.374067 ^ _780_/X (sky130_fd_sc_hd__and3_1)
                                                         _254_ (net)
                      0.120642    0.000109    5.374176 ^ _781_/B1 (sky130_fd_sc_hd__a21oi_2)
     2    0.012576    0.066594    0.067906    5.442081 v _781_/Y (sky130_fd_sc_hd__a21oi_2)
                                                         _255_ (net)
                      0.066594    0.000037    5.442119 v _805_/A3 (sky130_fd_sc_hd__a31oi_2)
     2    0.008359    0.178466    0.222725    5.664843 ^ _805_/Y (sky130_fd_sc_hd__a31oi_2)
                                                         _280_ (net)
                      0.178466    0.000113    5.664956 ^ _813_/A (sky130_fd_sc_hd__xnor2_1)
     2    0.005878    0.174521    0.160552    5.825507 ^ _813_/Y (sky130_fd_sc_hd__xnor2_1)
                                                         _289_ (net)
                      0.174521    0.000080    5.825587 ^ _814_/B (sky130_fd_sc_hd__or2_1)
     1    0.002487    0.040006    0.121503    5.947091 ^ _814_/X (sky130_fd_sc_hd__or2_1)
                                                         _290_ (net)
                      0.040006    0.000009    5.947099 ^ _816_/A (sky130_fd_sc_hd__nand2_1)
     2    0.006778    0.058248    0.063133    6.010232 v _816_/Y (sky130_fd_sc_hd__nand2_1)
                                                         _292_ (net)
                      0.058248    0.000121    6.010353 v _817_/C (sky130_fd_sc_hd__and3_1)
     1    0.003782    0.041215    0.184948    6.195301 v _817_/X (sky130_fd_sc_hd__and3_1)
                                                         _293_ (net)
                      0.041215    0.000051    6.195352 v _819_/A (sky130_fd_sc_hd__nor2_1)
     2    0.007979    0.165081    0.158861    6.354213 ^ _819_/Y (sky130_fd_sc_hd__nor2_1)
                                                         _296_ (net)
                      0.165081    0.000037    6.354250 ^ _820_/B (sky130_fd_sc_hd__xnor2_1)
     2    0.004980    0.060404    0.098136    6.452386 v _820_/Y (sky130_fd_sc_hd__xnor2_1)
                                                         _297_ (net)
                      0.060404    0.000065    6.452451 v _821_/B (sky130_fd_sc_hd__or2_1)
     3    0.014486    0.098748    0.268164    6.720615 v _821_/X (sky130_fd_sc_hd__or2_1)
                                                         _298_ (net)
                      0.098748    0.000047    6.720663 v _824_/A (sky130_fd_sc_hd__nand2_1)
     3    0.009040    0.095431    0.116811    6.837474 ^ _824_/Y (sky130_fd_sc_hd__nand2_1)
                                                         _301_ (net)
                      0.095431    0.000027    6.837501 ^ _826_/B (sky130_fd_sc_hd__nor2_1)
     3    0.009341    0.060776    0.075154    6.912654 v _826_/Y (sky130_fd_sc_hd__nor2_1)
                                                         _303_ (net)
                      0.060776    0.000104    6.912758 v _878_/A (sky130_fd_sc_hd__or2_1)
     1    0.002952    0.048671    0.226962    7.139720 v _878_/X (sky130_fd_sc_hd__or2_1)
                                                         _359_ (net)
                      0.048671    0.000031    7.139751 v _885_/A2 (sky130_fd_sc_hd__a31o_1)
     1    0.002571    0.035623    0.197969    7.337720 v _885_/X (sky130_fd_sc_hd__a31o_1)
                                                         net27 (net)
                      0.035623    0.000028    7.337749 v output27/A (sky130_fd_sc_hd__buf_2)
     1    0.034259    0.089376    0.176372    7.514120 v output27/X (sky130_fd_sc_hd__buf_2)
                                                         op_out[6] (net)
                      0.089376    0.000249    7.514369 v op_out[6] (out)
                                              7.514369   data arrival time

                      0.000000   20.000000   20.000000   clock __VIRTUAL_CLK__ (rise edge)
                                  0.000000   20.000000   clock network delay (ideal)
                                 -0.250000   19.750002   clock uncertainty
                                  0.000000   19.750002   clock reconvergence pessimism
                                 -4.000000   15.750001   output external delay
                                             15.750001   data required time
---------------------------------------------------------------------------------------------
                                             15.750001   data required time
                                             -7.514369   data arrival time
---------------------------------------------------------------------------------------------
                                              8.235632   slack (MET)



%OL_END_REPORT
%OL_CREATE_REPORT checks.rpt

===========================================================================
report_checks -unconstrained
===========================================================================
======================= min_tt_025C_1v80 Corner ===================================

Startpoint: op_b[0] (input port clocked by __VIRTUAL_CLK__)
Endpoint: op_out[0] (output port clocked by __VIRTUAL_CLK__)
Path Group: __VIRTUAL_CLK__
Path Type: max

Fanout         Cap        Slew       Delay        Time   Description
---------------------------------------------------------------------------------------------
                      0.000000    0.000000    0.000000   clock __VIRTUAL_CLK__ (rise edge)
                                  0.000000    0.000000   clock network delay (ideal)
                                  4.000000    4.000000 ^ input external delay
     1    0.002931    0.020294    0.010755    4.010755 ^ op_b[0] (in)
                                                         op_b[0] (net)
                      0.020294    0.000000    4.010755 ^ input13/A (sky130_fd_sc_hd__clkbuf_2)
     4    0.024592    0.138376    0.163121    4.173875 ^ input13/X (sky130_fd_sc_hd__clkbuf_2)
                                                         net13 (net)
                      0.138421    0.000417    4.174292 ^ fanout66/A (sky130_fd_sc_hd__buf_4)
    10    0.047147    0.135883    0.212213    4.386505 ^ fanout66/X (sky130_fd_sc_hd__buf_4)
                                                         net66 (net)
                      0.135883    0.000112    4.386617 ^ fanout65/A (sky130_fd_sc_hd__buf_4)
    10    0.038810    0.114503    0.196354    4.582971 ^ fanout65/X (sky130_fd_sc_hd__buf_4)
                                                         net65 (net)
                      0.114511    0.001094    4.584064 ^ _458_/A (sky130_fd_sc_hd__inv_2)
     4    0.013147    0.046460    0.067020    4.651084 v _458_/Y (sky130_fd_sc_hd__inv_2)
                                                         _188_ (net)
                      0.046460    0.000060    4.651145 v fanout35/A (sky130_fd_sc_hd__clkbuf_4)
    10    0.039691    0.089194    0.191726    4.842871 v fanout35/X (sky130_fd_sc_hd__clkbuf_4)
                                                         net35 (net)
                      0.089195    0.000520    4.843391 v _472_/A1 (sky130_fd_sc_hd__o41ai_4)
     5    0.016336    0.366720    0.460656    5.304047 ^ _472_/Y (sky130_fd_sc_hd__o41ai_4)
                                                         _338_ (net)
                      0.366720    0.000215    5.304263 ^ _481_/A2 (sky130_fd_sc_hd__a211o_1)
     4    0.013801    0.128935    0.249725    5.553987 ^ _481_/X (sky130_fd_sc_hd__a211o_1)
                                                         _410_ (net)
                      0.128935    0.000139    5.554126 ^ _484_/A1 (sky130_fd_sc_hd__a21o_1)
     4    0.013747    0.125839    0.191031    5.745157 ^ _484_/X (sky130_fd_sc_hd__a21o_1)
                                                         _413_ (net)
                      0.125839    0.000074    5.745231 ^ _493_/A1 (sky130_fd_sc_hd__a211oi_2)
     3    0.009042    0.072855    0.099765    5.844995 v _493_/Y (sky130_fd_sc_hd__a211oi_2)
                                                         _422_ (net)
                      0.072855    0.000106    5.845101 v _503_/D (sky130_fd_sc_hd__or4_4)
     3    0.007989    0.090510    0.431057    6.276158 v _503_/X (sky130_fd_sc_hd__or4_4)
                                                         _432_ (net)
                      0.090510    0.000061    6.276219 v _507_/A3 (sky130_fd_sc_hd__a31o_1)
     2    0.008847    0.062978    0.259774    6.535993 v _507_/X (sky130_fd_sc_hd__a31o_1)
                                                         _436_ (net)
                      0.062978    0.000083    6.536077 v _509_/A2 (sky130_fd_sc_hd__a211o_4)
     3    0.016717    0.069526    0.363757    6.899834 v _509_/X (sky130_fd_sc_hd__a211o_4)
                                                         _438_ (net)
                      0.069526    0.000211    6.900045 v _515_/A2 (sky130_fd_sc_hd__a21oi_4)
     5    0.019176    0.178427    0.211726    7.111771 ^ _515_/Y (sky130_fd_sc_hd__a21oi_4)
                                                         _444_ (net)
                      0.178427    0.000282    7.112052 ^ rebuffer5/A (sky130_fd_sc_hd__buf_6)
     3    0.013248    0.040489    0.133160    7.245212 ^ rebuffer5/X (sky130_fd_sc_hd__buf_6)
                                                         net74 (net)
                      0.040490    0.000180    7.245392 ^ _524_/S (sky130_fd_sc_hd__mux2_4)
     2    0.007174    0.055475    0.297153    7.542544 v _524_/X (sky130_fd_sc_hd__mux2_4)
                                                         _453_ (net)
                      0.055475    0.000094    7.542639 v _539_/A1 (sky130_fd_sc_hd__a221o_1)
     3    0.009549    0.084881    0.354329    7.896968 v _539_/X (sky130_fd_sc_hd__a221o_1)
                                                         _010_ (net)
                      0.084881    0.000033    7.897001 v _544_/A2 (sky130_fd_sc_hd__a311o_1)
     3    0.008703    0.081645    0.357498    8.254498 v _544_/X (sky130_fd_sc_hd__a311o_1)
                                                         _015_ (net)
                      0.081645    0.000130    8.254628 v _579_/A2 (sky130_fd_sc_hd__a21o_1)
     3    0.008181    0.056456    0.211552    8.466180 v _579_/X (sky130_fd_sc_hd__a21o_1)
                                                         _050_ (net)
                      0.056456    0.000110    8.466290 v _583_/C (sky130_fd_sc_hd__and3_1)
     2    0.005269    0.047273    0.191397    8.657687 v _583_/X (sky130_fd_sc_hd__and3_1)
                                                         _054_ (net)
                      0.047273    0.000039    8.657726 v _585_/A (sky130_fd_sc_hd__or4_4)
     1    0.003626    0.081097    0.521129    9.178855 v _585_/X (sky130_fd_sc_hd__or4_4)
                                                         _056_ (net)
                      0.081097    0.000044    9.178900 v _586_/B (sky130_fd_sc_hd__or4b_4)
     1    0.009036    0.092533    0.536536    9.715436 v _586_/X (sky130_fd_sc_hd__or4b_4)
                                                         _057_ (net)
                      0.092533    0.000100    9.715536 v _590_/A2 (sky130_fd_sc_hd__a311oi_4)
     4    0.019145    0.344132    0.373738   10.089274 ^ _590_/Y (sky130_fd_sc_hd__a311oi_4)
                                                         _061_ (net)
                      0.344132    0.000353   10.089627 ^ max_cap30/A (sky130_fd_sc_hd__buf_6)
     5    0.031684    0.075324    0.188526   10.278152 ^ max_cap30/X (sky130_fd_sc_hd__buf_6)
                                                         net30 (net)
                      0.075324    0.000128   10.278281 ^ _619_/S (sky130_fd_sc_hd__mux2_4)
     5    0.021022    0.074916    0.338380   10.616661 v _619_/X (sky130_fd_sc_hd__mux2_4)
                                                         _090_ (net)
                      0.074916    0.000349   10.617010 v _623_/B2 (sky130_fd_sc_hd__o22a_1)
     2    0.005826    0.058514    0.182811   10.799821 v _623_/X (sky130_fd_sc_hd__o22a_1)
                                                         _094_ (net)
                      0.058514    0.000036   10.799856 v _624_/A (sky130_fd_sc_hd__or4bb_4)
     4    0.019061    0.112642    0.582805   11.382662 v _624_/X (sky130_fd_sc_hd__or4bb_4)
                                                         _095_ (net)
                      0.112642    0.000122   11.382783 v _628_/A2 (sky130_fd_sc_hd__a21oi_4)
     4    0.021410    0.192176    0.239461   11.622244 ^ _628_/Y (sky130_fd_sc_hd__a21oi_4)
                                                         _099_ (net)
                      0.192176    0.000201   11.622445 ^ fanout29/A (sky130_fd_sc_hd__buf_6)
     5    0.027918    0.066341    0.157476   11.779921 ^ fanout29/X (sky130_fd_sc_hd__buf_6)
                                                         net29 (net)
                      0.066349    0.000752   11.780673 ^ _665_/S (sky130_fd_sc_hd__mux2_4)
     3    0.008302    0.057078    0.308222   12.088895 v _665_/X (sky130_fd_sc_hd__mux2_4)
                                                         _136_ (net)
                      0.057078    0.000020   12.088915 v _669_/A2 (sky130_fd_sc_hd__a21o_1)
     1    0.003343    0.035589    0.178900   12.267816 v _669_/X (sky130_fd_sc_hd__a21o_1)
                                                         _140_ (net)
                      0.035589    0.000036   12.267852 v _671_/A1 (sky130_fd_sc_hd__o211a_1)
     1    0.002727    0.038002    0.211239   12.479091 v _671_/X (sky130_fd_sc_hd__o211a_1)
                                                         _142_ (net)
                      0.038002    0.000026   12.479116 v _672_/B2 (sky130_fd_sc_hd__o221a_1)
     1    0.003334    0.048612    0.201950   12.681067 v _672_/X (sky130_fd_sc_hd__o221a_1)
                                                         _143_ (net)
                      0.048612    0.000044   12.681109 v _675_/A1 (sky130_fd_sc_hd__o21a_1)
     1    0.002420    0.034137    0.177367   12.858477 v _675_/X (sky130_fd_sc_hd__o21a_1)
                                                         _146_ (net)
                      0.034137    0.000010   12.858486 v _679_/A2 (sky130_fd_sc_hd__o21a_1)
     1    0.007326    0.056022    0.181771   13.040257 v _679_/X (sky130_fd_sc_hd__o21a_1)
                                                         _150_ (net)
                      0.056022    0.000208   13.040465 v _700_/C (sky130_fd_sc_hd__or3_4)
     1    0.009125    0.073379    0.339948   13.380413 v _700_/X (sky130_fd_sc_hd__or3_4)
                                                         net21 (net)
                      0.073379    0.000181   13.380594 v output21/A (sky130_fd_sc_hd__buf_8)
     1    0.034582    0.040009    0.146653   13.527247 v output21/X (sky130_fd_sc_hd__buf_8)
                                                         op_out[0] (net)
                      0.040014    0.000457   13.527704 v op_out[0] (out)
                                             13.527704   data arrival time

                      0.000000   20.000000   20.000000   clock __VIRTUAL_CLK__ (rise edge)
                                  0.000000   20.000000   clock network delay (ideal)
                                 -0.250000   19.750002   clock uncertainty
                                  0.000000   19.750002   clock reconvergence pessimism
                                 -4.000000   15.750001   output external delay
                                             15.750001   data required time
---------------------------------------------------------------------------------------------
                                             15.750001   data required time
                                            -13.527704   data arrival time
---------------------------------------------------------------------------------------------
                                              2.222296   slack (MET)




===========================================================================
report_checks --slack_max -0.01
============================================================================
======================= min_tt_025C_1v80 Corner ===================================

No paths found.


===========================================================================
 report_check_types -max_slew -max_cap -max_fanout -violators
============================================================================
======================= min_tt_025C_1v80 Corner ===================================



===========================================================================
report_parasitic_annotation -report_unannotated
============================================================================
Found 0 unannotated drivers.
Found 0 partially unannotated drivers.

===========================================================================
max slew violation count 0
%OL_METRIC_I design__max_slew_violation__count__corner:min_tt_025C_1v80 0
max fanout violation count 0
%OL_METRIC_I design__max_fanout_violation__count__corner:min_tt_025C_1v80 0
max cap violation count 0
%OL_METRIC_I design__max_cap_violation__count__corner:min_tt_025C_1v80 0
============================================================================

===========================================================================
check_setup -verbose -unconstrained_endpoints -multiple_clock -no_clock -no_input_delay -loops -generated_clocks
===========================================================================
%OL_END_REPORT
%OL_CREATE_REPORT power.rpt

===========================================================================
 report_power
============================================================================
======================= min_tt_025C_1v80 Corner ===================================

Group                    Internal    Switching      Leakage        Total
                            Power        Power        Power        Power (Watts)
------------------------------------------------------------------------
Sequential           0.000000e+00 0.000000e+00 0.000000e+00 0.000000e+00   0.0%
Combinational        6.658065e-05 7.650955e-05 1.980377e-09 1.430922e-04 100.0%
Clock                0.000000e+00 0.000000e+00 1.373785e-09 1.373785e-09   0.0%
Macro                0.000000e+00 0.000000e+00 0.000000e+00 0.000000e+00   0.0%
Pad                  0.000000e+00 0.000000e+00 0.000000e+00 0.000000e+00   0.0%
------------------------------------------------------------------------
Total                6.658065e-05 7.650955e-05 3.354161e-09 1.430936e-04 100.0%
                            46.5%        53.5%         0.0%
%OL_METRIC_F power__internal__total 6.658065103692934e-5
%OL_METRIC_F power__switching__total 7.65095537644811e-5
%OL_METRIC_F power__leakage__total 3.354161393076538e-9
%OL_METRIC_F power__total 0.00014309355174191296

%OL_END_REPORT
%OL_CREATE_REPORT skew.min.rpt

===========================================================================
Clock Skew (Hold)
============================================================================
%OL_METRIC_F clock__skew__worst_hold__corner:min_tt_025C_1v80 0.0
======================= min_tt_025C_1v80 Corner ===================================

Clock __VIRTUAL_CLK__
No launch/capture paths found.

%OL_END_REPORT
%OL_CREATE_REPORT skew.max.rpt

===========================================================================
Clock Skew (Setup)
============================================================================
%OL_METRIC_F clock__skew__worst_setup__corner:min_tt_025C_1v80 0.0
======================= min_tt_025C_1v80 Corner ===================================

Clock __VIRTUAL_CLK__
No launch/capture paths found.

%OL_END_REPORT
%OL_CREATE_REPORT ws.min.rpt

===========================================================================
Worst Slack (Hold)
============================================================================
%OL_METRIC_F timing__hold__ws__corner:min_tt_025C_1v80 8.411485079878883
min_tt_025C_1v80: 8.411485079878883
%OL_END_REPORT
%OL_CREATE_REPORT ws.max.rpt

===========================================================================
Worst Slack (Setup)
============================================================================
%OL_METRIC_F timing__setup__ws__corner:min_tt_025C_1v80 2.222296187749377
min_tt_025C_1v80: 2.222296187749377
%OL_END_REPORT
%OL_CREATE_REPORT tns.min.rpt

===========================================================================
Total Negative Slack (Hold)
============================================================================
%OL_METRIC_F timing__hold__tns__corner:min_tt_025C_1v80 0.0
min_tt_025C_1v80: 0.0
%OL_END_REPORT
%OL_CREATE_REPORT tns.max.rpt

===========================================================================
Total Negative Slack (Setup)
============================================================================
%OL_METRIC_F timing__setup__tns__corner:min_tt_025C_1v80 0.0
min_tt_025C_1v80: 0.0
%OL_END_REPORT
%OL_CREATE_REPORT wns.min.rpt

===========================================================================
Worst Negative Slack (Hold)
============================================================================
%OL_METRIC_F timing__hold__wns__corner:min_tt_025C_1v80 0
min_tt_025C_1v80: 0
%OL_END_REPORT
%OL_CREATE_REPORT wns.max.rpt

===========================================================================
Worst Negative Slack (Setup)
============================================================================
%OL_METRIC_F timing__setup__wns__corner:min_tt_025C_1v80 0.0
min_tt_025C_1v80: 0.0
%OL_END_REPORT
%OL_CREATE_REPORT violator_list.rpt

===========================================================================
Violator List
============================================================================
%OL_METRIC_I timing__hold_vio__count__corner:min_tt_025C_1v80 0
%OL_METRIC_F timing__hold_r2r__ws__corner:min_tt_025C_1v80 inf
%OL_METRIC_I timing__hold_r2r_vio__count__corner:min_tt_025C_1v80 0
%OL_METRIC_I timing__setup_vio__count__corner:min_tt_025C_1v80 0
%OL_METRIC_F timing__setup_r2r__ws__corner:min_tt_025C_1v80 inf
%OL_METRIC_I timing__setup_r2r_vio__count__corner:min_tt_025C_1v80 0
%OL_END_REPORT
%OL_CREATE_REPORT unpropagated.rpt
__VIRTUAL_CLK__
%OL_END_REPORT
%OL_CREATE_REPORT clock.rpt
Clock: __VIRTUAL_CLK__
Sources: 
Generated: no
Virtual: yes
Propagated: no
Period: 20.000000

===========================================================================
report_clock_properties
============================================================================
Clock                   Period          Waveform
----------------------------------------------------
__VIRTUAL_CLK__      20.000000    0.000000 10.000000

===========================================================================
report_clock_latency
============================================================================
Clock __VIRTUAL_CLK__


===========================================================================
report_clock_min_period
============================================================================
__VIRTUAL_CLK__ period_min = 0.00 fmax = inf
%OL_END_REPORT
Writing SDF files for all corners…
Removing Clock latencies before writing libs…
Writing timing models for all corners…
Writing timing models for the min_tt_025C_1v80 corner to /home/letienthanh/8bitalu/runs/RUN_2026-08-05_11-42-16/54-openroad-stapostpnr/min_tt_025C_1v80/alu8bit__min_tt_025C_1v80.lib…
